Date,open,high,low,close,adj_close,volume,dividend,split
2006-02-06,24.55,24.66,24.1,24.2,19.8155336799856,771500,0,1
2006-02-07,24.05,24.2,23.45,23.5,19.2423570859364,674400,0,1
2006-02-08,23.49,23.67,23.33,23.4,19.160474715358,335400,0,1
2006-02-09,23.56,23.82,23.51,23.62,19.3406159306306,705900,0,1
2006-02-10,23.65,23.69,23.1,23.1899,18.9884398547727,276700,0,1
2006-02-13,23.19,23.2,22.77,22.83,18.6937452030608,237600,0,1
2006-02-14,22.8,22.83,22.61,22.64,18.5381686989617,256400,0,1
2006-02-15,22.7,22.73,22.24,22.31,18.2679568760528,404800,0,1
2006-02-16,22.33,22.62,22.25,22.58,18.4890392766147,463600,0,1
2006-02-17,22.72,22.92,22.68,22.9,18.7510628624657,467700,0,1
2006-02-21,23.35,23.4,23.1,23.28,19.0622158706638,714100,0,1
2006-02-22,23.15,23.3,22.85,22.9,18.7510628624657,543900,0,1
2006-02-23,22.85,23.1,22.644,22.82,18.685556966003,380400,0,1
2006-02-24,23.2,23.45,23,23.44,19.1932276635894,535300,0,1
2006-02-27,23.2,23.25,22.92,22.98,18.8165687589285,664500,0,1
2006-02-28,23.05,23.3,22.86,23.29,19.0704041077217,579700,0,1
2006-03-01,23.28,23.28,23.05,23.24,19.0294629224325,270500,0,1
2006-03-02,23.36,23.72,23.27,23.66,19.373368878862,885900,0,1
2006-03-03,23.77,23.89,23.56,23.88,19.5535100941346,362900,0,1
2006-03-06,23.75,23.75,23.25,23.5,19.2423570859364,588300,0,1
2006-03-07,23.29,23.34,22.97,23.09,18.9066393665648,341300,0,1
2006-03-08,22.78,22.9,22.53,22.72,18.6036745954245,243700,0,1
2006-03-09,22.85,22.99,22.7301,22.95,18.792004047755,413100,0,1
2006-03-10,22.73,22.94,22.53,22.85,18.7101216771765,398800,0,1
2006-03-13,22.9,23.16,22.69,23.15,18.9557687889119,328800,0,1
2006-03-14,23.14,23.53,23.08,23.49,19.2341688488786,331700,0,1
2006-03-15,23.47,23.54,23.16,23.23,19.0212746853746,566900,0,1
2006-03-16,23.23,23.48,23.09,23.43,19.1850394265315,642100,0,1
2006-03-17,23.47,23.52,23.25,23.32,19.0949688188952,324200,0,1
2006-03-20,23.22,23.35,22.76,22.84,18.7019334401187,495500,0,1
2006-03-21,22.8,23.04,22.65,22.92,18.7674393365814,412200,0,1
2006-03-22,23,23.05,22.76,22.88,18.73468638835,283800,0,1
2006-03-23,22.95,23.27,22.8,23.27,19.054027633606,224500,0,1
2006-03-24,23.22,23.39,23.13,23.22,19.0130864483168,310800,0,1
2006-03-27,23.28,23.43,23.2,23.36,19.1277217671266,147300,0,1
2006-03-28,23.39,23.68,23.39,23.66,19.373368878862,355200,0,1
2006-03-29,23.62,23.82,23.55,23.82,19.5043806717875,319600,0,1
2006-03-30,23.82,24.18,23.82,24.11,19.741839546465,603700,0,1
2006-03-31,23.94,24.07,23.7,23.94,19.6026395164816,402600,0,1
2006-04-03,24.18,24.34,24,24.05,19.6927101241179,406400,0,1
2006-04-04,23.94,23.99,23.75,23.92,19.5862630423659,201400,0,1
2006-04-05,24,24.2,23.95,24.07,19.7090865982336,297300,0,1
2006-04-06,24.33,24.56,24.33,24.5,20.061180791721,619900,0,1
2006-04-07,24.35,24.43,24.15,24.39,19.9711101840847,415600,0,1
2006-04-10,24.75,24.85,24.51,24.84,20.3395808516877,497100,0,1
2006-04-11,24.85,24.95,24.6,24.94,20.4214632222662,537900,0,1
2006-04-12,24.92,25.08,24.75,24.89,20.3805220369769,517700,0,1
2006-04-13,24.75,25.05,24.65,25.05,20.5115338299025,233200,0,1
2006-04-17,25.2,25.35,25.08,25.32,20.7326162304643,526600,0,1
2006-04-18,25.38,25.71,25.31,25.65,21.0028280533732,886800,0,1
2006-04-19,25.69,26,25.55,25.9,21.2075339798193,558500,0,1
2006-04-20,25.88,25.88,25.3,25.6,20.961886868084,640100,0,1
2006-04-21,25.67,26.21,25.51,26.14,21.4040516692076,559000,0,1
2006-04-24,25.99,26.09,25.56,25.62,20.9782633421996,481900,0,1
2006-04-25,25.83,25.9,25.52,25.7,21.0437692386624,550700,0,1
2006-04-26,25.73,25.9,25.55,25.6,20.961886868084,493900,0,1
2006-04-27,25.5,25.51,25.12,25.2,20.6343573857701,427100,0,1
2006-04-28,25.57,25.77,25.36,25.62,20.9782633421996,453800,0,1
2006-05-01,25.74,26.05,25.67,25.9,21.2075339798193,571700,0,1
2006-05-02,26.14,26.25,25.98,26.2,21.4531810915547,516300,0,1
2006-05-03,26.19,26.22,25.6,25.73,21.0683339498359,422000,0,1
2006-05-04,25.59,25.8,25.25,25.42,20.8144986010427,445500,0,1
2006-05-05,25.63,25.77,25.5,25.7,21.0437692386624,377300,0,1
2006-05-08,25.4,25.63,25.15,25.63,20.9864515792575,342900,0,1
2006-05-09,25.84,26.2,25.8,26.03,21.3139810615713,1164700,0,1
2006-05-10,26.13,26.68,26.03,26.68,21.8462164703312,757600,0,1
2006-05-11,27.17,27.17,26.81,26.94,22.0591106338352,1037600,0,1
2006-05-12,27,27.15,26.72,26.85,21.9854165003146,1040100,0,1
2006-05-15,26.12,26.21,25.8,25.94,21.2402869280507,685200,0,1
2006-05-16,25.95,26.29,25.81,26.02,21.3057928245135,602500,0,1
2006-05-17,26.25,26.25,25.63,25.98,21.2730398762821,785100,0,1
2006-05-18,25.89,26,25.73,25.99,21.2812281133399,263100,0,1
2006-05-19,25.55,25.6,25.2,25.42,20.8144986010427,724900,0,1
2006-05-22,25.15,25.63,25.1,25.62,20.9782633421996,863900,0,1
2006-05-23,25.92,26.27,25.85,26.02,21.3057928245135,855100,0,1
2006-05-24,25.73,25.81,25.25,25.36,20.7653691786957,402700,0,1
2006-05-25,25.47,25.8,25.36,25.8,21.1256516092409,324200,0,1
2006-05-26,25.87,26.2,25.7386,26.05,21.330357535687,333400,0,1
2006-05-30,26.13,26.17,25.76,25.91,21.2157222168772,429400,0,1
2006-05-31,25.75,25.84,25.23,25.52,20.8963809716212,337500,0,1
2006-06-01,25.2,25.52,24.9,25.2092,20.6418905638634,584800,0,1
2006-06-02,25.4,25.86,25.3,25.71,21.0519574757203,349300,0,1
2006-06-05,25.77,25.92,25.55,25.64,20.9946398163153,492100,0,1
2006-06-06,25.4,25.5,25.2,25.42,20.8144986010427,329000,0,1
2006-06-07,25.3,25.35,25.1,25.25,20.6752985710594,176800,0,1
2006-06-08,25.01,25.06,24.7,24.98,20.4542161704975,722700,0,1
2006-06-09,25.15,25.3,25,25.12,20.5688514893074,343800,0,1
2006-06-12,25.2,25.28,24.65,24.72,20.2413220069936,362400,0,1
2006-06-13,24.3,24.55,24,24.05,19.6927101241179,900600,0,1
2006-06-14,24.05,24.25,24,24.04,19.6845218870601,265700,0,1
2006-06-15,24.3,24.43,24.17,24.3,19.8974160505641,289100,0,1
2006-06-16,24.35,24.35,24,24.35,19.9383572358533,202400,0,1
2006-06-19,24.09,24.1699,23.84,23.9,19.5698865682503,178200,0,1
2006-06-20,24.01,24.14,23.9,24.1,19.7336513094072,318000,0,1
2006-06-21,24.05,24.5,23.9701,24.45,20.0202396064317,302100,0,1
2006-06-22,24.43,24.53,24.31,24.44,20.0120513693739,171900,0,1
2006-06-23,24.22,24.5,24.22,24.39,19.9711101840847,151400,0,1
2006-06-26,24.4,24.7,24.2,24.66,20.1921925846465,150400,0,1
2006-06-27,24.68,24.87,24.52,24.75,20.2658867181671,227800,0,1
2006-06-28,24.67,24.77,24.43,24.65,20.1840043475886,205500,0,1
2006-06-29,24.76,25.19,24.73,25.19,20.6261691487123,346300,0,1
2006-06-30,25.28,25.45,25.28,25.3,20.7162397563486,405600,0,1
2006-07-03,25.65,25.99,25.42,25.97,21.2648516392242,144500,0,1
2006-07-05,25.55,25.79,25.5001,25.77,21.1010868980673,998200,0,1
2006-07-06,25.77,25.94,25.6,25.94,21.2402869280507,675800,0,1
2006-07-07,25.94,25.94,25.65,25.75,21.0847104239516,391300,0,1
2006-07-10,25.65,25.76,25.46,25.57,20.9373221569104,204700,0,1
2006-07-11,25.99,26.18,25.859,26.13,21.3958634321498,232800,0,1
2006-07-12,26.3,26.4,25.95,26.39,21.6087575956537,395000,0,1
2006-07-13,26.43,26.53,26.27,26.38,21.6005693585959,418000,0,1
2006-07-14,26.7,26.7,25.45,26.5,21.69882820329,462800,0,1
2006-07-17,26.33,26.49,25.81,25.9,21.2075339798193,191500,0,1
2006-07-18,26.09,26.26,25.55,25.74,21.0765221868938,206100,0,1
2006-07-19,25.67,25.83,25.25,25.83,21.1502163204144,236400,0,1
2006-07-20,25.99,26.1,25.44,25.56,20.9291339198526,293100,0,1
2006-07-21,25.7,25.7,25.28,25.49,20.8718162604477,151700,0,1
2006-07-24,25.37,25.6,25.11,25.6,20.961886868084,214300,0,1
2006-07-25,25.69,25.74,25.2,25.38,20.7817456528114,428100,0,1
2006-07-26,25.23,25.58,25.18,25.21,20.642545622828,225200,0,1
2006-07-27,25.7,25.78,25.5,25.7,21.0437692386624,155900,0,1
2006-07-28,25.7,25.75,25.25,25.61,20.9700751051418,180700,0,1
2006-07-31,25.7,25.87,25.44,25.86,21.1747810315879,241400,0,1
2006-08-01,25.9,26.05,25.76,25.98,21.2730398762821,200300,0,1
2006-08-02,26.15,26.4,26.12,26.33,21.5596281733067,642000,0,1
2006-08-03,26,26.11,25.82,26.08,21.3549222468605,181000,0,1
2006-08-04,26.15,26.17,25.81,26.05,21.330357535687,136900,0,1
2006-08-07,26.14,26.46,26.14,26.46,21.6660752550587,293200,0,1
2006-08-08,26.18,26.3,25.95,26.09,21.3631104839184,243800,0,1
2006-08-09,26.13,26.34,26,26.13,21.3958634321498,217000,0,1
2006-08-10,25.97,25.98,25.57,25.79,21.117463372183,347100,0,1
2006-08-11,25.89,25.92,25.35,25.54,20.9127574457369,179500,0,1
2006-08-14,25.25,25.34,25.08,25.3,20.7162397563486,123400,0,1
2006-08-15,25.31,25.39,25.17,25.34,20.74899270458,247200,0,1
2006-08-16,25.3,25.33,25.01,25.07,20.5279103040182,228200,0,1
2006-08-17,24.84,24.95,24.5,24.68,20.2085690587622,617000,0,1
2006-08-18,24.83,24.85,24.558,24.81,20.3150161405142,180900,0,1
2006-08-21,24.83,25.01,24.76,25.01,20.4787808816711,259800,0,1
2006-08-22,24.98,25.02,24.85,24.97,20.4460279334397,281500,0,1
2006-08-23,24.92,24.92,24.63,24.71,20.2331337699357,322600,0,1
2006-08-24,24.83,25.07,24.77,25.07,20.5279103040182,241700,0,1
2006-08-25,25.22,25.3,25.02,25.06,20.5197220669603,145700,0,1
2006-08-28,24.94,25.03,24.57,24.67,20.2003808217043,354700,0,1
2006-08-29,24.62,24.7,24.5,24.63,20.167627873473,230800,0,1
2006-08-30,24.64,25,24.46,25,20.4705926446132,122500,0,1
2006-08-31,24.98,25.1,24.75,25,20.4705926446132,158200,0,1
2006-09-01,25.03,25.06,24.77,24.95,20.429651459324,240500,0,1
2006-09-05,24.87,25.1,24.74,24.91,20.3968985110926,261500,0,1
2006-09-06,24.8,24.98,24.6,24.8,20.3068279034563,147000,0,1
2006-09-07,24.7,24.79,24.55,24.7,20.2249455328779,97400,0,1
2006-09-08,24.63,24.66,24.4,24.5,20.061180791721,197400,0,1
2006-09-11,24.02,24.13,23.8,23.93,19.5944512794238,541600,0,1
2006-09-12,23.8,23.9,23.34,23.55,19.2832982712257,318300,0,1
2006-09-13,23.51,23.7,23.37,23.49,19.2341688488786,384000,0,1
2006-09-14,23.67,23.67,23.18,23.35,19.1195335300688,288700,0,1
2006-09-15,23.3,23.5002,23.07,23.3,19.0785923447795,616300,0,1
2006-09-18,23.45,23.7,23.32,23.56,19.2914865082835,345600,0,1
2006-09-19,23.6,23.68,23.12,23.21,19.0048982112589,490700,0,1
2006-09-20,23.19,23.2,22.86,23.07,18.8902628924491,511000,0,1
2006-09-21,23.02,23.5,23.02,23.47,19.2177923747629,422000,0,1
2006-09-22,23.49,23.49,23.13,23.2,18.9967099742011,296500,0,1
2006-09-25,22.9,23.37,22.87,23.25,19.0376511594903,1037000,0,1
2006-09-26,23.3,23.4999,23.15,23.35,19.1195335300688,195200,0,1
2006-09-27,23.49,23.7,23.12,23.7,19.4061218270933,296900,0,1
2006-09-28,23.79,24.05,23.64,23.89,19.5616983311924,185800,0,1
2006-09-29,23.85,23.96,23.56,23.95,19.6108277535395,884300,0,1
2006-10-02,24,24.11,23.6,23.69,19.3979335900355,170700,0,1
2006-10-03,23.51,23.51,23.1796,23.3,19.0785923447795,193100,0,1
2006-10-04,23.16,23.5199,22.83,23.47,19.2177923747629,872600,0,1
2006-10-05,23.75,23.7888,23.38,23.6,19.3242394565149,353500,0,1
2006-10-06,23.6,23.7,23.33,23.69,19.3979335900355,360200,0,1
2006-10-09,23.85,24.49,23.79,24.49,20.0529925546631,396900,0,1
2006-10-10,23.7,24,23.43,23.7,19.4061218270933,396700,0,1
2006-10-11,23.5,23.75,23.3,23.38,19.1440982412423,424000,0,1
2006-10-12,23.3,23.86,23.3,23.64,19.3569924047463,284100,0,1
2006-10-13,23.88,24.4,23.82,24.15,19.7745924946964,285200,0,1
2006-10-16,24.28,24.4,23.95,24.4,19.9792984211425,578600,0,1
2006-10-17,24.74,24.74,24.18,24.38,19.9629219470268,598600,0,1
2006-10-18,24.35,24.48,23.8,23.99,19.6435807017709,345300,0,1
2006-10-19,24.16,24.47,24.028,24.39,19.9711101840847,187300,0,1
2006-10-20,24.4,24.4,23.8,24.05,19.6927101241179,514900,0,1
2006-10-23,23.81,24.15,23.65,24.1,19.7336513094072,645800,0,1
2006-10-24,24.06,24.31,23.8,24.27,19.8728513393905,226500,0,1
2006-10-25,24.27,24.75,24.16,24.7,20.2249455328779,200300,0,1
2006-10-26,24.68,24.71,24.34,24.53,20.0857455028945,243800,0,1
2006-10-27,24.7,24.7,24.31,24.6,20.1430631622994,380900,0,1
2006-10-30,24.55,24.59,24.25,24.34,19.9301689987954,393100,0,1
2006-10-31,24.25,24.26,23.95,24.19,19.8073454429278,127200,0,1
2006-11-01,24.15,24.55,24.01,24.5,20.061180791721,160400,0,1
2006-11-02,24.48,24.7,24.2501,24.32,19.9137925246798,640300,0,1
2006-11-03,24.54,24.75,24.39,24.71,20.2331337699357,195900,0,1
2006-11-06,24.7,25.07,24.65,25.05,20.5115338299025,282600,0,1
2006-11-07,25.09,25.09,24.82,24.99,20.4624044075554,170800,0,1
2006-11-08,24.9,25.09,24.76,24.96,20.4378396963819,257400,0,1
2006-11-09,25.4,25.4,25,25.29,20.7080515192907,394000,0,1
2006-11-10,25.08,25.11,24.62,24.76,20.274074955225,194400,0,1
2006-11-13,24.65,24.68,24.5,24.58,20.1266866881837,222600,0,1
2006-11-14,24.56,24.8,24.55,24.65,20.1840043475886,189900,0,1
2006-11-15,24.56,24.95,24.56,24.84,20.3395808516877,235500,0,1
2006-11-16,24.84,24.9699,24.15,24.22,19.8319101541013,315400,0,1
2006-11-17,24.11,24.53,24,24.52,20.0775572658367,217200,0,1
2006-11-20,24.52,24.7,24.27,24.43,20.0038631323161,413200,0,1
2006-11-21,24.6,24.75,24.54,24.66,20.1921925846465,263500,0,1
2006-11-22,24.85,24.93,24.42,24.75,20.2658867181671,170700,0,1
2006-11-24,24.85,25.09,24.82,25.09,20.5442867781338,63700,0,1
2006-11-27,25.15,25.29,24.99,25.16,20.6016044375388,165700,0,1
2006-11-28,25.12,25.24,25.06,25.23,20.6589220969437,156800,0,1
2006-11-29,25.02,25.57,25,25.55,20.9209456827947,422700,0,1
2006-11-30,25.73,25.9,25.61,25.78,21.1092751351252,347000,0,1
2006-12-01,25.85,25.95,25.64,25.77,21.1010868980673,295800,0,1
2006-12-04,25.8,25.8,25.41,25.65,21.0028280533732,249000,0,1
2006-12-05,25.79,25.88,25.4101,25.73,21.0683339498359,161900,0,1
2006-12-06,25.44,25.58,25.3,25.39,20.7899338898692,227700,0,1
2006-12-07,25.28,25.38,25.08,25.3,20.7162397563486,137000,0,1
2006-12-08,25.4,25.5,25.1,25.1,20.5524750151917,231100,0,1
2006-12-11,25.1,25.26,24.98,25.14,20.5852279634231,321000,0,1
2006-12-12,25.12,25.29,25,25.1,20.5524750151917,114500,0,1
2006-12-13,25,25.13,24.95,25.11,20.5606632522495,126400,0,1
2006-12-14,25.35,25.55,25.25,25.4,20.798122126927,190500,0,1
2006-12-15,25.5,25.52,25.25,25.52,20.8963809716212,233700,0,1
2006-12-18,24.63,24.66,24.25,24.47,20.536098541076,250200,0.61,1
2006-12-19,24.39,24.78,24.1912,24.76,20.7794769054778,294800,0,1
2006-12-20,24.77,24.88,24.68,24.81,20.8214386924436,313500,0,1
2006-12-21,24.85,24.85,24.47,24.56,20.6116297576145,285100,0,1
2006-12-22,24.66,24.9,24.58,24.75,20.7710845480846,202900,0,1
2006-12-26,24.83,24.88,24.31,24.37,20.4521749671443,210500,0,1
2006-12-27,24.5,24.5599,24.3,24.3,20.3934284653922,152200,0,1
2006-12-28,24.47,24.58,24.33,24.48,20.5444908984692,319600,0,1
2006-12-29,24.42,24.64,24.25,24.58,20.6284144724008,276300,0,1
2007-01-03,24.27,24.34,23.66,23.7999,19.97372667216,746800,0,1
2007-01-04,23.55,23.7,23.06,23.18,19.4534844373576,428900,0,1
2007-01-05,23.05,23.35,22.85,23.2,19.470269152144,369800,0,1
2007-01-08,23.5,23.56,22.99,23.22,19.4870538669303,275200,0,1
2007-01-09,22.65,23.14,22.48,23.02,19.319206719067,675600,0,1
2007-01-10,22.83,22.94,22.62,22.68,19.0338665676994,285900,0,1
2007-01-11,22.6,23,22.3,22.65,19.0086894955199,489700,0,1
2007-01-12,22.65,23.2,22.5,23.18,19.4534844373576,324300,0,1
2007-01-16,23.05,23.1,22.35,22.65,19.0086894955199,467900,0,1
2007-01-17,22.55,22.92,22.36,22.85,19.1765366433832,291200,0,1
2007-01-18,22.95,23.04,22.4,22.61,18.9751200659472,409700,0,1
2007-01-19,22.9,22.98,22.4,22.95,19.2604602173148,226700,0,1
2007-01-22,23.08,23.3,22.7,22.97,19.2772449321012,303400,0,1
2007-01-23,23.2,23.7,23.06,23.7,19.8898870218023,483800,0,1
2007-01-24,23.55,23.63,23.18,23.5,19.7220398739389,279000,0,1
2007-01-25,23.59,23.7,23.28,23.29,19.5458003686825,366200,0,1
2007-01-26,23.48,23.6,23.35,23.58,19.7891787330843,304000,0,1
2007-01-29,23.4,23.45,22.99,23.1,19.3863455782123,367400,0,1
2007-01-30,23.1,23.75,23.05,23.74,19.9234564513749,346900,0,1
2007-01-31,23.7,24.01,23.5,23.99,20.1332653862041,298400,0,1
2007-02-01,24.15,24.3,23.81,23.9,20.0577341696656,410000,0,1
2007-02-02,23.84,24.21,23.6801,24.21,20.3178972488537,212800,0,1
2007-02-05,24.37,24.4,24,24.129,20.2499191539691,271500,0,1
2007-02-06,24.24,24.25,23.87,24.0101,20.1501340245643,473500,0,1
2007-02-07,23.95,24.1,23.6103,23.72,19.9066717365886,179500,0,1
2007-02-08,23.65,24.3,23.65,24.27,20.3682513932127,178200,0,1
2007-02-09,24.4,24.54,24.24,24.42,20.4941367541102,164000,0,1
2007-02-12,24.2,24.2699,23.85,23.96,20.1080883140246,209200,0,1
2007-02-13,24.14,24.47,24.1001,24.4,20.4773520393238,205800,0,1
2007-02-14,24.38,24.46,23.95,24.07,20.2004042453494,383800,0,1
2007-02-15,24.13,24.13,23.8,24.07,20.2004042453494,191400,0,1
2007-02-16,24.08,24.5,24.01,24.49,20.5528832558623,155700,0,1
2007-02-20,24.13,24.23,23.88,24.22,20.3262896062469,201100,0,1
2007-02-21,24.27,24.83,24.15,24.74,20.7626921906915,332500,0,1
2007-02-22,24.85,25.15,24.77,25.08,21.0480323420591,260500,0,1
2007-02-23,25.28,25.42,25.14,25.24,21.1823100603497,527700,0,1
2007-02-26,25.4,25.49,25.2,25.31,21.2410565621019,555500,0,1
2007-02-27,25.03,25.34,24.76,24.83,20.83822340723,192300,0,1
2007-02-28,25.01,25.3,24.77,25.29,21.2242718473156,324900,0,1
2007-03-01,25.11,25.17,24.89,25.03,21.0060705550933,169100,0,1
2007-03-02,24.88,25.06,24.64,24.8,20.8130463350505,295700,0,1
2007-03-05,24.48,24.58,24.16,24.43,20.5025291115033,658600,0,1
2007-03-06,24.66,24.75,24.47,24.66,20.6955533315461,143300,0,1
2007-03-07,24.77,25.05,24.69,25,20.9808934829138,533600,0,1
2007-03-08,25.16,25.17,24.9,25.04,21.0144629124864,261400,0,1
2007-03-09,25.08,25.09,24.6,24.71,20.737515118512,261700,0,1
2007-03-12,24.54,24.6,24.34,24.48,20.5444908984692,143700,0,1
2007-03-13,24.57,24.7,24.18,24.29,20.385036107999,248600,0,1
2007-03-14,24.22,24.34,24.04,24.34,20.4269978949648,179100,0,1
2007-03-15,24.46,24.46,24.1,24.19,20.3011125340674,165300,0,1
2007-03-16,24.25,24.57,24.04,24.25,20.3514666784264,242300,0,1
2007-03-19,24.26,24.4,24.21,24.37,20.4521749671443,148000,0,1
2007-03-20,24.3,24.44,24.2,24.4,20.4773520393238,217900,0,1
2007-03-21,24.28,24.46,24.15,24.44,20.5109214688965,156200,0,1
2007-03-22,24.5856,24.84,24.47,24.84,20.8466157646231,252300,0,1
2007-03-23,24.85,24.97,24.71,24.85,20.8550081220163,190000,0,1
2007-03-26,24.92,25,24.8,24.96,20.9473240533411,182800,0,1
2007-03-27,24.9,25.03,24.8,25.03,21.0060705550933,418400,0,1
2007-03-28,25.35,25.4,25.16,25.27,21.2074871325292,261300,0,1
2007-03-29,25.41,25.82,25.26,25.76,21.6187126447943,348800,0,1
2007-03-30,25.7,25.7,25.3,25.3776,21.2977888980797,171000,0,1
2007-04-02,25.01,25.37,24.86,25.13,21.0899941290249,296700,0,1
2007-04-03,25.17,25.17,24.85,25.03,21.0060705550933,370600,0,1
2007-04-04,24.99,25.36,24.91,25.31,21.2410565621019,122000,0,1
2007-04-05,25.35,25.4256,25.23,25.36,21.2830183490677,219100,0,1
2007-04-09,25.55,25.64,25,25.1,21.0648170568454,301000,0,1
2007-04-10,25.32,25.51,25.09,25.45,21.3585495656062,231300,0,1
2007-04-11,25.44,25.55,24.8,25.41,21.3249801360336,340600,0,1
2007-04-12,25.47,25.58,25.26,25.56,21.450865496931,100400,0,1
2007-04-13,25.73,25.8,25.53,25.7,21.5683585004354,230500,0,1
2007-04-16,25.73,25.74,25.4,25.5,21.400511352572,161100,0,1
2007-04-17,25.57,25.68,25.12,25.24,21.1823100603497,196900,0,1
2007-04-18,25.08,25.32,25.03,25.25,21.1907024177429,173400,0,1
2007-04-19,25.2,25.3,25.05,25.18,21.1319559159907,271500,0,1
2007-04-20,25.28,25.53,25.19,25.53,21.4256884247515,199400,0,1
2007-04-23,25.29,25.7,25.25,25.7,21.5683585004354,252700,0,1
2007-04-24,25.59,25.65,25.2,25.35,21.2746259916746,204700,0,1
2007-04-25,25.45,25.95,25.45,25.85,21.6942438613328,207000,0,1
2007-04-26,25.68,25.89,25.48,25.67,21.5431814282559,635300,0,1
2007-04-27,25.46,25.8,25.46,25.8,21.652282074367,216900,0,1
2007-04-30,25.5,25.8,25.5,25.57,21.4592578543242,172200,0,1
2007-05-01,25.6,25.74,25.45,25.62,21.50121964129,178400,0,1
2007-05-02,25.63,25.63,25.21,25.42,21.3333724934267,303600,0,1
2007-05-03,25.42,25.54,25.25,25.54,21.4340807821447,210800,0,1
2007-05-04,25.55,25.7,25.32,25.49,21.3921189951789,166800,0,1
2007-05-07,25.3,25.46,25.18,25.37,21.2914107064609,226100,0,1
2007-05-08,25.06,25.21,25,25.21,21.1571329881702,189100,0,1
2007-05-09,25.08,25.15,24.8,25.08,21.0480323420591,252300,0,1
2007-05-10,25.1,25.1099,24.86,24.98,20.9641087681274,245400,0,1
2007-05-11,25.03,25.36,24.9851,25.35,21.2746259916746,204600,0,1
2007-05-14,25.33,25.37,25.15,25.26,21.1990947751361,443700,0,1
2007-05-15,25.08,25.53,25.04,25.51,21.4089037099652,448800,0,1
2007-05-16,25.41,25.41,25.06,25.26,21.1990947751361,287400,0,1
2007-05-17,25.26,25.49,25.1941,25.47,21.3753342803925,197800,0,1
2007-05-18,25.49,25.55,25.33,25.43,21.3417648508199,186600,0,1
2007-05-21,25.45,25.74,25.32,25.68,21.551573785649,281100,0,1
2007-05-22,25.54,25.54,25.25,25.31,21.2410565621019,181200,0,1
2007-05-23,25.36,25.44,25.18,25.43,21.3417648508199,251500,0,1
2007-05-24,25.41,25.55,25.19,25.29,21.2242718473156,258000,0,1
2007-05-25,25.41,25.61,25.31,25.6,21.4844349265037,162600,0,1
2007-05-29,25.25,25.37,24.9214,25.04,21.0144629124864,211600,0,1
2007-05-30,25,25.34,25,25.28,21.2158794899224,292800,0,1
2007-05-31,25.33,25.52,25.23,25.51,21.4089037099652,323700,0,1
2007-06-01,25.43,25.78,25.39,25.7,21.5683585004354,294500,0,1
2007-06-04,25.76,26,25.75,25.93,21.7613827204782,408200,0,1
2007-06-05,25.76,25.9799,25.74,25.83,21.6774591465465,325000,0,1
2007-06-06,25.85,25.89,25.61,25.82,21.6690667891533,208200,0,1
2007-06-07,25.7,26.07,25.7,25.95,21.7781674352645,291800,0,1
2007-06-08,25.66,25.7399,25.39,25.49,21.3921189951789,909800,0,1
2007-06-11,25.74,26.03,25.56,25.98,21.803344507444,138100,0,1
2007-06-12,25.84,25.92,25.73,25.91,21.7445980056918,124400,0,1
2007-06-13,25.71,26.29,25.69,26.24,22.0215457996663,395000,0,1
2007-06-14,26.41,26.59,26.29,26.49,22.2313547344954,2681200,0,1
2007-06-15,26.44,26.65,26.39,26.65,22.3656324527861,321500,0,1
2007-06-18,26.73,26.73,26.5,26.65,22.3656324527861,259600,0,1
2007-06-19,26.6,26.69,26.3,26.39,22.1474311605638,347400,0,1
2007-06-20,26.32,26.42,26.18,26.41,22.1642158753501,247600,0,1
2007-06-21,26.47,26.5199,26.07,26.3,22.0718999440253,238100,0,1
2007-06-22,26.26,26.3199,26,26.24,22.0215457996663,783200,0,1
2007-06-25,25.92,26.19,25.78,26.14,21.9376222257346,397300,0,1
2007-06-26,25.96,25.9999,25.72,25.84,21.6858515039397,283000,0,1
2007-06-27,25.81,25.94,25.59,25.8,21.652282074367,219300,0,1
2007-06-28,25.85,25.87,25.66,25.72,21.5851432152217,280700,0,1
2007-06-29,25.75,26.06,25.65,25.7,21.5683585004354,258100,0,1
2007-07-02,26.05,26.05,25.56,25.86,21.702636218726,810100,0,1
2007-07-03,26.04,26.04,25.81,25.89,21.7278132909055,185500,0,1
2007-07-05,26.02,26.15,25.85,26.13,21.9292298683415,250500,0,1
2007-07-06,26.29,26.35,26.11,26.35,22.1138617309911,332500,0,1
2007-07-09,26.28,26.37,26.18,26.29,22.0635075866321,156000,0,1
2007-07-10,26.2,26.52,26.19,26.48,22.2229623771023,228400,0,1
2007-07-11,26.33,26.63,26.33,26.54,22.2733165214613,194400,0,1
2007-07-12,26.54,26.71,26.38,26.61,22.3320630232134,282400,0,1
2007-07-13,26.61,26.65,26.48,26.65,22.3656324527861,168200,0,1
2007-07-16,26.52,26.52,26.09,26.18,21.9711916553073,316800,0,1
2007-07-17,26.23,26.33,25.88,26.02,21.8369139370167,423200,0,1
2007-07-18,26.03,26.34,25.97,26.32,22.0886846588116,230600,0,1
2007-07-19,26.33,26.49,26.28,26.41,22.1642158753501,107600,0,1
2007-07-20,26.4,26.51,26.29,26.4,22.1558235179569,252200,0,1
2007-07-23,26.27,26.28,26.06,26.28,22.055115229239,220300,0,1
2007-07-24,26.12,26.28,26,26.08,21.8872680813756,189600,0,1
2007-07-25,26.15,26.31,25.87,26.31,22.0802923014184,274200,0,1
2007-07-26,26.32,26.3999,25.82,26.03,21.8453062944098,227400,0,1
2007-07-27,26.03,26.29,25.94,26.28,22.055115229239,283200,0,1
2007-07-30,26.2299,26.2299,25.8701,25.98,21.803344507444,181900,0,1
2007-07-31,26.11,26.45,26.09,26.19,21.9795840127005,388600,0,1
2007-08-01,26.19,26.31,25.82,26.15,21.9460145831278,465000,0,1
2007-08-02,26.14,26.3,26.04,26.19,21.9795840127005,188200,0,1
2007-08-03,26.2,26.2,25.9,25.9,21.7362056482987,141400,0,1
2007-08-06,25.6,25.73,25.28,25.54,21.4340807821447,267900,0,1
2007-08-07,25.4,25.74,25.36,25.68,21.551573785649,168600,0,1
2007-08-08,25.6,25.85,25.54,25.64,21.5180043560764,174000,0,1
2007-08-09,25.47,25.75,25.33,25.44,21.3501572082131,287500,0,1
2007-08-10,25.12,25.54,24.98,25.53,21.4256884247515,462400,0,1
2007-08-13,25.66,25.7,25.28,25.35,21.2746259916746,162200,0,1
2007-08-14,26,26.33,25.25,25.4338,21.3449539466293,169800,0,1
2007-08-15,25.58,25.81,25.4,25.62,21.50121964129,313100,0,1
2007-08-16,25.07,25.18,24.63,25.18,21.1319559159907,455900,0,1
2007-08-17,24.28,25.35,23.62,25.16,21.1151712012044,375000,0,1
2007-08-20,25.01,25.24,24.94,25.23,21.1739177029566,269900,0,1
2007-08-21,25.15,25.4144,25.03,25.19,21.1403482733839,315800,0,1
2007-08-22,25.2,25.32,25.06,25.25,21.1907024177429,190200,0,1
2007-08-23,25.5,25.55,25.18,25.33,21.2578412768882,281600,0,1
2007-08-24,25.35,25.63,25.31,25.63,21.5096119986832,175100,0,1
2007-08-27,25.32,25.69,25.25,25.66,21.5347890708627,102300,0,1
2007-08-28,25.62,25.62,25.26,25.39,21.3081954212472,112200,0,1
2007-08-29,25.39,25.64,25.39,25.63,21.5096119986832,264700,0,1
2007-08-30,26.39,26.39,25.44,25.68,21.551573785649,182500,0,1
2007-08-31,26,26,25.55,25.69,21.5599661430422,122500,0,1
2007-09-04,25.79,26.09,25.69,25.98,21.803344507444,305200,0,1
2007-09-05,25.98,26.1,25.8,26.03,21.8453062944098,222100,0,1
2007-09-06,25.91,26.05,25.8,25.93,21.7613827204782,214500,0,1
2007-09-07,25.99,26.11,25.88,26.1,21.904052796162,149200,0,1
2007-09-10,26.02,26.32,25.81,26.28,22.055115229239,154200,0,1
2007-09-11,26.16,26.36,25.98,26.34,22.1054693735979,117200,0,1
2007-09-12,26.33,26.66,26.27,26.62,22.3404553806066,207600,0,1
2007-09-13,26.55,26.68,26.32,26.42,22.1726082327433,468600,0,1
2007-09-14,26.39,26.6,26.33,26.44,22.1893929475296,191900,0,1
2007-09-17,26.57,26.75,26.47,26.75,22.4495560267177,124300,0,1
2007-09-18,26.55,26.9,26.48,26.85,22.5334796006494,229600,0,1
2007-09-19,26.88,27.08,26.8,27.08,22.7265038206922,243600,0,1
2007-09-20,27.15,27.5,27.07,27.5,23.0789828312051,519300,0,1
2007-09-21,27.6,27.69,27.41,27.69,23.2384376216753,255500,0,1
2007-09-24,27.63,27.79,27.51,27.64,23.1964758347095,181800,0,1
2007-09-25,27.31,27.55,27.28,27.44,23.0286286868462,177500,0,1
2007-09-26,27.54,27.6,27.1701,27.48,23.0621981164188,217500,0,1
2007-09-27,28.19,28.2,27.64,28.2,23.6664478487267,249200,0,1
2007-09-28,28.25,28.27,27.89,28.11,23.5909166321882,467400,0,1
2007-10-01,28.99,28.99,27.64,27.82,23.3475382677864,196500,0,1
2007-10-02,27.5,27.63,27.14,27.26,22.8775662537692,218300,0,1
2007-10-03,27.65,27.65,27.11,27.29,22.9027433259487,159400,0,1
2007-10-04,27.27,27.68,27.1,27.67,23.221652906889,273800,0,1
2007-10-05,27.54,27.76,27.45,27.75,23.2887917660343,167800,0,1
2007-10-08,28.49,28.49,27,27.17,22.8020350372307,193100,0,1
2007-10-09,27.06,27.52,27.06,27.36,22.9614898277008,242600,0,1
2007-10-10,27.51,27.69,27.35,27.68,23.2300452642821,307200,0,1
2007-10-11,28.67,28.67,27.54,27.99,23.4902083434703,204300,0,1
2007-10-12,28,28.17,27.8901,28.12,23.5993089895814,164900,0,1
2007-10-15,28.28,28.6,28.25,28.6,24.0021421444534,156700,0,1
2007-10-16,28.38,28.64,28.3301,28.63,24.0273192166329,290400,0,1
2007-10-17,28.63,28.68,28.38,28.48,23.9014338557354,254100,0,1
2007-10-18,28.63,29.03,28.59,28.99,24.3294440827868,337500,0,1
2007-10-19,28.94,29.01,28.77,28.9078,24.260458905015,228600,0,1
2007-10-22,28.65,28.92,28.4701,28.83,24.1951663644962,293700,0,1
2007-10-23,28.9599,28.96,28.49,28.63,24.0273192166329,1101600,0,1
2007-10-24,28.5,28.86,28.5,28.73,24.1112427905645,212900,0,1
2007-10-25,28.8856,29.4,28.88,29.4,24.6735307359066,332500,0,1
2007-10-26,29.7,29.87,29.5601,29.85,25.051186818599,633700,0,1
2007-10-29,30,30.34,29.9328,30.34,25.4624123308642,435700,0,1
2007-10-30,30,30.0399,29.57,29.66,24.8917320281289,283000,0,1
2007-10-31,29.89,30.5,29.78,30.5,25.5966900491548,401400,0,1
2007-11-01,30.25,30.28,29.8379,30.11,25.2693881108213,378300,0,1
2007-11-02,30.32,30.76,30.2,30.76,25.8148913413771,205100,0,1
2007-11-05,31.25,31.27,30.14,30.56,25.6470441935138,368800,0,1
2007-11-06,31.52,31.52,30.77,31.36,26.318432784967,447600,0,1
2007-11-07,33,33,30.8,31.2,26.1841550666764,510100,0,1
2007-11-08,31.64,31.64,30.94,31.12,26.1170162075311,471700,0,1
2007-11-09,30.5,31.34,30.5,31.11,26.1086238501379,371300,0,1
2007-11-12,30.5,30.91,30.23,30.43,25.5379435474026,981100,0,1
2007-11-13,30.43,30.45,29.71,29.85,25.051186818599,3017500,0,1
2007-11-14,29.94,30.59,29.94,30.52,25.6134747639411,260300,0,1
2007-11-15,30.37,30.37,29.97,30.22,25.3617040421462,340300,0,1
2007-11-16,30.65,30.65,30.21,30.32,25.4456276160778,179600,0,1
2007-11-19,30.3,30.59,30.21,30.55,25.6386518361206,527300,0,1
2007-11-20,30.82,31.34,30.68,31.31,26.2764709980012,569100,0,1
2007-11-21,31.26,31.37,30.8,31.35,26.3100404275739,734500,0,1
2007-11-23,31.58,31.67,31.14,31.64,26.5534187919757,499300,0,1
2007-11-26,31.78,31.78,31.25,31.25,26.2261168536422,400800,0,1
2007-11-27,31.7,31.7,30.84,31,26.0163079188131,370600,0,1
2007-11-28,30.97,31.53,30.32,30.62,25.6973983378728,766000,0,1
2007-11-29,30.6052,30.89,30.5,30.69,25.7561448396249,195800,0,1
2007-11-30,30.25,30.72,30.19,30.31,25.4372352586847,352300,0,1
2007-12-03,30.38,30.56,30.02,30.53,25.6218671213343,320900,0,1
2007-12-04,30.49,30.67,30.34,30.67,25.7393601248386,494200,0,1
2007-12-05,30.86,30.94,30.31,30.44,25.5463359047958,437800,0,1
2007-12-06,30.21,30.99,30.21,30.99,26.0079155614199,293200,0,1
2007-12-07,31.7,31.7,30.506,30.89,25.9239919874883,401100,0,1
2007-12-10,31.03,31.1899,30.69,30.87,25.9072072727019,539500,0,1
2007-12-11,31.02,31.28,30.9,31.14,26.1338009223174,275100,0,1
2007-12-12,31.33,32.18,31.2501,31.99,26.8471513007365,444500,0,1
2007-12-13,32.07,32.07,31.474,31.65,26.5618111493688,274900,0,1
2007-12-14,31.5,31.6,31.29,31.43,26.3771792867192,294300,0,1
2007-12-17,31.55,31.55,30.24,30.52,26.2512939258217,294000,0.76,1
2007-12-18,30.87,30.88,30.11,30.39,26.1394764877366,311200,0,1
2007-12-19,30.5,30.84,30.418,30.68,26.3889153880803,269600,0,1
2007-12-20,30.53,30.7044,30.4101,30.55,26.2770979499952,334900,0,1
2007-12-21,30.64,30.99,30.56,30.91,26.586746240077,280300,0,1
2007-12-24,30.22,31.14,30.06,31.14,26.7845770920737,472000,0,1
2007-12-26,31.25,31.56,31.15,31.51,27.1028267235466,188500,0,1
2007-12-27,31.6,31.73,31.4,31.62,27.1974414788494,880700,0,1
2007-12-28,31.75,31.88,31.42,31.52,27.1114280649378,264300,0,1
2007-12-31,31.64,31.64,31.2401,31.56,27.1458334305024,244000,0,1
2008-01-02,32.01,32.45,31.94,32.43,27.8941501315334,718900,0,1
2008-01-03,32.79,32.79,32.41,32.68,28.1091836663124,1108400,0,1
2008-01-04,32.57,32.57,32.0801,32.49,27.9457581798803,581200,0,1
2008-01-07,32.23,32.44,31.6601,31.9,27.4382790378018,664300,0,1
2008-01-08,32.3,32.49,32.09,32.19,27.6877179381455,429000,0,1
2008-01-09,32.19,32.3699,31.8,31.87,27.4124750136284,749600,0,1
2008-01-10,31.65,31.7599,31.4,31.72,27.283454892761,452800,0,1
2008-01-11,31.66,32.11,31.4,32.01,27.5328937931046,667600,0,1
2008-01-14,32.4,32.5,32.19,32.41,27.876947448751,835800,0,1
2008-01-15,32.17,32.24,31.77,32.01,27.5328937931046,472800,0,1
2008-01-16,31.82,31.85,31.2,31.71,27.2748535513698,1044300,0,1
2008-01-17,31.9,31.95,31.3,31.3,26.9221985543322,689800,0,1
2008-01-18,31.6,31.64,31.35,31.42,27.0254146510261,458100,0,1
2008-01-22,30.5,31.49,30.33,31.31,26.9307998957234,785400,0,1
2008-01-23,31.07,31.1899,30.54,30.72,26.4233207536449,695900,0,1
2008-01-24,30.84,31.51,30.84,31.48,27.0770226993731,709700,0,1
2008-01-25,31.99,32.6,31.7219,32.18,27.6791165967543,1189100,0,1
2008-01-28,31.82,32.34,31.61,32.33,27.8081367176217,593400,0,1
2008-01-29,32.51,32.6,32.26,32.6,28.0403729351831,492000,0,1
2008-01-30,32.56,32.56,32.1405,32.32,27.7995353762306,564500,0,1
2008-01-31,32.22,32.64,31.9201,32.48,27.9371568384892,692200,0,1
2008-02-01,32.55,32.55,31.8701,31.91,27.446880379193,642600,0,1
2008-02-04,32.08,32.51,32,32.47,27.928555497098,692400,0,1
2008-02-05,32.19,32.3199,31.92,32.2,27.6963192795367,787500,0,1
2008-02-06,32.34,32.5399,32,32.05,27.5672991586693,867300,0,1
2008-02-07,31.94,32.44,31.94,32.44,27.9027514729245,859400,0,1
2008-02-08,32.72,33.41,32.54,33.41,28.7370815878671,1069800,0,1
2008-02-11,33.29,33.63,33.0801,33.63,28.9263110984726,1236600,0,1
2008-02-12,33.38,33.5,32.76,32.95,28.3414198838737,760000,0,1
2008-02-13,32.86,33.22,32.67,33.22,28.573656101435,406600,0,1
2008-02-14,33.5,33.89,33.46,33.89,29.1499459746428,1015600,0,1
2008-02-15,33.94,34.15,33.51,33.73,29.0123245123842,995300,0,1
2008-02-19,34.563,34.87,34.4,34.83,29.9584720654119,919800,0,1
2008-02-20,34.54,35.05,34.49,35.01,30.1132962104528,706500,0,1
2008-02-21,34.95,35.17,34.6,34.82,29.9498707240207,565600,0,1
2008-02-22,34.99,35.35,34.55,35.3,30.3627351107964,555500,0,1
2008-02-25,35.3,35.65,34.99,35.64,30.6551807180959,923900,0,1
2008-02-26,35.57,36.41,35.2,36.4,31.3088826638241,1029300,0,1
2008-02-27,35.78,36.89,35.66,36.35,31.2658759568683,1344400,0,1
2008-02-28,36.43,36.71,36.2,36.7,31.5669229055589,1536000,0,1
2008-02-29,36.55,36.59,36.01,36.1,31.0508424220892,1079700,0,1
2008-03-03,36.89,37.05,36.41,36.63,31.5067135158207,1311900,0,1
2008-03-04,36.84,36.8499,35.4,36.5,31.3948960777357,1611900,0,1
2008-03-05,36.54,37.3,36.333,37.3,32.0830033890285,1009300,0,1
2008-03-06,37.37,37.63,36.81,37.58,32.323840947981,1676900,0,1
2008-03-07,37.75,37.75,36.94,37.2,31.9969899751169,1497400,0,1
2008-03-10,36.85,37.9875,36.32,37.9,32.5990838724981,1719600,0,1
2008-03-11,37.95,38.5,37.64,38.49,33.1065630145766,1474200,0,1
2008-03-12,38.45,38.95,37.85,38.91,33.4678193530053,1756900,0,1
2008-03-13,38.9,39.32,38.71,38.95,33.50222471857,2624800,0,1
2008-03-14,39.05,39.27,38.25,38.9,33.4592180116142,1140300,0,1
2008-03-17,37.81,38.12,36.44,37.34,32.1174087545931,3062500,0,1
2008-03-18,37.39,38.29,37.36,38.17,32.8313200900595,1175300,0,1
2008-03-19,37.35,37.45,36.08,36.52,31.412098760518,2186000,0,1
2008-03-20,34.9,35.9428,30.75,35.05,30.1477015760174,3472500,0,1
2008-03-24,35.2,36.05,35.05,35.69,30.6981874250517,1459100,0,1
2008-03-25,36.22,36.41,35.74,36.05,31.0078357151334,1020800,0,1
2008-03-26,36.67,37.18,36.5,37.13,31.9367805853788,1394900,0,1
2008-03-27,37,37.63,36.84,37.54,32.2894355824163,2398300,0,1
2008-03-28,37.01,37.08,36.65,36.65,31.5239161986031,1129600,0,1
2008-03-31,37.44,37.94,35.45,35.77,30.766998156181,1302500,0,1
2008-04-01,35.3,35.9775,35.18,35.57,30.5949713283577,1282800,0,1
2008-04-02,35.12,36.66,35.12,36.63,31.5067135158207,814400,0,1
2008-04-03,36.45,36.87,36.2801,36.83,31.678740343644,552400,0,1
2008-04-04,36.81,37.23,36.61,37.09,31.9023752198141,825800,0,1
2008-04-07,37.62,37.93,37.355,37.49,32.2464288754605,1223600,0,1
2008-04-08,37.45,37.81,37.27,37.64,32.375448996328,826900,0,1
2008-04-09,37.74,38.75,37.65,38.27,32.9173335039711,1277000,0,1
2008-04-10,38.76,38.79,37.9378,38.1,32.7711107003213,1338600,0,1
2008-04-11,37.85,38.17,37.73,37.95,32.6420905794539,747400,0,1
2008-04-14,37.93,38.21,37.93,38.21,32.8657254556241,762000,0,1
2008-04-15,38.65,38.76,38.5,38.67,33.2613871596175,615700,0,1
2008-04-16,38.94,39.11,38.4,39.04,33.5796367910904,784500,0,1
2008-04-17,39.22,39.25,38.75,38.86,33.4248126460495,555800,0,1
2008-04-18,38.36,39,38.36,38.88,33.4420153288319,549200,0,1
2008-04-21,38.77,38.93,38.243,38.93,33.4850220357877,769300,0,1
2008-04-22,38.73,39.4,38.6408,39.17,33.6914542291755,904600,0,1
2008-04-23,38.87,39.0425,38.55,38.8,33.3732045977026,744300,0,1
2008-04-24,38.4,38.68,37.8,38.15,32.8141174072771,691800,0,1
2008-04-25,38.22,38.86,38.04,38.85,33.4162113046584,473700,0,1
2008-04-28,38.86,38.97,38.633,38.94,33.4936233771788,480500,0,1
2008-04-29,38.5,38.7,37.87,38,32.6850972864097,1231900,0,1
2008-04-30,38.01,38.1576,37.44,37.93,32.6248878966716,1620800,0,1
2008-05-01,37.21,37.35,36.5,37.05,31.8679698542495,1700600,0,1
2008-05-02,37.13,38.02,37.05,37.99,32.6764959450186,1348400,0,1
2008-05-05,38.29,38.87,38.01,38.78,33.3560019149202,825500,0,1
2008-05-06,38.75,39.47,38.7266,39.29,33.7946703258694,825700,0,1
2008-05-07,39.18,39.58,38.91,39.36,33.8548797156076,839600,0,1
2008-05-08,39.5,40,39.48,39.96,34.3709601990772,933100,0,1
2008-05-09,40.61,40.89,39.94,40.62,34.9386487308938,1035000,0,1
2008-05-12,40.28,40.62,39.8,39.93,34.3451561749037,557100,0,1
2008-05-13,39.88,40.42,39.75,40.15,34.5343856855092,700300,0,1
2008-05-14,40.15,40.27,39.5,39.5,33.9752984950838,631600,0,1
2008-05-15,40.12,40.1701,39.12,39.95,34.362358857686,723800,0,1
2008-05-16,40.62,40.71,40.05,40.53,34.8612366583733,1480100,0,1
2008-05-19,40.38,40.6134,40.25,40.59,34.9128447067203,481400,0,1
2008-05-20,40.97,41.32,40.92,41.15,35.3945198246253,654300,0,1
2008-05-21,41.46,42.41,41.22,42.35,36.4266807915645,863900,0,1
2008-05-22,42.35,42.55,41.52,41.74,35.9019989667037,1280800,0,1
2008-05-23,42.22,42.22,41.53,41.82,35.970809697833,478700,0,1
2008-05-27,41.54,41.61,40.9,41.15,35.3945198246253,1094000,0,1
2008-05-28,40.64,41.46,40.43,41.41,35.6181547007954,976600,0,1
2008-05-29,40.87,41.51,39.86,40.28,34.6462031235943,883300,0,1
2008-05-30,40.25,40.86,39.91,40.55,34.8784393411556,704800,0,1
2008-06-02,40.5,41.33,40.29,41.09,35.3429117762783,1013700,0,1
2008-06-03,40.78,40.8,40.06,40.12,34.5085816613357,684400,0,1
2008-06-04,39.91,40.05,39.5,39.52,33.9925011778661,797200,0,1
2008-06-05,39.92,41.1744,39.35,41.02,35.2827023865402,1323900,0,1
2008-06-06,42.45,43.49,42.07,42.07,36.185843232612,871600,0,1
2008-06-09,42.81,43.15,42.19,42.5,36.5557009124319,1567800,0,1
2008-06-10,42.77,43.49,42,42.33,36.4094781087822,868300,0,1
2008-06-11,42.83,44.26,42.81,43.89,37.7512873658032,938900,0,1
2008-06-12,43.11,44.09,42.66,43.88,37.7426860244121,1153800,0,1
2008-06-13,43.27,43.8,43.13,43.6,37.5018484654596,378600,0,1
2008-06-16,44.84,44.99,43.54,43.56,37.4674430998949,1116600,0,1
2008-06-17,43.56,44.12,43.56,44,37.845902121106,669100,0,1
2008-06-18,44.26,44.6,43.64,44.6,38.3619826045756,540700,0,1
2008-06-19,44.31,44.63,43.37,43.56,37.4674430998949,1047100,0,1
2008-06-20,43.793,44.36,43.65,43.86,37.7254833416298,719600,0,1
2008-06-23,43.74,44.27,43.53,44.17,37.9921249247557,712600,0,1
2008-06-24,44.11,44.38,43.8,44.18,38.0007262661469,791800,0,1
2008-06-25,44.07,44.07,43.08,44.01,37.8545034624972,1180300,0,1
2008-06-26,44.68,45.5,44.63,45.47,39.1102993056066,959200,0,1
2008-06-27,45.64,45.95,45.3545,45.59,39.2135154023005,826400,0,1
2008-06-30,45.92,45.93,44.78,44.78,38.5168067496165,1306200,0,1
2008-07-01,45.44,45.63,45.05,45.57,39.1963127195182,860600,0,1
2008-07-02,45.33,46.44,45.05,46.44,39.9446294205491,888000,0,1
2008-07-03,46.63,46.63,46.01,46.42,39.9274267377668,1058300,0,1
2008-07-07,45.81,45.91,44.92,45.79,39.3855422301237,1137200,0,1
2008-07-08,44.45,44.78,43.69,44.13,37.9577195591911,1586500,0,1
2008-07-09,44.13,44.68,42,44.1,37.9319155350176,2332600,0,1
2008-07-10,44.55,45.3,44.49,45.3,38.9640765019569,970900,0,1
2008-07-11,46.32,46.5,45.29,45.93,39.5059610096,707300,0,1
2008-07-14,45.84,45.96,45.52,45.95,39.5231636923823,449100,0,1
2008-07-15,45.68,45.87,43.75,44.49,38.2673678492729,4871400,0,1
2008-07-16,44,44.1856,43,43.81,37.682476634674,1380700,0,1
2008-07-17,43.57,44.119,42.43,42.78,36.7965384713844,1860900,0,1
2008-07-18,42.58,42.8,41.8,42.05,36.1686405498297,1249000,0,1
2008-07-21,42.15,42.56,41.87,42.56,36.6073089607789,1052100,0,1
2008-07-22,42.5,42.5,41.23,41.63,35.807384211401,1411800,0,1
2008-07-23,40.95,41.4,40.4188,40.69,34.9988581206319,2755700,0,1
2008-07-24,40.56,40.81,40.28,40.72,35.0246621448054,1381100,0,1
2008-07-25,40.606,40.65,40.08,40.21,34.5859937338562,752700,0,1
2008-07-28,40.39,41.61,40.39,40.41,34.7580205616794,830200,0,1
2008-07-29,40.85,40.89,39.6,39.95,34.362358857686,1726200,0,1
2008-07-30,39.54,40.92,39.5,40.74,35.0418648275877,1344100,0,1
2008-07-31,41.14,41.52,39.88,40.4,34.7494192202882,937800,0,1
2008-08-01,39.39,40.814,39.35,39.95,34.362358857686,773300,0,1
2008-08-04,39.91,40.14,37.95,38.63,33.2269817940528,1633800,0,1
2008-08-05,38.33,38.86,38.09,38.36,32.9947455764915,1609300,0,1
2008-08-06,38.28,38.51,37.54,37.95,32.6420905794539,1373800,0,1
2008-08-07,37.93,38.45,37.93,38.16,32.8227187486683,949200,0,1
2008-08-08,37.64,37.77,36.86,37.1,31.9109765612053,1584700,0,1
2008-08-11,37.27,37.4,36.75,37.15,31.9539832681611,823000,0,1
2008-08-12,37.16,37.17,36.39,36.74,31.6013282711235,705300,0,1
2008-08-13,36.83,38.19,36.83,38.015,32.6979992984965,662100,0,1
2008-08-14,37.85,37.94,37.073,37.83,32.53887448276,569800,0,1
2008-08-15,37.15,37.34,36.671,37.32,32.1002060718108,908200,0,1
2008-08-18,37.46,37.723,37.08,37.33,32.108807413202,629200,0,1
2008-08-19,37.15,38.31,37,38.03,32.7109013105832,1380900,0,1
2008-08-20,38.13,38.5,37.51,38.35,32.9861442351003,885200,0,1
2008-08-21,39.08,40.11,39.08,39.99,34.3967642232507,975300,0,1
2008-08-22,39.46,39.49,38.312,38.43,33.0549549662296,449000,0,1
2008-08-25,38.49,38.73,38.14,38.32,32.9603402109269,455700,0,1
2008-08-26,38.45,38.9,37.85,38.33,32.968941552318,788600,0,1
2008-08-27,38.9,39.29,38.19,38.594,33.1960169650447,520200,0,1
2008-08-28,38.8,38.96,37.63,37.98,32.6678946036274,540500,0,1
2008-08-29,38.2,38.41,37.657,37.97,32.6592932622362,419400,0,1
2008-09-02,36.11,36.89,35.9,36.78,31.6357336366882,1213700,0,1
2008-09-03,36.1901,36.57,35.98,36.55,31.4379027846915,1391500,0,1
2008-09-04,36.42,36.75,35.87,36.05,31.0078357151334,915500,0,1
2008-09-05,35.79,35.968,35.32,35.58,30.6035726697489,664200,0,1
2008-09-08,35.92,36.12,35.24,35.6,30.6207753525312,563200,0,1
2008-09-09,34.93,35.03,34.25,34.32,29.5198036544627,1065500,0,1
2008-09-10,34.74,34.96,34.12,34.38,29.5714117028096,827700,0,1
2008-09-11,34.19,34.31,33.75,34.1,29.3305741438572,787000,0,1
2008-09-12,34.27,34.68,34.13,34.32,29.5198036544627,611800,0,1
2008-09-15,33.59,33.92,32.84,33,28.3844265908295,600900,0,1
2008-09-16,32.25,32.8106,31.7,32.34,27.8167380590129,1160900,0,1
2008-09-17,32.62,33.75,32.18,33.71,28.9951218296019,988600,0,1
2008-09-18,33.94,34.47,33.17,33.37,28.7026762223024,966900,0,1
2008-09-19,33.4,34.76,33.4,34.62,29.7778438961975,890000,0,1
2008-09-22,35.0601,36.17,35.0601,36.1,31.0508424220892,1457300,0,1
2008-09-23,35.65,35.84,34.74,35.45,30.4917552316638,609000,0,1
2008-09-24,35.93,35.98,34.96,35.02,30.1218975518439,1131600,0,1
2008-09-25,35.02,35.74,34.78,35.57,30.5949713283577,879200,0,1
2008-09-26,34.89,35.3,34.75,35.3,30.3627351107964,418800,0,1
2008-09-29,33.87,34.17,32.7,32.97,28.358622566656,682400,0,1
2008-09-30,33.37,33.89,33.17,33.64,28.9349124398638,1113600,0,1
2008-10-01,33.5,33.51,32.64,33.1,28.4704400047411,590400,0,1
2008-10-02,32.54,32.54,31.27,31.37,26.9824079440703,992000,0,1
2008-10-03,31.03,31.95,30.48,30.53,26.2598952672129,1613100,0,1
2008-10-06,30.4,30.4701,29.02,30.09,25.8814362460018,2123200,0,1
2008-10-07,30.17,30.466,29.6,29.96,25.7696188079167,1593300,0,1
2008-10-08,29.72,30.43,29.56,30.1,25.890037587393,1123100,0,1
2008-10-09,30.24,30.5,28.63,29.28,25.1847275933178,849400,0,1
2008-10-10,27.34,28.9399,27.27,27.61,23.748303580994,1859300,0,1
2008-10-13,28.98,29.09,28.39,28.97,24.9180860101918,666600,0,1
2008-10-14,29.59,29.6899,28.3,28.75,24.7288564995863,1053100,0,1
2008-10-15,27.66,27.88,27.06,27.23,23.4214526081299,750500,0,1
2008-10-16,27.14,27.1499,25.95,26.67,22.9397774902249,949900,0,1
2008-10-17,26.46,27.41,26.36,27.02,23.2408244389155,1005600,0,1
2008-10-20,27.07,27.62,26.66,27.38,23.5504727289973,512200,0,1
2008-10-21,26.63,26.9,26.322,26.45,22.7505479796194,442300,0,1
2008-10-22,25.75,25.82,24.9,25,21.5033534779011,643600,0,1
2008-10-23,25.05,25.66,24.95,25.26,21.7269883540713,819100,0,1
2008-10-24,23.87,24.75,23.8,24.45,21.0302797013873,724800,0,1
2008-10-27,23.94,25,23.83,24.11,20.7378340940879,712100,0,1
2008-10-28,24.99,25.1,24.25,24.77,21.3055226259044,605600,0,1
2008-10-29,25.41,26.4,25.32,26.15,22.4925077378846,931900,0,1
2008-10-30,26.1,26.13,24.86,25.26,21.7269883540713,711400,0,1
2008-10-31,25,26.44,24.86,26.44,22.7419466382282,1047200,0,1
2008-11-03,25.41,25.65,25.1,25.28,21.7441910368536,979000,0,1
2008-11-04,25.73,27.16,25.69,26.8,23.05159492831,1220100,0,1
2008-11-05,26.47,26.63,25.42,25.63,22.0452379855442,757200,0,1
2008-11-06,25.19,25.31,24.37,24.62,21.176502505037,800900,0,1
2008-11-07,24.6,24.87,24.4,24.68,21.228110553384,1248800,0,1
2008-11-10,25.47,25.64,24.25,24.7,21.2453132361663,438200,0,1
2008-11-11,24.26,24.32,23.68,23.84,20.5055978765265,873900,0,1
2008-11-12,23.5,23.74,23.09,23.13,19.8949026377541,978100,0,1
2008-11-13,23.27,24.22,22.95,23.91,20.5658072662646,1126400,0,1
2008-11-14,23.58,23.92,23.38,23.55,20.2561589761829,486800,0,1
2008-11-17,23.53,23.96,23.08,23.21,19.9637133688834,554600,0,1
2008-11-18,23.21,23.44,22.75,22.75,19.56805166489,1750400,0,1
2008-11-19,23.026,23.22,22.6,22.6,19.4390315440226,912800,0,1
2008-11-20,22.15,22.8,21.45,21.8,18.7509242327298,926200,0,1
2008-11-21,21.55,22.12,21.55,22.02,18.9401537433353,591300,0,1
2008-11-24,22.42,23.32,22.13,23.15,19.9121053205365,1225100,0,1
2008-11-25,22.82,22.9,22.29,22.54,19.3874234956757,731400,0,1
2008-11-26,22.82,23.26,22.4569,23.26,20.0067200758392,1003900,0,1
2008-11-28,22.7,22.95,22.25,22.25,19.137984595332,406000,0,1
2008-12-01,22.23,22.24,21.56,21.56,18.5444920393419,548600,0,1
2008-12-02,21.95,22.1,21.356,21.57,18.5530933807331,849100,0,1
2008-12-03,21.2,21.43,21,21.32,18.3380598459541,1077200,0,1
2008-12-04,21,21.2,20.16,20.2,17.3747096101441,1102100,0,1
2008-12-05,20.13,20.17,19.41,19.7,16.9446425405861,1966600,0,1
2008-12-08,20.42,20.74,20.2,20.61,17.7273646071817,1253100,0,1
2008-12-09,20.49,20.65,20.08,20.16,17.3403042445795,1201400,0,1
2008-12-10,20.5,20.87,20.1,20.77,17.8649860694403,1485800,0,1
2008-12-11,20.91,21.72,20.82,21.43,18.4326746012569,2210700,0,1
2008-12-12,20.67,22.5,20.46,21.9,18.8369376466414,1068200,0,1
2008-12-15,21.78,21.95,20.67,20.95,18.3122558217806,1382400,0.34,1
2008-12-16,20.99,21.45,20.715,21.25,18.5744838287751,952900,0,1
2008-12-17,21.43,21.45,20.76,20.96,18.3209967553471,1794800,0,1
2008-12-18,20.87,20.93,20.4,20.64,18.0412868812197,2647600,0,1
2008-12-19,20.59,20.66,20.25,20.5,17.9189138112889,2509700,0,1
2008-12-22,20.5,20.5799,19.87,19.9212,17.4129885764609,3788100,0,1
2008-12-23,19.94,20.34,19.61,20,17.4818671329648,1340100,0,1
2008-12-24,20.05,20.05,19.61,19.69,17.2108981924038,520600,0,1
2008-12-26,19.42,20.02,19.41,20,17.4818671329648,515700,0,1
2008-12-29,20.4,20.44,19.86,20.22,17.6741676714274,1247400,0,1
2008-12-30,20.24,20.46,19.9,20.34,17.7790588742252,1078800,0,1
2008-12-31,20.13,21.58,20.02,21.19,18.5220382273762,1143700,0,1
2009-01-02,21.56,22.22,21.2,21.93,19.1688673112959,808800,0,1
2009-01-05,21.76,22.24,21.4,22.16,19.369908783325,1221900,0,1
2009-01-06,22.61,22.89,22.27,22.74,19.876882930181,1047200,0,1
2009-01-07,22.49,22.49,21.5,21.58,18.862934636469,991700,0,1
2009-01-08,21.56,21.68,21.21,21.66,18.9328621050009,1207000,0,1
2009-01-09,21.55,21.55,21.1,21.41,18.7143387658388,672000,0,1
2009-01-12,21,21.07,20.35,20.44,17.86646820989,701500,0,1
2009-01-13,20.55,21.17,20.36,20.78,18.1636599511504,553700,0,1
2009-01-14,20.96,20.96,20.05,20.49,17.9101728777224,700000,0,1
2009-01-15,20.49,20.61,20.025,20.47,17.8926910105895,880500,0,1
2009-01-16,21.12,21.12,20.53,20.56,17.9713594126878,1184900,0,1
2009-01-20,20.3,20.41,19.6546,19.92,17.4119396644329,699600,0,1
2009-01-21,19.75,20.09,19.51,20,17.4818671329648,956600,0,1
2009-01-22,19.85,20.0499,19.549,19.74,17.2546028602362,1469000,0,1
2009-01-23,19.75,20.79,19.66,20.66,18.0587687483526,1804300,0,1
2009-01-26,20.78,21.22,20.61,20.7,18.0937324826185,1223600,0,1
2009-01-27,20.54,20.54,19.9608,20.14,17.6042402028955,1017000,0,1
2009-01-28,20.35,20.74,20.1,20.62,18.0238050140867,2342100,0,1
2009-01-29,20.2,20.5,20.15,20.37,17.8052816749246,927500,0,1
2009-01-30,20.57,20.64,20.25,20.25,17.7003904721268,964900,0,1
2009-02-02,20,20.25,19.73,19.86,17.359494063034,811600,0,1
2009-02-03,19.74,19.98,19.5,19.63,17.1584525910049,737300,0,1
2009-02-04,19.83,19.98,19.6,19.74,17.2546028602362,1735200,0,1
2009-02-05,19.88,20.23,19.7,20.18,17.6392039371615,998900,0,1
2009-02-06,20.07,20.54,19.812,20.3301,17.7704053499944,1411400,0,1
2009-02-09,20.85,20.85,20.2,20.22,17.6741676714274,946400,0,1
2009-02-10,20.5,20.64,19.85,19.96,17.4469033986989,1183500,0,1
2009-02-11,19.91,20.06,19.73,19.84,17.3420121959011,731200,0,1
2009-02-12,19.75,19.92,19.56,19.87,17.3682349966005,731500,0,1
2009-02-13,20.17,20.17,19.41,19.51,17.0535613882071,1302100,0,1
2009-02-17,18.875,19.03,18.42,18.42,16.1007996294606,1216800,0,1
2009-02-18,18.54,18.54,18.15,18.31,16.0046493602293,864300,0,1
2009-02-19,18.38,18.786,18.218,18.7592,16.3972920960356,777200,0,1
2009-02-20,18.28,18.68,18.21,18.55,16.2144317658248,1107800,0,1
2009-02-23,18.85,18.9,18.27,18.37,16.0570949616282,709400,0,1
2009-02-24,18.64,18.74,18.38,18.72,16.363027636455,858000,0,1
2009-02-25,18.8,19.15,18.52,18.94,16.5553281749177,860100,0,1
2009-02-26,19.26,19.47,19.0594,19.34,16.9049655175769,657300,0,1
2009-02-27,19.22,19.49,18.87,19.11,16.7039240455479,595700,0,1
2009-03-02,18.65,18.65,18.04,18.15,15.8647944231655,1263200,0,1
2009-03-03,18.27,18.45,17.94,18.27,15.9696856259633,1398300,0,1
2009-03-04,18.71,19.03,18.6803,18.91,16.5291053742182,1010100,0,1
2009-03-05,18.77,19.1,18.5,18.75,16.3892504371545,938900,0,1
2009-03-06,19.03,19.2,18.8,19.2,16.7825924476462,1247200,0,1
2009-03-09,19.48,19.48,18.78,19.09,16.6864421784149,1624800,0,1
2009-03-10,19.24,19.43,18.96,19.04,16.6427375105825,1020200,0,1
2009-03-11,18.99,19.06,18.38,18.44,16.1182814965935,724600,0,1
2009-03-12,18.62,19.362,18.5,19.3,16.870001783311,1256400,0,1
2009-03-13,19.43,19.54,19.08,19.13,16.7214059126808,1692900,0,1
2009-03-16,19.21,19.55,18.77,19.55,17.0885251224731,1015100,0,1
2009-03-17,19.55,19.97,19.48,19.97,17.4556443322653,1798200,0,1
2009-03-18,19.69,20.25,19.39,20.22,17.6741676714274,1501200,0,1
2009-03-19,20.88,21.03,20.4901,20.64,18.0412868812197,3796400,0,1
2009-03-20,20.68,20.95,20.55,20.92,18.2860330210812,2944200,0,1
2009-03-23,20.98,21.39,20.86,21.36,18.6706340980064,3068100,0,1
2009-03-24,21.06,21.0984,20.85,21.01,18.3647014231795,2188200,0,1
2009-03-25,20.72,20.97,20.5412,20.69,18.0849915490521,1585700,0,1
2009-03-26,21.05,21.07,20.8,21.05,18.3996651574454,1601100,0,1
2009-03-27,20.64,20.67,20.35,20.66,18.0587687483526,1362300,0,1
2009-03-30,20.17,20.25,19.72,19.91,17.4031987308664,1630400,0,1
2009-03-31,20.01,20.28,19.64,20,17.4818671329648,4798800,0,1
2009-04-01,19.8,20.0092,19.65,19.95,17.4381624651324,3109500,0,1
2009-04-02,20.69,20.93,20.56,20.72,18.1112143497515,4605800,0,1
2009-04-03,20.6,21.07,20.6,21.04,18.390924223879,2335000,0,1
2009-04-06,20.79,20.86,20.44,20.779,18.1627858577938,1918700,0,1
2009-04-07,20.52,20.63,20.35,20.41,17.8402454091906,1230500,0,1
2009-04-08,20.29,20.91,20.18,20.56,17.9713594126878,1741200,0,1
2009-04-09,20.98,21,20.6,20.86,18.2335874196823,1843100,0,1
2009-04-13,20.36,21.36,20.27,20.95,18.3122558217806,1368000,0,1
2009-04-14,20.79,20.83,20.34,20.57,17.9801003462543,1233600,0,1
2009-04-15,20.39,20.57,20.21,20.44,17.86646820989,1158200,0,1
2009-04-16,20.44,20.44,20.24,20.35,17.7877998077917,1574900,0,1
2009-04-17,20.51,20.51,20.2,20.2,17.6566858042944,1508400,0,1
2009-04-20,19.67,19.68,19.28,19.44,16.9923748532418,3025000,0,1
2009-04-21,19.19,19.65,19.1,19.51,17.0535613882071,1247400,0,1
2009-04-22,19.48,19.61,19.35,19.54,17.0797841889066,1270300,0,1
2009-04-23,19.6,19.8,19.49,19.8,17.3070484616351,1312800,0,1
2009-04-24,20.04,20.136,19.94,20.1,17.5692764686296,1333600,0,1
2009-04-27,19.33,19.87,19.21,19.6,17.1322297903055,1093100,0,1
2009-04-28,19.34,19.5,19.26,19.46,17.0098567203747,1567100,0,1
2009-04-29,19.7,19.95,19.63,19.91,17.4031987308664,1617400,0,1
2009-04-30,19.75,19.99,19.67,19.98,17.4643852658318,1304800,0,1
2009-05-01,20.2,20.68,20.1,20.58,17.9888412798208,2069700,0,1
2009-05-04,20.7,20.99,20.68,20.9799,18.3383912131444,3069000,0,1
2009-05-05,20.82,20.91,20.59,20.68,18.0762506154856,1581500,0,1
2009-05-06,21.09,21.27,20.91,21.23,18.5570019616421,2645900,0,1
2009-05-07,21.67,21.67,21.09,21.27,18.591965695908,3601000,0,1
2009-05-08,21.55,21.82,21.4,21.8,19.0552351749316,2875200,0,1
2009-05-11,21.58,21.7,21.43,21.62,18.8978983707349,1816400,0,1
2009-05-12,21.92,21.92,21.5506,21.84,19.0901989091975,2137800,0,1
2009-05-13,21.74,21.95,21.4899,21.59,18.8716755700355,2477600,0,1
2009-05-14,21.49,21.758,21.39,21.73,18.9940486399662,1957200,0,1
2009-05-15,21.6,21.68,21.08,21.18,18.5132972938097,2119100,0,1
2009-05-18,21.32,21.77,21.27,21.74,19.0027895735327,2184700,0,1
2009-05-19,21.74,21.79,21.4962,21.74,19.0027895735327,2517000,0,1
2009-05-20,21.95,22.25,21.85,22.09,19.3087222483596,4038300,0,1
2009-05-21,21.81,22.02,21.58,21.91,19.1513854441629,2330700,0,1
2009-05-22,22,22.23,21.89,22.23,19.4310953182904,1947100,0,1
2009-05-26,21.77,22.32,21.7,22.28,19.4747999861228,3170300,0,1
2009-05-27,22.39,22.5,22.2,22.38,19.5622093217876,2329500,0,1
2009-05-28,22.49,22.8825,22.39,22.79,19.9205875980134,2732700,0,1
2009-05-29,23.18,23.25,23.01,23.23,20.3051886749386,3127300,0,1
2009-06-01,23.59,23.94,23.52,23.87,20.8646084231935,4044000,0,1
2009-06-02,23.74,24.06,23.67,23.97,20.9520177588583,3385400,0,1
2009-06-03,23.77,23.79,22.93,23.17,20.2527430735397,3295800,0,1
2009-06-04,23.58,24.1,23.45,24.02,20.9957224266907,2816000,0,1
2009-06-05,23.92,23.95,23.61,23.89,20.8820902903264,3026200,0,1
2009-06-08,23.79,23.86,23.64,23.83,20.8296446889275,2457400,0,1
2009-06-09,24.05,24.11,23.85,24.06,21.0306861609566,2168000,0,1
2009-06-10,24.2,24.22,23.78,23.97,20.9520177588583,2546900,0,1
2009-06-11,24.14,24.31,24.0799,24.19,21.1443182973209,2864500,0,1
2009-06-12,23.92,23.94,23.7216,23.85,20.8471265560605,1954100,0,1
2009-06-15,23.62,23.62,23.22,23.39,20.4450436120023,2273500,0,1
2009-06-16,23.66,23.69,23.18,23.3,20.366375209904,1694100,0,1
2009-06-17,23.22,23.5,23.01,23.37,20.4275617448694,1887700,0,1
2009-06-18,23.38,23.54,23.24,23.4,20.4537845455688,1843200,0,1
2009-06-19,23.49,23.52,23.05,23.2,20.2789658742391,2409400,0,1
2009-06-22,22.7,22.7,22.32,22.42,19.5971730560535,3758400,0,1
2009-06-23,22.56,22.83,22.35,22.81,19.9380694651463,4012600,0,1
2009-06-24,22.9,23,22.69,22.8,19.9293285315799,4231700,0,1
2009-06-25,22.92,23.05,22.77,23,20.1041472029095,3136700,0,1
2009-06-26,22.97,22.99,22.66,22.81,19.9380694651463,2186200,0,1
2009-06-29,23.0131,23.11,22.9162,23.03,20.1303700036089,2322300,0,1
2009-06-30,22.89,22.93,22.15,22.62,19.7719917273832,2892900,0,1
2009-07-01,22.88,22.89,22.328,22.53,19.6933233252848,2208000,0,1
2009-07-02,22.05,22.11,21.92,22.03,19.2562766469607,2277800,0,1
2009-07-06,21.49,21.5365,21.25,21.37,18.6793750315729,2763400,0,1
2009-07-07,21.48,21.48,20.96,21.03,18.3821832903125,2690400,0,1
2009-07-08,21,21.01,20.61,20.77,18.1549190175839,3580300,0,1
2009-07-09,20.85,20.95,20.642,20.9,18.2685511539482,1778200,0,1
2009-07-10,20.68,20.82,20.53,20.74,18.1286962168845,1486900,0,1
2009-07-13,20.58,20.87,20.4,20.85,18.2248464861158,1537000,0,1
2009-07-14,21,21.02,20.72,20.85,18.2248464861158,1340200,0,1
2009-07-15,21.2,21.4,21.14,21.4,18.7055978322723,3202700,0,1
2009-07-16,21.15,21.49,21.12,21.45,18.7493025001047,1460600,0,1
2009-07-17,21.65,21.85,21.62,21.77,19.0290123742322,2220200,0,1
2009-07-20,22.09,22.17,21.858,22.13,19.3436859826255,3233700,0,1
2009-07-21,22.29,22.33,21.89,22.05,19.2737585140937,3826700,0,1
2009-07-22,21.85,22.21,21.78,22.17,19.3786497168915,2362900,0,1
2009-07-23,22.21,22.72,22.2,22.63,19.7807326609496,2376400,0,1
2009-07-24,22.76,22.81,22.56,22.65,19.7982145280826,2448800,0,1
2009-07-27,22.77,22.81,22.62,22.74,19.876882930181,1906600,0,1
2009-07-28,22.54,22.55,22.29,22.49,19.6583595910189,1973600,0,1
2009-07-29,22.28,22.29,21.8,21.91,19.1513854441629,2307500,0,1
2009-07-30,22.28,22.73,22.19,22.59,19.7457689266837,2079200,0,1
2009-07-31,22.5,23.05,22.43,23.04,20.1391109371754,2317200,0,1
2009-08-03,23.53,23.75,23.4301,23.69,20.7072716189968,2570800,0,1
2009-08-04,23.59,23.82,23.45,23.7,20.7160125525633,2255000,0,1
2009-08-05,23.99,24,23.66,23.95,20.9345358917253,2445900,0,1
2009-08-06,23.85,23.89,23.4,23.4,20.4537845455688,2238200,0,1
2009-08-07,23.57,23.6954,23.17,23.29,20.3576342763375,2473800,0,1
2009-08-10,23.33,23.38,23.11,23.28,20.348893342771,1588300,0,1
2009-08-11,23.17,23.18,22.87,22.93,20.0429606679441,1647800,0,1
2009-08-12,22.88,23.2,22.8,23.05,20.1478518707419,2315800,0,1
2009-08-13,23.41,23.44,23.18,23.36,20.4188208113029,2327900,0,1
2009-08-14,23.23,23.23,22.6,22.7,19.841919195915,1761100,0,1
2009-08-17,22.25,22.39,22.05,22.36,19.5447274546546,2724400,0,1
2009-08-18,22.28,22.87,22.24,22.8,19.9293285315799,1339100,0,1
2009-08-19,22.4,23.08,22.3748,22.96,20.0691834686436,1167300,0,1
2009-08-20,22.8497,22.91,22.68,22.77,19.9031057308804,1506000,0,1
2009-08-21,22.99,23.09,22.8415,22.94,20.0517016015106,1638600,0,1
2009-08-24,23.19,23.2,22.8926,22.98,20.0866653357765,1590200,0,1
2009-08-25,22.99,23.06,22.4,22.65,19.7982145280826,1869100,0,1
2009-08-26,22.4,22.59,22.29,22.59,19.7457689266837,1853900,0,1
2009-08-27,22.43,22.78,22.27,22.78,19.9118466644469,1616300,0,1
2009-08-28,22.79,22.87,22.5,22.73,19.8681419966145,1693300,0,1
2009-08-31,22.25,22.34,21.9,22.11,19.3262041154926,1298600,0,1
2009-09-01,22.19,22.46,21.71,21.77,19.0290123742322,2174500,0,1
2009-09-02,21.74,21.88,21.56,21.82,19.0727170420646,1679300,0,1
2009-09-03,21.96,21.96,21.65,21.71,18.9765667728333,1684700,0,1
2009-09-04,21.58,21.67,21.42,21.62,18.8978983707349,1803200,0,1
2009-09-08,22.07,22.26,21.98,22.02,19.2475357133942,2799000,0,1
2009-09-09,22.15,22.32,22.02,22.11,19.3262041154926,2264600,0,1
2009-09-10,21.94,22.23,21.88,22.23,19.4310953182904,1568600,0,1
2009-09-11,22.4,22.4,21.69,21.94,19.1776082448624,1647700,0,1
2009-09-14,21.71,21.86,21.66,21.82,19.0727170420646,1505200,0,1
2009-09-15,21.89,22.38,21.75,22.33,19.5185046539552,2333600,0,1
2009-09-16,22.4,22.66,22.3,22.62,19.7719917273832,2035200,0,1
2009-09-17,22.66,22.79,22.51,22.63,19.7807326609496,1327400,0,1
2009-09-18,22.68,22.7,22.38,22.4325,19.6080992230116,1553000,0,1
2009-09-21,22.16,22.16,21.82,21.94,19.1776082448624,1805400,0,1
2009-09-22,22.33,22.33,22.12,22.3,19.4922818532557,1926600,0,1
2009-09-23,22.3,22.3,21.78,21.8,19.0552351749316,1487600,0,1
2009-09-24,21.76,21.77,21.32,21.52,18.8104890350701,1982500,0,1
2009-09-25,21.42,21.558,21.2209,21.35,18.6618931644399,1543100,0,1
2009-09-28,21.32,21.621,21.295,21.54,18.8279709022031,1144800,0,1
2009-09-29,21.5,21.66,21.37,21.46,18.7580434336712,1323200,0,1
2009-09-30,21.61,22.18,21.35,22.06,19.2824994476602,2136300,0,1
2009-10-01,22.24,22.24,21.7977,21.9214,19.1613501084287,2257800,0,1
2009-10-02,21.69,21.928,21.62,21.7,18.9678258392668,1334200,0,1
2009-10-05,21.69,22.4,21.46,22.4,19.5796911889206,1520300,0,1
2009-10-06,22.2,22.5199,22.13,22.13,19.3436859826255,2322300,0,1
2009-10-07,22.27,22.37,21.92,22.17,19.3786497168915,1932000,0,1
2009-10-08,22.2,22.85,22.17,22.61,19.7632507938167,1875300,0,1
2009-10-09,22.73,22.82,22.5101,22.7,19.841919195915,1188000,0,1
2009-10-12,23.07,23.28,23.07,23.16,20.2440021399732,1798600,0,1
2009-10-13,23.31,23.48,23.1384,23.42,20.4712664127018,1819500,0,1
2009-10-14,23.57,23.64,23.51,23.6,20.6286032168984,1841000,0,1
2009-10-15,23.55,23.86,23.43,23.84,20.838385622494,2579200,0,1
2009-10-16,23.85,23.98,23.68,23.9,20.8908312238929,1767100,0,1
2009-10-19,23.92,24.31,23.86,24.24,21.1880229651533,2012600,0,1
2009-10-20,24.33,24.33,23.94,24.09,21.0569089616561,2164200,0,1
2009-10-21,24.08,24.9,24.02,24.6,21.5026965735467,2042400,0,1
2009-10-22,24.65,24.82,24.44,24.8,21.6775152448763,1799600,0,1
2009-10-23,24.92,24.96,24.57,24.71,21.598846842778,1617200,0,1
2009-10-26,24.89,25.018,24.11,24.26,21.2055048322863,1885800,0,1
2009-10-27,24.32,24.32,23.97,24.09,21.0569089616561,3855800,0,1
2009-10-28,23.86,23.9701,23.47,23.47,20.5149710805342,3014200,0,1
2009-10-29,23.75,24.27,23.75,24.2,21.1530592308874,2377800,0,1
2009-10-30,24.02,24.05,23.53,23.585,20.6154918165487,2278200,0,1
2009-11-02,23.59,24,23.55,24,20.9782405595577,2008500,0,1
2009-11-03,23.8,24.3981,23.7,24.34,21.2754323008181,2419900,0,1
2009-11-04,24.48,24.61,24.28,24.32,21.2579504336852,3456400,0,1
2009-11-05,24.32,24.3975,24.15,24.19,21.1443182973209,1924500,0,1
2009-11-06,23.94,24.13,23.665,23.76,20.7684581539622,2483500,0,1
2009-11-09,24.06,24.23,24.01,24.15,21.109354563055,1809600,0,1
2009-11-10,24.26,24.3,23.79,24.03,21.0044633602572,2451700,0,1
2009-11-11,24.29,24.36,24.06,24.19,21.1443182973209,1383500,0,1
2009-11-12,24.06,24.14,23.78,23.83,20.8296446889275,2308200,0,1
2009-11-13,23.81,23.93,23.611,23.81,20.8121628217946,1058400,0,1
2009-11-16,24.06,24.64,24.01,24.5,21.4152872378819,1080900,0,1
2009-11-17,24.51,24.7,24.39,24.62,21.5201784406796,2245400,0,1
2009-11-18,24.85,24.93,24.51,24.64,21.5376603078126,3365300,0,1
2009-11-19,24.51,24.51,24.1,24.29,21.2317276329857,1484900,0,1
2009-11-20,24.11,24.35,24.05,24.26,21.2055048322863,4630100,0,1
2009-11-23,24.72,24.78,24.26,24.37,21.3016551015176,2014600,0,1
2009-11-24,24.32,24.37,23.96,24.09,21.0569089616561,2632700,0,1
2009-11-25,24.24,24.7,24.15,24.67,21.5638831085121,1799700,0,1
2009-11-27,23.79,24.46,23.73,24.39,21.3191369686506,1416200,0,1
2009-11-30,24.28,24.78,24.2,24.66,21.5551421749456,3340900,0,1
2009-12-01,24.92,25.06,24.84,24.84,21.7124789791423,2594000,0,1
2009-12-02,24.91,24.96,24.59,24.67,21.5638831085121,3084400,0,1
2009-12-03,24.71,24.858,24.59,24.65,21.5464012413791,1631900,0,1
2009-12-04,24.88,24.94,24.31,24.45,21.3715825700494,3607400,0,1
2009-12-07,24.2,24.4995,24.16,24.23,21.1792820315868,2023600,0,1
2009-12-08,24.19,24.19,23.9281,23.99,20.9694996259913,1906900,0,1
2009-12-09,24,24.08,23.39,23.69,20.7072716189968,2277800,0,1
2009-12-10,23.55,23.66,23.32,23.56,20.5936394826325,2051600,0,1
2009-12-11,23.64,23.68,23.402,23.68,20.6985306854303,2280700,0,1
2009-12-14,23.75,23.86,23.693,23.81,20.8121628217946,2782900,0,1
2009-12-15,23.81,23.89,23.7,23.7,20.7160125525633,2935200,0,1
2009-12-16,23.89,24.18,23.8801,24.11,21.074390828789,1447200,0,1
2009-12-17,23.9,23.95,23.62,23.74,20.7509762868292,1646600,0,1
2009-12-18,23.98,24.0499,23.69,23.84,20.838385622494,2143000,0,1
2009-12-21,24.01,24.07,23.61,23.61,20.6373441504649,1138300,0,1
2009-12-22,23.67,23.87,23.4515,23.78,20.7859400210951,2165800,0,1
2009-12-23,23.86,24.26,23.86,24.2,21.1530592308874,1465200,0,1
2009-12-24,24.23,24.37,24.23,24.34,21.2754323008181,882900,0,1
2009-12-28,24.76,24.8,24.67,24.77,21.6512924441769,1932500,0,1
2009-12-29,24.85,24.85,24.5801,24.72,21.6075877763445,2252400,0,1
2009-12-30,24.72,24.8,24.6,24.69,21.581364975645,1420400,0,1
2009-12-31,24.89,24.89,24.6,24.62,21.5201784406796,1649600,0,1
2010-01-04,25.17,25.24,25.072,25.24,22.0621163218016,2046900,0,1
2010-01-05,25.27,25.325,25.115,25.27,22.088339122501,2335400,0,1
2010-01-06,25.4,25.73,25.3,25.72,22.4816811329927,2262600,0,1
2010-01-07,25.63,25.65,25.4,25.4,22.2019712588653,1604100,0,1
2010-01-08,25.34,25.48,25.2301,25.38,22.1844893917323,1565300,0,1
2010-01-11,25.57,25.59,25.2628,25.3,22.1145619232005,1493800,0,1
2010-01-12,25.0502,25.11,24.62,24.76,21.6425515106104,3256300,0,1
2010-01-13,24.63,24.81,24.33,24.78,21.6600333777434,3565200,0,1
2010-01-14,24.82,24.86,24.55,24.65,21.5464012413791,1622200,0,1
2010-01-15,24.59,24.61,24.3,24.37,21.3016551015176,1427200,0,1
2010-01-19,24.18,24.53,24.1,24.53,21.4415100385813,2316500,0,1
2010-01-20,24.21,24.22,23.94,24.07,21.0394270945231,1848500,0,1
2010-01-21,24.14,24.23,23.72,23.77,20.7771990875286,2452400,0,1
2010-01-22,23.63,23.71,23.36,23.52,20.5586757483666,3609600,0,1
2010-01-25,23.49,23.68,23.48,23.63,20.6548260175979,1718100,0,1
2010-01-26,23.27,23.55,23.25,23.37,20.4275617448694,1403100,0,1
2010-01-27,23.24,23.35,22.86,23.03,20.1303700036089,2082100,0,1
2010-01-28,23.07,23.11,22.75,22.95,20.0604425350771,1344900,0,1
2010-01-29,23.03,23.12,22.66,22.69,19.8331782623485,2810100,0,1
2010-02-01,22.83,23.24,22.75,23.24,20.3139296085051,2807600,0,1
2010-02-02,23.31,23.77,23.26,23.74,20.7509762868292,13788100,0,1
2010-02-03,23.65,23.77,23.43,23.45,20.4974892134012,4795500,0,1
2010-02-04,23.2,23.23,22.61,22.67,19.8156963952156,4453900,0,1
2010-02-05,22.6,22.6801,21.83,22.38,19.5622093217876,11514400,0,1
2010-02-08,22.38,22.57,22.25,22.39,19.5709502553541,1608100,0,1
2010-02-09,22.57,22.93,22.48,22.79,19.9205875980134,2047300,0,1
2010-02-10,23.06,23.06,22.52,22.88,19.9992560001117,1842300,0,1
2010-02-11,22.92,23.24,22.76,23.15,20.2352612064067,1727000,0,1
2010-02-12,22.9,23.02,22.72,23.02,20.1216290700425,1374300,0,1
2010-02-16,23.39,23.736,23.375,23.72,20.7334944196962,1398600,0,1
2010-02-17,23.7,23.74,23.48,23.6,20.6286032168984,1526800,0,1
2010-02-18,23.69,23.84,23.59,23.81,20.8121628217946,1311900,0,1
2010-02-19,23.67,24,23.6,23.95,20.9345358917253,1729200,0,1
2010-02-22,23.95,23.98,23.74,23.82,20.8209037553611,1796300,0,1
2010-02-23,23.61,23.67,23.39,23.43,20.4800073462682,1833000,0,1
2010-02-24,23.47,23.675,23.36,23.62,20.6460850840314,1581200,0,1
2010-02-25,23.15,23.27,23.01,23.22,20.2964477413721,1383700,0,1
2010-02-26,23.29,23.63,23.29,23.63,20.6548260175979,1536900,0,1
2010-03-01,23.73,23.79,23.28,23.39,20.4450436120023,2366400,0,1
2010-03-02,23.48,23.7863,23.46,23.64,20.6635669511644,1425800,0,1
2010-03-03,23.71,23.98,23.63,23.87,20.8646084231935,1972000,0,1
2010-03-04,23.77,23.8285,23.5638,23.66,20.6810488182973,1841300,0,1
2010-03-05,23.85,24.02,23.82,23.94,20.9257949581588,1384000,0,1
2010-03-08,24.04,24.04,23.752,23.91,20.8995721574594,1450800,0,1
2010-03-09,23.69,23.85,23.65,23.65,20.6723078847309,2064000,0,1
2010-03-10,23.65,23.99,23.5,23.72,20.7334944196962,1705400,0,1
2010-03-11,23.62,23.6899,23.53,23.66,20.6810488182973,1438400,0,1
2010-03-12,23.74,23.77,23.42,23.52,20.5586757483666,1669300,0,1
2010-03-15,23.38,23.39,23.11,23.24,20.3139296085051,1817600,0,1
2010-03-16,23.47,23.68,23.42,23.55,20.584898549066,1549700,0,1
2010-03-17,23.71,23.879,23.58,23.76,20.7684581539622,2185600,0,1
2010-03-18,23.74,23.7783,23.61,23.71,20.7247534861297,1524900,0,1
2010-03-19,23.7,23.7,23.26,23.42,20.4712664127018,1576900,0,1
2010-03-22,23.07,23.46,22.99,23.42,20.4712664127018,3003900,0,1
2010-03-23,23.33,23.47,23.24,23.32,20.3838570770369,1647200,0,1
2010-03-24,23.05,23.16,22.98,23.06,20.1565928043084,1622700,0,1
2010-03-25,23.21,23.23,22.91,22.93,20.0429606679441,3071500,0,1
2010-03-26,23.06,23.11,22.88,22.97,20.0779244022101,1626500,0,1
2010-03-29,23.25,23.5699,23.24,23.49,20.5324529476671,2449500,0,1
2010-03-30,23.52,23.58,23.4,23.54,20.5761576154996,1091300,0,1
2010-03-31,23.64,23.7105,23.45,23.52,20.5586757483666,1193900,0,1
2010-04-01,23.79,24.01,23.74,23.98,20.9607586924248,1665900,0,1
2010-04-05,24.13,24.3799,24.13,24.36,21.2929141679511,1723500,0,1
2010-04-06,24.31,24.45,24.25,24.34,21.2754323008181,1609500,0,1
2010-04-07,24.33,24.45,24.1674,24.25,21.1967638987198,1542500,0,1
2010-04-08,24.11,24.23,24.05,24.21,21.1618001644539,1069800,0,1
2010-04-09,24.31,24.3877,24.15,24.26,21.2055048322863,987900,0,1
2010-04-12,24.41,24.53,24.21,24.24,21.1880229651533,1300100,0,1
2010-04-13,24.32,24.4,24.041,24.33,21.2666913672517,860200,0,1
2010-04-14,24.49,24.71,24.39,24.61,21.5114375071132,1454500,0,1
2010-04-15,24.66,24.72,24.57,24.7,21.5901059092115,2087200,0,1
2010-04-16,24.55,24.61,24.1,24.25,21.1967638987198,1506500,0,1
2010-04-19,24.07,24.07,23.75,23.94,20.9257949581588,2749500,0,1
2010-04-20,24.07,24.23,24.03,24.13,21.091872695922,1977900,0,1
2010-04-21,24.22,24.368,24,24.25,21.1967638987198,1687400,0,1
2010-04-22,24.05,24.31,23.93,24.31,21.2492095001187,1618300,0,1
2010-04-23,24.16,24.5,24.1181,24.47,21.3890644371824,1137100,0,1
2010-04-26,24.52,24.568,24.3337,24.35,21.2841732343846,925700,0,1
2010-04-27,24.22,24.4,23.93,23.98,20.9607586924248,1517700,0,1
2010-04-28,24.03,24.14,23.88,24.06,21.0306861609566,1620000,0,1
2010-04-29,24.29,24.37,24.22,24.25,21.1967638987198,1316600,0,1
2010-04-30,24.4,24.49,24.23,24.44,21.362841636483,2476400,0,1
2010-05-03,24.49,24.66,24.451,24.56,21.4677328392808,2355800,0,1
2010-05-04,24.28,24.32,23.8778,23.9,20.8908312238929,2435900,0,1
2010-05-05,23.18,23.58,23.11,23.36,20.4188208113029,7516400,0,1
2010-05-06,23.17,23.32,22.55,22.8999,20.016650457909,3574100,0,1
2010-05-07,22.79,22.91,22.5,22.78,19.9118466644469,3752200,0,1
2010-05-10,23.28,23.3499,23.04,23.22,20.2964477413721,2334400,0,1
2010-05-11,23.02,23.28,23.02,23.18,20.2614840071062,1730400,0,1
2010-05-12,23.36,23.5,23.19,23.37,20.4275617448694,1831900,0,1
2010-05-13,23.31,23.41,23.17,23.17,20.2527430735397,1337600,0,1
2010-05-14,23,23,22.48,22.58,19.7370279931172,1702200,0,1
2010-05-17,22.42,22.5,21.87,21.94,19.1776082448624,2636100,0,1
2010-05-18,22.3,22.31,21.85,21.91,19.1513854441629,1979100,0,1
2010-05-19,21.71,21.79,21.41,21.71,18.9765667728333,4000900,0,1
2010-05-20,21.24,21.4386,21.02,21.26,18.5832247623416,3071500,0,1
2010-05-21,21.19,21.65,21.13,21.48,18.7755253008042,3529200,0,1
2010-05-24,21.51,21.6,21.41,21.46,18.7580434336712,2873300,0,1
2010-05-25,20.93,21.29,20.84,21.29,18.609447563041,2565700,0,1
2010-05-26,21.43,21.68,21.43,21.52,18.8104890350701,1614200,0,1
2010-05-27,21.79,22.17,21.78,22.15,19.3611678497585,2069500,0,1
2010-05-28,22.06,22.17,21.75,21.96,19.1950901119953,2489300,0,1
2010-06-01,21.76,22.08,21.55,21.55,18.8367118357696,3618300,0,1
2010-06-02,21.64,21.86,21.54,21.81,19.0639761084981,1395800,0,1
2010-06-03,21.8,21.95,21.61,21.93,19.1688673112959,1162900,0,1
2010-06-04,21.68,21.69,21.2175,21.25,18.5744838287751,2423300,0,1
2010-06-07,21.2,21.469,21.171,21.29,18.609447563041,1406100,0,1
2010-06-08,21.36,21.49,21.2743,21.46,18.7580434336712,3121500,0,1
2010-06-09,21.66,21.75,21.54,21.56,18.845452769336,1570000,0,1
2010-06-10,21.8,21.99,21.74,21.92,19.1601263777294,1341100,0,1
2010-06-11,21.8,21.95,21.7,21.95,19.1863491784288,2334000,0,1
2010-06-14,22.13,22.2319,21.95,22.01,19.2387947798277,1647200,0,1
2010-06-15,22.16,22.43,22.09,22.38,19.5622093217876,1778600,0,1
2010-06-16,22.32,22.51,22.22,22.43,19.60591398962,1320600,0,1
2010-06-17,22.57,22.58,22.36,22.44,19.6146549231865,1183100,0,1
2010-06-18,22.37,22.52,22.3,22.4,19.5796911889206,1929900,0,1
2010-06-21,22.74,22.77,22.24,22.31,19.5010227868222,1081100,0,1
2010-06-22,22.38,22.45,22.23,22.26,19.4573181189898,1540300,0,1
2010-06-23,22.16,22.16,21.85,21.89,19.13390357703,1179500,0,1
2010-06-24,21.99,22.0301,21.83,21.94,19.1776082448624,1196000,0,1
2010-06-25,22.14,22.39,22.04,22.34,19.5272455875217,1452700,0,1
2010-06-28,22.25,22.2799,22.08,22.1,19.3174631819261,3621500,0,1
2010-06-29,21.7,21.71,21.44,21.49,18.7842662343707,1756400,0,1
2010-06-30,21.52,21.8,21.4681,21.57,18.8541937029025,5303500,0,1
2010-07-01,21.47,21.48,21.08,21.24,18.5657428952086,1622700,0,1
2010-07-02,21.32,21.37,21.1,21.2,18.5307791609427,1682600,0,1
2010-07-06,21.47,21.6,21.17,21.26,18.5832247623416,1373000,0,1
2010-07-07,21.36,21.74,21.36,21.74,19.0027895735327,1319600,0,1
2010-07-08,21.83,21.97,21.64,21.94,19.1776082448624,1514200,0,1
2010-07-09,21.9,22.03,21.82,21.98,19.2125719791283,1278200,0,1
2010-07-12,21.85,21.91,21.6463,21.73,18.9940486399662,702300,0,1
2010-07-13,22.04,22.13,22,22.08,19.2999813147931,1164400,0,1
2010-07-14,22.06,22.25,21.958,22.04,19.2650175805272,1135500,0,1
2010-07-15,22.19,22.25,21.8599,22.25,19.4485771854233,1078500,0,1
2010-07-16,22.08,22.1,21.85,21.97,19.2038310455618,866000,0,1
2010-07-19,22.03,22.22,21.83,21.95,19.1863491784288,1203200,0,1
2010-07-20,21.86,22.14,21.85,22.13,19.3436859826255,2829900,0,1
2010-07-21,22.36,22.36,22.03,22.07,19.2912403812266,1532200,0,1
2010-07-22,22.4,22.57,22.37,22.51,19.6758414581519,953100,0,1
2010-07-23,22.45,22.53,22.37,22.44,19.6146549231865,922500,0,1
2010-07-26,22.44,22.5,22.36,22.42,19.5971730560535,936200,0,1
2010-07-27,22.49,22.53,22.05,22.18,19.3873906504579,1219200,0,1
2010-07-28,22.24,22.34,22.11,22.27,19.4660590525563,1408200,0,1
2010-07-29,22.52,22.68,22.43,22.59,19.7457689266837,839700,0,1
2010-07-30,22.49,22.92,22.45,22.89,20.0079969336782,1062700,0,1
2010-08-02,23.33,23.48,23.3,23.33,20.3925980106034,1583400,0,1
2010-08-03,23.39,23.47,23.29,23.41,20.4625254791353,1362700,0,1
2010-08-04,23.56,23.69,23.47,23.61,20.6373441504649,2179600,0,1
2010-08-05,23.66,23.72,23.5,23.5,20.5411938812336,1210300,0,1
2010-08-06,23.39,23.59,23.15,23.29,20.3576342763375,1406400,0,1
2010-08-09,23.35,23.44,23.2774,23.37,20.4275617448694,670600,0,1
2010-08-10,22.97,23.22,22.9,23.12,20.2090384057073,2217900,0,1
2010-08-11,22.88,22.89,22.58,22.6,19.7545098602502,1301400,0,1
2010-08-12,22.49,22.66,22.39,22.43,19.60591398962,11204100,0,1
2010-08-13,22.47,22.5,22.34,22.41,19.588432122487,1819900,0,1
2010-08-16,22.4,22.48,22.31,22.34,19.5272455875217,957900,0,1
2010-08-17,22.57,22.76,22.54,22.66,19.8069554616491,1493600,0,1
2010-08-18,22.46,22.66,22.33,22.57,19.7282870595508,952300,0,1
2010-08-19,22.61,22.61,22.29,22.34,19.5272455875217,1005900,0,1
2010-08-20,22.21,22.24,22.11,22.2,19.4048725175909,1032400,0,1
2010-08-23,22.15,22.2877,22,22.05,19.2737585140937,873400,0,1
2010-08-24,21.82,21.91,21.75,21.8,19.0552351749316,2209900,0,1
2010-08-25,21.72,21.91,21.63,21.91,19.1513854441629,1158700,0,1
2010-08-26,22.1,22.28,22.08,22.16,19.369908783325,1224900,0,1
2010-08-27,22.25,22.58,22.07,22.54,19.7020642588513,1142000,0,1
2010-08-30,22.54,22.65,22.49,22.5,19.6671005245854,890600,0,1
2010-08-31,22.52,22.6,22.17,22.2,19.4048725175909,1091500,0,1
2010-09-01,22.5,22.71,22.5,22.64,19.7894735945161,1217400,0,1
2010-09-02,22.58,22.84,22.545,22.8,19.9293285315799,1633900,0,1
2010-09-03,22.89,22.97,22.65,22.92,20.0342197343776,963700,0,1
2010-09-07,22.86,23.1799,22.77,23.04,20.1391109371754,989000,0,1
2010-09-08,23.07,23.2409,23.0699,23.09,20.1828156050078,951800,0,1
2010-09-09,23.15,23.1899,22.94,22.96,20.0691834686436,1149800,0,1
2010-09-10,22.99,23.2,22.97,23.2,20.2789658742391,1201700,0,1
2010-09-13,23.36,23.43,23.29,23.37,20.4275617448694,1315200,0,1
2010-09-14,23.31,23.57,23.31,23.44,20.4887482798347,1438500,0,1
2010-09-15,23.35,23.44,23.31,23.4,20.4537845455688,1278000,0,1
2010-09-16,23.44,23.49,23.18,23.28,20.348893342771,844300,0,1
2010-09-17,23.45,23.49,23.2,23.36,20.4188208113029,1236300,0,1
2010-09-20,23.46,23.6925,23.46,23.55,20.584898549066,1107500,0,1
2010-09-21,23.52,23.54,23.2907,23.3,20.366375209904,1400300,0,1
2010-09-22,23.5,23.5399,23.31,23.44,20.4887482798347,1052000,0,1
2010-09-23,23.29,23.56,23.28,23.46,20.5062301469677,1070800,0,1
2010-09-24,23.59,23.86,23.59,23.82,20.8209037553611,1266300,0,1
2010-09-27,23.81,23.85,23.53,23.66,20.6810488182973,959900,0,1
2010-09-28,23.65,23.86,23.58,23.66,20.6810488182973,1621100,0,1
2010-09-29,23.55,23.99,23.48,23.97,20.9520177588583,1137600,0,1
2010-09-30,24.04,24.1225,23.779,24.11,21.074390828789,2265900,0,1
2010-10-01,24.28,24.38,24.08,24.16,21.1180954966215,3049300,0,1
2010-10-04,24.14,24.1985,24.03,24.08,21.0481680280896,1412800,0,1
2010-10-05,24.29,24.58,24.25,24.57,21.4764737728472,2483200,0,1
2010-10-06,24.57,24.73,24.5201,24.58,21.4852147064137,7915000,0,1
2010-10-07,24.79,24.79,24.2701,24.33,21.2666913672517,2212800,0,1
2010-10-08,24.63,25.15,24.56,25.14,21.9747069861367,4032800,0,1
2010-10-11,25.11,25.26,25,25.02,21.8698157833389,1333400,0,1
2010-10-12,25.02,25.22,24.862,25.14,21.9747069861367,2043200,0,1
2010-10-13,25.29,25.4,25.23,25.26,22.0795981889345,1886600,0,1
2010-10-14,25.28,25.47,25.18,25.22,22.0446344546686,1565300,0,1
2010-10-15,25.24,25.28,24.89,24.94,21.7998883148071,1094100,0,1
2010-10-18,25.02,25.24,24.96,25.19,22.0184116539691,1174800,0,1
2010-10-19,24.68,24.87,24.42,24.45,21.3715825700494,1722300,0,1
2010-10-20,24.61,25.08,24.61,25.03,21.8785567169054,2076100,0,1
2010-10-21,25.08,25.179,24.62,24.72,21.6075877763445,1836600,0,1
2010-10-22,24.85,24.93,24.73,24.925,21.7867769144574,1074800,0,1
2010-10-25,25.19,25.2599,24.91,25.06,21.9047795176049,1365100,0,1
2010-10-26,24.98,25.21,24.97,25.19,22.0184116539691,1769300,0,1
2010-10-27,24.98,25.13,24.8,25.11,21.9484841854373,1376900,0,1
2010-10-28,25.3,25.32,25.13,25.24,22.0621163218016,1776300,0,1
2010-10-29,25.14,25.23,25.0168,25.18,22.0096707204027,1606100,0,1
2010-11-01,25.6299,25.635,25.29,25.34,22.1495256574664,1939800,0,1
2010-11-02,25.61,25.61,25.49,25.57,22.3505671294955,1920000,0,1
2010-11-03,25.62,25.75,25.35,25.69,22.4554583322933,2448200,0,1
2010-11-04,26.15,26.34,26.07,26.3,22.9886552798487,2715100,0,1
2010-11-05,26.27,26.41,26.17,26.41,23.08480554908,2701200,0,1
2010-11-08,26.31,26.49,26.228,26.48,23.1459920840454,1792800,0,1
2010-11-09,26.73,26.92,26.26,26.3,22.9886552798487,3435400,0,1
2010-11-10,26.55,26.66,26.33,26.58,23.2334014197102,1735500,0,1
2010-11-11,26.58,26.58,26.3299,26.36,23.0411008812476,1847400,0,1
2010-11-12,25.92,25.98,25.23,25.26,22.0795981889345,1832900,0,1
2010-11-15,25.46,25.52,25.3,25.3,22.1145619232005,2162600,0,1
2010-11-16,25.06,25.07,24.51,24.55,21.4589919057143,3073400,0,1
2010-11-17,24.56,24.75,24.33,24.36,21.2929141679511,2566500,0,1
2010-11-18,24.9,25.02,24.7601,25.02,21.8698157833389,2002500,0,1
2010-11-19,24.78,24.84,24.58,24.66,21.5551421749456,3559400,0,1
2010-11-22,24.62,24.76,24.43,24.74,21.6250696434774,2719100,0,1
2010-11-23,24.48,24.735,24.37,24.675,21.5682535752953,1450200,0,1
2010-11-24,24.74,25.15,24.74,25.14,21.9747069861367,1643000,0,1
2010-11-26,24.97,25.26,24.95,25.26,22.0795981889345,659900,0,1
2010-11-29,25.2,25.33,25,25.31,22.1233028567669,1594000,0,1
2010-11-30,25.13,25.28,25.0311,25.07,21.9135204511714,1606100,0,1
2010-12-01,25.4999,25.83,25.4862,25.81,22.5603495350911,2078400,0,1
2010-12-02,25.77,26.05,25.77,26.03,22.7526500735537,2401400,0,1
2010-12-03,26.07,26.42,26.06,26.36,23.0411008812476,2571400,0,1
2010-12-06,26.31,26.3781,26.19,26.33,23.0148780805481,1868900,0,1
2010-12-07,26.7,26.72,26.13,26.15,22.8575412763515,1710800,0,1
2010-12-08,26.26,26.39,26.0331,26.35,23.0323599476811,1690800,0,1
2010-12-09,26.37,26.41,26.2,26.28,22.9711734127157,2535000,0,1
2010-12-10,26.29,26.29,26.05,26.24,22.9362096784498,1439800,0,1
2010-12-13,26.56,26.62,26.4135,26.5,23.1634739511783,1330900,0,1
2010-12-14,26.48,26.6,26.38,26.43,23.102287416213,1226500,0,1
2010-12-15,26.31,26.5992,26.29,26.36,23.0411008812476,1304500,0,1
2010-12-16,26.39,26.39,26.2,26.27,22.9624324791492,1587100,0,1
2010-12-17,26.36,26.55,26.34,26.47,23.1372511504789,1321200,0,1
2010-12-20,26.61,26.78,26.43,26.71,23.3470335560745,2017100,0,1
2010-12-21,26.81,26.94,26.77,26.88,23.4956294267047,2422200,0,1
2010-12-22,26.93,27.048,26.8811,27.0175,23.6158172632438,1361900,0,1
2010-12-23,26.97,27.15,26.93,27.12,23.7054118323002,1367200,0,1
2010-12-27,27.04,27.14,26.96,27.07,23.6617071644678,1534400,0,1
2010-12-28,27.29,27.39,27.2,27.36,23.9151942378958,1148000,0,1
2010-12-29,27.36,27.4,27.32,27.37,23.9239351714623,1789100,0,1
2010-12-30,27.26,27.31,26.92,27.04,23.6354843637684,1612300,0,1
2010-12-31,27.15,27.67,27.1101,27.55,24.081271975659,991100,0,1
2011-01-03,27.83,27.98,27.65,27.67,24.1861631784568,2385800,0,1
2011-01-04,27.69,27.71,27.06,27.3,23.8627486364969,3117800,0,1
2011-01-05,27.03,27.59,26.96,27.59,24.1162357099249,2801700,0,1
2011-01-06,27.6,27.61,27.178,27.22,23.7928211679651,2709700,0,1
2011-01-07,27.14,27.308,26.9,27.12,23.7054118323002,3047200,0,1
2011-01-10,27.34,27.46,27.2401,27.44,23.9851217064277,1532500,0,1
2011-01-11,27.65,27.79,27.53,27.745,24.2517201802054,1822800,0,1
2011-01-12,28,28.1,27.88,27.9275,24.4112422177937,6347100,0,1
2011-01-13,27.98,28,27.77,27.89,24.3784637169194,3014400,0,1
2011-01-14,27.86,28.08,27.79,28.0225,24.4942810866753,3428100,0,1
2011-01-18,27.88,28.12,27.85,27.99,24.4658730525842,1934600,0,1
2011-01-19,28.21,28.22,27.95,27.96,24.4396502518848,2346400,0,1
2011-01-20,27.63,27.79,27.42,27.68,24.1949041120233,3122100,0,1
2011-01-21,27.78,27.99,27.74,27.96,24.4396502518848,2637900,0,1
2011-01-24,27.89,27.9862,27.69,27.72,24.2298678462892,1923100,0,1
2011-01-25,27.37,27.4169,27.318,27.3675,23.9217499380707,2410500,0,1
2011-01-26,27.52,28,27.48,27.98,24.4571321190177,3200800,0,1
2011-01-27,27.99,28.03,27.73,27.74,24.2473497134222,2182200,0,1
2011-01-28,27.85,28.21,27.82,28.09,24.553282388249,2039900,0,1
2011-01-31,28.15,28.68,28.13,28.53,24.9378834651743,3320600,0,1
2011-02-01,28.64,28.82,28.6,28.74,25.1214430700704,3191500,0,1
2011-02-02,28.87,29.05,28.79,29.02,25.3661892099319,2706800,0,1
2011-02-03,29.04,29.08,28.72,28.83,25.2001114721687,1994100,0,1
2011-02-04,28.91,28.928,28.5,28.67,25.060256535105,1113600,0,1
2011-02-07,28.69,28.799,28.5,28.59,24.9903290665732,1358600,0,1
2011-02-08,28.51,28.78,28.43,28.78,25.1564068043363,1557500,0,1
2011-02-09,28.77,28.96,28.6804,28.92,25.2787798742671,2109100,0,1
2011-02-10,28.83,28.95,28.67,28.75,25.1301840036369,1175500,0,1
2011-02-11,28.73,28.75,28.5,28.65,25.0427746679721,1730500,0,1
2011-02-14,28.76,29.02,28.74,28.79,25.1651477379028,1804600,0,1
2011-02-15,28.71,28.77,28.27,28.42,24.841733195943,3146500,0,1
2011-02-16,28.58,28.73,28.476,28.63,25.0252928008391,1806500,0,1
2011-02-17,28.7,28.75,28.58,28.72,25.1039612029374,1762700,0,1
2011-02-18,28.49,28.86,28.476,28.69,25.077738402238,2589800,0,1
2011-02-22,29.15,29.15,28.63,28.65,25.0427746679721,2474900,0,1
2011-02-23,28.79,29.31,28.79,29.29,25.6021944162269,3441700,0,1
2011-02-24,29.42,29.49,28.89,29.03,25.3749301434984,3552700,0,1
2011-02-25,29.28,29.71,29.15,29.67,25.9343498917533,1799300,0,1
2011-02-28,29.67,29.81,29.565,29.72,25.9780545595857,2586200,0,1
2011-03-01,29.9,30.18,29.82,30.1675,26.3692113366858,3760900,0,1
2011-03-02,30.21,30.45,30.1,30.29,26.4762877728752,3743900,0,1
2011-03-03,30.2,30.34,30.04,30.28,26.4675468393087,2067200,0,1
2011-03-04,30.42,30.5,30.29,30.43,26.5986608428059,2162800,0,1
2011-03-07,30.64,30.67,30.25,30.29,26.4762877728752,2120000,0,1
2011-03-08,30.19,30.2,29.92,30.03,26.2490235001466,2212600,0,1
2011-03-09,30.23,30.345,29.99,30.15,26.3539147029444,1597200,0,1
2011-03-10,29.87,29.95,29.48,29.66,25.9256089581868,2338900,0,1
2011-03-11,29.24,29.57,29.22,29.49,25.7770130875566,1958200,0,1
2011-03-14,29.48,29.6,29.34,29.57,25.8469405560884,1498100,0,1
2011-03-15,28.54,28.81,28.21,28.49,24.9029197309083,3252800,0,1
2011-03-16,28.73,29.03,28.47,28.66,25.0515156015385,3499900,0,1
2011-03-17,29.12,29.65,29.0838,29.55,25.8294586889555,3160000,0,1
2011-03-18,29.62,29.8,29.51,29.72,25.9780545595857,2238000,0,1
2011-03-21,29.87,29.97,29.78,29.86,26.1004276295164,2375200,0,1
2011-03-22,29.77,30.13,29.71,30.08,26.292728167979,2356400,0,1
2011-03-23,30.2,30.31,30.09,30.14,26.3451737693779,2180300,0,1
2011-03-24,30.13,30.31,30.08,30.24,26.4325831050427,1627100,0,1
2011-03-25,30.32,30.36,30.14,30.32,26.5025105735746,1887400,0,1
2011-03-28,30,30.18,29.91,29.91,26.1441322973488,1498400,0,1
2011-03-29,29.94,30.16,29.83,30.08,26.292728167979,1674500,0,1
2011-03-30,30.07,30.12,29.85,30.04,26.2577644337131,1457200,0,1
2011-03-31,30.49,30.59,30.35,30.51,26.6685883113378,1834200,0,1
2011-04-01,30.56,30.78,30.41,30.72,26.8521479162339,3428900,0,1
2011-04-04,30.88,31.09,30.83,31,27.0968940560954,2009700,0,1
2011-04-05,31.02,31.18,30.991,31.03,27.1231168567949,1533000,0,1
2011-04-06,31.27,31.35,31.05,31.12,27.2017852588932,1309800,0,1
2011-04-07,31.18,31.26,30.98,31.18,27.2542308602921,1809500,0,1
2011-04-08,31.42,31.92,31.4,31.92,27.9010599442118,3221600,0,1
2011-04-11,31.78,31.83,31.33,31.33,27.3853448637893,2159000,0,1
2011-04-12,31.22,31.23,30.57,30.69,26.8259251155345,2988400,0,1
2011-04-13,31,31.11,30.63,30.93,27.03570752113,1497000,0,1
2011-04-14,30.75,31.03,30.71,31.01,27.1056349896619,2181000,0,1
2011-04-15,31,31.27,30.89,31.17,27.2454899267256,1748600,0,1
2011-04-18,31.18,31.24,30.74,30.979,27.0785380956058,1981800,0,1
2011-04-19,30.85,31.17,30.75,30.99,27.0881531225289,1376100,0,1
2011-04-20,31.31,31.65,31.28,31.48,27.5164588672866,1919800,0,1
2011-04-21,31.79,31.79,31.44,31.71,27.7175003393157,1985200,0,1
2011-04-25,31.89,31.89,31.41,31.62,27.6388319372173,2158100,0,1
2011-04-26,31.63,31.71,31.51,31.61,27.6300910036508,2900200,0,1
2011-04-27,31.64,31.82,31.34,31.8,27.796168741414,1804300,0,1
2011-04-28,31.73,31.89,31.41,31.57,27.5951272693849,2919900,0,1
2011-04-29,31.65,31.99,31.57,31.9,27.8835780770788,2054800,0,1
2011-05-02,31.73,32.02,31.58,31.58,27.6038682029514,2687400,0,1
2011-05-03,31.62,31.65,31.13,31.25,27.3154173952575,2573900,0,1
2011-05-04,31.14,31.1975,30.71,30.75,26.8783707169334,2818700,0,1
2011-05-05,30.04,30.1,28.525,28.69,25.077738402238,8139700,0,1
2011-05-06,28.84,29.49,28.52,28.6,24.9990700001396,5644900,0,1
2011-05-09,29.03,29.7,28.93,29.65,25.9168680246203,4174300,0,1
2011-05-10,29.58,29.99,29.48,29.92,26.1528732309153,3447800,0,1
2011-05-11,29.66,29.67,28.7899,28.96,25.313743608533,4203700,0,1
2011-05-12,28.65,29.23,28.43,28.99,25.3399664092325,6813000,0,1
2011-05-13,29.07,29.23,28.65,29.04,25.3836710770649,3035100,0,1
2011-05-16,28.98,29.19,28.6429,28.66,25.0515156015385,5901400,0,1
2011-05-17,28.57,28.755,28.2616,28.73,25.1127021365039,3874300,0,1
2011-05-18,28.99,29.539,28.9834,29.31,25.6196762833599,3241900,0,1
2011-05-19,29.37,29.43,29.03,29.08,25.4186348113308,2504200,0,1
2011-05-20,29.05,29.44,28.64,29.35,25.6546400176258,3463900,0,1
2011-05-23,28.61,29.03,28.61,28.88,25.2438161400011,2123000,0,1
2011-05-24,29.33,29.46,29.03,29.27,25.584712549094,1651500,0,1
2011-05-25,29.37,29.86,29.3496,29.8,26.0479820281175,1955800,0,1
2011-05-26,29.84,29.9738,29.68,29.91,26.1441322973488,1947200,0,1
2011-05-27,30,30.1116,29.9643,30.08,26.292728167979,1603600,0,1
2011-05-31,30.23,30.5,30.2,30.25,26.4413240386092,3431600,0,1
2011-06-01,30.26,30.27,29.84,29.87,26.1091685630829,3316800,0,1
2011-06-02,30.06,30.16,29.75,30.13,26.3364328358114,2448600,0,1
2011-06-03,29.89,30.26,29.81,30.245,26.436953571826,1972200,0,1
2011-06-06,30.1,30.25,29.85,29.9,26.1353913637824,2928100,0,1
2011-06-07,30.05,30.34,29.92,30.18,26.3801375036439,3416800,0,1
2011-06-08,30.28,30.56,30.24,30.43,26.5986608428059,2443700,0,1
2011-06-09,30.55,30.6799,30.42,30.6,26.7472567134361,1746900,0,1
2011-06-10,30.36,30.42,30.13,30.28,26.4675468393087,2663300,0,1
2011-06-13,30.24,30.4,29.8599,30.08,26.292728167979,1793900,0,1
2011-06-14,30.17,30.368,30.17,30.29,26.4762877728752,1501100,0,1
2011-06-15,30.07,30.19,29.28,29.48,25.7682721539901,2780200,0,1
2011-06-16,29.38,29.5,29.29,29.36,25.6633809511923,2566900,0,1
2011-06-17,29.2,29.38,29.04,29.23,25.549748814828,3296900,0,1
2011-06-20,29.07,29.18,29.01,29.07,25.4098938777643,2269700,0,1
2011-06-21,29.14,29.29,28.95,29.09,25.4273757448973,2384900,0,1
2011-06-22,29.15,29.445,29.15,29.22,25.5410078812615,2407900,0,1
2011-06-23,28.51,28.65,28.17,28.6,24.9990700001396,3469400,0,1
2011-06-24,28.51,28.541,28.1,28.26,24.7018782588792,2449600,0,1
2011-06-27,28.06,28.2966,27.96,28.25,24.6931373253128,2262900,0,1
2011-06-28,28.47,28.76,28.44,28.75,25.1301840036369,2108000,0,1
2011-06-29,28.92,29.36,28.75,29.27,25.584712549094,3084900,0,1
2011-06-30,29.28,29.47,28.85,28.96,25.313743608533,2714300,0,1
2011-07-01,28.81,29.05,28.7,29,25.3487073427989,3498000,0,1
2011-07-05,29.26,29.52,29.23,29.39,25.6896037518917,1529100,0,1
2011-07-06,29.32,29.43,29.2,29.38,25.6808628183253,1631700,0,1
2011-07-07,29.79,30.07,29.79,30,26.2228006994472,4944700,0,1
2011-07-08,29.9,30.0282,29.73,29.97,26.1965778987477,1808300,0,1
2011-07-11,29.62,29.88,29.5,29.74,25.9955364267186,1790400,0,1
2011-07-12,29.63,30.1288,29.63,30,26.2228006994472,1452500,0,1
2011-07-13,30.1,30.61,30.1,30.41,26.581178975673,2178900,0,1
2011-07-14,30.5,30.58,30.07,30.24,26.4325831050427,1572800,0,1
2011-07-15,30.38,30.56,30.33,30.51,26.6685883113378,4929900,0,1
2011-07-18,30.36,30.36,30.04,30.34,26.5199924407076,1398400,0,1
2011-07-19,30.65,30.77,30.51,30.55,26.7035520456037,1518900,0,1
2011-07-20,30.68,30.68,30.46,30.65,26.7909613812685,1288900,0,1
2011-07-21,30.69,30.81,30.42,30.5,26.6598473777713,1247100,0,1
2011-07-22,30.55,30.79,30.52,30.75,26.8783707169334,1437500,0,1
2011-07-25,30.54,30.7,30.52,30.6,26.7472567134361,2431300,0,1
2011-07-26,30.65,30.92,30.52,30.84,26.9570391190317,1289400,0,1
2011-07-27,30.78,30.83,30.59,30.63,26.7734795141356,2352100,0,1
2011-07-28,30.64,30.705,30.4611,30.53,26.6860701784707,1545700,0,1
2011-07-29,30.23,30.4,30.2,30.28,26.4675468393087,2994300,0,1
2011-08-01,30.72,30.73,29.96,30.28,26.4675468393087,3674200,0,1
2011-08-02,30.18,30.46,30.11,30.28,26.4675468393087,2369000,0,1
2011-08-03,30.1,30.14,29.74,29.83,26.074204828817,3764300,0,1
2011-08-04,29.66,29.67,28.68,28.7,25.0864793358045,3271600,0,1
2011-08-05,28.82,28.95,28.32,28.82,25.1913705386023,6356400,0,1
2011-08-08,28.3,28.43,27.67,27.75,24.2560906469886,6396500,0,1
2011-08-09,28.07,28.218,27.48,28.02,24.4920958532837,7987800,0,1
2011-08-10,28.08,28.37,27.89,28.14,24.5969870560814,3560900,0,1
2011-08-11,28.31,28.83,28.3,28.75,25.1301840036369,4045100,0,1
2011-08-12,28.81,28.9,28.6208,28.71,25.0952202693709,4533200,0,1
2011-08-15,28.83,29.08,28.78,29.06,25.4011529441978,1285900,0,1
2011-08-16,28.87,29.14,28.808,29.06,25.4011529441978,2271600,0,1
2011-08-17,29.35,29.47,29.26,29.31,25.6196762833599,2382800,0,1
2011-08-18,28.95,29.06,28.53,28.59,24.9903290665732,2723400,0,1
2011-08-19,28.71,29.17,28.71,29.1,25.4361166784638,3525500,0,1
2011-08-22,29.09,29.23,28.94,29.15,25.4798213462962,1576600,0,1
2011-08-23,29.16,29.47,29.03,29.45,25.7420493532906,1825500,0,1
2011-08-24,29.35,29.43,29.08,29.15,25.4798213462962,1226600,0,1
2011-08-25,29.28,29.41,28.9505,29.28,25.5934534826604,1326300,0,1
2011-08-26,29.22,29.65,29.06,29.605,25.8775338235711,1568400,0,1
2011-08-29,29.85,29.85,29.63,29.705,25.9649431592359,1316800,0,1
2011-08-30,29.81,30.13,29.7518,30.11,26.3189509686785,2290300,0,1
2011-08-31,30.1,30.258,30.05,30.16,26.3626556365109,2556300,0,1
2011-09-01,30.09,30.21,29.94,29.95,26.1790960316148,2680100,0,1
2011-09-02,29.64,29.943,29.56,29.79,26.039241094551,1547800,0,1
2011-09-06,29.32,29.7,29.29,29.69,25.9518317588862,2387500,0,1
2011-09-07,29.75,30.03,29.71,29.96,26.1878369651812,4563800,0,1
2011-09-08,29.89,30.02,29.75,29.76,26.0130182938516,1059300,0,1
2011-09-09,29.39,29.422,29.19,29.29,25.6021944162269,2150200,0,1
2011-09-12,29,29.3,28.9772,29.22,25.5410078812615,3914000,0,1
2011-09-13,29.17,29.26,29.02,29.13,25.4623394791632,1229000,0,1
2011-09-14,29.03,29.07,28.83,28.99,25.3399664092325,1337300,0,1
2011-09-15,29.31,29.35,29.04,29.11,25.4448576120302,1135800,0,1
2011-09-16,29.23,29.315,28.93,28.98,25.331225475666,1680600,0,1
2011-09-19,28.67,28.67,28.2,28.49,24.9029197309083,3830200,0,1
2011-09-20,28.55,28.78,28.44,28.44,24.8592150630759,1722100,0,1
2011-09-21,28.52,28.72,28.02,28.02,24.4920958532837,1769400,0,1
2011-09-22,27.21,27.44,26.91,27.03,23.6267434302019,9573000,0,1
2011-09-23,26.75,26.945,26.42,26.55,23.2071786190108,6197800,0,1
2011-09-26,26.39,26.67,26.1,26.64,23.2858470211091,4538800,0,1
2011-09-27,27.14,27.37,27.06,27.09,23.6791890316008,3735600,0,1
2011-09-28,27.04,27.1101,26.34,26.36,23.0411008812476,7995900,0,1
2011-09-29,26.76,26.87,26.5,26.67,23.3120698218085,2909400,0,1
2011-09-30,26.09,26.22,25.67,25.75,22.5079039336922,4846000,0,1
2011-10-03,25.31,25.97,25.25,25.62,22.3942717973279,10602800,0,1
2011-10-04,25.45,25.66,25.19,25.57,22.3505671294955,3500000,0,1
2011-10-05,25.65,26,25.52,25.93,22.6652407378888,3202300,0,1
2011-10-06,25.99,26.51,25.9,26.47,23.1372511504789,1003900,0,1
2011-10-07,26.48,26.56,26.13,26.35,23.0323599476811,2768100,0,1
2011-10-10,26.71,27.01,26.71,26.94,23.5480750281036,1416100,0,1
2011-10-11,26.65,27.27,26.6,27.14,23.7228936994332,1250700,0,1
2011-10-12,27.25,27.4371,27.15,27.19,23.7665983672656,1367000,0,1
2011-10-13,27.04,27.28,26.9,27.25,23.8190439686645,1679500,0,1
2011-10-14,27.73,27.89,27.62,27.87,24.3609818497864,1136000,0,1
2011-10-17,27.47,27.69,27.4,27.47,24.0113445071271,1249200,0,1
2011-10-18,27.24,27.76,27.0757,27.62,24.1424585106244,1782200,0,1
2011-10-19,27.55,27.7368,27,27.08,23.6704480980343,1673100,0,1
2011-10-20,26.95,27.21,26.58,27.04,23.6354843637684,1171100,0,1
2011-10-21,27.42,27.55,27.12,27.18,23.7578574336991,1327500,0,1
2011-10-24,27.39,27.67,27.39,27.61,24.1337175770579,1745600,0,1
2011-10-25,27.61,27.82,27.38,27.7,24.2123859791562,2603100,0,1
2011-10-26,27.83,27.87,27.43,27.54,24.0725310420925,1075300,0,1
2011-10-27,28.095,28.45,28.01,28.18,24.6319507903474,3792100,0,1
2011-10-28,28,28.255,27.99,28.15,24.6057279896479,3722700,0,1
2011-10-31,27.71,27.89,27.56,27.72,24.2298678462892,3209400,0,1
2011-11-01,27.04,27.62,26.92,27.39,23.9414170385953,4349800,0,1
2011-11-02,27.73,27.895,27.445,27.56,24.0900129092255,1600400,0,1
2011-11-03,27.82,27.9601,27.56,27.897,24.3845823704159,981800,0,1
2011-11-04,27.95,28.02,27.76,27.99,24.4658730525842,1267600,0,1
2011-11-07,28.23,28.42,28.12,28.4,24.82425132881,1066500,0,1
2011-11-08,28.42,28.55,28.31,28.54,24.9466243987407,1335700,0,1
2011-11-09,28.14,28.338,27.8599,27.91,24.3959455840524,1283400,0,1
2011-11-10,28.04,28.05,27.7468,27.88,24.3697227833529,1880200,0,1
2011-11-11,27.93,28.15,27.93,28.15,24.6057279896479,826500,0,1
2011-11-14,28.01,28.031,27.8,27.85,24.3434999826535,700400,0,1
2011-11-15,27.98,28.1,27.85,28.05,24.5183186539831,759800,0,1
2011-11-16,27.94,28.2,27.92,27.98,24.4571321190177,1248300,0,1
2011-11-17,27.8,27.84,27.29,27.33,23.8889714371964,2092500,0,1
2011-11-18,27.4,27.5,27.13,27.29,23.8540077029304,6225400,0,1
2011-11-21,27.12,27.139,26.781,27.09,23.6791890316008,1181500,0,1
2011-11-22,27.15,27.36,27.06,27.27,23.8365258357975,2228300,0,1
2011-11-23,27.01,27.01,26.78,26.86,23.4781475595717,1752300,0,1
2011-11-25,26.73,26.95,26.6,26.64,23.2858470211091,514700,0,1
2011-11-28,27.12,27.17,26.86,26.97,23.574297828803,1063800,0,1
2011-11-29,27.13,27.38,27.1,27.32,23.8802305036299,1410300,0,1
2011-11-30,27.65,27.84,27.6,27.64,24.1599403777573,1913600,0,1
2011-12-01,27.56,27.7768,27.3801,27.535,24.0681605753093,1844100,0,1
2011-12-02,27.73,27.82,27.6,27.78,24.2823134476881,1308600,0,1
2011-12-05,27.92,27.9599,27.54,27.63,24.1511994441908,1503800,0,1
2011-12-06,27.59,27.86,27.5,27.78,24.2823134476881,1075600,0,1
2011-12-07,27.74,27.75,27.41,27.54,24.0725310420925,1494200,0,1
2011-12-08,27.42,27.49,27.13,27.19,23.7665983672656,2211500,0,1
2011-12-09,27.15,27.35,27.1415,27.29,23.8540077029304,1114300,0,1
2011-12-12,26.98,27,26.82,26.94,23.5480750281036,1277800,0,1
2011-12-13,26.95,27.37,26.91,27.05,23.6442252973349,1615100,0,1
2011-12-14,26.53,26.63,26.01,26.09,22.8050956749526,1851500,0,1
2011-12-15,26.29,26.33,25.92,25.96,22.6914635385883,1639500,0,1
2011-12-16,26.06,26.2,25.95,26.17,22.8750231434844,2818400,0,1
2011-12-19,26.17,26.1987,25.96,26.05,22.7701319406866,1679800,0,1
2011-12-20,26.51,26.71,26.49,26.65,23.2945879546756,1846600,0,1
2011-12-21,26.63,26.88,26.55,26.84,23.4606656924387,1802100,0,1
2011-12-22,26.89,27.01,26.83,26.87,23.4868884931382,4658300,0,1
2011-12-23,26.92,27.02,26.89,27,23.6005206295025,2872700,0,1
2011-12-27,26.94,27.19,26.9,27.12,23.7054118323002,2493600,0,1
2011-12-28,27.07,27.07,26.71,26.8,23.4257019581728,1930200,0,1
2011-12-29,26.81,26.9,26.64,26.88,23.4956294267047,1941300,0,1
2011-12-30,26.77,26.96,26.74,26.84,23.4606656924387,2047500,0,1
2012-01-03,27.35,27.68,27.35,27.64,24.1599403777573,5940500,0,1
2012-01-04,27.61,27.9,27.61,27.85,24.3434999826535,2439000,0,1
2012-01-05,27.7094,27.72,27.43,27.47,24.0113445071271,1212500,0,1
2012-01-06,27.59,27.69,27.38,27.59,24.1162357099249,17707200,0,1
2012-01-09,27.62,27.71,27.465,27.62,24.1424585106244,2432600,0,1
2012-01-10,27.88,27.92,27.78,27.82,24.317277181954,2120000,0,1
2012-01-11,27.77,27.8,27.56,27.74,24.2473497134222,2079500,0,1
2012-01-12,27.66,27.92,26.69,27.35,23.9064533043293,1740600,0,1
2012-01-13,27.25,27.35,27.12,27.29,23.8540077029304,3156800,0,1
2012-01-17,27.46,27.58,27.3926,27.48,24.0200854406936,1910500,0,1
2012-01-18,27.49,27.5501,27.35,27.49,24.0288263742601,1544100,0,1
2012-01-19,27.58,27.61,27.41,27.61,24.1337175770579,2834400,0,1
2012-01-20,27.43,27.46,27.24,27.41,23.9588989057282,1907200,0,1
2012-01-23,27.48,27.75,27.48,27.73,24.2386087798557,1767900,0,1
2012-01-24,27.5305,27.78,27.53,27.78,24.2823134476881,2428100,0,1
2012-01-25,27.67,28.03,27.59,28.01,24.4833549197172,1913200,0,1
2012-01-26,28.21,28.26,28.03,28.09,24.553282388249,2136400,0,1
2012-01-27,27.96,28.19,27.96,28.19,24.6406917239139,1828700,0,1
2012-01-30,28,28.058,27.82,27.9,24.3872046504859,3085600,0,1
2012-01-31,28.05,28.19,27.743,27.83,24.3260181155205,1912600,0,1
2012-02-01,27.94,28.06,27.8701,27.92,24.4046865176188,1570400,0,1
2012-02-02,27.89,28.02,27.74,27.99,24.4658730525842,2079200,0,1
2012-02-03,28.18,28.33,28.04,28.32,24.7543238602781,1774800,0,1
2012-02-06,28.31,28.5,28.24,28.46,24.8766969302089,1680100,0,1
2012-02-07,28.42,28.61,28.34,28.44,24.8592150630759,2370400,0,1
2012-02-08,28.58,28.65,28.3599,28.57,24.9728471994402,1152800,0,1
2012-02-09,28.73,28.81,28.63,28.72,25.1039612029374,1484900,0,1
2012-02-10,28.42,28.5,28.3,28.45,24.8679559966424,1870100,0,1
2012-02-13,28.58,28.67,28.4,28.52,24.9291425316078,2124700,0,1
2012-02-14,28.51,28.58,28.42,28.51,24.9204015980413,1376300,0,1
2012-02-15,28.61,28.655,28.49,28.61,25.0078109337061,1929400,0,1
2012-02-16,28.52,28.76,28.48,28.74,25.1214430700704,1657600,0,1
2012-02-17,28.76,28.77,28.6001,28.69,25.077738402238,1572500,0,1
2012-02-21,28.96,29.24,28.951,29.14,25.4710804127297,2446900,0,1
2012-02-22,29.16,29.4366,29.12,29.41,25.7070856190247,3163600,0,1
2012-02-23,29.4,29.53,29.26,29.5,25.7857540211231,1544000,0,1
2012-02-24,29.48,29.74,29.47,29.68,25.9430908253197,4989900,0,1
2012-02-27,29.59,29.71,29.44,29.44,25.7333084197242,4821900,0,1
2012-02-28,29.56,29.63,29.354,29.43,25.7245674861577,2902200,0,1
2012-02-29,29.5,29.58,28.97,29.32,25.6284172169264,4067900,0,1
2012-03-01,29.4,29.931,29.2772,29.78,26.0305001609846,5275000,0,1
2012-03-02,29.57,29.57,29.314,29.48,25.7682721539901,2213700,0,1
2012-03-05,29.36,29.428,29.2,29.34,25.6458990840593,1368900,0,1
2012-03-06,28.94,28.981,28.8,28.86,25.2263342728682,2082500,0,1
2012-03-07,28.85,29.05,28.75,28.99,25.3399664092325,1476900,0,1
2012-03-08,29.13,29.28,29.1,29.23,25.549748814828,2202300,0,1
2012-03-09,29.14,29.434,29.09,29.31,25.6196762833599,1409900,0,1
2012-03-12,29.07,29.29,29.03,29.27,25.584712549094,717100,0,1
2012-03-13,29.22,29.48,29.19,29.4,25.6983446854582,1347900,0,1
2012-03-14,29.31,29.4399,29.14,29.2,25.5235260141286,1200800,0,1
2012-03-15,29.2,29.33,29,29.22,25.5410078812615,1339600,0,1
2012-03-16,29.34,29.58,29.31,29.58,25.8556814896549,1433400,0,1
2012-03-19,29.56,29.6,29.45,29.53,25.8119768218225,1386400,0,1
2012-03-20,29.26,29.26,29.07,29.17,25.4973032134291,1577200,0,1
2012-03-21,29.17,29.26,29.08,29.1,25.4361166784638,951700,0,1
2012-03-22,28.8,28.89,28.7315,28.87,25.2350752064347,1641500,0,1
2012-03-23,28.97,29.39,28.97,29.15,25.4798213462962,1664200,0,1
2012-03-26,29.31,29.37,29.21,29.28,25.5934534826604,1555600,0,1
2012-03-27,29.29,29.35,29.13,29.16,25.4885622798627,1251400,0,1
2012-03-28,28.93,28.97,28.78,28.88,25.2438161400011,6060500,0,1
2012-03-29,28.82,28.88,28.35,28.48,24.8941787973419,4891200,0,1
2012-03-30,28.69,28.89,28.61,28.8,25.1738886714693,2630400,0,1
2012-04-02,28.6,29.21,28.59,29.17,25.4973032134291,1752700,0,1
2012-04-03,29.2,29.21,28.95,29.04,25.3836710770649,1325100,0,1
2012-04-04,28.79,28.85,28.52,28.59,24.9903290665732,2054900,0,1
2012-04-05,28.51,28.72,28.48,28.7,25.0864793358045,897000,0,1
2012-04-09,28.46,28.62,28.352,28.57,24.9728471994402,1578100,0,1
2012-04-10,28.53,28.56,28.15,28.19,24.6406917239139,1543900,0,1
2012-04-11,28.23,28.38,28.16,28.26,24.7018782588792,2472600,0,1
2012-04-12,28.33,28.64,28.31,28.63,25.0252928008391,908600,0,1
2012-04-13,28.5,28.52,28.3,28.34,24.7718057274111,2228100,0,1
2012-04-16,28.23,28.244,27.98,28.06,24.5270595875496,1860900,0,1
2012-04-17,28.18,28.2185,28.1,28.19,24.6406917239139,1754300,0,1
2012-04-18,28.03,28.05,27.84,27.92,24.4046865176188,1801500,0,1
2012-04-19,28.04,28.1085,27.87,27.93,24.4134274511853,1837800,0,1
2012-04-20,28.12,28.2,27.99,28.04,24.5095777204166,1648000,0,1
2012-04-23,27.78,28.01,27.73,27.99,24.4658730525842,1026900,0,1
2012-04-24,28.09,28.1157,27.94,27.99,24.4658730525842,736800,0,1
2012-04-25,28.13,28.17,27.92,28.15,24.6057279896479,886200,0,1
2012-04-26,28.2,28.34,28.2,28.21,24.6581735910468,851600,0,1
2012-04-27,28.26,28.33,28.2025,28.3,24.7368419931452,814400,0,1
2012-04-30,28.23,28.44,28.19,28.41,24.8329922623765,1377500,0,1
2012-05-01,28.32,28.5,28.29,28.41,24.8329922623765,1495500,0,1
2012-05-02,28.28,28.32,28.01,28.04,24.5095777204166,1311300,0,1
2012-05-03,27.92,27.98,27.68,27.73,24.2386087798557,1624000,0,1
2012-05-04,27.45,27.4599,27.04,27.24,23.810303035098,1968400,0,1
2012-05-07,26.99,27.21,26.931,27.18,23.7578574336991,5352400,0,1
2012-05-08,27.01,27.077,26.72,27.077,23.6678258179644,3472300,0,1
2012-05-09,26.76,26.9393,26.7,26.87,23.4868884931382,3238300,0,1
2012-05-10,26.95,26.99,26.855,26.88,23.4956294267047,1631300,0,1
2012-05-11,26.72,26.91,26.67,26.68,23.320810755375,1518900,0,1
2012-05-14,26.41,26.475,26.31,26.33,23.0148780805481,5751700,0,1
2012-05-15,26.48,26.59,26.37,26.38,23.0585827483805,8431800,0,1
2012-05-16,26.36,26.56,26.31,26.35,23.0323599476811,1589200,0,1
2012-05-17,26.43,26.48,26.271,26.29,22.9799143462822,1222100,0,1
2012-05-18,26.37,26.5,26.25,26.27,22.9624324791492,2698600,0,1
2012-05-21,26.38,26.62,26.37,26.62,23.2683651539761,851900,0,1
2012-05-22,26.45,26.55,26.1701,26.24,22.9362096784498,1387300,0,1
2012-05-23,26.02,26.02,25.75,25.95,22.6827226050218,2929100,0,1
2012-05-24,26.1,26.1,25.825,25.96,22.6914635385883,6060000,0,1
2012-05-25,26,26.08,25.99,26.05,22.7701319406866,1125700,0,1
2012-05-29,26.18,26.25,25.8693,25.94,22.6739816714553,1472900,0,1
2012-05-30,25.6,25.6,25.4,25.46,22.2544168602642,1629900,0,1
2012-05-31,25.47,25.47,25.18,25.24,22.0621163218016,2427200,0,1
2012-06-01,24.89,24.96,24.59,24.72,21.6075877763445,3989700,0,1
2012-06-04,24.7,24.89,24.63,24.86,21.7299608462752,4474300,0,1
2012-06-05,24.79,24.888,24.73,24.77,21.6512924441769,2129000,0,1
2012-06-06,25.08,25.32,25.05,25.23,22.0533753882351,4778400,0,1
2012-06-07,25.54,25.55,25.04,25.06,21.9047795176049,2158300,0,1
2012-06-08,24.86,25.14,24.78,25.14,21.9747069861367,1569600,0,1
2012-06-11,25.15,25.169,24.65,24.68,21.5726240420785,4247700,0,1
2012-06-12,24.89,24.9,24.73,24.8001,21.677602654212,2263800,0,1
2012-06-13,24.65,24.85,24.56,24.61,21.5114375071132,1510800,0,1
2012-06-14,24.66,24.95,24.59,24.9,21.7649245805412,2601200,0,1
2012-06-15,24.86,24.98,24.82,24.86,21.7299608462752,1627200,0,1
2012-06-18,24.68,24.95,24.63,24.88,21.7474427134082,1065800,0,1
2012-06-19,25.09,25.16,25.03,25.09,21.9310023183043,1738200,0,1
2012-06-20,24.99,24.99,24.66,24.68,21.5726240420785,6226300,0,1
2012-06-21,24.59,24.6138,24.1145,24.15,21.109354563055,1815100,0,1
2012-06-22,24.29,24.41,24.26,24.39,21.3191369686506,2906300,0,1
2012-06-25,24.4,24.64,24.34,24.64,21.5376603078126,1377600,0,1
2012-06-26,24.7,24.85,24.565,24.81,21.6862561784428,1480400,0,1
2012-06-27,24.97,25.08,24.87,24.95,21.8086292483736,1140500,0,1
2012-06-28,24.83,24.89,24.5,24.68,21.5726240420785,997600,0,1
2012-06-29,25.31,25.865,25.23,25.75,22.5079039336922,12446600,0,1
2012-07-02,25.66,25.71,25.422,25.7,22.4641992658597,3837000,0,1
2012-07-03,26.25,26.42,26.22,26.42,23.0935464826465,1382200,0,1
2012-07-05,26.37,26.56,26.32,26.52,23.1809558183113,3286300,0,1
2012-07-06,26.13,26.1499,25.901,25.91,22.6477588707559,1221900,0,1
2012-07-09,26.19,26.5187,26.18,26.37,23.0498418148141,1016300,0,1
2012-07-10,26.29,26.3,25.99,26.03,22.7526500735537,1004700,0,1
2012-07-11,26.26,26.37,26.08,26.32,23.0061371469817,1200700,0,1
2012-07-12,26.09,26.44,26,26.38,23.0585827483805,868400,0,1
2012-07-13,26.53,26.74,26.53,26.7,23.338292622508,970500,0,1
2012-07-16,26.9,27.0845,26.8001,27.03,23.6267434302019,1104100,0,1
2012-07-17,27.13,27.17,26.87,27.06,23.6529662309013,3381500,0,1
2012-07-18,27.05,27.33,27.02,27.3,23.8627486364969,1446800,0,1
2012-07-19,27.6,27.77,27.55,27.63,24.1511994441908,2532100,0,1
2012-07-20,27.56,27.6501,27.46,27.63,24.1511994441908,2023500,0,1
2012-07-23,26.99,27.21,26.9,27.05,23.6442252973349,1534200,0,1
2012-07-24,26.95,26.99,26.66,26.89,23.5043703602711,3086000,0,1
2012-07-25,27.04,27.2,26.83,27.09,23.6791890316008,1176600,0,1
2012-07-26,27.32,27.36,27.0501,27.14,23.7228936994332,2906700,0,1
2012-07-27,27.29,27.44,27.23,27.42,23.9676398392947,925700,0,1
2012-07-30,27.53,27.65,27.53,27.58,24.1074947763584,5830200,0,1
2012-07-31,27.6,27.61,27.25,27.25,23.8190439686645,2325400,0,1
2012-08-01,27.33,27.3799,27.1,27.29,23.8540077029304,1254100,0,1
2012-08-02,27.02,27.1789,26.98,27.06,23.6529662309013,1708200,0,1
2012-08-03,27.36,27.655,27.36,27.52,24.0550491749595,2597400,0,1
2012-08-06,27.45,27.72,27.42,27.68,24.1949041120233,2365900,0,1
2012-08-07,27.8,27.99,27.78,27.89,24.3784637169194,1255400,0,1
2012-08-08,27.92,28.06,27.87,27.97,24.4483911854512,2025200,0,1
2012-08-09,28.03,28.27,28.03,28.2,24.6494326574803,1634500,0,1
2012-08-10,27.97,28.11,27.92,28.05,24.5183186539831,2352200,0,1
2012-08-13,27.98,28.03,27.79,27.83,24.3260181155205,1402400,0,1
2012-08-14,27.91,27.945,27.79,27.86,24.3522409162199,1152200,0,1
2012-08-15,27.89,28.16,27.88,28.1,24.5620233218155,1643100,0,1
2012-08-16,28.16,28.315,28.07,28.21,24.6581735910468,1953700,0,1
2012-08-17,28.27,28.29,28.11,28.25,24.6931373253128,1078300,0,1
2012-08-20,28.28,28.39,28.12,28.38,24.806769461677,1535600,0,1
2012-08-21,28.67,28.79,28.62,28.64,25.0340337344056,1497500,0,1
2012-08-22,28.65,28.82,28.61,28.79,25.1651477379028,1709700,0,1
2012-08-23,28.92,28.955,28.58,28.65,25.0427746679721,1348000,0,1
2012-08-24,28.75,28.77,28.47,28.52,24.9291425316078,3640400,0,1
2012-08-27,28.48,28.5,28.35,28.39,24.8155103952435,1914000,0,1
2012-08-28,28.39,28.45,28.3001,28.41,24.8329922623765,1247600,0,1
2012-08-29,28.44,28.47,28.34,28.46,24.8766969302089,967400,0,1
2012-08-30,28.52,28.53,28.34,28.49,24.9029197309083,1634300,0,1
2012-08-31,28.61,28.84,28.43,28.79,25.1651477379028,8719400,0,1
2012-09-04,29.02,29.07,28.74,28.8,25.1738886714693,7801700,0,1
2012-09-05,28.78,28.79,28.59,28.66,25.0515156015385,3261000,0,1
2012-09-06,28.76,28.94,28.64,28.65,25.0427746679721,3166500,0,1
2012-09-07,28.79,29.02,28.66,28.97,25.3224845420995,2027200,0,1
2012-09-10,29,29.14,28.96,29.01,25.3574482763654,2223700,0,1
2012-09-11,29.13,29.15,29.04,29.07,25.4098938777643,1769800,0,1
2012-09-12,29.13,29.23,29.07,29.22,25.5410078812615,1264800,0,1
2012-09-13,29.36,29.46,29.06,29.42,25.7158265525912,2082500,0,1
2012-09-14,29.71,29.8555,29.6701,29.73,25.9867954931522,3026800,0,1
2012-09-17,29.54,29.56,28.75,28.91,25.2700389407006,3610500,0,1
2012-09-18,28.96,29.025,28.64,28.7,25.0864793358045,3701500,0,1
2012-09-19,28.6,28.62,28.19,28.28,24.7193601260122,4359800,0,1
2012-09-20,28.26,28.44,28.2,28.44,24.8592150630759,1676500,0,1
2012-09-21,28.57,28.67,28.51,28.63,25.0252928008391,2142400,0,1
2012-09-24,28.3,28.36,28.2,28.33,24.7630647938446,1786700,0,1
2012-09-25,28.54,28.59,28.33,28.36,24.7892875945441,1354400,0,1
2012-09-26,28.18,28.2,27.95,28.16,24.6144689232144,1892400,0,1
2012-09-27,28.39,28.54,28.31,28.51,24.9204015980413,1759300,0,1
2012-09-28,28.61,28.78,28.55,28.68,25.0689974686715,5470600,0,1
2012-10-01,28.85,28.9487,28.59,28.72,25.1039612029374,6122000,0,1
2012-10-02,28.64,28.7,28.56,28.57,24.9728471994402,1393200,0,1
2012-10-03,28.3,28.7,28.06,28.08,24.5445414546826,2234000,0,1
2012-10-04,28.41,28.739,28.32,28.69,25.077738402238,1251600,0,1
2012-10-05,28.65,28.65,28.39,28.54,24.9466243987407,1006500,0,1
2012-10-08,28.42,28.51,28.37,28.46,24.8766969302089,1075800,0,1
2012-10-09,28.56,28.778,28.55,28.67,25.060256535105,1360400,0,1
2012-10-10,28.67,28.82,28.56,28.62,25.0165518672726,2341000,0,1
2012-10-11,28.86,29,28.76,28.95,25.3050026749665,975700,0,1
2012-10-12,28.71,28.76,28.47,28.55,24.9553653323072,1238300,0,1
2012-10-15,28.37,28.43,28.18,28.41,24.8329922623765,1350200,0,1
2012-10-16,28.42,28.49,28.34,28.43,24.8504741295094,1157700,0,1
2012-10-17,28.46,28.51,28.33,28.44,24.8592150630759,1258200,0,1
2012-10-18,28.25,28.48,28.21,28.43,24.8504741295094,1930500,0,1
2012-10-19,28.48,28.5,28,28.0023,24.476624400871,1623500,0,1
2012-10-22,28.09,28.13,27.8,27.87,24.3609818497864,1301000,0,1
2012-10-23,27.53,27.55,27.34,27.53,24.063790108526,1933400,0,1
2012-10-24,27.52,27.5699,27.3201,27.45,23.9938626399942,1404000,0,1
2012-10-25,27.62,27.65,27.3801,27.52,24.0550491749595,1268700,0,1
2012-10-26,27.52,27.63,27.46,27.58,24.1074947763584,1361500,0,1
2012-10-31,27.62,27.8,27.51,27.56,24.0900129092255,6853900,0,1
2012-11-01,27.66,27.75,27.61,27.61,24.1337175770579,3706800,0,1
2012-11-02,27.58,27.6,27.12,27.14,23.7228936994332,1252200,0,1
2012-11-05,27.13,27.39,27.08,27.37,23.9239351714623,2096800,0,1
2012-11-06,27.55,27.9299,27.5,27.8618,24.3538142842619,1425000,0,1
2012-11-07,27.61,27.6399,27.28,27.34,23.8977123707629,1464500,0,1
2012-11-08,27.37,27.4635,27.25,27.38,23.9326761050288,1124700,0,1
2012-11-09,27.33,27.66,27.31,27.6,24.1249766434914,2791200,0,1
2012-11-12,27.59,27.6859,27.43,27.47,24.0113445071271,1251000,0,1
2012-11-13,27.32,27.53,27.3101,27.42,23.9676398392947,1524500,0,1
2012-11-14,27.51,27.72,27.475,27.5,24.0375673078266,1166600,0,1
2012-11-15,27.63,27.67,27.33,27.39,23.9414170385953,1668400,0,1
2012-11-16,27.45,27.5278,27.3,27.51,24.0463082413931,1450900,0,1
2012-11-19,27.85,28.0801,27.85,28.03,24.5008367868501,2080400,0,1
2012-11-20,27.91,27.9899,27.671,27.84,24.334759049087,1148000,0,1
2012-11-21,27.89,27.96,27.74,27.96,24.4396502518848,1259400,0,1
2012-11-23,27.88,28.12,27.88,28.06,24.5270595875496,828700,0,1
2012-11-26,28,28.04,27.94,28.02,24.4920958532837,2169400,0,1
2012-11-27,28.01,28.08,27.88,27.98,24.4571321190177,1531700,0,1
2012-11-28,27.62,27.91,27.62,27.89,24.3784637169194,1733600,0,1
2012-11-29,28.12,28.17,28.01,28.08,24.5445414546826,1092300,0,1
2012-11-30,28.1,28.19,28.0377,28.1,24.5620233218155,2626000,0,1
2012-12-03,28.36,28.38,28.13,28.17,24.6232098567809,2527400,0,1
2012-12-04,27.94,28,27.86,27.92,24.4046865176188,1844900,0,1
2012-12-05,27.94,27.985,27.7677,27.89,24.3784637169194,1091700,0,1
2012-12-06,27.71,27.76,27.57,27.64,24.1599403777573,1621900,0,1
2012-12-07,27.65,27.7,27.52,27.61,24.1337175770579,2812600,0,1
2012-12-10,27.63,27.65,27.49,27.5497,24.081009747652,1194300,0,1
2012-12-11,27.54,27.56,27.41,27.5,24.0375673078266,1943600,0,1
2012-12-12,27.68,27.75,27.52,27.63,24.1511994441908,2672400,0,1
2012-12-13,27.44,27.4925,27.3,27.38,23.9326761050288,1420800,0,1
2012-12-14,27.43,27.59,27.42,27.55,24.081271975659,1641900,0,1
2012-12-17,27.53,27.6,27.5,27.53,24.063790108526,1235700,0,1
2012-12-18,27.54,27.67,27.505,27.6,24.1249766434914,1583400,0,1
2012-12-19,27.64,27.75,27.6,27.7,24.2123859791562,1644600,0,1
2012-12-20,27.51,27.6456,27.5,27.57,24.098753842792,1829300,0,1
2012-12-21,27.48,27.558,27.43,27.52,24.0550491749595,1932700,0,1
2012-12-24,27.42,27.45,27.35,27.43,23.9763807728612,1091900,0,1
2012-12-26,27.71,27.81,27.62,27.71,24.2211269127227,1077900,0,1
2012-12-27,27.67,27.75,27.5931,27.71,24.2211269127227,1973500,0,1
2012-12-28,27.67,27.72,27.55,27.63,24.1511994441908,1542300,0,1
2012-12-31,27.53,27.81,27.51,27.78,24.2823134476881,4334900,0,1
2013-01-02,28.11,28.12,27.845,27.88,24.3697227833529,3008900,0,1
2013-01-03,27.75,27.79,27.63,27.65,24.1686813113238,2478800,0,1
2013-01-04,27.53,27.59,27.35,27.53,24.063790108526,3217000,0,1
2013-01-07,27.45,27.59,27.42,27.58,24.1074947763584,1727800,0,1
2013-01-08,27.64,27.66,27.53,27.65,24.1686813113238,1681900,0,1
2013-01-09,27.65,27.67,27.5,27.61,24.1337175770579,1681200,0,1
2013-01-10,27.8,27.82,27.71,27.71,24.2211269127227,1740600,0,1
2013-01-11,27.57,27.615,27.41,27.59,24.1162357099249,1492200,0,1
2013-01-14,27.7,27.78,27.5601,27.77,24.2735725141216,1996600,0,1
2013-01-15,27.76,27.76,27.61,27.65,24.1686813113238,3970300,0,1
2013-01-16,27.63,27.72,27.58,27.68,24.1949041120233,3361300,0,1
2013-01-17,27.78,27.89,27.74,27.8,24.299795314821,1419100,0,1
2013-01-18,27.88,28.02,27.78,27.98,24.4571321190177,1631600,0,1
2013-01-22,28.09,28.14,27.98,28.06,24.5270595875496,2017900,0,1
2013-01-23,28.04,28.14,28.02,28.09,24.553282388249,1704100,0,1
2013-01-24,28,28.15,28,28.07,24.5358005211161,1555000,0,1
2013-01-25,28.05,28.09,27.94,28.01,24.4833549197172,1470300,0,1
2013-01-28,28.05,28.0599,27.88,28,24.4746139861507,1456900,0,1
2013-01-29,28.05,28.2,28.01,28.16,24.6144689232144,1536500,0,1
2013-01-30,28.34,28.49,28.32,28.48,24.8941787973419,2555200,0,1
2013-01-31,28.36,28.5,28.31,28.47,24.8854378637754,2636100,0,1
2013-02-01,28.56,28.73,28.53,28.58,24.9815881330067,2975900,0,1
2013-02-04,28.5,28.62,28.4329,28.48,24.8941787973419,1753700,0,1
2013-02-05,28.61,28.63,28.5405,28.59,24.9903290665732,1421600,0,1
2013-02-06,28.42,28.58,28.39,28.55,24.9553653323072,2511400,0,1
2013-02-07,28.53,28.57,28.3699,28.44,24.8592150630759,2184600,0,1
2013-02-08,28.61,28.68,28.52,28.55,24.9553653323072,1562500,0,1
2013-02-11,28.37,28.48,28.32,28.45,24.8679559966424,1981400,0,1
2013-02-12,28.48,28.5,28.4,28.5,24.9116606644748,2520800,0,1
2013-02-13,28.53,28.57,28.4555,28.51,24.9204015980413,1532000,0,1
2013-02-14,28.47,28.515,28.39,28.47,24.8854378637754,1387900,0,1
2013-02-15,28.26,28.35,28.17,28.35,24.7805466609776,2421000,0,1
2013-02-19,28.22,28.26,28.1,28.24,24.6843963917463,2252600,0,1
2013-02-20,28.2,28.21,27.85,27.92,24.4046865176188,3037500,0,1
2013-02-21,27.63,27.7,27.55,27.6,24.1249766434914,2358300,0,1
2013-02-22,27.63,27.66,27.53,27.6,24.1249766434914,1897900,0,1
2013-02-25,27.75,27.78,27.47,27.47,24.0113445071271,3079200,0,1
2013-02-26,27.5,27.55,27.38,27.42,23.9676398392947,2745100,0,1
2013-02-27,27.39,27.47,27.21,27.25,23.8190439686645,2564300,0,1
2013-02-28,27.22,27.31,27.1,27.13,23.7141527658667,5327700,0,1
2013-03-01,26.88,26.9685,26.82,26.94,23.5480750281036,2641200,0,1
2013-03-04,26.9,26.93,26.73,26.84,23.4606656924387,2031000,0,1
2013-03-05,26.99,27.1,26.94,27.09,23.6791890316008,3225400,0,1
2013-03-06,26.99,27.01,26.85,26.94,23.5480750281036,1621800,0,1
2013-03-07,26.98,27.12,26.97,27.12,23.7054118323002,1534600,0,1
2013-03-08,27.04,27.215,27.02,27.2,23.7753393008321,2571900,0,1
2013-03-11,27.15,27.26,27.06,27.22,23.7928211679651,6676400,0,1
2013-03-12,27.39,27.43,27.21,27.28,23.845266769364,3456200,0,1
2013-03-13,27.35,27.37,27.08,27.14,23.7228936994332,3080000,0,1
2013-03-14,27.2,27.34,27.17,27.34,23.8977123707629,1860500,0,1
2013-03-15,27.42,27.46,27.36,27.4,23.9501579721618,1869300,0,1
2013-03-18,27.13,27.3,27.1,27.24,23.810303035098,1485500,0,1
2013-03-19,27.22,27.29,27.01,27.04,23.6354843637684,1687100,0,1
2013-03-20,27.17,27.29,27.05,27.23,23.8015621015316,2177200,0,1
2013-03-21,27.19,27.26,27.045,27.11,23.6966708987338,1375800,0,1
2013-03-22,27.16,27.2199,27.0445,27.16,23.7403755665662,1133900,0,1
2013-03-25,27.28,27.38,27.13,27.18,23.7578574336991,2103000,0,1
2013-03-26,27.31,27.43,27.24,27.43,23.9763807728612,1416700,0,1
2013-03-27,27.39,27.58,27.35,27.57,24.098753842792,2456700,0,1
2013-03-28,27.43,27.5,27.2301,27.31,23.8714895700634,1560200,0,1
2013-04-01,27.19,27.4,27.16,27.31,23.8714895700634,1980700,0,1
2013-04-02,27.22,27.249,27.12,27.18,23.7578574336991,3237700,0,1
2013-04-03,27.15,27.19,26.68,26.72,23.355774489641,2111900,0,1
2013-04-04,26.58,26.745,26.523,26.69,23.3295516889415,1327100,0,1
2013-04-05,26.62,26.67,26.5201,26.67,23.3120698218085,1205300,0,1
2013-04-08,26.75,26.76,26.5877,26.75,23.3819972903404,1179300,0,1
2013-04-09,26.74,26.97,26.67,26.92,23.5305931609706,1302800,0,1
2013-04-10,26.92,26.96,26.81,26.86,23.4781475595717,1260800,0,1
2013-04-11,26.8,26.87,26.67,26.75,23.3819972903404,1748800,0,1
2013-04-12,26.5,26.6,26.28,26.42,23.0935464826465,2923900,0,1
2013-04-15,25.99,26,25.62,25.63,22.4030127308944,3652600,0,1
2013-04-16,25.79,25.91,25.64,25.9,22.6390179371894,4928900,0,1
2013-04-17,25.68,25.71,25.49,25.52,22.3068624616631,1478900,0,1
2013-04-18,25.62,25.81,25.49,25.79,22.5428676679581,2616600,0,1
2013-04-19,25.73,25.79,25.66,25.73,22.4904220665592,1957900,0,1
2013-04-22,25.76,25.83,25.575,25.81,22.5603495350911,1996500,0,1
2013-04-23,25.66,25.74,25.59,25.65,22.4204945980273,2551900,0,1
2013-04-24,25.82,25.95,25.77,25.93,22.6652407378888,1714400,0,1
2013-04-25,25.99,26.319,25.97,26.27,22.9624324791492,2094300,0,1
2013-04-26,26.18,26.22,25.9801,26.12,22.831318475652,2222900,0,1
2013-04-29,26.24,26.511,26.21,26.47,23.1372511504789,1131000,0,1
2013-04-30,26.46,26.46,26.235,26.27,22.9624324791492,1900600,0,1
2013-05-01,25.81,25.9,25.7,25.8,22.5516086015246,1693900,0,1
2013-05-02,25.91,26.175,25.8042,26.13,22.8400594092185,1538800,0,1
2013-05-03,26.37,26.52,26.31,26.42,23.0935464826465,1188300,0,1
2013-05-06,26.35,26.51,26.27,26.45,23.1197692833459,7015100,0,1
2013-05-07,26.41,26.479,26.28,26.36,23.0411008812476,1380300,0,1
2013-05-08,26.44,26.539,26.37,26.48,23.1459920840454,1423400,0,1
2013-05-09,26.39,26.58,26.37,26.47,23.1372511504789,1137900,0,1
2013-05-10,26.2,26.37,26.02,26.35,23.0323599476811,1402400,0,1
2013-05-13,26.23,26.35,26.17,26.23,22.9274687448833,1380000,0,1
2013-05-14,26.13,26.23,26.085,26.14,22.848800342785,2765800,0,1
2013-05-15,25.94,26.1,25.77,26.08,22.7963547413861,3652200,0,1
2013-05-16,26.03,26.16,25.98,26.05,22.7701319406866,1532000,0,1
2013-05-17,26.2,26.24,26.07,26.18,22.8837640770509,1141500,0,1
2013-05-20,26.16,26.38,26.16,26.35,23.0323599476811,1530400,0,1
2013-05-21,26.28,26.33,26.14,26.2,22.9012459441839,1199900,0,1
2013-05-22,26.2,26.36,26.03,26.08,22.7963547413861,1302700,0,1
2013-05-23,25.87,26.2,25.84,26.2,22.9012459441839,2251800,0,1
2013-05-24,26.03,26.15,25.97,26.1,22.813836608519,1968100,0,1
2013-05-28,26.45,26.46,26.32,26.34,23.0236190141146,2486900,0,1
2013-05-29,26.35,26.36,26.11,26.17,22.8750231434844,1150400,0,1
2013-05-30,26.05,26.235,26.02,26.17,22.8750231434844,1874300,0,1
2013-05-31,26.02,26.09,25.86,25.86,22.6040542029235,5156100,0,1
2013-06-03,26.12,26.26,26.08,26.18,22.8837640770509,2813800,0,1
2013-06-04,26.08,26.3,26,26.28,22.9711734127157,1526100,0,1
2013-06-05,26.3,26.38,26.15,26.16,22.8662822099179,2641500,0,1
2013-06-06,26.14,26.27,26.14,26.26,22.9536915455828,3320900,0,1
2013-06-07,26.11,26.4,26.08,26.32,23.0061371469817,1316900,0,1
2013-06-10,26.2147,26.25,26.16,26.22,22.9187278113168,1086400,0,1
2013-06-11,25.91,26.03,25.89,25.99,22.7176863392877,1148700,0,1
2013-06-12,26.11,26.14,26.0101,26.02,22.7439091399872,3855200,0,1
2013-06-13,25.99,26.22,25.96,26.19,22.8925050106174,2189600,0,1
2013-06-14,26.32,26.36,26.26,26.3,22.9886552798487,1542800,0,1
2013-06-17,26.31,26.4,26.3,26.36,23.0411008812476,2642800,0,1
2013-06-18,26.36,26.43,26.28,26.41,23.08480554908,2653200,0,1
2013-06-19,26.46,26.6,26.425,26.45,23.1197692833459,1080200,0,1
2013-06-20,25.9,25.92,25.56,25.59,22.3680489966284,3419500,0,1
2013-06-21,25.62,25.65,25.35,25.43,22.2281940595647,3324300,0,1
2013-06-24,25.2,25.42,25.16,25.32,22.1320437903334,2212800,0,1
2013-06-25,25.49,25.49,25.31,25.34,22.1495256574664,3226100,0,1
2013-06-26,25.33,25.35,25.144,25.27,22.088339122501,3087100,0,1
2013-06-27,25.37,25.39,25.25,25.26,22.0795981889345,1182000,0,1
2013-06-28,25.3,25.3751,25.09,25.13,21.9659660525702,2842400,0,1
2013-07-01,25.34,25.5,25.21,25.29,22.105820989634,1321500,0,1
2013-07-02,25.4,25.47,25.33,25.39,22.1932303252988,1615800,0,1
2013-07-03,25.6,25.66,25.55,25.62,22.3942717973279,1382900,0,1
2013-07-05,25.53,25.59,25.43,25.56,22.341826195929,2627000,0,1
2013-07-08,25.63,25.77,25.618,25.69,22.4554583322933,3575400,0,1
2013-07-09,25.82,25.87,25.715,25.85,22.595313269357,1077600,0,1
2013-07-10,26.01,26.03,25.91,25.93,22.6652407378888,3148900,0,1
2013-07-11,26.1,26.14,25.93,26.06,22.7788728742531,1427200,0,1
2013-07-12,26.16,26.172,26.09,26.16,22.8662822099179,4106300,0,1
2013-07-15,26.05,26.12,26.01,26.09,22.8050956749526,1477600,0,1
2013-07-16,26.17,26.24,26.12,26.12,22.831318475652,1308400,0,1
2013-07-17,26.16,26.17,26.07,26.1,22.813836608519,944200,0,1
2013-07-18,26.12,26.22,26.1,26.21,22.9099868777503,1176300,0,1
2013-07-19,26.27,26.28,26.0695,26.23,22.9274687448833,1327400,0,1
2013-07-22,26.27,26.295,26.16,26.21,22.9099868777503,1807600,0,1
2013-07-23,26.24,26.28,26.21,26.25,22.9449506120163,1237700,0,1
2013-07-24,26.16,26.248,25.98,26.04,22.7613910071201,1429000,0,1
2013-07-25,25.98,26.03,25.84,26.01,22.7351682064207,1215100,0,1
2013-07-26,25.9,25.91,25.74,25.85,22.595313269357,833600,0,1
2013-07-29,25.81,25.86,25.74,25.84,22.5865723357905,882200,0,1
2013-07-30,25.78,25.8,25.67,25.75,22.5079039336922,1729200,0,1
2013-07-31,25.61,25.97,25.57,25.93,22.6652407378888,1257700,0,1
2013-08-01,26.05,26.06,25.95,25.99,22.7176863392877,1856300,0,1
2013-08-02,25.96,26.01,25.88,25.89,22.6302770036229,1216700,0,1
2013-08-05,25.69,25.81,25.67,25.76,22.5166448672586,1031800,0,1
2013-08-06,25.69,25.69,25.5,25.55,22.3330852623625,1781400,0,1
2013-08-07,25.47,25.51,25.35,25.38,22.1844893917323,1298100,0,1
2013-08-08,25.41,25.53,25.3,25.51,22.2981215280966,1150200,0,1
2013-08-09,25.59,25.73,25.58,25.69,22.4554583322933,1063700,0,1
2013-08-12,25.81,26.02,25.76,26,22.7264272728542,887800,0,1
2013-08-13,26.04,26.05,25.96,25.99,22.7176863392877,917800,0,1
2013-08-14,25.99,26.2,25.98,26.2,22.9012459441839,1693200,0,1
2013-08-15,26.26,26.46,26.16,26.45,23.1197692833459,1724200,0,1
2013-08-16,26.46,26.49,26.34,26.46,23.1285102169124,1708400,0,1
2013-08-19,26.51,26.58,26.4,26.43,23.102287416213,2371900,0,1
2013-08-20,26.31,26.531,26.3,26.38,23.0585827483805,1334800,0,1
2013-08-21,26.41,26.43,26.33,26.35,23.0323599476811,1423700,0,1
2013-08-22,26.36,26.41,26.3,26.36,23.0411008812476,1673100,0,1
2013-08-23,26.43,26.62,26.39,26.57,23.2246604861437,1384500,0,1
2013-08-26,26.71,26.78,26.621,26.72,23.355774489641,1190000,0,1
2013-08-27,26.99,27.06,26.92,26.98,23.5830387623695,1878200,0,1
2013-08-28,27.02,27.11,26.982,27.02,23.6180024966354,2376700,0,1
2013-08-29,26.98,27.02,26.73,26.74,23.3732563567739,1251800,0,1
2013-08-30,26.73,26.79,26.55,26.66,23.3033288882421,5229600,0,1
2013-09-03,26.81,26.865,26.705,26.8,23.4257019581728,5447200,0,1
2013-09-04,26.55,26.59,26.49,26.57,23.2246604861437,12295700,0,1
2013-09-05,26.59,26.595,26.42,26.51,23.1722148847448,1297400,0,1
2013-09-06,26.67,26.75,26.6145,26.66,23.3033288882421,2600500,0,1
2013-09-09,26.6,26.69,26.46,26.49,23.1547330176119,2148900,0,1
2013-09-10,26.21,26.29,26.17,26.25,22.9449506120163,1288800,0,1
2013-09-11,26.31,26.33,26.185,26.29,22.9799143462822,1521400,0,1
2013-09-12,26.25,26.45,26.22,26.42,23.0935464826465,2274300,0,1
2013-09-13,26.28,26.36,26.18,26.34,23.0236190141146,1148600,0,1
2013-09-16,26.12,26.2,26.01,26.01,22.7351682064207,1427400,0,1
2013-09-17,26.01,26.03,25.71,25.74,22.4991630001257,3673300,0,1
2013-09-18,25.84,26.33,25.81,26.3,22.9886552798487,1473700,0,1
2013-09-19,26.38,26.41,26.16,26.2,22.9012459441839,3198000,0,1
2013-09-20,26.09,26.18,25.936,25.96,22.6914635385883,1424600,0,1
2013-09-23,25.85,25.89,25.75,25.77,22.5253858008251,3697100,0,1
2013-09-24,25.69,25.82,25.61,25.76,22.5166448672586,3354800,0,1
2013-09-25,25.9,25.97,25.79,25.8,22.5516086015246,2383300,0,1
2013-09-26,25.91,26.03,25.885,26,22.7264272728542,1226000,0,1
2013-09-27,25.96,26.09,25.87,25.87,22.6127951364899,1619700,0,1
2013-09-30,25.82,25.89,25.72,25.76,22.5166448672586,17407400,0,1
2013-10-01,25.58,25.63,25.43,25.59,22.3680489966284,6424400,0,1
2013-10-02,25.68,25.9,25.63,25.84,22.5865723357905,2193100,0,1
2013-10-03,26.02,26.02,25.8,25.8,22.5516086015246,1212500,0,1
2013-10-04,25.96,25.96,25.8,25.88,22.6215360700564,1224500,0,1
2013-10-07,25.83,26.09,25.75,26.06,22.7788728742531,1691800,0,1
2013-10-08,26.21,26.27,26.13,26.15,22.8575412763515,1774400,0,1
2013-10-09,26,26.05,25.87,25.96,22.6914635385883,2811500,0,1
2013-10-10,26.09,26.33,26.06,26.29,22.9799143462822,1180600,0,1
2013-10-11,26.04,26.17,26.011,26.15,22.8575412763515,1076900,0,1
2013-10-14,26.09,26.23,26.04,26.14,22.848800342785,1560900,0,1
2013-10-15,26.08,26.16,26.05,26.05,22.7701319406866,1346100,0,1
2013-10-16,26.17,26.38,26.15,26.25,22.9449506120163,2097700,0,1
2013-10-17,26.18,26.26,26.05,26.11,22.8225775420855,2061600,0,1
2013-10-18,26.23,26.27,26.13,26.26,22.9536915455828,1289600,0,1
2013-10-21,26.26,26.29,26.15,26.2,22.9012459441839,1468100,0,1
2013-10-22,26.3,26.34,26.12,26.17,22.8750231434844,1276000,0,1
2013-10-23,25.93,25.955,25.74,25.77,22.5253858008251,1036800,0,1
2013-10-24,25.68,25.81,25.66,25.775,22.5297562676084,1128100,0,1
2013-10-25,25.74,25.87,25.72,25.86,22.6040542029235,1197600,0,1
2013-10-28,25.9,26.018,25.85,25.96,22.6914635385883,1137200,0,1
2013-10-29,25.86,25.93,25.8,25.89,22.6302770036229,2494000,0,1
2013-10-30,25.97,25.9999,25.89,25.97,22.7002044721548,1106100,0,1
2013-10-31,25.89,25.93,25.72,25.75,22.5079039336922,2376000,0,1
2013-11-01,25.56,25.56,25.36,25.43,22.2281940595647,2624000,0,1
2013-11-04,25.31,25.4,25.29,25.32,22.1320437903334,1648500,0,1
2013-11-05,25.32,25.34,25.21,25.25,22.070857255368,1522900,0,1
2013-11-06,25.34,25.4,25.27,25.27,22.088339122501,1702900,0,1
2013-11-07,25.18,25.24,25.05,25.09,21.9310023183043,2842900,0,1
2013-11-08,25.04,25.27,25,25.23,22.0533753882351,1453000,0,1
2013-11-11,25.24,25.37,25.21,25.34,22.1495256574664,1045400,0,1
2013-11-12,25.37,25.37,25.11,25.17,22.0009297868362,1606600,0,1
2013-11-13,25.28,25.32,25.18,25.28,22.0970800560675,1313700,0,1
2013-11-14,25.33,25.49,25.26,25.39,22.1932303252988,1524500,0,1
2013-11-15,25.37,25.41,25.33,25.35,22.1582665910329,1369400,0,1
2013-11-18,25.38,25.38,25.18,25.18,22.0096707204027,2611100,0,1
2013-11-19,25.17,25.2899,25.12,25.14,21.9747069861367,1426900,0,1
2013-11-20,25.11,25.2799,25.11,25.16,21.9921888532697,1313500,0,1
2013-11-21,25.28,25.48,25.21,25.48,22.2718987273971,2304500,0,1
2013-11-22,25.58,25.6,25.4222,25.56,22.341826195929,1999100,0,1
2013-11-25,25.46,25.608,25.4,25.53,22.3156033952295,1378200,0,1
2013-11-26,25.51,25.57,25.4217,25.52,22.3068624616631,1754900,0,1
2013-11-27,25.53,25.53,25.39,25.52,22.3068624616631,1040100,0,1
2013-11-29,25.36,25.621,25.36,25.51,22.2981215280966,1029700,0,1
2013-12-02,25.43,25.61,25.41,25.48,22.2718987273971,5001000,0,1
2013-12-03,25.49,25.68,25.49,25.63,22.4030127308944,1399600,0,1
2013-12-04,25.63,25.8,25.63,25.68,22.4467173987268,2137800,0,1
2013-12-05,25.66,25.72,25.6,25.65,22.4204945980273,1672300,0,1
2013-12-06,25.74,25.76,25.68,25.74,22.4991630001257,1050000,0,1
2013-12-09,25.79,25.8,25.62,25.65,22.4204945980273,2037300,0,1
2013-12-10,25.81,25.81,25.67,25.73,22.4904220665592,1973700,0,1
2013-12-11,25.68,25.75,25.65,25.73,22.4904220665592,1964800,0,1
2013-12-12,25.66,25.66,25.44,25.49,22.2806396609636,1840200,0,1
2013-12-13,25.44,25.46,25.38,25.39,22.1932303252988,1585100,0,1
2013-12-16,25.46,25.6,25.45,25.47,22.2631577938307,3035200,0,1
2013-12-17,25.42,25.46,25.34,25.35,22.1582665910329,9614600,0,1
2013-12-18,25.42,25.54,25.39,25.4,22.2019712588653,6495600,0,1
2013-12-19,25.39,25.53,25.38,25.46,22.2544168602642,2614300,0,1
2013-12-20,25.63,25.7,25.56,25.66,22.4292355315938,2716700,0,1
2013-12-23,25.72,25.72,25.61,25.66,22.4292355315938,2961900,0,1
2013-12-24,25.71,25.77,25.66,25.74,22.4991630001257,1252600,0,1
2013-12-26,25.2,25.82,25.2,25.78,22.5341267343916,1759700,0,1
2013-12-27,25.17,25.92,25.1607,25.85,22.595313269357,1865900,0,1
2013-12-30,25.48,25.81,25.48,25.7,22.4641992658597,3367600,0,1
2013-12-31,25.55,25.69,25.54,25.66,22.4292355315938,2268200,0,1
2014-01-02,25.51,25.55,25.28,25.29,22.105820989634,2064400,0,1
2014-01-03,25.25,25.28,25.11,25.13,21.9659660525702,1797200,0,1
2014-01-06,25.19,25.22,25.12,25.16,21.9921888532697,1790400,0,1
2014-01-07,25.13,25.1801,25.1,25.14,21.9747069861367,1257200,0,1
2014-01-08,25.08,25.1,24.86,24.9,21.7649245805412,1346800,0,1
2014-01-09,24.87,24.88,24.6349,24.7,21.5901059092115,1185300,0,1
2014-01-10,24.76,24.89,24.7101,24.86,21.7299608462752,3678000,0,1
2014-01-13,24.86,24.92,24.83,24.85,21.7212199127087,2131100,0,1
2014-01-14,24.87,24.99,24.77,24.85,21.7212199127087,1089900,0,1
2014-01-15,24.85,25.018,24.81,24.92,21.7824064476741,1487000,0,1
2014-01-16,24.98,25,24.88,24.88,21.7474427134082,2372100,0,1
2014-01-17,24.95,25.01,24.9,24.91,21.7736655141076,1446600,0,1
2014-01-21,25.03,25.07,24.935,24.97,21.8261111155065,1848500,0,1
2014-01-22,25.08,25.12,25.01,25.09,21.9310023183043,1557600,0,1
2014-01-23,25.16,25.2299,25.04,25.07,21.9135204511714,1164500,0,1
2014-01-24,25.06,25.13,25.01,25.08,21.9222613847378,3067300,0,1
2014-01-27,25.06,25.1,24.87,24.91,21.7736655141076,1882700,0,1
2014-01-28,25,25.07,24.98,25.03,21.8785567169054,1338000,0,1
2014-01-29,24.99,25.06,24.95,25.01,21.8610748497725,1534400,0,1
2014-01-30,25.06,25.07,24.91,24.91,21.7736655141076,1712200,0,1
2014-01-31,24.89,24.98,24.85,24.88,21.7474427134082,1689600,0,1
2014-02-03,24.88,24.95,24.82,24.88,21.7474427134082,2314000,0,1
2014-02-04,24.96,25.08,24.96,25.07,21.9135204511714,2000000,0,1
2014-02-05,25.12,25.15,25.01,25.12,21.9572251190038,1184500,0,1
2014-02-06,25.26,25.3,25.18,25.22,22.0446344546686,1083700,0,1
2014-02-07,25.35,25.53,25.28,25.51,22.2981215280966,1356000,0,1
2014-02-10,25.46,25.52,25.37,25.37,22.1757484581658,1901600,0,1
2014-02-11,25.44,25.52,25.34,25.5,22.2893805945301,1429600,0,1
2014-02-12,25.6,25.69,25.55,25.55,22.3330852623625,3575300,0,1
2014-02-13,25.54,25.69,25.54,25.69,22.4554583322933,3652900,0,1
2014-02-14,25.62,25.82,25.62,25.78,22.5341267343916,2148800,0,1
2014-02-18,25.97,26.18,25.97,26.15,22.8575412763515,1895400,0,1
2014-02-19,26.17,26.29,26.15,26.22,22.9187278113168,2154800,0,1
2014-02-20,26.18,26.27,26.16,26.27,22.9624324791492,4146500,0,1
2014-02-21,26.26,26.26,26.09,26.2,22.9012459441839,1027500,0,1
2014-02-24,26.2,26.34,26.19,26.31,22.9973962134152,2531500,0,1
2014-02-25,26.22,26.26,26.12,26.19,22.8925050106174,1302100,0,1
2014-02-26,26.14,26.2,26.1,26.12,22.831318475652,1208900,0,1
2014-02-27,26.07,26.1499,26.02,26.04,22.7613910071201,955600,0,1
2014-02-28,25.98,26.13,25.97,26.13,22.8400594092185,1861100,0,1
2014-03-03,26.53,26.59,26.37,26.49,23.1547330176119,5428200,0,1
2014-03-04,26.3,26.4126,26.24,26.39,23.067323681947,1283100,0,1
2014-03-05,26.4,26.4,26.16,26.17,22.8750231434844,3417200,0,1
2014-03-06,26.18,26.41,26.18,26.41,23.08480554908,956900,0,1
2014-03-07,26.3,26.34,26.23,26.29,22.9799143462822,2120600,0,1
2014-03-10,26.12,26.17,26.05,26.07,22.7876138078196,1710100,0,1
2014-03-11,26.11,26.16,26.01,26.08,22.7963547413861,1821300,0,1
2014-03-12,25.89,26.05,25.85,26.01,22.7351682064207,1026800,0,1
2014-03-13,25.99,26,25.85,25.89,22.6302770036229,1182000,0,1
2014-03-14,25.96,26.06,25.94,26.03,22.7526500735537,827500,0,1
2014-03-17,25.93,25.96,25.74,25.74,22.4991630001257,1563700,0,1
2014-03-18,25.72,25.92,25.72,25.87,22.6127951364899,1091800,0,1
2014-03-19,25.74,25.94,25.714,25.86,22.6040542029235,1194200,0,1
2014-03-20,25.79,25.8899,25.68,25.74,22.4991630001257,1393200,0,1
2014-03-21,25.77,25.9,25.75,25.76,22.5166448672586,1410800,0,1
2014-03-24,25.86,25.9,25.74,25.75,22.5079039336922,1574000,0,1
2014-03-25,25.9,26.02,25.87,25.92,22.6564998043224,1186300,0,1
2014-03-26,25.84,25.98,25.83,25.9,22.6390179371894,1156500,0,1
2014-03-27,26.03,26.18,26.02,26.13,22.8400594092185,742400,0,1
2014-03-28,26.2,26.25,26.14,26.14,22.848800342785,1789900,0,1
2014-03-31,26.12,26.14,25.94,26.12,22.831318475652,1455500,0,1
2014-04-01,26.06,26.1,25.79,25.8,22.5516086015246,1986400,0,1
2014-04-02,25.77,25.8,25.69,25.74,22.4991630001257,664300,0,1
2014-04-03,25.79,25.995,25.74,25.95,22.6827226050218,1289200,0,1
2014-04-04,26.09,26.09,26.04,26.07,22.7876138078196,824700,0,1
2014-04-07,26.02,26.12,25.91,26.01,22.7351682064207,738900,0,1
2014-04-08,26.12,26.36,26.08,26.31,22.9973962134152,790200,0,1
2014-04-09,26.34,26.43,26.3,26.38,23.0585827483805,1411100,0,1
2014-04-10,26.39,26.458,26.34,26.39,23.067323681947,984900,0,1
2014-04-11,26.32,26.4,26.27,26.27,22.9624324791492,1679100,0,1
2014-04-14,26.44,26.55,26.4,26.51,23.1722148847448,1438500,0,1
2014-04-15,26.4,26.56,26.37,26.53,23.1896967518778,1059700,0,1
2014-04-16,26.67,26.72,26.54,26.58,23.2334014197102,1378300,0,1
2014-04-17,26.53,26.66,26.52,26.64,23.2858470211091,1295800,0,1
2014-04-21,26.58,26.58,26.492,26.55,23.2071786190108,892300,0,1
2014-04-22,26.53,26.56,26.4001,26.54,23.1984376854443,2401800,0,1
2014-04-23,26.53,26.571,26.49,26.52,23.1809558183113,1073200,0,1
2014-04-24,26.65,26.71,26.609,26.68,23.320810755375,901400,0,1
2014-04-25,26.59,26.62,26.54,26.57,23.2246604861437,660600,0,1
2014-04-28,26.6,26.6,26.411,26.48,23.1459920840454,609300,0,1
2014-04-29,26.56,26.6,26.5201,26.55,23.2071786190108,1083500,0,1
2014-04-30,26.39,26.58,26.31,26.41,23.08480554908,4399300,0,1
2014-05-01,26.2,26.235,26.1101,26.21,22.9099868777503,1641100,0,1
2014-05-02,26.24,26.32,26.19,26.28,22.9711734127157,1171300,0,1
2014-05-05,26.23,26.27,26.18,26.22,22.9187278113168,4158400,0,1
2014-05-06,26.24,26.33,26.22,26.24,22.9362096784498,1001700,0,1
2014-05-07,26.24,26.33,26.14,26.31,22.9973962134152,933600,0,1
2014-05-08,26.2,26.2449,26.14,26.23,22.9274687448833,3119000,0,1
2014-05-09,26.24,26.26,26.06,26.1,22.813836608519,603000,0,1
2014-05-12,26.18,26.21,26.13,26.16,22.8662822099179,1328900,0,1
2014-05-13,26.24,26.295,26.18,26.28,22.9711734127157,689900,0,1
2014-05-14,26.38,26.4191,26.32,26.4,23.0760646155135,1297100,0,1
2014-05-15,26.33,26.33,26.23,26.24,22.9362096784498,1049800,0,1
2014-05-16,26.25,26.3,26.23,26.27,22.9624324791492,847500,0,1
2014-05-19,26.34,26.39,26.25,26.25,22.9449506120163,1157700,0,1
2014-05-20,26.26,26.36,26.25,26.3,22.9886552798487,536300,0,1
2014-05-21,26.3,26.41,26.265,26.35,23.0323599476811,802600,0,1
2014-05-22,26.46,26.47,26.31,26.37,23.0498418148141,1131700,0,1
2014-05-23,26.4,26.44,26.37,26.43,23.102287416213,554000,0,1
2014-05-27,26.25,26.32,26.21,26.21,22.9099868777503,1093300,0,1
2014-05-28,26.2,26.28,26.1457,26.22,22.9187278113168,1164800,0,1
2014-05-29,26.28,26.28,26.21,26.23,22.9274687448833,707000,0,1
2014-05-30,26.1,26.15,25.99,26.03,22.7526500735537,5480800,0,1
2014-06-02,25.98,26.02,25.96,26,22.7264272728542,2445900,0,1
2014-06-03,25.96,26,25.92,25.98,22.7089454057213,1054700,0,1
2014-06-04,26,26,25.88,25.91,22.6477588707559,1605300,0,1
2014-06-05,25.87,25.97,25.8,25.94,22.6739816714553,504300,0,1
2014-06-06,25.94,26.06,25.89,26.05,22.7701319406866,625700,0,1
2014-06-09,26.12,26.16,26.085,26.16,22.8662822099179,1569300,0,1
2014-06-10,26.13,26.16,25.99,26.09,22.8050956749526,764400,0,1
2014-06-11,26.11,26.12,25.995,26.02,22.7439091399872,2716500,0,1
2014-06-12,26.25,26.41,26.1727,26.39,23.067323681947,3854500,0,1
2014-06-13,26.42,26.468,26.37,26.39,23.067323681947,1044500,0,1
2014-06-16,26.44,26.52,26.415,26.47,23.1372511504789,972000,0,1
2014-06-17,26.46,26.56,26.45,26.5,23.1634739511783,586200,0,1
2014-06-18,26.5,26.656,26.5,26.61,23.2596242204096,960300,0,1
2014-06-19,26.75,26.92,26.75,26.87,23.4868884931382,888600,0,1
2014-06-20,26.87,26.93,26.81,26.92,23.5305931609706,2099500,0,1
2014-06-23,26.93,26.94,26.79,26.82,23.4431838253058,1300000,0,1
2014-06-24,26.78,26.8999,26.78,26.86,23.4781475595717,934700,0,1
2014-06-25,26.77,26.9,26.76,26.9,23.5131112938376,936300,0,1
2014-06-26,26.85,26.85,26.732,26.79,23.4169610246063,1082200,0,1
2014-06-27,26.8,26.83,26.712,26.74,23.3732563567739,723400,0,1
2014-06-30,26.68,26.7,26.51,26.58,23.2334014197102,15876300,0,1
2014-07-01,26.5,26.53,26.45,26.5,23.1634739511783,2226300,0,1
2014-07-02,26.45,26.52,26.415,26.45,23.1197692833459,5938500,0,1
2014-07-03,26.43,26.47,26.39,26.4,23.0760646155135,824800,0,1
2014-07-07,26.31,26.32,26.15,26.19,22.8925050106174,7393700,0,1
2014-07-08,26.23,26.23,26.05,26.12,22.831318475652,844200,0,1
2014-07-09,26.04,26.05,25.9,25.94,22.6739816714553,8581400,0,1
2014-07-10,25.97,26.0243,25.915,25.98,22.7089454057213,1113300,0,1
2014-07-11,25.91,25.91,25.73,25.75,22.5079039336922,984000,0,1
2014-07-14,25.74,25.85,25.69,25.85,22.595313269357,1005700,0,1
2014-07-15,25.7,25.7,25.56,25.61,22.3855308637614,1269800,0,1
2014-07-16,25.72,25.78,25.65,25.65,22.4204945980273,1303200,0,1
2014-07-17,25.72,25.81,25.583,25.71,22.4729401994262,650300,0,1
2014-07-18,25.67,25.69,25.52,25.54,22.324344328796,1745700,0,1
2014-07-21,25.56,25.69,25.55,25.66,22.4292355315938,1493600,0,1
2014-07-22,25.74,25.75,25.54,25.55,22.3330852623625,1653000,0,1
2014-07-23,25.57,25.64,25.5301,25.62,22.3942717973279,581200,0,1
2014-07-24,25.7,25.71,25.56,25.59,22.3680489966284,1146700,0,1
2014-07-25,25.55,25.72,25.5,25.69,22.4554583322933,857200,0,1
2014-07-28,25.65,25.71,25.57,25.64,22.4117536644609,875400,0,1
2014-07-29,25.58,25.59,25.45,25.56,22.341826195929,1403500,0,1
2014-07-30,25.58,25.603,25.43,25.45,22.2456759266977,1519900,0,1
2014-07-31,25.43,25.47,25.3,25.32,22.1320437903334,1678900,0,1
2014-08-01,25.22,25.25,25.1,25.12,21.9572251190038,1995400,0,1
2014-08-04,25.22,25.37,25.19,25.31,22.1233028567669,2100700,0,1
2014-08-05,25.23,25.24,25.12,25.19,22.0184116539691,1915000,0,1
2014-08-06,25.26,25.39,25.24,25.35,22.1582665910329,1700200,0,1
2014-08-07,25.4,25.4251,25.3,25.4,22.2019712588653,508300,0,1
2014-08-08,25.36,25.38,25.23,25.28,22.0970800560675,631500,0,1
2014-08-11,25.31,25.41,25.3001,25.32,22.1320437903334,535500,0,1
2014-08-12,25.25,25.2835,25.12,25.16,21.9921888532697,1048800,0,1
2014-08-13,25.17,25.1934,25.03,25.14,21.9747069861367,850500,0,1
2014-08-14,25.02,25.05,24.8201,24.84,21.7124789791423,949900,0,1
2014-08-15,24.85,24.995,24.76,24.94,21.7998883148071,1351100,0,1
2014-08-18,24.8,24.81,24.712,24.78,21.6600333777434,2842200,0,1
2014-08-19,24.8,24.81,24.712,24.78,21.6600333777434,792800,0,1
2014-08-20,24.87,24.91,24.7643,24.85,21.7212199127087,677200,0,1
2014-08-21,24.81,24.9299,24.79,24.91,21.7736655141076,727000,0,1
2014-08-22,24.9,24.95,24.83,24.87,21.7387017798417,2265000,0,1
2014-08-25,24.79,24.85,24.68,24.77,21.6512924441769,755400,0,1
2014-08-26,24.99,25.01,24.86,24.92,21.7824064476741,1029100,0,1
2014-08-27,24.97,25.01,24.855,24.96,21.81737018194,757000,0,1
2014-08-28,25.03,25.06,24.9399,24.98,21.834852049073,544200,0,1
2014-08-29,25.05,25.07,24.98,25.03,21.8785567169054,1131800,0,1
2014-09-02,24.85,24.88,24.64,24.67,21.5638831085121,3917900,0,1
2014-09-03,24.79,24.85,24.68,24.77,21.6512924441769,882700,0,1
2014-09-04,24.81,24.84,24.62,24.67,21.5638831085121,774000,0,1
2014-09-05,24.65,24.71,24.49,24.63,21.5289193742461,712900,0,1
2014-09-08,24.42,24.52,24.4,24.51,21.4240281714483,578900,0,1
2014-09-09,24.39,24.42,24.2764,24.31,21.2492095001187,1534300,0,1
2014-09-10,24.24,24.24,24.07,24.14,21.1006136294885,1476600,0,1
2014-09-11,23.97,24.05,23.86,24.02,20.9957224266907,1504200,0,1
2014-09-12,23.97,23.98,23.83,23.83,20.8296446889275,1537700,0,1
2014-09-15,23.76,23.91,23.75,23.86,20.855867489627,1223700,0,1
2014-09-16,23.93,24.15,23.9027,24.08,21.0481680280896,1033800,0,1
2014-09-17,24.09,24.09,23.96,23.98,20.9607586924248,1000300,0,1
2014-09-18,23.92,23.96,23.74,23.75,20.7597172203957,739000,0,1
2014-09-19,23.72,23.761,23.61,23.68,20.6985306854303,672100,0,1
2014-09-22,23.56,23.57,23.38,23.48,20.5237120141007,1023312,0,1
2014-09-23,23.48,23.55,23.44,23.48,20.5237120141007,886921,0,1
2014-09-24,23.43,23.615,23.34,23.58,20.6111213497655,1301092,0,1
2014-09-25,23.59,23.59,23.4301,23.53,20.5674166819331,1280317,0,1
2014-09-26,23.5,23.54,23.44,23.49,20.5324529476671,761494,0,1
2014-09-29,23.47,23.67,23.47,23.63,20.6548260175979,1501031,0,1
2014-09-30,23.57,23.59,23.16,23.22,20.2964477413721,1576473,0,1
2014-10-01,23.21,23.3799,23.09,23.14,20.2265202728403,1442590,0,1
2014-10-02,22.93,23.07,22.81,23.05,20.1478518707419,2061885,0,1
2014-10-03,22.92,22.92,22.755,22.83,19.9555513322793,1647330,0,1
2014-10-06,22.9,23.15,22.84,23.12,20.2090384057073,1849083,0,1
2014-10-07,23.02,23.09,22.99,23.03,20.1303700036089,1556007,0,1
2014-10-08,22.92,22.96,22.77,22.94,20.0517016015106,2886304,0,1
2014-10-09,22.86,22.9,22.62,22.67,19.8156963952156,17027463,0,1
2014-10-10,22.62,22.69,22.452,22.59,19.7457689266837,2911592,0,1
2014-10-13,22.51,22.6978,22.47,22.59,19.7457689266837,1014855,0,1
2014-10-14,22.51,22.51,22.21,22.25,19.4485771854233,1909960,0,1
2014-10-15,22.18,22.25,21.92,21.97,19.2038310455618,2848537,0,1
2014-10-16,21.85,22.46,21.81,22.19,19.3961315840244,2205386,0,1
2014-10-17,22.27,22.32,22.17,22.27,19.4660590525563,2413019,0,1
2014-10-20,22.14,22.1833,21.99,22.11,19.3262041154926,1068874,0,1
2014-10-21,22.23,22.31,22.16,22.29,19.4835409196893,1461578,0,1
2014-10-22,22.38,22.4,22.04,22.04,19.2650175805272,1798949,0,1
2014-10-23,22.17,22.325,22.15,22.3,19.4922818532557,3368700,0,1
2014-10-24,22.25,22.25,22.09,22.16,19.369908783325,1545079,0,1
2014-10-27,21.93,22.15,21.89,22.1,19.3174631819261,2168101,0,1
2014-10-28,22.2,22.3001,22.125,22.28,19.4747999861228,1374744,0,1
2014-10-29,22.49,22.64,22.45,22.54,19.7020642588513,1274764,0,1
2014-10-30,22.38,22.48,22.32,22.35,19.5359865210881,1232200,0,1
2014-10-31,22.11,22.3265,22.061,22.32,19.5097637203887,1901040,0,1
2014-11-03,22.25,22.3735,22.08,22.12,19.3349450490591,1322725,0,1
2014-11-04,21.87,21.89,21.74,21.8,19.0552351749316,1779935,0,1
2014-11-05,21.63,21.96,21.63,21.86,19.1076807763305,1581225,0,1
2014-11-06,21.77,21.905,21.7,21.88,19.1251626434635,1295587,0,1
2014-11-07,21.92,22.04,21.915,21.98,19.2125719791283,1201318,0,1
2014-11-10,22.06,22.12,21.74,21.77,19.0290123742322,1854851,0,1
2014-11-11,21.72,21.9499,21.675,21.88,19.1251626434635,1082775,0,1
2014-11-12,21.87,21.987,21.7866,21.81,19.0639761084981,1988569,0,1
2014-11-13,21.7,21.73,21.33,21.41,18.7143387658388,1345245,0,1
2014-11-14,21.4,21.66,21.4,21.64,18.9153802378679,2859684,0,1
2014-11-17,21.47,21.5999,21.43,21.55,18.8367118357696,1517744,0,1
2014-11-18,21.48,21.52,21.38,21.44,18.7405615665382,1472982,0,1
2014-11-19,21.54,21.54,21.32,21.33,18.6444112973069,1161893,0,1
2014-11-20,21.44,21.55,21.41,21.51,18.8017481015036,1539334,0,1
2014-11-21,21.7,21.79,21.591,21.74,19.0027895735327,8061486,0,1
2014-11-24,21.62,21.72,21.54,21.55,18.8367118357696,2956750,0,1
2014-11-25,21.67,21.7201,21.43,21.45,18.7493025001047,2468327,0,1
2014-11-26,21.41,21.525,21.4,21.4,18.7055978322723,2360351,0,1
2014-11-28,20.74,20.7699,20.37,20.42,17.848986342757,903146,0,1
2014-12-01,20.35,20.85,20.33,20.84,18.2161055525493,3661625,0,1
2014-12-02,20.58,20.81,20.32,20.4,17.8315044756241,3058419,0,1
2014-12-03,20.29,20.4201,20.2,20.28,17.7266132728263,3379797,0,1
2014-12-04,20.17,20.29,20.141,20.22,17.6741676714274,2101889,0,1
2014-12-05,20.13,20.255,20.03,20.17,17.630463003595,2047423,0,1
2014-12-08,20,20.02,19.795,19.82,17.3245303287681,3357216,0,1
2014-12-09,19.79,20,19.78,19.96,17.4469033986989,2689033,0,1
2014-12-10,19.76,19.8,19.49,19.65,17.1759344581379,5415943,0,1
2014-12-11,19.48,19.6855,19.47,19.47,17.0185976539412,3634717,0,1
2014-12-12,19.44,19.47,19.291,19.31,16.8787427168775,3346054,0,1
2014-12-15,19.35,19.38,18.99,19,16.6077737763165,6392963,0,1
2014-12-16,18.8,19.07,18.77,18.89,16.5116235070852,4297594,0,1
2014-12-17,18.85,19.31,18.79,19,16.6077737763165,7656491,0,1
2014-12-18,19.27,19.31,18.865,18.94,16.5553281749177,4960151,0,1
2014-12-19,19.02,19.28,18.94,19.22,16.8000743147792,3617523,0,1
2014-12-22,19.05,19.05,18.84,18.87,16.4941416399523,5826748,0,1
2014-12-23,18.86,19.13,18.86,19.06,16.6602193777154,5627203,0,1
2014-12-24,18.89,18.92,18.76,18.81,16.4416960385534,2069586,0,1
2014-12-26,18.87,18.89,18.7228,18.79,16.4242141714204,2913105,0,1
2014-12-29,18.89,18.94,18.505,18.61,16.2668773672237,4566265,0,1
2014-12-30,18.58,18.7147,18.55,18.59,16.2493955000908,4735769,0,1
2014-12-31,18.39,18.5,18.22,18.45,16.12702243016,21526492,0,1
2015-01-02,18.27,18.38,18.175,18.23,15.9347218916974,1967294,0,1
2015-01-05,18.15,18.15,17.945,17.97,15.7074576189689,1827461,0,1
2015-01-06,17.95,18.03,17.75,17.8,15.5588617483387,1843060,0,1
2015-01-07,17.78,17.8632,17.6001,17.69,15.4627114791074,1868404,0,1
2015-01-08,17.66,17.76,17.58,17.76,15.5238980140727,1409351,0,1
2015-01-09,17.71,17.78,17.5444,17.73,15.4976752133733,3463502,0,1
2015-01-12,17.51,17.51,17.33,17.34,15.1567788042805,4567392,0,1
2015-01-13,17.28,17.3,17.07,17.27,15.0955922693151,2898573,0,1
2015-01-14,17.15,17.52,17.06,17.46,15.2616700070783,2774261,0,1
2015-01-15,17.6,17.63,17.21,17.22,15.0518876014827,1827752,0,1
2015-01-16,17.35,17.5944,17.32,17.55,15.3403384091766,1726216,0,1
2015-01-20,17.31,17.3876,17.21,17.31,15.130556003581,2409030,0,1
2015-01-21,17.42,17.5,17.345,17.42,15.2267062728123,2282249,0,1
2015-01-22,17.51,17.53,17.315,17.4,15.2092244056794,3736663,0,1
2015-01-23,17.3,17.4,17.25,17.29,15.1130741364481,1889052,0,1
2015-01-26,17.28,17.395,17.23,17.23,15.0606285350492,1718333,0,1
2015-01-27,17.21,17.4,17.19,17.32,15.1392969371475,3261661,0,1
2015-01-28,17.21,17.2789,17.06,17.07,14.9207735979854,3647794,0,1
2015-01-29,17.09,17.09,16.84,16.99,14.8508461294536,2221661,0,1
2015-01-30,16.95,17.49,16.93,17.4,15.2092244056794,3535320,0,1
2015-02-02,17.57,17.67,17.4,17.64,15.4190068112749,2878421,0,1
2015-02-03,17.91,18.385,17.86,18.13,15.8473125560326,5713105,0,1
2015-02-04,18.03,18.03,17.6152,17.73,15.4976752133733,4597875,0,1
2015-02-05,17.75,18.0758,17.75,17.97,15.7074576189689,2395461,0,1
2015-02-06,18.02,18.12,17.9201,18.02,15.7511622868013,2735081,0,1
2015-02-09,18.14,18.3,18.085,18.2,15.908499090998,2060712,0,1
2015-02-10,18.18,18.19,17.88,17.97,15.7074576189689,1172491,0,1
2015-02-11,17.85,17.899,17.65,17.83,15.5850845490381,3233401,0,1
2015-02-12,18,18.15,17.9251,18.1,15.8210897553331,11000201,0,1
2015-02-13,18.29,18.37,18.24,18.3,15.9959084266628,2173808,0,1
2015-02-17,18.23,18.41,18.075,18.31,16.0046493602293,1631714,0,1
2015-02-18,18.24,18.3,18.05,18.09,15.8123488217666,2454494,0,1
2015-02-19,17.85,18.12,17.81,18.03,15.7599032203678,1131782,0,1
2015-02-20,18.09,18.104,17.929,17.96,15.6987166854024,1674645,0,1
2015-02-23,17.86,17.991,17.79,17.84,15.5938254826046,1583806,0,1
2015-02-24,17.94,18.07,17.84,17.85,15.6025664161711,1183066,0,1
2015-02-25,17.95,18.13,17.91,18.12,15.8385716224661,1861529,0,1
2015-02-26,18.06,18.11,17.88,17.97,15.7074576189689,952427,0,1
2015-02-27,18.1,18.24,18.0301,18.17,15.8822762902985,964103,0,1
2015-03-02,18.07,18.1151,17.85,17.91,15.65501201757,1449380,0,1
2015-03-03,17.98,18.06,17.928,18.02,15.7511622868013,1588336,0,1
2015-03-04,17.93,17.95,17.775,17.86,15.6113073497376,1476945,0,1
2015-03-05,17.9,17.94,17.74,17.79,15.5501208147722,1244011,0,1
2015-03-06,17.72,17.73,17.53,17.57,15.3578202763096,7454737,0,1
2015-03-09,17.61,17.67,17.49,17.52,15.3141156084771,1280703,0,1
2015-03-10,17.3,17.35,17.21,17.29,15.1130741364481,1580756,0,1
2015-03-11,17.32,17.4,17.2,17.38,15.1917425385464,1390622,0,1
2015-03-12,17.49,17.5,17.2399,17.3,15.1218150700145,1146164,0,1
2015-03-13,17.23,17.23,16.95,16.95,14.8158823951877,1924610,0,1
2015-03-16,16.9,16.96,16.72,16.93,14.7984005280547,1888401,0,1
2015-03-17,16.81,16.87,16.75,16.81,14.6935093252569,1370476,0,1
2015-03-18,16.74,17.28,16.71,17.27,15.0955922693151,2163162,0,1
2015-03-19,16.98,17.06,16.9,16.98,14.8421051958871,1165454,0,1
2015-03-20,17.12,17.28,17.11,17.21,15.0431466679162,1457355,0,1
2015-03-23,17.28,17.44,17.26,17.41,15.2179653392458,1469001,0,1
2015-03-24,17.34,17.35,17.25,17.27,15.0955922693151,1512725,0,1
2015-03-25,17.34,17.44,17.24,17.32,15.1392969371475,1540138,0,1
2015-03-26,17.54,17.6,17.45,17.53,15.3228565420436,1678651,0,1
2015-03-27,17.41,17.43,17.18,17.18,15.0169238672167,675433,0,1
2015-03-30,17.22,17.3265,17.1544,17.27,15.0955922693151,993245,0,1
2015-03-31,17.13,17.27,17.06,17.07,14.9207735979854,2302386,0,1
2015-04-01,17.13,17.48,17.085,17.38,15.1917425385464,1893159,0,1
2015-04-02,17.25,17.35,17.18,17.29,15.1130741364481,1256816,0,1
2015-04-06,17.45,17.6,17.35,17.51,15.3053746749107,1377799,0,1
2015-04-07,17.51,17.66,17.4332,17.6,15.384043077009,1274083,0,1
2015-04-08,17.55,17.56,17.194,17.26,15.0868513357486,904022,0,1
2015-04-09,17.28,17.39,17.21,17.26,15.0868513357486,1321401,0,1
2015-04-10,17.39,17.47,17.365,17.44,15.2441881399453,804217,0,1
2015-04-13,17.48,17.51,17.315,17.36,15.1742606714134,1210324,0,1
2015-04-14,17.42,17.53,17.38,17.44,15.2441881399453,1302477,0,1
2015-04-15,17.55,17.88,17.51,17.79,15.5501208147722,5697874,0,1
2015-04-16,17.83,18.07,17.7925,17.98,15.7161985525353,1718200,0,1
2015-04-17,17.97,18.05,17.874,17.94,15.6812348182694,1226503,0,1
2015-04-20,17.81,17.93,17.78,17.86,15.6113073497376,1002802,0,1
2015-04-21,17.78,17.84,17.69,17.73,15.4976752133733,1305449,0,1
2015-04-22,17.78,17.83,17.71,17.79,15.5501208147722,762762,0,1
2015-04-23,17.86,18.09,17.85,18.01,15.7424213532348,1057849,0,1
2015-04-24,17.99,18.02,17.92,18,15.7336804196683,700567,0,1
2015-04-27,18.01,18.07,17.9601,18,15.7336804196683,833549,0,1
2015-04-28,18.02,18.1099,17.98,18.03,15.7599032203678,815535,0,1
2015-04-29,18.04,18.2464,18.015,18.15,15.8647944231655,1774027,0,1
2015-04-30,18.16,18.29,18.0949,18.29,15.9871674930963,1166456,0,1
2015-05-01,18.19,18.27,18.1134,18.27,15.9696856259633,2015361,0,1
2015-05-04,18.2,18.26,18.17,18.26,15.9609446923968,2095204,0,1
2015-05-05,18.42,18.49,18.4,18.41,16.0920586958941,1615291,0,1
2015-05-06,18.41,18.68,18.39,18.41,16.0920586958941,2812448,0,1
2015-05-07,18.4,18.4,18.09,18.12,15.8385716224661,1007460,0,1
2015-05-08,18.11,18.26,18.02,18.22,15.9259809581309,1711561,0,1
2015-05-11,18.22,18.24,18.05,18.14,15.8560534895991,1494339,0,1
2015-05-12,18.2,18.44,18.19,18.33,16.0221312273622,1241232,0,1
2015-05-13,18.49,18.5,18.34,18.35,16.0396130944952,1246938,0,1
2015-05-14,18.46,18.5,18.36,18.46,16.1357633637265,2321908,0,1
2015-05-15,18.31,18.46,18.254,18.45,16.12702243016,2034862,0,1
2015-05-18,18.4,18.43,18.33,18.4,16.0833177623276,1773477,0,1
2015-05-19,18.21,18.21,17.95,18.01,15.7424213532348,1463252,0,1
2015-05-20,18.02,18.05,17.9501,17.97,15.7074576189689,2551101,0,1
2015-05-21,18.1,18.25,18.1,18.19,15.8997581574315,974766,0,1
2015-05-22,18.04,18.07,17.96,17.99,15.7249394861018,1452212,0,1
2015-05-26,17.78,17.81,17.58,17.64,15.4190068112749,1366939,0,1
2015-05-27,17.49,17.5599,17.372,17.4,15.2092244056794,1392367,0,1
2015-05-28,17.38,17.5,17.3,17.49,15.2878928077777,3380418,0,1
2015-05-29,17.48,17.749,17.46,17.71,15.4801933462403,1347675,0,1
2015-06-01,17.68,17.755,17.6,17.67,15.4452296119744,2012975,0,1
2015-06-02,17.78,17.9,17.7201,17.88,15.6287892168705,1085513,0,1
2015-06-03,17.8,17.86,17.6242,17.65,15.4277477448414,1091185,0,1
2015-06-04,17.55,17.56,17.424,17.49,15.2878928077777,1296652,0,1
2015-06-05,17.32,17.58,17.28,17.57,15.3578202763096,1161407,0,1
2015-06-08,17.55,17.61,17.52,17.58,15.366561209876,1448986,0,1
2015-06-09,17.84,17.92,17.81,17.86,15.6113073497376,1221809,0,1
2015-06-10,18.05,18.08,17.895,17.93,15.6724938847029,1223425,0,1
2015-06-11,17.88,17.88,17.73,17.77,15.5326389476392,719085,0,1
2015-06-12,17.7,17.74,17.58,17.59,15.3753021434425,3527765,0,1
2015-06-15,17.47,17.5599,17.46,17.51,15.3053746749107,1343849,0,1
2015-06-16,17.51,17.59,17.46,17.56,15.3490793427431,577092,0,1
2015-06-17,17.75,17.8,17.45,17.61,15.3927840105755,693925,0,1
2015-06-18,17.66,17.69,17.59,17.61,15.3927840105755,1668471,0,1
2015-06-19,17.42,17.49,17.36,17.45,15.2529290735118,1648645,0,1
2015-06-22,17.39,17.55,17.34,17.51,15.3053746749107,1015161,0,1
2015-06-23,17.48,17.73,17.47,17.72,15.4889342798068,630542,0,1
2015-06-24,17.66,17.76,17.565,17.6,15.384043077009,2268051,0,1
2015-06-25,17.56,17.65,17.52,17.62,15.401524944142,887301,0,1
2015-06-26,17.69,17.76,17.59,17.7,15.4714524126738,550667,0,1
2015-06-29,17.64,17.72,17.6,17.62,15.401524944142,2299117,0,1
2015-06-30,17.67,18.05,17.65,18,15.7336804196683,1582618,0,1
2015-07-01,17.86,17.89,17.71,17.78,15.5413798812057,3885364,0,1
2015-07-02,17.8,17.9399,17.735,17.75,15.5151570805062,1855030,0,1
2015-07-06,17.32,17.37,17.14,17.17,15.0081829336503,2304875,0,1
2015-07-07,17.06,17.1,16.72,17.07,14.9207735979854,4409526,0,1
2015-07-08,17.03,17.1199,16.9,16.99,14.8508461294536,4364007,0,1
2015-07-09,17.2,17.29,17.11,17.19,15.0256648007832,2278443,0,1
2015-07-10,17.23,17.355,17.16,17.27,15.0955922693151,1117924,0,1
2015-07-13,17.24,17.37,17.11,17.28,15.1043332028816,2425456,0,1
2015-07-14,17.17,17.29,17.14,17.22,15.0518876014827,867168,0,1
2015-07-15,17.11,17.1501,17,17.02,14.877068930153,914516,0,1
2015-07-16,17.07,17.2,16.93,16.94,14.8071414616212,822375,0,1
2015-07-17,16.91,16.91,16.75,16.85,14.7284730595228,938200,0,1
2015-07-20,16.67,16.73,16.58,16.58,14.4924678532278,2006164,0,1
2015-07-21,16.63,16.75,16.6,16.65,14.5536543881932,1044558,0,1
2015-07-22,16.51,16.58,16.41,16.41,14.3438719825976,2034141,0,1
2015-07-23,16.47,16.5,16.27,16.27,14.2214989126669,6627699,0,1
2015-07-24,16.2,16.23,16.0648,16.14,14.1078667763026,1264790,0,1
2015-07-27,15.95,16.01,15.82,15.83,13.8368978357416,2407206,0,1
2015-07-28,15.92,16.059,15.88,15.96,13.9505299721059,2157397,0,1
2015-07-29,15.93,16.1,15.92,16.01,13.9942346399383,1239665,0,1
2015-07-30,16,16.073,15.92,15.95,13.9417890385394,997517,0,1
2015-07-31,16.02,16.02,15.72,15.73,13.7494885000768,1807464,0,1
2015-08-03,15.55,15.65,15.44,15.47,13.5222242273483,2939046,0,1
2015-08-04,15.57,15.62,15.5,15.56,13.6008926294466,2741323,0,1
2015-08-05,15.6,15.6651,15.432,15.5,13.5484470280477,1415233,0,1
2015-08-06,15.43,15.49,15.39,15.49,13.5397060944812,1767144,0,1
2015-08-07,15.43,15.495,15.41,15.43,13.4872604930823,1940404,0,1
2015-08-10,15.5,15.82,15.485,15.76,13.7757113007762,2061632,0,1
2015-08-11,15.57,15.5751,15.4401,15.55,13.5921516958801,1092352,0,1
2015-08-12,15.62,15.695,15.39,15.5,13.5484470280477,1831901,0,1
2015-08-13,15.44,15.45,15.36,15.43,13.4872604930823,1304373,0,1
2015-08-14,15.39,15.47,15.33,15.33,13.3998511574175,876075,0,1
2015-08-17,15.37,15.4,15.27,15.27,13.3474055560186,1824407,0,1
2015-08-18,15.17,15.24,15.11,15.19,13.2774780874868,1641335,0,1
2015-08-19,15.21,15.25,14.97,15.02,13.1288822168566,1718482,0,1
2015-08-20,15.16,15.18,15.02,15.06,13.1638459511225,4386192,0,1
2015-08-21,14.96,14.9668,14.77,14.81,12.9453226119604,2750650,0,1
2015-08-24,14.41,14.64,14.35,14.44,12.6219080700006,3776878,0,1
2015-08-25,14.68,14.71,14.47,14.5,12.6743536713995,3132688,0,1
2015-08-26,14.46,14.49,14.33,14.41,12.5956852693011,2180666,0,1
2015-08-27,14.6,14.96,14.55,14.93,13.0502138147582,2094792,0,1
2015-08-28,14.99,15.43,14.99,15.32,13.391110223851,6212793,0,1
2015-08-31,15.15,15.79,15,15.69,13.7145247658109,2227624,0,1
2015-09-01,15.49,15.525,15.1446,15.17,13.2599962203538,2494205,0,1
2015-09-02,15.36,15.37,14.98,15.3,13.3736283567181,3646344,0,1
2015-09-03,15.33,15.58,15.295,15.4,13.4610376923829,1687834,0,1
2015-09-04,15.31,15.36,15.1901,15.21,13.2949599546197,837725,0,1
2015-09-08,15.25,15.36,15.11,15.32,13.391110223851,1278573,0,1
2015-09-09,15.34,15.355,15.08,15.12,13.2162915525214,1918581,0,1
2015-09-10,15.13,15.3,15.1001,15.25,13.3299236888856,2398227,0,1
2015-09-11,15.12,15.3,14.99,15.23,13.3124418217527,1160175,0,1
2015-09-14,15.12,15.159,15.03,15.04,13.1463640839895,803955,0,1
2015-09-15,15.05,15.1,14.995,15.09,13.1900687518219,649245,0,1
2015-09-16,15.2,15.4,15.19,15.34,13.408592090984,1767008,0,1
2015-09-17,15.28,15.319,15.135,15.24,13.3211827553192,1326677,0,1
2015-09-18,15.12,15.15,14.93,15.01,13.1201412832901,1213718,0,1
2015-09-21,15.07,15.19,15.05,15.18,13.2687371539203,883555,0,1
2015-09-22,14.97,15.11,14.92,15.09,13.1900687518219,1021441,0,1
2015-09-23,15.19,15.29,14.96,14.97,13.0851775490241,1423666,0,1
2015-09-24,14.92,15.09,14.915,15.06,13.1638459511225,1711256,0,1
2015-09-25,15.11,15.2,15.0499,15.15,13.2425143532208,1286655,0,1
2015-09-28,15,15.05,14.9,14.94,13.0589547483247,1424195,0,1
2015-09-29,14.97,15.09,14.9501,15.04,13.1463640839895,1407473,0,1
2015-09-30,15.07,15.1937,15.05,15.15,13.2425143532208,1466331,0,1
2015-10-01,15.32,15.37,15.015,15.05,13.155105017556,2237871,0,1
2015-10-02,14.92,15.17,14.91,15.15,13.2425143532208,4613605,0,1
2015-10-05,15.31,15.36,15.28,15.35,13.4173330245505,1696136,0,1
2015-10-06,15.43,15.68,15.43,15.65,13.6795610315449,1805724,0,1
2015-10-07,15.79,15.82,15.55,15.62,13.6533382308455,1087664,0,1
2015-10-08,15.57,15.73,15.539,15.69,13.7145247658109,1294136,0,1
2015-10-09,15.8,15.86,15.69,15.76,13.7757113007762,2042909,0,1
2015-10-12,15.79,15.8,15.46,15.51,13.5571879616142,1072758,0,1
2015-10-13,15.39,15.55,15.3701,15.41,13.4697786259494,1571304,0,1
2015-10-14,15.44,15.48,15.34,15.45,13.5047423602153,1495321,0,1
2015-10-15,15.36,15.435,15.25,15.41,13.4697786259494,1624403,0,1
2015-10-16,15.45,15.47,15.28,15.42,13.4785195595158,1383386,0,1
2015-10-19,15.23,15.249,15.11,15.14,13.2337734196543,1160400,0,1
2015-10-20,15.105,15.214,15.08,15.17,13.2599962203538,1591223,0,1
2015-10-21,15.06,15.11,14.96,15.04,13.1463640839895,2500879,0,1
2015-10-22,15.15,15.21,15.04,15.09,13.1900687518219,1326864,0,1
2015-10-23,15.02,15.06,14.95,15,13.1114003497236,1363376,0,1
2015-10-26,14.99,15.0351,14.95,14.96,13.0764366154577,1226475,0,1
2015-10-27,14.89,14.95,14.86,14.89,13.0152500804923,1547054,0,1
2015-10-28,14.93,15.24,14.93,15.14,13.2337734196543,1690708,0,1
2015-10-29,15.08,15.1801,15.04,15.05,13.155105017556,1501309,0,1
2015-10-30,15.08,15.26,15.05,15.2,13.2862190210532,1446457,0,1
2015-11-02,15.1,15.18,15.07,15.12,13.2162915525214,2485489,0,1
2015-11-03,15.22,15.44,15.2,15.39,13.4522967588164,1988739,0,1
2015-11-04,15.38,15.44,15.11,15.13,13.2250324860879,1556920,0,1
2015-11-05,15.04,15.1,14.96,15.01,13.1201412832901,2661723,0,1
2015-11-06,14.91,14.96,14.84,14.92,13.0414728811917,786289,0,1
2015-11-09,14.9,14.92,14.75,14.79,12.9278407448275,2315496,0,1
2015-11-10,14.76,14.845,14.7,14.76,12.901617944128,1055975,0,1
2015-11-11,14.82,14.83,14.57,14.61,12.7705039406308,1133860,0,1
2015-11-12,14.44,14.55,14.38,14.4,12.5869443357346,1817348,0,1
2015-11-13,14.39,14.39,14.25,14.29,12.4907940665033,1517353,0,1
2015-11-16,14.23,14.37,14.12,14.36,12.5519806014687,1107774,0,1
2015-11-17,14.25,14.2799,14.14,14.14,12.3596800630061,1094820,0,1
2015-11-18,14.22,14.24,14.05,14.2,12.412125664405,1851031,0,1
2015-11-19,14.19,14.2699,14.1825,14.2,12.412125664405,2045773,0,1
2015-11-20,14.25,14.36,14.18,14.18,12.394643797272,2169472,0,1
2015-11-23,14.16,14.3699,14.16,14.29,12.4907940665033,3993559,0,1
2015-11-24,14.49,14.59,14.29,14.52,12.6918355385324,1308999,0,1
2015-11-25,14.4,14.5261,14.315,14.5,12.6743536713995,1427294,0,1
2015-11-27,14.35,14.4,14.23,14.28,12.4820531329369,1606839,0,1
2015-11-30,14.32,14.4,14.18,14.19,12.4033847308385,2975400,0,1
2015-12-01,14.3,14.41,14.25,14.35,12.5432396679022,2226174,0,1
2015-12-02,14.17,14.294,14.02,14.05,12.2810116609078,2108818,0,1
2015-12-03,14.11,14.35,14.06,14.21,12.4208665979715,2703411,0,1
2015-12-04,14.15,14.265,14.11,14.19,12.4033847308385,2145027,0,1
2015-12-07,14,14.04,13.76,13.78,12.0450064546127,2197030,0,1
2015-12-08,13.67,13.834,13.65,13.71,11.9838199196474,3011136,0,1
2015-12-09,13.78,13.92,13.62,13.72,11.9925608532138,2688049,0,1
2015-12-10,13.68,13.7718,13.665,13.67,11.9488561853814,2076633,0,1
2015-12-11,13.64,13.708,13.49,13.53,11.8264831154507,4237899,0,1
2015-12-14,13.4,13.55,13.36,13.44,11.7478147133523,2631700,0,1
2015-12-15,13.48,13.6,13.41,13.41,11.7215919126529,2862829,0,1
2015-12-16,13.36,13.42,13.275,13.35,11.669146311254,3436926,0,1
2015-12-17,13.29,13.3,13.18,13.21,11.5467732413232,8948480,0,1
2015-12-18,13.26,13.4435,13.26,13.27,11.5992188427221,2764153,0,1
2015-12-21,13.2,13.2999,13.16,13.21,11.5467732413232,4462255,0,1
2015-12-22,13.22,13.26,13.1299,13.15,11.4943276399243,3484305,0,1
2015-12-23,13.26,13.42,13.25,13.39,11.7041100455199,5518153,0,1
2015-12-24,13.45,13.47,13.39,13.39,11.7041100455199,1391689,0,1
2015-12-28,13.25,13.3,13.1779,13.2,11.5380323077568,2958906,0,1
2015-12-29,13.38,13.46,13.37,13.42,11.7303328462194,5314700,0,1
2015-12-30,13.31,13.34,13.24,13.29,11.6167007098551,3190170,0,1
2015-12-31,13.22,13.49,13.22,13.36,11.6778872448205,2373178,0,1
2016-01-04,13.42,13.51,13.1878,13.26,11.5904779091557,2307559,0,1
2016-01-05,13.22,13.25,13.13,13.13,11.4768457727914,1210003,0,1
2016-01-06,12.96,13.06,12.88,12.92,11.2932861678952,2668634,0,1
2016-01-07,12.79,12.984,12.76,12.86,11.2408405664964,10692400,0,1
2016-01-08,12.87,12.88,12.76,12.8,11.1883949650975,2809649,0,1
2016-01-11,12.73,12.92,12.44,12.45,10.8824622902706,2629099,0,1
2016-01-12,12.51,12.54,12.26,12.37,10.8125348217387,2398288,0,1
2016-01-13,12.41,12.47,12.24,12.3,10.7513482867733,2554217,0,1
2016-01-14,12.26,12.36,12.21,12.33,10.7775710874728,1813099,0,1
2016-01-15,12.13,12.19,12.03,12.065,10.545936347961,1963468,0,1
2016-01-19,12.09,12.1163,11.95,11.97,10.4628974790794,3776801,0,1
2016-01-20,11.85,11.91,11.7,11.88,10.3842290769811,2219121,0,1
2016-01-21,11.79,12.11,11.7801,12.04,10.5240840140448,2564094,0,1
2016-01-22,12.31,12.41,12.2531,12.4,10.8387576224382,1994486,0,1
2016-01-25,12.28,12.37,12.12,12.13,10.6027524161431,1983060,0,1
2016-01-26,12.25,12.53,12.24,12.37,10.8125348217387,2018593,0,1
2016-01-27,12.37,12.61,12.29,12.52,10.943648825236,1485174,0,1
2016-01-28,12.72,12.77,12.55,12.66,11.0660218951667,1943231,0,1
2016-01-29,12.71,12.82,12.61,12.78,11.1709130979645,2920583,0,1
2016-02-01,12.63,12.66,12.502,12.54,10.9611306923689,1724621,0,1
2016-02-02,12.3,12.4,12.23,12.32,10.7688301539063,5602483,0,1
2016-02-03,12.48,12.64,12.311,12.63,11.0397990944673,3106627,0,1
2016-02-04,12.73,12.79,12.56,12.61,11.0223172273343,2606409,0,1
2016-02-05,12.58,12.63,12.48,12.53,10.9523897588024,1709196,0,1
2016-02-08,12.59,12.615,12.46,12.47,10.8999441574035,1685762,0,1
2016-02-09,12.37,12.425,12.1,12.15,10.6202342832761,2762879,0,1
2016-02-10,12.14,12.28,12.1049,12.17,10.6377161504091,3157085,0,1
2016-02-11,12.18,12.34,12.15,12.32,10.7688301539063,1966679,0,1
2016-02-12,12.38,12.57,12.34,12.5,10.926166958103,3251397,0,1
2016-02-16,12.55,12.55,12.32,12.36,10.8037938881722,3558856,0,1
2016-02-17,12.41,12.67,12.39,12.62,11.0310581609008,1704303,0,1
2016-02-18,12.7,12.71,12.52,12.55,10.9698716259354,2005534,0,1
2016-02-19,12.47,12.48,12.38,12.44,10.8737213567041,835454,0,1
2016-02-22,12.57,12.65,12.57,12.63,11.0397990944673,719034,0,1
2016-02-23,12.58,12.58,12.4,12.46,10.8912032238371,1496750,0,1
2016-02-24,12.37,12.665,12.36,12.62,11.0310581609008,2438942,0,1
2016-02-25,12.57,12.7,12.445,12.61,11.0223172273343,3589434,0,1
2016-02-26,12.78,12.81,12.55,12.59,11.0048353602013,1686545,0,1
2016-02-29,12.66,12.76,12.62,12.75,11.144690297265,1813965,0,1
2016-03-01,12.74,12.8,12.645,12.76,11.1534312308315,2144553,0,1
2016-03-02,12.73,12.87,12.7,12.83,11.2146177657969,4519730,0,1
2016-03-03,12.79,12.9199,12.76,12.9,11.2758043007623,1597034,0,1
2016-03-04,12.96,13.16,12.94,13.15,11.4943276399243,2063861,0,1
2016-03-07,13.2,13.43,13.17,13.39,11.7041100455199,2785526,0,1
2016-03-08,13.39,13.39,13.21,13.21,11.5467732413232,2116396,0,1
2016-03-09,13.3,13.43,13.27,13.41,11.7215919126529,2552678,0,1
2016-03-10,13.33,13.43,13.285,13.39,11.7041100455199,2836660,0,1
2016-03-11,13.5,13.53,13.4,13.44,11.7478147133523,1010876,0,1
2016-03-14,13.34,13.35,13.23,13.32,11.6429235105545,1062867,0,1
2016-03-15,13.25,13.25,13.13,13.21,11.5467732413232,1619163,0,1
2016-03-16,13.24,13.45,13.24,13.44,11.7478147133523,2430959,0,1
2016-03-17,13.52,13.62,13.48,13.59,11.8789287168496,1000439,0,1
2016-03-18,13.63,13.68,13.525,13.58,11.8701877832831,1791070,0,1
2016-03-21,13.57,13.64,13.51,13.62,11.905151517549,9810500,0,1
2016-03-22,13.61,13.73,13.59,13.72,11.9925608532138,1498785,0,1
2016-03-23,13.53,13.56,13.41,13.43,11.7390737797859,3167112,0,1
2016-03-24,13.24,13.41,13.23,13.35,11.669146311254,1838669,0,1
2016-03-28,13.35,13.3999,13.301,13.39,11.7041100455199,1000269,0,1
2016-03-29,13.26,13.37,13.21,13.36,11.6778872448205,2303626,0,1
2016-03-30,13.45,13.51,13.3,13.31,11.6341825769881,1336090,0,1
2016-03-31,13.3,13.41,13.27,13.29,11.6167007098551,3581737,0,1
2016-04-01,13.07,13.13,13.02,13.06,11.415659237826,1170772,0,1
2016-04-04,13,13.08,12.86,12.88,11.2583224336293,4662333,0,1
2016-04-05,12.86,12.87,12.78,12.85,11.2320996329299,1832986,0,1
2016-04-06,12.86,13.04,12.82,12.99,11.3544727028606,4849547,0,1
2016-04-07,12.96,12.99,12.855,12.95,11.3195089685947,1046189,0,1
2016-04-08,13.18,13.3,13.14,13.26,11.5904779091557,1298817,0,1
2016-04-11,13.29,13.39,13.29,13.36,11.6778872448205,1763810,0,1
2016-04-12,13.49,13.7,13.46,13.65,11.9313743182485,2560067,0,1
2016-04-13,13.68,13.77,13.645,13.72,11.9925608532138,1907918,0,1
2016-04-14,13.71,13.7243,13.59,13.61,11.8964105839825,1084591,0,1
2016-04-15,13.49,13.6099,13.41,13.56,11.8527059161501,879415,0,1
2016-04-18,13.41,13.675,13.375,13.62,11.905151517549,1204652,0,1
2016-04-19,13.76,13.94,13.74,13.91,12.158638590977,2226968,0,1
2016-04-20,13.85,14.24,13.823,14.18,12.394643797272,2408153,0,1
2016-04-21,14.26,14.26,14.04,14.12,12.3421981958731,2701963,0,1
2016-04-22,14.15,14.27,14.025,14.06,12.2897525944742,2134911,0,1
2016-04-25,14.08,14.15,14.01,14.05,12.2810116609078,1574188,0,1
2016-04-26,14.11,14.25,14.07,14.23,12.4383484651044,1528322,0,1
2016-04-27,14.32,14.39,14.13,14.36,12.5519806014687,1682622,0,1
2016-04-28,14.37,14.51,14.345,14.44,12.6219080700006,1944179,0,1
2016-04-29,14.6,14.63,14.475,14.58,12.7442811399313,8719280,0,1
2016-05-02,14.52,14.52,14.35,14.38,12.5694624686017,6749044,0,1
2016-05-03,14.29,14.2958,14.09,14.16,12.3771619301391,2723550,0,1
2016-05-04,14.24,14.32,14.06,14.17,12.3859028637055,2021196,0,1
2016-05-05,14.34,14.34,13.96,14.03,12.2635297937748,1184157,0,1
2016-05-06,14,14.24,13.97,14.12,12.3421981958731,6854168,0,1
2016-05-09,13.96,13.99,13.8,13.81,12.0712292553122,2163340,0,1
2016-05-10,13.92,14.18,13.92,14.15,12.3684209965726,1420899,0,1
2016-05-11,14.21,14.5,14.16,14.48,12.6568718042665,1851090,0,1
2016-05-12,14.53,14.53,14.32,14.5,12.6743536713995,1270674,0,1
2016-05-13,14.41,14.51,14.38,14.48,12.6568718042665,1550842,0,1
2016-05-16,14.62,14.69,14.58,14.64,12.7967267413302,3273513,0,1
2016-05-17,14.63,14.77,14.6167,14.75,12.8928770105615,1425240,0,1
2016-05-18,14.65,14.82,14.62,14.64,12.7967267413302,1987253,0,1
2016-05-19,14.49,14.6199,14.3999,14.6,12.7617630070643,5004334,0,1
2016-05-20,14.68,14.74,14.57,14.66,12.8142086084632,3424840,0,1
2016-05-23,14.49,14.61,14.48,14.58,12.7442811399313,1290225,0,1
2016-05-24,14.53,14.69,14.53,14.58,12.7442811399313,964187,0,1
2016-05-25,14.62,14.76,14.6,14.75,12.8928770105615,1638538,0,1
2016-05-26,14.83,14.85,14.67,14.74,12.884136076995,1422519,0,1
2016-05-27,14.71,14.8299,14.67,14.8,12.9365816783939,1472520,0,1
2016-05-31,14.81,14.89,14.7,14.71,12.8579132762956,10014960,0,1
2016-06-01,14.6,14.86,14.58,14.86,12.9890272797928,3179177,0,1
2016-06-02,14.79,14.99,14.76,14.89,13.0152500804923,6854413,0,1
2016-06-03,15.01,15.02,14.91,14.99,13.1026594161571,2211324,0,1
2016-06-06,15.14,15.2,15.0899,15.17,13.2599962203538,2936937,0,1
2016-06-07,15.19,15.32,15.18,15.32,13.391110223851,1394192,0,1
2016-06-08,15.5,15.59,15.471,15.58,13.6183744965796,2748203,0,1
2016-06-09,15.44,15.57,15.42,15.55,13.5921516958801,3062151,0,1
2016-06-10,15.43,15.4768,15.34,15.36,13.426073958117,2965654,0,1
2016-06-13,15.35,15.46,15.32,15.36,13.426073958117,1594553,0,1
2016-06-14,15.25,15.31,15.18,15.26,13.3386646224521,1276513,0,1
2016-06-15,15.24,15.32,15.14,15.18,13.2687371539203,1829775,0,1
2016-06-16,15.15,15.15,14.89,14.92,13.0414728811917,1836490,0,1
2016-06-17,15.14,15.29,15.1101,15.27,13.3474055560186,2476254,0,1
2016-06-20,15.32,15.46,15.29,15.41,13.4697786259494,1654100,0,1
2016-06-21,15.28,15.33,15.195,15.29,13.3648874231516,1550514,0,1
2016-06-22,15.36,15.4,15.144,15.2,13.2862190210532,2251125,0,1
2016-06-23,15.25,15.33,15.17,15.32,13.391110223851,1561522,0,1
2016-06-24,14.93,15.06,14.93,15.01,13.1201412832901,1582991,0,1
2016-06-27,15,15,14.85,14.98,13.0939184825906,2276948,0,1
2016-06-28,15.19,15.2201,15.07,15.22,13.3037008881862,1645774,0,1
2016-06-29,15.32,15.52,15.28,15.44,13.4960014266488,1671011,0,1
2016-06-30,15.36,15.44,15.26,15.35,13.4173330245505,2216115,0,1
2016-07-01,15.36,15.55,15.33,15.54,13.5834107623136,3913561,0,1
2016-07-05,15.55,15.55,15,15.1,13.1988096853884,4526763,0,1
2016-07-06,14.94,15.1701,14.9,15.16,13.2512552867873,2535348,0,1
2016-07-07,15.25,15.27,14.69,14.73,12.8753951434286,3347877,0,1
2016-07-08,14.82,14.9,14.765,14.88,13.0065091469258,1516755,0,1
2016-07-11,14.99,15,14.82,14.82,12.9540635455269,1756835,0,1
2016-07-12,15.04,15.14,14.9401,15.1,13.1988096853884,1414892,0,1
2016-07-13,15.13,15.2,14.85,14.91,13.0327319476252,2742579,0,1
2016-07-14,15.03,15.06,14.9441,14.97,13.0851775490241,1644964,0,1
2016-07-15,14.97,15.03,14.91,14.93,13.0502138147582,1406839,0,1
2016-07-18,14.8,14.89,14.75,14.86,12.9890272797928,1465052,0,1
2016-07-19,14.84,14.855,14.7501,14.77,12.9103588776945,854286,0,1
2016-07-20,14.61,14.7684,14.58,14.67,12.8229495420297,1813094,0,1
2016-07-21,14.72,14.73,14.59,14.59,12.7530220734978,1309034,0,1
2016-07-22,14.55,14.58,14.45,14.56,12.7267992727984,1728287,0,1
2016-07-25,14.46,14.47,14.38,14.4,12.5869443357346,1248359,0,1
2016-07-26,14.37,14.41,14.32,14.34,12.5344987343357,1451602,0,1
2016-07-27,14.36,14.419,14.15,14.2,12.412125664405,2628932,0,1
2016-07-28,14.22,14.25,14.1301,14.16,12.3771619301391,1234980,0,1
2016-07-29,14.14,14.31,14.1,14.28,12.4820531329369,3017350,0,1
2016-08-01,14.16,14.19,14.0036,14.03,12.2635297937748,4540620,0,1
2016-08-02,14.18,14.23,13.96,14.01,12.2460479266418,3700342,0,1
2016-08-03,14.04,14.24,13.98,14.24,12.4470893986709,2559565,0,1
2016-08-04,14.14,14.355,14.09,14.3,12.4995350000698,1414638,0,1
2016-08-05,14.3,14.36,14.23,14.36,12.5519806014687,2201449,0,1
2016-08-08,14.45,14.52,14.43,14.44,12.6219080700006,2999929,0,1
2016-08-09,14.49,14.545,14.385,14.4,12.5869443357346,1660337,0,1
2016-08-10,14.48,14.55,14.23,14.23,12.4383484651044,2213194,0,1
2016-08-11,14.32,14.54,14.29,14.45,12.6306490035671,1959253,0,1
2016-08-12,14.49,14.59,14.46,14.56,12.7267992727984,1653703,0,1
2016-08-15,14.65,14.81,14.64,14.8,12.9365816783939,1281782,0,1
2016-08-16,14.82,14.94,14.765,14.92,13.0414728811917,3543353,0,1
2016-08-17,14.91,15,14.815,14.98,13.0939184825906,2806720,0,1
2016-08-18,15.05,15.2,15.0399,15.17,13.2599962203538,1961535,0,1
2016-08-19,15.11,15.15,15.04,15.12,13.2162915525214,1215368,0,1
2016-08-22,14.99,15.04,14.944,14.98,13.0939184825906,931685,0,1
2016-08-23,14.89,15.09,14.865,15.04,13.1463640839895,934033,0,1
2016-08-24,14.97,15.01,14.815,14.86,12.9890272797928,1471723,0,1
2016-08-25,14.88,14.925,14.84,14.92,13.0414728811917,694634,0,1
2016-08-26,14.91,15.0899,14.82,14.87,12.9977682133593,808527,0,1
2016-08-29,14.82,14.84,14.78,14.81,12.9453226119604,841680,0,1
2016-08-30,14.79,14.82,14.6373,14.67,12.8229495420297,1382281,0,1
2016-08-31,14.55,14.6,14.35,14.39,12.5782034021682,13259509,0,1
2016-09-01,14.3,14.33,14.18,14.23,12.4383484651044,2226954,0,1
2016-09-02,14.38,14.44,14.35,14.39,12.5782034021682,3184424,0,1
2016-09-06,14.37,14.51,14.325,14.49,12.665612737833,1680225,0,1
2016-09-07,14.59,14.63,14.5,14.62,12.7792448741973,1148473,0,1
2016-09-08,14.71,14.925,14.64,14.88,13.0065091469258,2248198,0,1
2016-09-09,14.76,14.78,14.625,14.65,12.8054676748967,2073164,0,1
2016-09-12,14.52,14.72,14.49,14.65,12.8054676748967,2022187,0,1
2016-09-13,14.57,14.63,14.44,14.46,12.6393899371335,1215538,0,1
2016-09-14,14.39,14.51,14.335,14.35,12.5432396679022,1505157,0,1
2016-09-15,14.39,14.49,14.33,14.42,12.6044262028676,1056152,0,1
2016-09-16,14.33,14.46,14.33,14.44,12.6219080700006,977827,0,1
2016-09-19,14.48,14.575,14.43,14.43,12.6131671364341,2235422,0,1
2016-09-20,14.37,14.55,14.36,14.48,12.6568718042665,1666737,0,1
2016-09-21,14.6,14.67,14.55,14.66,12.8142086084632,1457681,0,1
2016-09-22,14.8,14.8263,14.7143,14.74,12.884136076995,950566,0,1
2016-09-23,14.74,14.789,14.52,14.57,12.7355402063648,1551808,0,1
2016-09-26,14.65,14.79,14.63,14.67,12.8229495420297,1043909,0,1
2016-09-27,14.52,14.6,14.47,14.53,12.7005764720989,1133976,0,1
2016-09-28,14.6,14.94,14.52,14.87,12.9977682133593,2413802,0,1
2016-09-29,14.9,15.04,14.87,14.96,13.0764366154577,1276937,0,1
2016-09-30,15.01,15.04,14.95,15.01,13.1201412832901,1924025,0,1
2016-10-03,15.03,15.165,14.9401,15.14,13.2337734196543,4734534,0,1
2016-10-04,15.17,15.18,15.08,15.1,13.1988096853884,1430624,0,1
2016-10-05,15.22,15.24,15.12,15.19,13.2774780874868,4075497,0,1
2016-10-06,15.2,15.23,15.14,15.22,13.3037008881862,1460074,0,1
2016-10-07,15.26,15.29,15.12,15.18,13.2687371539203,1358428,0,1
2016-10-10,15.3,15.41,15.27,15.35,13.4173330245505,1547945,0,1
2016-10-11,15.32,15.335,15.2,15.26,13.3386646224521,2989772,0,1
2016-10-12,15.18,15.22,15.135,15.15,13.2425143532208,3655832,0,1
2016-10-13,15.13,15.28,15.07,15.25,13.3299236888856,1197727,0,1
2016-10-14,15.25,15.2838,15.21,15.26,13.3386646224521,1170069,0,1
2016-10-17,15.25,15.28,15.155,15.28,13.3561464895851,2010522,0,1
2016-10-18,15.35,15.36,15.25,15.31,13.3823692902845,786539,0,1
2016-10-19,15.33,15.45,15.33,15.41,13.4697786259494,2279542,0,1
2016-10-20,15.26,15.312,15.193,15.27,13.3474055560186,1212886,0,1
2016-10-21,15.25,15.33,15.21,15.33,13.3998511574175,1034084,0,1
2016-10-24,15.33,15.35,15.19,15.34,13.408592090984,1957219,0,1
2016-10-25,15.33,15.37,15.26,15.27,13.3474055560186,1372440,0,1
2016-10-26,15.16,15.27,15.1337,15.17,13.2599962203538,1892225,0,1
2016-10-27,15.25,15.3,15.1835,15.26,13.3386646224521,1052448,0,1
2016-10-28,15.2,15.28,15.125,15.16,13.2512552867873,1447797,0,1
2016-10-31,15.1,15.1239,14.94,14.96,13.0764366154577,3300305,0,1
2016-11-01,15.17,15.18,14.961,15.03,13.137623150423,4391042,0,1
2016-11-02,14.91,14.94,14.3,14.85,12.9802863462264,3264598,0,1
2016-11-03,14.85,14.895,14.755,14.8,12.9365816783939,1884970,0,1
2016-11-04,14.67,14.7742,14.62,14.7,12.8491723427291,1725065,0,1
2016-11-07,14.75,14.77,14.64,14.76,12.901617944128,8293239,0,1
2016-11-08,14.65,14.82,14.65,14.74,12.884136076995,1254181,0,1
2016-11-09,14.79,14.88,14.68,14.81,12.9453226119604,3111208,0,1
2016-11-10,14.74,14.78,14.68,14.69,12.8404314091626,1535089,0,1
2016-11-11,14.58,14.63,14.4,14.41,12.5956852693011,1701755,0,1
2016-11-14,14.4,14.42,14.27,14.38,12.5694624686017,3068360,0,1
2016-11-15,14.49,14.715,14.49,14.7,12.8491723427291,4373257,0,1
2016-11-16,14.63,14.67,14.51,14.52,12.6918355385324,2186012,0,1
2016-11-17,14.66,14.7,14.53,14.55,12.7180583392319,1104125,0,1
2016-11-18,14.63,14.67,14.52,14.67,12.8229495420297,1603766,0,1
2016-11-21,14.89,15.08,14.89,15.08,13.1813278182554,10376262,0,1
2016-11-22,15.1,15.16,14.97,15.06,13.1638459511225,2566423,0,1
2016-11-23,15,15.15,14.98,15.12,13.2162915525214,1863559,0,1
2016-11-25,15.07,15.08,14.935,15.01,13.1201412832901,2590914,0,1
2016-11-28,15.09,15.21,15.06,15.06,13.1638459511225,2835597,0,1
2016-11-29,14.84,14.8562,14.71,14.76,12.901617944128,6781684,0,1
2016-11-30,15.03,15.35,15.03,15.21,13.2949599546197,5383671,0,1
2016-12-01,15.46,15.6,15.42,15.49,13.5397060944812,3661810,0,1
2016-12-02,15.52,15.63,15.52,15.6,13.6358563637125,2360493,0,1
2016-12-05,15.73,15.78,15.67,15.68,13.7057838322444,3254713,0,1
2016-12-06,15.63,15.7,15.5936,15.61,13.644597297279,1398107,0,1
2016-12-07,15.6,15.6399,15.49,15.49,13.5397060944812,1842289,0,1
2016-12-08,15.5,15.55,15.4,15.52,13.5659288951807,1692990,0,1
2016-12-09,15.6,15.61,15.53,15.6,13.6358563637125,2500597,0,1
2016-12-12,15.82,15.88,15.675,15.7,13.7232656993774,2873355,0,1
2016-12-13,15.8,15.81,15.663,15.74,13.7582294336433,1381310,0,1
2016-12-14,15.7,15.81,15.57,15.59,13.627115430146,3129194,0,1
2016-12-15,15.46,15.62,15.43,15.57,13.6096335630131,1580547,0,1
2016-12-16,15.61,15.6565,15.5523,15.64,13.6708200979785,1148903,0,1
2016-12-19,15.62,15.73,15.515,15.55,13.5921516958801,1565667,0,1
2016-12-20,15.62,15.63,15.54,15.62,13.6533382308455,2103516,0,1
2016-12-21,15.63,15.64,15.5,15.53,13.5746698287472,4886523,0,1
2016-12-22,15.52,15.6099,15.51,15.51,13.5571879616142,3033765,0,1
2016-12-23,15.5,15.58,15.5,15.54,13.5834107623136,1265417,0,1
2016-12-27,15.66,15.82,15.66,15.78,13.7931931679092,1303612,0,1
2016-12-28,15.78,15.85,15.77,15.79,13.8019341014757,1603200,0,1
2016-12-29,15.81,15.89,15.7831,15.81,13.8194159686087,1197987,0,1
2016-12-30,15.82,15.85,15.79,15.84,13.8456387693081,1623382,0,1
2017-01-03,15.97,15.98,15.585,15.65,13.6795610315449,5935170,0,1
2017-01-04,15.66,15.8,15.61,15.77,13.7844522343427,3281478,0,1
2017-01-05,15.84,15.92,15.7,15.85,13.8543797028746,28475941,0,1
2017-01-06,15.85,15.89,15.75,15.83,13.8368978357416,2782087,0,1
2017-01-09,15.71,15.71,15.56,15.59,13.627115430146,3365965,0,1
2017-01-10,15.66,15.7,15.51,15.52,13.5659288951807,1915147,0,1
2017-01-11,15.63,15.77,15.49,15.69,13.7145247658109,2711922,0,1
2017-01-12,15.83,15.989,15.83,15.92,13.91556623784,1752715,0,1
2017-01-13,15.85,15.91,15.8201,15.89,13.8893434371405,1240969,0,1
2017-01-17,16.06,16.08,15.88,15.88,13.880602503574,2168075,0,1
2017-01-18,15.8,15.88,15.67,15.74,13.7582294336433,1570600,0,1
2017-01-19,15.77,15.7999,15.69,15.69,13.7145247658109,2495886,0,1
2017-01-20,15.89,15.9377,15.71,15.87,13.8718615700076,1780932,0,1
2017-01-23,15.77,15.91,15.76,15.87,13.8718615700076,1390745,0,1
2017-01-24,15.95,15.98,15.89,15.91,13.9068253042735,2219182,0,1
2017-01-25,15.8,15.88,15.765,15.81,13.8194159686087,1724204,0,1
2017-01-26,15.89,15.96,15.87,15.88,13.880602503574,2201365,0,1
2017-01-27,15.9,15.9,15.69,15.75,13.7669703672098,1835637,0,1
2017-01-30,15.68,15.69,15.62,15.66,13.6883019651114,4275017,0,1
2017-01-31,15.78,15.84,15.7,15.75,13.7669703672098,14620186,0,1
2017-02-01,15.8,15.95,15.76,15.92,13.91556623784,4732012,0,1
2017-02-02,15.97,15.98,15.87,15.92,13.91556623784,3617149,0,1
2017-02-03,15.85,15.95,15.82,15.91,13.9068253042735,2433534,0,1
2017-02-06,15.91,15.935,15.78,15.81,13.8194159686087,2332827,0,1
2017-02-07,15.69,15.75,15.67,15.74,13.7582294336433,2026529,0,1
2017-02-08,15.75,15.8354,15.685,15.8,13.8106750350422,2314612,0,1
2017-02-09,15.91,15.91,15.82,15.88,13.880602503574,1669716,0,1
2017-02-10,16.01,16.07,15.98,16.05,14.0291983742042,2768614,0,1
2017-02-13,15.9,15.91,15.84,15.87,13.8718615700076,1122521,0,1
2017-02-14,15.97,15.99,15.84,15.89,13.8893434371405,1679740,0,1
2017-02-15,15.87,15.9599,15.84,15.91,13.9068253042735,1350379,0,1
2017-02-16,15.91,15.94,15.79,15.81,13.8194159686087,1300268,0,1
2017-02-17,15.71,15.785,15.69,15.78,13.7931931679092,2265544,0,1
2017-02-21,15.85,15.88,15.73,15.76,13.7757113007762,1838678,0,1
2017-02-22,15.69,15.7,15.65,15.68,13.7057838322444,2480686,0,1
2017-02-23,15.83,15.84,15.69,15.73,13.7494885000768,2209653,0,1
2017-02-24,15.74,15.74,15.655,15.7,13.7232656993774,1371642,0,1
2017-02-27,15.72,15.74,15.65,15.66,13.6883019651114,1914255,0,1
2017-02-28,15.63,15.73,15.6,15.72,13.7407475665103,2321025,0,1
2017-03-01,15.81,15.85,15.75,15.79,13.8019341014757,2324044,0,1
2017-03-02,15.62,15.65,15.53,15.54,13.5834107623136,1381236,0,1
2017-03-03,15.56,15.63,15.53,15.62,13.6533382308455,1805581,0,1
2017-03-06,15.69,15.6966,15.6,15.6,13.6358563637125,1297766,0,1
2017-03-07,15.64,15.64,15.52,15.53,13.5746698287472,1468045,0,1
2017-03-08,15.48,15.545,15.15,15.18,13.2687371539203,4012228,0,1
2017-03-09,15.13,15.1499,14.93,15.05,13.155105017556,4657754,0,1
2017-03-10,15.05,15.08,14.87,14.91,13.0327319476252,4163741,0,1
2017-03-13,14.92,14.965,14.86,14.89,13.0152500804923,2701206,0,1
2017-03-14,14.78,14.85,14.7,14.83,12.9628044790934,2946350,0,1
2017-03-15,14.92,14.99,14.87,14.96,13.0764366154577,3442653,0,1
2017-03-16,15.02,15.02,14.93,14.94,13.0589547483247,2088325,0,1
2017-03-17,15,15.02,14.94,14.99,13.1026594161571,1161788,0,1
2017-03-20,14.96,15.04,14.94,14.9817,13.0954044412969,2166405,0,1
2017-03-21,15.02,15.06,14.89,14.9,13.0239910140588,1882036,0,1
2017-03-22,14.86,14.935,14.77,14.89,13.0152500804923,1921486,0,1
2017-03-23,14.87,14.89,14.82,14.86,12.9890272797928,1511520,0,1
2017-03-24,14.9,14.92,14.86,14.91,13.0327319476252,1372420,0,1
2017-03-27,14.81,14.9,14.77,14.89,13.0152500804923,2123961,0,1
2017-03-28,14.96,15.06,14.95,14.98,13.0939184825906,1713273,0,1
2017-03-29,15.04,15.14,15.02,15.12,13.2162915525214,2552967,0,1
2017-03-30,15.16,15.22,15.1202,15.18,13.2687371539203,1325058,0,1
2017-03-31,15.15,15.25,15.14,15.21,13.2949599546197,3000072,0,1
2017-04-03,15.25,15.27,15.14,15.15,13.2425143532208,4604322,0,1
2017-04-04,15.23,15.32,15.15,15.3,13.3736283567181,4604387,0,1
2017-04-05,15.47,15.47,15.31,15.33,13.3998511574175,4604593,0,1
2017-04-06,15.4,15.44,15.37,15.37,13.4348148916834,2856183,0,1
2017-04-07,15.42,15.47,15.39,15.41,13.4697786259494,6227130,0,1
2017-04-10,15.48,15.53,15.45,15.53,13.5746698287472,945755,0,1
2017-04-11,15.52,15.59,15.4401,15.56,13.6008926294466,1391664,0,1
2017-04-12,15.56,15.64,15.52,15.56,13.6008926294466,1429337,0,1
2017-04-13,15.63,15.65,15.56,15.61,13.644597297279,2122972,0,1
2017-04-17,15.61,15.63,15.52,15.52,13.5659288951807,1866010,0,1
2017-04-18,15.44,15.4899,15.35,15.46,13.5134832937818,1462969,0,1
2017-04-19,15.47,15.48,15.13,15.19,13.2774780874868,2094492,0,1
2017-04-20,15.22,15.235,15.11,15.13,13.2250324860879,1847358,0,1
2017-04-21,15.15,15.15,14.95,14.98,13.0939184825906,1585084,0,1
2017-04-24,14.97,14.97,14.89,14.93,13.0502138147582,1767648,0,1
2017-04-25,14.89,15.01,14.855,15,13.1114003497236,1586409,0,1
2017-04-26,14.94,15.046,14.9,14.92,13.0414728811917,5213778,0,1
2017-04-27,14.8,14.84,14.71,14.84,12.9715454126599,919028,0,1
2017-04-28,14.87,14.905,14.78,14.8,12.9365816783939,2065889,0,1
2017-05-01,14.81,14.89,14.8025,14.83,12.9628044790934,3598660,0,1
2017-05-02,14.82,14.8399,14.63,14.67,12.8229495420297,3161977,0,1
2017-05-03,14.7,14.7,14.57,14.61,12.7705039406308,2146443,0,1
2017-05-04,14.46,14.4727,14.24,14.26,12.4645712658039,3352873,0,1
2017-05-05,14.32,14.49,14.31,14.46,12.6393899371335,2436220,0,1
2017-05-08,14.39,14.455,14.32,14.4,12.5869443357346,1583092,0,1
2017-05-09,14.43,14.4399,14.3065,14.33,12.5257578007693,1472964,0,1
2017-05-10,14.43,14.6,14.42,14.56,12.7267992727984,2232071,0,1
2017-05-11,14.63,14.6693,14.5887,14.62,12.7792448741973,1312198,0,1
2017-05-12,14.66,14.66,14.58,14.62,12.7792448741973,788714,0,1
2017-05-15,14.83,14.83,14.69,14.7,12.8491723427291,893761,0,1
2017-05-16,14.77,14.79,14.72,14.72,12.8666542098621,755684,0,1
2017-05-17,14.81,14.88,14.75,14.82,12.9540635455269,3215022,0,1
2017-05-18,14.72,14.85,14.6801,14.78,12.919099811261,841738,0,1
2017-05-19,14.96,15.07,14.95,15.07,13.172586884689,736627,0,1
2017-05-22,15.15,15.21,15.14,15.17,13.2599962203538,1975353,0,1
2017-05-23,15.17,15.1826,15.09,15.12,13.2162915525214,1361183,0,1
2017-05-24,15.08,15.14,15.03,15.09,13.1900687518219,1150897,0,1
2017-05-25,15.05,15.095,14.74,14.76,12.901617944128,1306361,0,1
2017-05-26,14.8,14.89,14.78,14.87,12.9977682133593,1106224,0,1
2017-05-30,14.74,14.8,14.7,14.75,12.8928770105615,2592972,0,1
2017-05-31,14.61,14.635,14.515,14.59,12.7530220734978,2029202,0,1
2017-06-01,14.59,14.61,14.48,14.49,12.665612737833,2487408,0,1
2017-06-02,14.42,14.47,14.36,14.42,12.6044262028676,1460636,0,1
2017-06-05,14.34,14.37,14.29,14.34,12.5344987343357,1512718,0,1
2017-06-06,14.32,14.45,14.3,14.44,12.6219080700006,1064098,0,1
2017-06-07,14.4,14.44,14.2065,14.24,12.4470893986709,1661839,0,1
2017-06-08,14.23,14.31,14.22,14.24,12.4470893986709,1348112,0,1
2017-06-09,14.27,14.36,14.26,14.32,12.5170168672028,1205953,0,1
2017-06-12,14.33,14.37,14.19,14.19,12.4033847308385,2584098,0,1
2017-06-13,14.2,14.27,14.145,14.25,12.4558303322374,890102,0,1
2017-06-14,14.23,14.28,14,14,12.2373069930753,1195785,0,1
2017-06-15,13.98,14.06,13.96,14.06,12.2897525944742,1042920,0,1
2017-06-16,14.13,14.14,14.08,14.12,12.3421981958731,1476493,0,1
2017-06-19,14.11,14.15,14,14.03,12.2635297937748,957738,0,1
2017-06-20,13.9,13.92,13.82,13.89,12.141156723844,1559774,0,1
2017-06-21,13.93,13.98,13.69,13.74,12.0100427203468,2879365,0,1
2017-06-22,13.79,13.86,13.75,13.76,12.0275245874798,1305734,0,1
2017-06-23,13.77,13.8411,13.745,13.82,12.0799701888787,1874612,0,1
2017-06-26,13.81,13.8653,13.72,13.85,12.1061929895781,1566630,0,1
2017-06-27,13.88,14.06,13.88,14.01,12.2460479266418,1174935,0,1
2017-06-28,14.03,14.105,13.975,14.1,12.3247163287402,2204677,0,1
2017-06-29,14.18,14.265,14.15,14.16,12.3771619301391,893642,0,1
2017-06-30,14.24,14.4686,14.24,14.45,12.6306490035671,2047447,0,1
2017-07-03,14.51,14.64,14.5,14.6,12.7617630070643,3012984,0,1
2017-07-05,14.6,14.6,14.32,14.38,12.5694624686017,3157615,0,1
2017-07-06,14.42,14.53,14.37,14.39,12.5782034021682,3055890,0,1
2017-07-07,14.29,14.31,14.15,14.25,12.4558303322374,1950927,0,1
2017-07-10,14.23,14.3615,14.23,14.31,12.5082759336363,979544,0,1
2017-07-11,14.29,14.47,14.285,14.45,12.6306490035671,760035,0,1
2017-07-12,14.53,14.56,14.37,14.38,12.5694624686017,1252293,0,1
2017-07-13,14.38,14.44,14.3314,14.37,12.5607215350352,630027,0,1
2017-07-14,14.45,14.53,14.43,14.53,12.7005764720989,759025,0,1
2017-07-17,14.52,14.565,14.46,14.48,12.6568718042665,1141328,0,1
2017-07-18,14.61,14.64,14.51,14.54,12.7093174056654,858928,0,1
2017-07-19,14.6,14.7,14.6,14.67,12.8229495420297,825469,0,1
2017-07-20,14.74,14.77,14.63,14.65,12.8054676748967,1132107,0,1
2017-07-21,14.64,14.64,14.424,14.45,12.6306490035671,894819,0,1
2017-07-24,14.47,14.49,14.44,14.48,12.6568718042665,606693,0,1
2017-07-25,14.63,14.6699,14.57,14.64,12.7967267413302,722741,0,1
2017-07-26,14.65,14.79,14.63,14.78,12.919099811261,2389154,0,1
2017-07-27,14.85,14.895,14.81,14.87,12.9977682133593,1062202,0,1
2017-07-28,14.9,14.97,14.9,14.95,13.0676956818912,834849,0,1
2017-07-31,14.93,15.05,14.9,15.04,13.1463640839895,1109857,0,1
2017-08-01,14.95,14.95,14.7518,14.87,12.9977682133593,1041373,0,1
2017-08-02,14.9,14.93,14.8,14.9,13.0239910140588,2126640,0,1
2017-08-03,14.92,14.93,14.78,14.79,12.9278407448275,2187078,0,1
2017-08-04,14.81,14.85,14.74,14.82,12.9540635455269,1113208,0,1
2017-08-07,14.8,14.9,14.76,14.85,12.9802863462264,989405,0,1
2017-08-08,14.82,14.93,14.815,14.86,12.9890272797928,1113803,0,1
2017-08-09,14.92,14.97,14.8827,14.96,13.0764366154577,1013651,0,1
2017-08-10,15.03,15.03,14.73,14.73,12.8753951434286,2661385,0,1
2017-08-11,14.71,14.83,14.69,14.78,12.919099811261,1543240,0,1
2017-08-14,14.76,14.82,14.63,14.65,12.8054676748967,1346784,0,1
2017-08-15,14.54,14.59,14.5,14.58,12.7442811399313,840017,0,1
2017-08-16,14.64,14.69,14.54,14.54,12.7093174056654,2787693,0,1
2017-08-17,14.49,14.6,14.48,14.58,12.7442811399313,1782058,0,1
2017-08-18,14.63,14.85,14.58,14.84,12.9715454126599,1266346,0,1
2017-08-21,14.74,14.76,14.63,14.66,12.8142086084632,953937,0,1
2017-08-22,14.69,14.75,14.67,14.7,12.8491723427291,1118869,0,1
2017-08-23,14.72,14.83,14.69,14.83,12.9628044790934,1042039,0,1
2017-08-24,14.81,14.86,14.75,14.82,12.9540635455269,766225,0,1
2017-08-25,14.83,14.8517,14.73,14.79,12.9278407448275,564978,0,1
2017-08-28,14.84,14.86,14.73,14.8,12.9365816783939,925865,0,1
2017-08-29,14.76,14.83,14.76,14.8,12.9365816783939,712279,0,1
2017-08-30,14.78,14.815,14.66,14.69,12.8404314091626,831935,0,1
2017-08-31,14.79,15.1,14.79,15.1,13.1988096853884,2587718,0,1
2017-09-01,15.06,15.13,15.01,15.12,13.2162915525214,2722870,0,1
2017-09-05,15.15,15.22,15.134,15.15,13.2425143532208,1211737,0,1
2017-09-06,15.21,15.3,15.2,15.3,13.3736283567181,2211996,0,1
2017-09-07,15.27,15.31,15.215,15.29,13.3648874231516,1205405,0,1
2017-09-08,15.24,15.27,15.08,15.12,13.2162915525214,1040995,0,1
2017-09-11,15.12,15.1734,15.04,15.15,13.2425143532208,1104315,0,1
2017-09-12,15.25,15.27,15.1,15.19,13.2774780874868,1451580,0,1
2017-09-13,15.22,15.26,15.16,15.26,13.3386646224521,909239,0,1
2017-09-14,15.38,15.47,15.26,15.27,13.3474055560186,943953,0,1
2017-09-15,15.31,15.38,15.29,15.34,13.408592090984,1176516,0,1
2017-09-18,15.32,15.34,15.25,15.32,13.391110223851,1693979,0,1
2017-09-19,15.34,15.34,15.22,15.29,13.3648874231516,537431,0,1
2017-09-20,15.34,15.45,15.34,15.42,13.4785195595158,1577584,0,1
2017-09-21,15.34,15.39,15.31,15.36,13.426073958117,1146015,0,1
2017-09-22,15.4,15.4399,15.35,15.42,13.4785195595158,666533,0,1
2017-09-25,15.45,15.68,15.45,15.68,13.7057838322444,1120281,0,1
2017-09-26,15.55,15.58,15.48,15.54,13.5834107623136,1113985,0,1
2017-09-27,15.5,15.54,15.4489,15.48,13.5309651609147,2007980,0,1
2017-09-28,15.53,15.5599,15.398,15.48,13.5309651609147,908981,0,1
2017-09-29,15.44,15.46,15.37,15.4,13.4610376923829,3072262,0,1
2017-10-02,15.25,15.2858,15.18,15.27,13.3474055560186,3580003,0,1
2017-10-03,15.27,15.32,15.25,15.28,13.3561464895851,1384503,0,1
2017-10-04,15.29,15.345,15.26,15.3,13.3736283567181,1410970,0,1
2017-10-05,15.41,15.53,15.395,15.47,13.5222242273483,1391023,0,1
2017-10-06,15.27,15.29,15.1775,15.23,13.3124418217527,1384393,0,1
2017-10-09,15.23,15.29,15.205,15.24,13.3211827553192,632693,0,1
2017-10-10,15.39,15.45,15.3844,15.42,13.4785195595158,650649,0,1
2017-10-11,15.45,15.46,15.37,15.45,13.5047423602153,709338,0,1
2017-10-12,15.37,15.44,15.33,15.43,13.4872604930823,789943,0,1
2017-10-13,15.57,15.6,15.5,15.58,13.6183744965796,626962,0,1
2017-10-16,15.65,15.73,15.61,15.62,13.6533382308455,905378,0,1
2017-10-17,15.6,15.64,15.48,15.6,13.6358563637125,615235,0,1
2017-10-18,15.57,15.63,15.52,15.59,13.627115430146,503212,0,1
2017-10-19,15.5,15.56,15.4734,15.52,13.5659288951807,1757114,0,1
2017-10-20,15.51,15.6,15.4894,15.6,13.6358563637125,503700,0,1
2017-10-23,15.59,15.64,15.57,15.6,13.6358563637125,1102292,0,1
2017-10-24,15.62,15.779,15.58,15.76,13.7757113007762,687078,0,1
2017-10-25,15.76,15.82,15.71,15.78,13.7931931679092,865276,0,1
2017-10-26,15.74,15.85,15.7,15.85,13.8543797028746,500249,0,1
2017-10-27,15.76,15.95,15.74,15.93,13.9243071714064,892904,0,1
2017-10-30,15.98,16.22,15.91,15.97,13.9592709056724,1241958,0,1
2017-10-31,15.96,16.03,15.937,16.01,13.9942346399383,2245491,0,1
2017-11-01,16.11,16.165,15.96,16.02,14.0029755735048,5287096,0,1
2017-11-02,15.99,16.13,15.9828,16.12,14.0903849091696,5054681,0,1
2017-11-03,16.14,16.24,16.04,16.22,14.1777942448344,4649074,0,1
2017-11-06,16.27,16.55,16.24,16.53,14.4487631853954,7479288,0,1
2017-11-07,16.45,16.45,16.38,16.43,14.3613538497306,5736665,0,1
2017-11-08,16.41,16.54,16.34,16.4,14.3351310490311,1670673,0,1
2017-11-09,16.39,16.48,16.39,16.43,14.3613538497306,1459535,0,1
2017-11-10,16.42,16.48,16.36,16.4,14.3351310490311,1740577,0,1
2017-11-13,16.42,16.45,16.31,16.35,14.2914263811987,1918485,0,1
2017-11-14,16.31,16.31,16.08,16.13,14.0991258427361,2498847,0,1
2017-11-15,16.13,16.1462,16.05,16.11,14.0816439756031,1621093,0,1
2017-11-16,16.07,16.14,16.04,16.06,14.0379393077707,1457749,0,1
2017-11-17,16.13,16.33,16.13,16.32,14.2652035804993,6369299,0,1
2017-11-20,16.15,16.2099,16.1066,16.19,14.151571444135,1627794,0,1
2017-11-21,16.22,16.3,16.21,16.3,14.2477217133663,1094374,0,1
2017-11-22,16.3,16.3999,16.3,16.39,14.3263901154646,1651337,0,1
2017-11-24,16.43,16.46,16.4,16.44,14.3700947832971,576211,0,1
2017-11-27,16.44,16.44,16.33,16.41,14.3438719825976,1248881,0,1
2017-11-28,16.32,16.36,16.29,16.34,14.2826854476322,1163640,0,1
2017-11-29,16.31,16.37,16.16,16.23,14.1865351784009,1814173,0,1
2017-11-30,16.24,16.27,16.12,16.16,14.1253486434355,1926659,0,1
2017-12-01,16.25,16.43,16.25,16.3,14.2477217133663,6363533,0,1
2017-12-04,16.21,16.24,16.1,16.1,14.0729030420367,1210291,0,1
2017-12-05,16.08,16.14,16.05,16.1,14.0729030420367,858672,0,1
2017-12-06,16.05,16.05,15.82,15.83,13.8368978357416,1976481,0,1
2017-12-07,15.87,15.885,15.8001,15.88,13.880602503574,2405016,0,1
2017-12-08,15.98,15.99,15.9,15.96,13.9505299721059,1667436,0,1
2017-12-11,15.99,16.04,15.95,16,13.9854937063718,1083471,0,1
2017-12-12,16.02,16.07,15.82,15.86,13.8631206364411,918562,0,1
2017-12-13,15.86,15.87,15.76,15.79,13.8019341014757,2441584,0,1
2017-12-14,15.73,15.86,15.73,15.84,13.8456387693081,2278846,0,1
2017-12-15,15.9,15.91,15.81,15.84,13.8456387693081,1953225,0,1
2017-12-18,15.94,15.98,15.88,15.91,13.9068253042735,1587281,0,1
2017-12-19,15.97,16.04,15.97,16.03,14.0117165070713,1575010,0,1
2017-12-20,16.04,16.12,16.04,16.12,14.0903849091696,1741293,0,1
2017-12-21,16.09,16.16,16.05,16.13,14.0991258427361,3497527,0,1
2017-12-22,16.17,16.25,16.14,16.2,14.1603123777015,3404579,0,1
2017-12-26,16.25,16.5,16.25,16.44,14.3700947832971,1793857,0,1
2017-12-27,16.48,16.51,16.45,16.48,14.405058517563,6071608,0,1
2017-12-28,16.54,16.57,16.51,16.56,14.4749859860948,1933810,0,1
2017-12-29,16.62,16.67,16.58,16.61,14.5186906539273,1984316,0,1
2018-01-02,16.68,16.72,16.64,16.69,14.5886181224591,3995701,0,1
2018-01-03,16.74,16.81,16.7,16.79,14.6760274581239,6139832,0,1
2018-01-04,16.78,16.8,16.74,16.77,14.658545590991,2533130,0,1
2018-01-05,16.7,16.73,16.65,16.71,14.6060999895921,1746402,0,1
2018-01-08,16.7,16.72,16.65,16.7,14.5973590560256,2207952,0,1
2018-01-09,16.7,16.86,16.67,16.81,14.6935093252569,5148072,0,1
2018-01-10,16.87,16.89,16.82,16.87,14.7459549266558,2467705,0,1
2018-01-11,16.89,16.94,16.86,16.86,14.7372139930893,3052908,0,1
2018-01-12,16.89,16.97,16.84,16.97,14.8333642623206,7625784,0,1
2018-01-16,16.9,16.93,16.84,16.89,14.7634367937888,2398892,0,1
2018-01-17,16.88,16.93,16.85,16.91,14.7809186609217,2352021,0,1
2018-01-18,16.91,16.92,16.831,16.91,14.7809186609217,1805579,0,1
2018-01-19,16.88,16.93,16.82,16.88,14.7546958602223,1306181,0,1
2018-01-22,16.89,16.95,16.84,16.92,14.7896595944882,3227706,0,1
2018-01-23,16.97,17.05,16.93,17.04,14.894550797286,2381835,0,1
2018-01-24,17.05,17.22,17.04,17.22,15.0518876014827,2814649,0,1
2018-01-25,17.26,17.27,17.11,17.12,14.9644782658179,2613291,0,1
2018-01-26,17.18,17.29,17.16,17.25,15.0781104021821,3436094,0,1
2018-01-29,17.21,17.23,17.13,17.2,15.0344057343497,1304505,0,1
2018-01-30,17.16,17.16,17.05,17.08,14.9295145315519,4444564,0,1
2018-01-31,17.09,17.13,17,17.1,14.9469963986849,35764163,0,1
2018-02-01,17.12,17.28,17.08,17.27,15.0955922693151,4764438,0,1
2018-02-02,17.11,17.11,16.95,16.99,14.8508461294536,2011546,0,1
2018-02-05,16.95,17.01,16.82,16.83,14.7109911923899,3294831,0,1
2018-02-06,16.74,16.86,16.72,16.73,14.623581856725,7712078,0,1
2018-02-07,16.75,16.79,16.49,16.54,14.4575041189619,2161056,0,1
2018-02-08,16.57,16.58,16.36,16.37,14.3089082483317,5036087,0,1
2018-02-09,16.31,16.33,16.01,16.13,14.0991258427361,8507676,0,1
2018-02-12,16.21,16.3,16.19,16.23,14.1865351784009,3395999,0,1
2018-02-13,16.19,16.29,16.16,16.26,14.2127579791004,1387322,0,1
2018-02-14,16.19,16.52,16.16,16.51,14.4312813182624,4016762,0,1
2018-02-15,16.45,16.54,16.33,16.54,14.4575041189619,3893560,0,1
2018-02-16,16.51,16.6,16.48,16.57,14.4837269196613,2223641,0,1
2018-02-20,16.61,16.69,16.59,16.62,14.5274315874937,2657132,0,1
2018-02-21,16.61,16.7,16.59,16.6,14.5099497203608,2374902,0,1
2018-02-22,16.64,16.81,16.635,16.75,14.641063723858,2692976,0,1
2018-02-23,16.75,16.86,16.72,16.86,14.7372139930893,2696080,0,1
2018-02-26,16.9,16.96,16.83,16.95,14.8158823951877,3158169,0,1
2018-02-27,16.92,16.92,16.78,16.78,14.6672865245575,4760626,0,1
2018-02-28,16.85,16.89,16.57,16.6,14.5099497203608,3710585,0,1
2018-03-01,16.52,16.67,16.41,16.63,14.5361725210602,5442853,0,1
2018-03-02,16.52,16.63,16.44,16.63,14.5361725210602,5425424,0,1
2018-03-05,16.54,16.76,16.51,16.73,14.623581856725,2534573,0,1
2018-03-06,16.77,16.81,16.73,16.79,14.6760274581239,1780568,0,1
2018-03-07,16.74,16.77,16.51,16.61,14.5186906539273,3375217,0,1
2018-03-08,16.56,16.57,16.44,16.51,14.4312813182624,2651689,0,1
2018-03-09,16.58,16.67,16.55,16.67,14.5711362553261,3346696,0,1
2018-03-12,16.6,16.64,16.47,16.64,14.5449134546267,1367078,0,1
2018-03-13,16.64,16.74,16.55,16.59,14.5012087867943,1913875,0,1
2018-03-14,16.61,16.66,16.51,16.59,14.5012087867943,1961171,0,1
2018-03-15,16.61,16.62,16.52,16.58,14.4924678532278,1128050,0,1
2018-03-16,16.56,16.67,16.5,16.64,14.5449134546267,1024199,0,1
2018-03-19,16.6,16.6,16.46,16.53,14.4487631853954,1684701,0,1
2018-03-20,16.64,16.71,16.62,16.64,14.5449134546267,1326278,0,1
2018-03-21,16.76,16.98,16.74,16.94,14.8071414616212,1727993,0,1
2018-03-22,16.83,16.87,16.78,16.81,14.6935093252569,1750437,0,1
2018-03-23,16.9,16.99,16.86,16.96,14.8246233287541,2532598,0,1
2018-03-26,16.99,17.01,16.92,16.97,14.8333642623206,3299945,0,1
2018-03-27,17.01,17.02,16.88,16.9,14.7721777273552,1288395,0,1
2018-03-28,16.88,16.91,16.76,16.83,14.7109911923899,1470992,0,1
2018-03-29,16.85,17.01,16.81,16.98,14.8421051958871,4525695,0,1
2018-04-02,16.94,16.95,16.75,16.75,14.641063723858,4823080,0,1
2018-04-03,16.82,16.87,16.77,16.84,14.7197321259563,2854724,0,1
2018-04-04,16.73,16.85,16.58,16.77,14.658545590991,2547421,0,1
2018-04-05,16.75,16.86,16.73,16.85,14.7284730595228,2639285,0,1
2018-04-06,16.78,16.88,16.69,16.73,14.623581856725,1521423,0,1
2018-04-09,16.85,16.99,16.85,16.94,14.8071414616212,1801790,0,1
2018-04-10,17.1,17.24,17.07,17.23,15.0606285350492,3847889,0,1
2018-04-11,17.27,17.45,17.23,17.36,15.1742606714134,2567170,0,1
2018-04-12,17.23,17.3,17.19,17.29,15.1130741364481,2685683,0,1
2018-04-13,17.3,17.36,17.27,17.3,15.1218150700145,2084288,0,1
2018-04-16,17.33,17.35,17.23,17.24,15.0693694686156,2116223,0,1
2018-04-17,17.21,17.27,17.16,17.25,15.0781104021821,1823998,0,1
2018-04-18,17.48,17.58,17.4,17.57,15.3578202763096,2904165,0,1
2018-04-19,17.61,17.62,17.45,17.5,15.2966337413442,1997613,0,1
2018-04-20,17.4,17.52,17.35,17.47,15.2704109406447,1981010,0,1
2018-04-23,17.35,17.47,17.3,17.46,15.2616700070783,2094021,0,1
2018-04-24,17.42,17.5,17.35,17.37,15.1830016049799,1724093,0,1
2018-04-25,17.35,17.43,17.29,17.4,15.2092244056794,1745927,0,1
2018-04-26,17.5,17.51,17.41,17.49,15.2878928077777,2550473,0,1
2018-04-27,17.42,17.51,17.4,17.48,15.2791518742112,1519700,0,1
2018-04-30,17.44,17.68,17.41,17.56,15.3490793427431,2875553,0,1
2018-05-01,17.47,17.51,17.38,17.46,15.2616700070783,2598716,0,1
2018-05-02,17.43,17.537,17.39,17.46,15.2616700070783,2170039,0,1
2018-05-03,17.46,17.57,17.4,17.57,15.3578202763096,2117504,0,1
2018-05-04,17.55,17.73,17.53,17.69,15.4627114791074,1602679,0,1
2018-05-07,17.76,17.8,17.65,17.68,15.4539705455409,1544784,0,1
2018-05-08,17.78,17.79,17.41,17.73,15.4976752133733,4060903,0,1
2018-05-09,17.82,17.93,17.78,17.89,15.637530150437,5029259,0,1
2018-05-10,17.93,17.99,17.83,17.98,15.7161985525353,2579554,0,1
2018-05-11,17.95,17.95,17.87,17.87,15.620048283304,1407937,0,1
2018-05-14,17.9,18.01,17.9,18,15.7336804196683,2200915,0,1
2018-05-15,17.99,18.07,17.91,18.02,15.7511622868013,2064998,0,1
2018-05-16,18.01,18.12,17.97,18.12,15.8385716224661,2955084,0,1
2018-05-17,18.17,18.26,18.11,18.14,15.8560534895991,1644755,0,1
2018-05-18,18.15,18.22,18.14,18.15,15.8647944231655,1696527,0,1
2018-05-21,18.2,18.31,18.14,18.29,15.9871674930963,2535695,0,1
2018-05-22,18.39,18.47,18.31,18.31,16.0046493602293,2626697,0,1
2018-05-23,18.3,18.41,18.21,18.41,16.0920586958941,1879293,0,1
2018-05-24,18.39,18.405,18.29,18.29,15.9871674930963,1139793,0,1
2018-05-25,18.14,18.14,17.99,18.02,15.7511622868013,2612253,0,1
2018-05-29,17.97,17.99,17.8,17.85,15.6025664161711,3213279,0,1
2018-05-30,17.93,18.08,17.9,18.08,15.8036078882002,2398339,0,1
2018-05-31,18.09,18.18,17.94,18.03,15.7599032203678,2542944,0,1
2018-06-01,17.94,17.97,17.86,17.91,15.65501201757,5462299,0,1
2018-06-04,17.89,17.89,17.7,17.7,15.4714524126738,2920873,0,1
2018-06-05,17.67,17.76,17.62,17.73,15.4976752133733,3323121,0,1
2018-06-06,17.72,17.82,17.66,17.79,15.5501208147722,2858677,0,1
2018-06-07,17.79,17.89,17.78,17.86,15.6113073497376,1890552,0,1
2018-06-08,17.86,17.9,17.78,17.85,15.6025664161711,3147034,0,1
2018-06-11,17.74,17.88,17.74,17.84,15.5938254826046,2415229,0,1
2018-06-12,17.77,17.9,17.77,17.83,15.5850845490381,1092526,0,1
2018-06-13,17.79,17.94,17.78,17.9,15.6462710840035,1460858,0,1
2018-06-14,17.85,17.87,17.7,17.7,15.4714524126738,1744482,0,1
2018-06-15,17.57,17.57,17.25,17.27,15.0955922693151,2750489,0,1
2018-06-18,17.3,17.44,17.3,17.42,15.2267062728123,3837938,0,1
2018-06-19,17.21,17.27,17.11,17.24,15.0693694686156,3010699,0,1
2018-06-20,17.32,17.32,17.13,17.22,15.0518876014827,2808277,0,1
2018-06-21,17.12,17.2,17.09,17.09,14.9382554651184,3421604,0,1
2018-06-22,17.33,17.44,17.25,17.43,15.2354472063788,3181137,0,1
2018-06-25,17.22,17.25,17.14,17.23,15.0606285350492,2988362,0,1
2018-06-26,17.28,17.45,17.18,17.4,15.2092244056794,4292210,0,1
2018-06-27,17.5,17.63,17.48,17.49,15.2878928077777,1867632,0,1
2018-06-28,17.54,17.6,17.47,17.48,15.2791518742112,1651631,0,1
2018-06-29,17.6,17.74,17.58,17.68,15.4539705455409,3603150,0,1
2018-07-02,17.54,17.55,17.3,17.31,15.130556003581,3413567,0,1
2018-07-03,17.43,17.48,17.23,17.29,15.1130741364481,2527452,0,1
2018-07-05,17.33,17.46,17.3,17.39,15.2004834721129,4223398,0,1
2018-07-06,17.27,17.47,17.27,17.47,15.2704109406447,1761485,0,1
2018-07-09,17.51,17.59,17.48,17.56,15.3490793427431,2007143,0,1
2018-07-10,17.62,17.64,17.49,17.52,15.3141156084771,1342288,0,1
2018-07-11,17.37,17.39,16.84,16.91,14.7809186609217,3798202,0,1
2018-07-12,17.02,17.03,16.83,17,14.8595870630201,3145588,0,1
2018-07-13,17.01,17.13,16.96,17.03,14.8858098637195,2450405,0,1
2018-07-16,16.82,16.86,16.64,16.67,14.5711362553261,4408826,0,1
2018-07-17,16.63,16.79,16.63,16.69,14.5886181224591,3025193,0,1
2018-07-18,16.71,16.88,16.62,16.84,14.7197321259563,3488522,0,1
2018-07-19,16.77,16.9,16.69,16.82,14.7022502588234,2929837,0,1
2018-07-20,16.9,16.96,16.86,16.94,14.8071414616212,2361642,0,1
2018-07-23,17,17.07,16.94,17,14.8595870630201,2301014,0,1
2018-07-24,17.05,17.19,17.05,17.09,14.9382554651184,1504537,0,1
2018-07-25,17.18,17.32,17.13,17.32,15.1392969371475,2303862,0,1
2018-07-26,17.28,17.35,17.27,17.32,15.1392969371475,1723569,0,1
2018-07-27,17.33,17.37,17.22,17.25,15.0781104021821,3142408,0,1
2018-07-30,17.36,17.41,17.35,17.35,15.1655197378469,2406936,0,1
2018-07-31,17.34,17.36,17.25,17.25,15.0781104021821,2495519,0,1
2018-08-01,17.06,17.14,16.97,17,14.8595870630201,4856741,0,1
2018-08-02,16.95,17.17,16.93,17.1,14.9469963986849,2979463,0,1
2018-08-03,17.14,17.21,17.09,17.16,14.9994420000838,2587034,0,1
2018-08-06,17.22,17.31,17.18,17.19,15.0256648007832,2542930,0,1
2018-08-07,17.35,17.38,17.29,17.32,15.1392969371475,2983195,0,1
2018-08-08,17.3,17.32,17.04,17.11,14.9557373322514,4515439,0,1
2018-08-09,17.16,17.19,17.03,17.04,14.894550797286,1749001,0,1
2018-08-10,17.04,17.18,17.02,17.04,14.894550797286,2035011,0,1
2018-08-13,16.97,17.01,16.75,16.95,14.8158823951877,2015749,0,1
2018-08-14,17.07,17.11,16.935,16.98,14.8421051958871,1687582,0,1
2018-08-15,16.79,16.8,16.56,16.61,14.5186906539273,3239337,0,1
2018-08-16,16.68,16.77,16.68,16.74,14.6323227902915,2859602,0,1
2018-08-17,16.87,16.89,16.73,16.81,14.6935093252569,1117975,0,1
2018-08-20,16.8,16.87,16.77,16.84,14.7197321259563,1456611,0,1
2018-08-21,16.92,16.95,16.84,16.87,14.7459549266558,1043533,0,1
2018-08-22,17.02,17.15,16.97,17.11,14.9557373322514,1541170,0,1
2018-08-23,17.03,17.11,17,17.08,14.9295145315519,925940,0,1
2018-08-24,17.27,17.34,17.17,17.21,15.0431466679162,986601,0,1
2018-08-27,17.24,17.28,17.22,17.27,15.0955922693151,1163465,0,1
2018-08-28,17.31,17.33,17.18,17.2,15.0344057343497,1116793,0,1
2018-08-29,17.29,17.41,17.24,17.39,15.2004834721129,1418542,0,1
2018-08-30,17.42,17.43,17.33,17.36,15.1742606714134,839921,0,1
2018-08-31,17.43,17.47,17.36,17.38,15.1917425385464,1920058,0,1
2018-09-04,17.4,17.43,17.25,17.28,15.1043332028816,1603666,0,1
2018-09-05,17.29,17.32,17.19,17.21,15.0431466679162,1674797,0,1
2018-09-06,17.23,17.27,16.98,17.11,14.9557373322514,1190275,0,1
2018-09-07,17.04,17.16,17.02,17.15,14.9907010665173,1316053,0,1
2018-09-10,17.24,17.29,17.16,17.21,15.0431466679162,1532217,0,1
2018-09-11,17.2,17.38,17.18,17.38,15.1917425385464,1286586,0,1
2018-09-12,17.42,17.54,17.41,17.5,15.2966337413442,1327180,0,1
2018-09-13,17.45,17.47,17.25,17.31,15.130556003581,2000551,0,1
2018-09-14,17.24,17.34,17.15,17.2,15.0344057343497,2043098,0,1
2018-09-17,17.29,17.33,17.17,17.18,15.0169238672167,1285064,0,1
2018-09-18,17.35,17.42,17.27,17.34,15.1567788042805,864149,0,1
2018-09-19,17.34,17.47,17.33,17.45,15.2529290735118,1109034,0,1
2018-09-20,17.49,17.51,17.4,17.45,15.2529290735118,1231310,0,1
2018-09-21,17.53,17.64,17.42,17.49,15.2878928077777,1500095,0,1
2018-09-24,17.67,17.76,17.65,17.75,15.5151570805062,1442305,0,1
2018-09-25,17.8,17.85,17.77,17.79,15.5501208147722,2868622,0,1
2018-09-26,17.75,17.82,17.71,17.71,15.4801933462403,945933,0,1
2018-09-27,17.77,17.79,17.7,17.79,15.5501208147722,1006225,0,1
2018-09-28,17.84,18.02,17.83,17.97,15.7074576189689,2286552,0,1
2018-10-01,17.99,18.36,17.97,18.31,16.0046493602293,4332074,0,1
2018-10-02,18.38,18.43,18.35,18.37,16.0570949616282,2317381,0,1
2018-10-03,18.4,18.65,18.32,18.54,16.2056908322584,1976090,0,1
2018-10-04,18.56,18.56,18.26,18.34,16.0308721609287,2786723,0,1
2018-10-05,18.34,18.39,18.27,18.3,15.9959084266628,1341871,0,1
2018-10-08,18.16,18.28,18.15,18.25,15.9522037588304,1499742,0,1
2018-10-09,18.32,18.42,18.23,18.38,16.0658358951946,2173896,0,1
2018-10-10,18.33,18.34,18.02,18.02,15.7511622868013,1954340,0,1
2018-10-11,17.91,17.96,17.73,17.75,15.5151570805062,1826085,0,1
2018-10-12,17.9,17.93,17.72,17.89,15.637530150437,2627474,0,1
2018-10-15,17.91,17.97,17.82,17.93,15.6724938847029,2001253,0,1
2018-10-16,17.91,18.06,17.88,18.01,15.7424213532348,2118712,0,1
2018-10-17,17.97,17.97,17.75,17.85,15.6025664161711,1069153,0,1
2018-10-18,17.66,17.76,17.62,17.65,15.4277477448414,1570037,0,1
2018-10-19,17.76,17.85,17.71,17.75,15.5151570805062,1591427,0,1
2018-10-22,17.69,17.78,17.64,17.77,15.5326389476392,2157694,0,1
2018-10-23,17.54,17.57,17.32,17.38,15.1917425385464,1995854,0,1
2018-10-24,17.46,17.5,17.26,17.26,15.0868513357486,1916860,0,1
2018-10-25,17.32,17.39,17.29,17.33,15.148037870714,2336485,0,1
2018-10-26,17.24,17.49,17.22,17.46,15.2616700070783,1710097,0,1
2018-10-29,17.39,17.44,17.26,17.28,15.1043332028816,2465032,0,1
2018-10-30,17.12,17.29,17.12,17.19,15.0256648007832,1801772,0,1
2018-10-31,17.12,17.21,16.96,16.96,14.8246233287541,3968069,0,1
2018-11-01,17.04,17.09,16.8,16.84,14.7197321259563,5848292,0,1
2018-11-02,16.84,16.92,16.76,16.8,14.6847683916904,3516210,0,1
2018-11-05,16.89,16.96,16.77,16.79,14.6760274581239,2586090,0,1
2018-11-06,16.83,16.85,16.61,16.72,14.6148409231586,1736214,0,1
2018-11-07,16.81,16.83,16.64,16.68,14.5798771888926,1654212,0,1
2018-11-08,16.67,16.7,16.53,16.58,14.4924678532278,1991337,0,1
2018-11-09,16.39,16.5,16.33,16.4,14.3351310490311,2247769,0,1
2018-11-12,16.5,16.58,16.33,16.36,14.3001673147652,3247499,0,1
2018-11-13,16.29,16.32,15.85,15.91,13.9068253042735,3285734,0,1
2018-11-14,16.1,16.17,16.02,16.05,14.0291983742042,3499449,0,1
2018-11-15,16.17,16.17,15.99,16.02,14.0029755735048,1760029,0,1
2018-11-16,16.19,16.25,16.02,16.12,14.0903849091696,1802685,0,1
2018-11-19,16.03,16.15,15.94,16.12,14.0903849091696,1678234,0,1
2018-11-20,15.94,15.98,15.57,15.63,13.662079164412,2164621,0,1
2018-11-21,15.75,15.92,15.71,15.76,13.7757113007762,3988259,0,1
2018-11-23,15.33,15.36,15.22,15.3,13.3736283567181,1521631,0,1
2018-11-26,15.35,15.44,15.33,15.37,13.4348148916834,2780208,0,1
2018-11-27,15.32,15.4,15.15,15.31,13.3823692902845,2496963,0,1
2018-11-28,15.31,15.45,15.23,15.26,13.3386646224521,1709156,0,1
2018-11-29,15.32,15.45,15.29,15.36,13.426073958117,1863290,0,1
2018-11-30,15.21,15.41,15.15,15.29,13.3648874231516,2578650,0,1
2018-12-03,15.67,15.7,15.54,15.64,13.6708200979785,4590036,0,1
2018-12-04,15.72,15.8,15.64,15.65,13.6795610315449,2919820,0,1
2018-12-06,15.45,15.55,15.3,15.52,13.5659288951807,2707875,0,1
2018-12-07,15.8,15.94,15.68,15.7,13.7232656993774,2498595,0,1
2018-12-10,15.56,15.65,15.42,15.45,13.5047423602153,1736418,0,1
2018-12-11,15.62,15.65,15.51,15.54,13.5834107623136,1622991,0,1
2018-12-12,15.61,15.67,15.48,15.49,13.5397060944812,1910716,0,1
2018-12-13,15.46,15.72,15.43,15.69,13.7145247658109,1654492,0,1
2018-12-14,15.58,15.58,15.43,15.45,13.5047423602153,1109694,0,1
2018-12-17,15.51,15.53,15.26,15.27,13.3474055560186,1269375,0,1
2018-12-18,15.27,15.28,14.9,14.95,13.0676956818912,2744267,0,1
2018-12-19,15.02,15.185,14.95,15.01,13.1201412832901,3280778,0,1
2018-12-20,14.98,15.04,14.85,14.87,12.9977682133593,3307957,0,1
2018-12-21,14.76,14.84,14.68,14.74,12.884136076995,7323498,0,1
2018-12-24,14.51,14.56,14.39,14.39,12.7434070465747,1525675,0.189,1
2018-12-26,14.37,14.73,14.36,14.71,13.0267906640107,2943697,0,1
2018-12-27,14.54,14.58,14.42,14.57,12.9028103313824,4315412,0,1
2018-12-28,14.49,14.5238,14.39,14.45,12.7965414748439,1603212,0,1
2018-12-31,14.5,14.52,14.34,14.49,12.8319644270234,2988535,0,1
2019-01-02,14.32,14.75,14.315,14.53,12.8673873792029,2071132,0,1
2019-01-03,14.64,14.68,14.45,14.65,12.9736562357414,1389673,0,1
2019-01-04,14.81,14.96,14.77,14.85,13.1507709966389,1332235,0,1
2019-01-07,14.96,15.09,14.93,14.96,13.2481841151325,1581655,0,1
2019-01-08,15.06,15.13,15.01,15.11,13.3810201858057,1741603,0,1
2019-01-09,15.25,15.44,15.22,15.41,13.6466923271519,1156496,0,1
2019-01-10,15.34,15.42,15.29,15.37,13.6112693749724,772489,0,1
2019-01-11,15.34,15.41,15.27,15.32,13.566990684748,856105,0,1
2019-01-14,15.27,15.35,15.18,15.19,13.4518660901647,891297,0,1
2019-01-15,15.29,15.35,15.24,15.31,13.5581349467032,1121467,0,1
2019-01-16,15.35,15.4,15.27,15.39,13.6289808510621,947359,0,1
2019-01-17,15.3,15.44,15.24,15.4,13.637836589107,670169,0,1
2019-01-18,15.46,15.6,15.4,15.56,13.779528397825,776000,0,1
2019-01-22,15.45,15.465,15.335,15.45,13.6821152793314,804532,0,1
2019-01-23,15.49,15.51,15.35,15.43,13.6644038032416,866952,0,1
2019-01-24,15.4,15.5,15.39,15.47,13.6998267554211,3660754,0,1
2019-01-25,15.47,15.58,15.44,15.55,13.7706726597801,1388884,0,1
2019-01-28,15.36,15.37,15.28,15.34,13.5847021608378,1823260,0,1
2019-01-29,15.43,15.54,15.43,15.49,13.7175382315109,920399,0,1
2019-01-30,15.57,15.67,15.55,15.6,13.8149513500045,1732900,0,1
2019-01-31,15.68,15.73,15.47,15.52,13.7441054456455,32974699,0,1
2019-02-01,15.55,15.7,15.55,15.66,13.8680857782738,3166881,0,1
2019-02-04,15.53,15.67,15.45,15.67,13.8769415163186,1188819,0,1
2019-02-05,15.58,15.67,15.57,15.6,13.8149513500045,2187816,0,1
2019-02-06,15.55,15.66,15.52,15.62,13.8326628260943,1735081,0,1
2019-02-07,15.59,15.59,15.35,15.47,13.6998267554211,1839524,0,1
2019-02-08,15.51,15.52,15.39,15.49,13.7175382315109,3938111,0,1
2019-02-11,15.37,15.43,15.31,15.4,13.637836589107,1288711,0,1
2019-02-12,15.55,15.57,15.47,15.49,13.7175382315109,1062126,0,1
2019-02-13,15.55,15.62,15.53,15.58,13.7972398739148,1191854,0,1
2019-02-14,15.56,15.64,15.52,15.62,13.8326628260943,1259102,0,1
2019-02-15,15.77,15.92,15.74,15.91,14.0894792293956,1474485,0,1
2019-02-19,15.89,15.965,15.87,15.95,14.1249021815751,853773,0,1
2019-02-20,15.92,16.08,15.91,16,14.1691808717995,1029558,0,1
2019-02-21,16.05,16.07,16.02,16.05,14.2134595620239,805181,0,1
2019-02-22,16.14,16.15,16.07,16.09,14.2488825142034,784998,0,1
2019-02-25,16.03,16.03,15.8299,15.85,14.0363448011264,1154729,0,1
2019-02-26,15.89,15.95,15.86,15.92,14.0983349674405,2666076,0,1
2019-02-27,15.97,16.06,15.93,16,14.1691808717995,1051125,0,1
2019-02-28,15.98,16.03,15.92,15.96,14.13375791962,667090,0,1
2019-03-01,15.95,15.98,15.73,15.78,13.9743546348123,950363,0,1
2019-03-04,15.89,15.95,15.77,15.83,14.0186333250366,1271617,0,1
2019-03-05,15.89,15.91,15.82,15.91,14.0894792293956,1212163,0,1
2019-03-06,15.84,15.87,15.78,15.82,14.0097775869918,717962,0,1
2019-03-07,15.84,15.85,15.77,15.78,13.9743546348123,382699,0,1
2019-03-08,15.64,15.77,15.56,15.77,13.9654988967674,837766,0,1
2019-03-11,15.81,15.82,15.72,15.79,13.9832103728571,1000599,0,1
2019-03-12,15.85,15.91,15.82,15.89,14.0717677533059,648047,0,1
2019-03-13,15.93,16.02,15.92,15.99,14.1603251337546,1040853,0,1
2019-03-14,16,16.03,15.92,15.92,14.0983349674405,665331,0,1
2019-03-15,15.83,15.98,15.83,15.92,14.0983349674405,894453,0,1
2019-03-18,15.98,16.03,15.96,16,14.1691808717995,696362,0,1
2019-03-19,16.09,16.11,15.9851,16.04,14.204603823979,1094438,0,1
2019-03-20,16.05,16.18,16.03,16.16,14.3108726805175,959124,0,1
2019-03-21,16.11,16.14,16.04,16.08,14.2400267761585,1087365,0,1
2019-03-22,15.98,15.99,15.85,15.94,14.1160464435303,884733,0,1
2019-03-25,15.9,16.04,15.88,16,14.1691808717995,1141445,0,1
2019-03-26,16.06,16.08,15.99,16.03,14.1957480859341,738130,0,1
2019-03-27,16,16.02,15.86,15.94,14.1160464435303,1284692,0,1
2019-03-28,15.77,15.9,15.77,15.89,14.0717677533059,617443,0,1
2019-03-29,15.99,16.01,15.89,15.9,14.0806234913508,1000291,0,1
2019-04-01,16,16.07,15.99,16.05,14.2134595620239,1159732,0,1
2019-04-02,16.02,16.1,16.01,16.09,14.2488825142034,524972,0,1
2019-04-03,16.11,16.12,16.03,16.11,14.2665939902931,2335077,0,1
2019-04-04,16.08,16.18,16.07,16.12,14.275449728338,921551,0,1
2019-04-05,16.12,16.19,16.1,16.17,14.3197284185624,1256287,0,1
2019-04-08,16.21,16.25,16.2,16.23,14.3728628468316,914396,0,1
2019-04-09,16.21,16.24,16.16,16.2,14.346295632697,772765,0,1
2019-04-10,16.25,16.36,16.24,16.34,14.4702759653252,1062591,0,1
2019-04-11,16.3,16.31,16.19,16.26,14.3994300609662,723584,0,1
2019-04-12,16.31,16.35,16.28,16.31,14.4437087511906,872919,0,1
2019-04-15,16.28,16.28,16.23,16.28,14.417141537056,597239,0,1
2019-04-16,16.18,16.24,16.15,16.22,14.3640071087867,852166,0,1
2019-04-17,16.23,16.25,16.16,16.16,14.3108726805175,883684,0,1
2019-04-18,16.17,16.21,16.14,16.21,14.3551513707419,439849,0,1
2019-04-22,16.3,16.36,16.27,16.29,14.4259972751009,613988,0,1
2019-04-23,16.29,16.32,16.25,16.31,14.4437087511906,424420,0,1
2019-04-24,16.31,16.31,16.25,16.25,14.3905743229214,485706,0,1
2019-04-25,16.27,16.3,16.21,16.22,14.3640071087867,548262,0,1
2019-04-26,16.14,16.14,15.9523,16.03,14.1957480859341,560743,0,1
2019-04-29,16.06,16.09,16.01,16.04,14.204603823979,401158,0,1
2019-04-30,16.11,16.14,16.01,16.09,14.2488825142034,699357,0,1
2019-05-01,16.07,16.1,15.95,16.04,14.204603823979,824157,0,1
2019-05-02,15.93,15.95,15.79,15.86,14.0452005391713,608049,0,1
2019-05-03,15.9,15.97,15.87,15.87,14.0540562772161,604648,0,1
2019-05-06,15.8,15.95,15.78,15.92,14.0983349674405,641013,0,1
2019-05-07,15.76,15.79,15.67,15.72,13.921220206543,628706,0,1
2019-05-08,15.71,15.8,15.67,15.74,13.9389316826328,642954,0,1
2019-05-09,15.69,15.7,15.6,15.66,13.8680857782738,644834,0,1
2019-05-10,15.66,15.73,15.65,15.69,13.8946529924084,1217143,0,1
2019-05-13,15.81,15.84,15.59,15.61,13.8238070880494,457796,0,1
2019-05-14,15.76,15.88,15.76,15.82,14.0097775869918,486458,0,1
2019-05-15,15.86,16,15.86,15.96,14.13375791962,470996,0,1
2019-05-16,16.06,16.11,16.04,16.05,14.2134595620239,613742,0,1
2019-05-17,16.01,16.02,15.9,15.9,14.0806234913508,464915,0,1
2019-05-20,15.99,16.07,15.93,15.97,14.1426136576649,532133,0,1
2019-05-21,15.99,16.05,15.95,15.98,14.1514693957098,362176,0,1
2019-05-22,15.89,15.95,15.75,15.75,13.9477874206776,799004,0,1
2019-05-23,15.57,15.6,15.36,15.42,13.6555480651968,1013427,0,1
2019-05-24,15.49,15.63,15.43,15.63,13.8415185641391,1414560,0,1
2019-05-28,15.8,15.82,15.71,15.76,13.9566431587225,640965,0,1
2019-05-29,15.75,15.75,15.62,15.7,13.9035087304533,885299,0,1
2019-05-30,15.72,15.74,15.52,15.54,13.7618169217353,846456,0,1
2019-05-31,15.35,15.43,15.12,15.13,13.3987316618954,2773629,0,1
2019-06-03,15.26,15.28,15.07,15.08,13.354452971671,1657863,0,1
2019-06-04,15.1,15.195,15.08,15.17,13.4341546140749,1112296,0,1
2019-06-05,15.09,15.09,14.8,14.86,13.1596267346838,1028595,0,1
2019-06-06,14.89,15.13,14.86,15.12,13.3898759238505,1324829,0,1
2019-06-07,15.05,15.21,15.03,15.17,13.4341546140749,1710484,0,1
2019-06-10,15.14,15.25,15.1,15.13,13.3987316618954,884869,0,1
2019-06-11,15.18,15.27,15.13,15.23,13.4872890423442,880508,0,1
2019-06-12,15.13,15.19,15.01,15.02,13.3013185434018,1619940,0,1
2019-06-13,15.3,15.31,15.14,15.21,13.4695775662544,1740668,0,1
2019-06-14,15.28,15.33,15.24,15.27,13.5227119945237,977063,0,1
2019-06-17,15.26,15.29,15.18,15.2,13.4607218282095,997161,0,1
2019-06-18,15.24,15.45,15.24,15.38,13.6201251130173,906110,0,1
2019-06-19,15.29,15.4,15.255,15.35,13.5935578988826,908167,0,1
2019-06-20,15.57,15.67,15.55,15.66,13.8680857782738,1277946,0,1
2019-06-21,15.69,15.73,15.65,15.7,13.9035087304533,1107105,0,1
2019-06-24,15.72,15.79,15.67,15.77,13.9654988967674,656798,0,1
2019-06-25,15.84,15.89,15.8,15.82,14.0097775869918,803553,0,1
2019-06-26,15.9,16,15.88,15.9,14.0806234913508,958195,0,1
2019-06-27,15.92,15.94,15.88,15.9,14.0806234913508,335025,0,1
2019-06-28,15.96,15.98,15.69,15.73,13.9300759445879,1702088,0,1
2019-07-01,15.89,15.91,15.64,15.72,13.921220206543,891797,0,1
2019-07-02,15.68,15.69,15.43,15.46,13.6909710173763,1168604,0,1
2019-07-03,15.56,15.63,15.53,15.61,13.8238070880494,439621,0,1
2019-07-05,15.61,15.67,15.59,15.64,13.850374302184,570123,0,1
2019-07-08,15.68,15.75,15.6,15.62,13.8326628260943,495337,0,1
2019-07-09,15.6,15.67,15.56,15.67,13.8769415163186,444729,0,1
2019-07-10,15.88,16.04,15.86,16.01,14.1780366098444,535630,0,1
2019-07-11,16.01,16.07,15.97,16.02,14.1868923478893,561732,0,1
2019-07-12,16.02,16.09,16.02,16.06,14.2223153000688,471242,0,1
2019-07-15,16.07,16.07,15.88,15.89,14.0717677533059,1103104,0,1
2019-07-16,15.86,15.95,15.6,15.72,13.921220206543,645397,0,1
2019-07-17,15.77,15.79,15.58,15.58,13.7972398739148,2313628,0,1
2019-07-18,15.56,15.56,15.32,15.47,13.6998267554211,832794,0,1
2019-07-19,15.48,15.57,15.42,15.56,13.779528397825,628776,0,1
2019-07-22,15.5,15.55,15.46,15.51,13.7352497076006,3117675,0,1
2019-07-23,15.48,15.61,15.43,15.61,13.8238070880494,807139,0,1
2019-07-24,15.64,15.73,15.48,15.54,13.7618169217353,1001805,0,1
2019-07-25,15.58,15.62,15.48,15.48,13.708682493466,442557,0,1
2019-07-26,15.49,15.53,15.46,15.5,13.7263939695558,472703,0,1
2019-07-29,15.56,15.57,15.48,15.56,13.779528397825,1125968,0,1
2019-07-30,15.58,15.67,15.55,15.65,13.8592300402289,705061,0,1
2019-07-31,15.68,15.71,15.54,15.55,13.7706726597801,882496,0,1
2019-08-01,15.45,15.45,15.01,15.12,13.3898759238505,1597076,0,1
2019-08-02,15.25,15.27,15.14,15.14,13.4075873999403,1219635,0,1
2019-08-05,14.98,15.1,14.97,15.01,13.2924628053569,1871421,0,1
2019-08-06,15.05,15.06,14.89,14.93,13.2216169009979,622257,0,1
2019-08-07,14.78,14.78,14.59,14.74,13.0533578781453,2411590,0,1
2019-08-08,14.74,14.86,14.7,14.82,13.1242037825043,773541,0,1
2019-08-09,14.95,15.01,14.93,14.95,13.2393283770877,787156,0,1
2019-08-12,14.95,14.98,14.84,14.84,13.141915258594,917758,0,1
2019-08-13,14.87,15.23,14.84,15.19,13.4518660901647,838427,0,1
2019-08-14,15,15.03,14.86,14.96,13.2481841151325,1046479,0,1
2019-08-15,14.87,14.92,14.81,14.84,13.141915258594,827832,0,1
2019-08-16,14.84,14.91,14.83,14.83,13.1330595205492,1365784,0,1
2019-08-19,14.9,14.93,14.85,14.9,13.1950496868633,767091,0,1
2019-08-20,14.91,14.97,14.84,14.94,13.2304726390428,435461,0,1
2019-08-21,15.08,15.11,14.97,14.99,13.2747513292672,645714,0,1
2019-08-22,14.99,15.03,14.9,14.92,13.212761162953,721878,0,1
2019-08-23,14.78,14.92,14.75,14.81,13.1153480444594,1450946,0,1
2019-08-26,14.95,14.97,14.78,14.8,13.1064923064145,640695,0,1
2019-08-27,14.83,14.92,14.8,14.9,13.1950496868633,661396,0,1
2019-08-28,15.02,15.07,14.99,15.03,13.3101742814467,798108,0,1
2019-08-29,15.03,15.09,14.99,15.07,13.3455972336262,649420,0,1
2019-08-30,15.02,15.03,14.81,14.83,13.1330595205492,1565282,0,1
2019-09-03,14.67,14.78,14.64,14.75,13.0622136161902,1240218,0,1
2019-09-04,14.95,15.14,14.94,15.1,13.3721644477608,406970,0,1
2019-09-05,15.16,15.23,15.07,15.08,13.354452971671,812976,0,1
2019-09-06,14.98,15.18,14.95,15.12,13.3898759238505,849439,0,1
2019-09-09,15.2,15.29,15.18,15.26,13.5138562564788,761474,0,1
2019-09-10,15.29,15.4,15.26,15.28,13.5315677325685,1201406,0,1
2019-09-11,15.31,15.36,15.09,15.17,13.4341546140749,1947751,0,1
2019-09-12,14.96,15.13,14.96,15.11,13.3810201858057,920039,0,1
2019-09-13,15.14,15.17,15.08,15.11,13.3810201858057,727603,0,1
2019-09-16,15.68,15.95,15.66,15.78,13.9743546348123,1777089,0,1
2019-09-17,15.78,15.79,15.42,15.48,13.708682493466,2666991,0,1
2019-09-18,15.43,15.49,15.35,15.38,13.6201251130173,1534068,0,1
2019-09-19,15.51,15.53,15.44,15.46,13.6909710173763,520702,0,1
2019-09-20,15.48,15.52,15.41,15.48,13.708682493466,532035,0,1
2019-09-23,15.48,15.54,15.45,15.52,13.7441054456455,510988,0,1
2019-09-24,15.47,15.47,15.32,15.34,13.5847021608378,738977,0,1
2019-09-25,15.18,15.28,15.17,15.25,13.5050005184339,669253,0,1
2019-09-26,15.22,15.29,15.14,15.25,13.5050005184339,534880,0,1
2019-09-27,15.11,15.25,15.11,15.19,13.4518660901647,631322,0,1
2019-09-30,15.1,15.17,15,15.04,13.3190300194915,861452,0,1
2019-10-01,15.06,15.09,14.97,15.03,13.3101742814467,967356,0,1
2019-10-02,15.03,15.03,14.84,14.9,13.1950496868633,973674,0,1
2019-10-03,14.8,14.93,14.73,14.88,13.1773382107735,794603,0,1
2019-10-04,14.98,15.02,14.91,15,13.283607067312,2194210,0,1
2019-10-07,15.01,15.08,14.96,14.98,13.2658955912223,946075,0,1
2019-10-08,14.91,15.03,14.89,14.97,13.2570398531774,2715446,0,1
2019-10-09,15.11,15.14,15,15.01,13.2924628053569,913416,0,1
2019-10-10,15.11,15.12,15.05,15.11,13.3810201858057,655897,0,1
2019-10-11,15.17,15.32,15.17,15.29,13.5404234706134,1416897,0,1
2019-10-14,15.19,15.23,15.12,15.22,13.4784333042993,506414,0,1
2019-10-15,15.2,15.25,15.14,15.18,13.4430103521198,1054799,0,1
2019-10-16,15.14,15.26,15.14,15.2,13.4607218282095,599184,0,1
2019-10-17,15.19,15.29,15.16,15.26,13.5138562564788,1415659,0,1
2019-10-18,15.3,15.33,15.22,15.25,13.5050005184339,1001222,0,1
2019-10-21,15.18,15.24,15.16,15.23,13.4872890423442,726291,0,1
2019-10-22,15.3,15.36,15.22,15.25,13.5050005184339,2162358,0,1
2019-10-23,15.23,15.46,15.23,15.44,13.6732595412865,843652,0,1
2019-10-24,15.49,15.56,15.48,15.52,13.7441054456455,626799,0,1
2019-10-25,15.54,15.61,15.47,15.61,13.8238070880494,525285,0,1
2019-10-28,15.63,15.64,15.51,15.55,13.7706726597801,538119,0,1
2019-10-29,15.44,15.59,15.44,15.52,13.7441054456455,549913,0,1
2019-10-30,15.52,15.53,15.37,15.42,13.6555480651968,971215,0,1
2019-10-31,15.38,15.38,15.26,15.33,13.5758464227929,761881,0,1
2019-11-01,15.42,15.65,15.42,15.61,13.8238070880494,1221494,0,1
2019-11-04,15.74,15.78,15.69,15.71,13.9123644684981,687591,0,1
2019-11-05,15.76,15.79,15.72,15.75,13.9477874206776,455814,0,1
2019-11-06,15.71,15.77,15.55,15.58,13.7972398739148,669344,0,1
2019-11-07,15.64,15.66,15.55,15.57,13.7883841358699,809374,0,1
2019-11-08,15.43,15.61,15.36,15.61,13.8238070880494,954353,0,1
2019-11-11,15.46,15.59,15.46,15.51,13.7352497076006,612648,0,1
2019-11-12,15.54,15.57,15.47,15.52,13.7441054456455,450347,0,1
2019-11-13,15.46,15.57,15.44,15.55,13.7706726597801,5073751,0,1
2019-11-14,15.59,15.61,15.47,15.5,13.7263939695558,869147,0,1
2019-11-15,15.48,15.64,15.48,15.58,13.7972398739148,2619506,0,1
2019-11-18,15.49,15.51,15.39,15.42,13.6555480651968,688718,0,1
2019-11-19,15.35,15.37,15.26,15.28,13.5315677325685,548992,0,1
2019-11-20,15.36,15.52,15.33,15.48,13.708682493466,1007385,0,1
2019-11-21,15.53,15.65,15.53,15.62,13.8326628260943,598072,0,1
2019-11-22,15.65,15.69,15.55,15.61,13.8238070880494,846770,0,1
2019-11-25,15.55,15.63,15.53,15.61,13.8238070880494,474238,0,1
2019-11-26,15.64,15.71,15.61,15.7,13.9035087304533,481609,0,1
2019-11-27,15.68,15.69,15.57,15.62,13.8326628260943,583619,0,1
2019-11-29,15.48,15.48,15.3,15.31,13.5581349467032,546176,0,1
2019-12-02,15.39,15.41,15.27,15.29,13.5404234706134,1310076,0,1
2019-12-03,15.27,15.36,15.23,15.3,13.5492792086583,1801084,0,1
2019-12-04,15.48,15.56,15.46,15.54,13.7618169217353,991195,0,1
2019-12-05,15.58,15.62,15.52,15.57,13.7883841358699,1011815,0,1
2019-12-06,15.54,15.72,15.54,15.67,13.8769415163186,1487900,0,1
2019-12-09,15.64,15.69,15.62,15.65,13.8592300402289,659836,0,1
2019-12-10,15.66,15.75,15.65,15.72,13.921220206543,565345,0,1
2019-12-11,15.7,15.71,15.56,15.65,13.8592300402289,861656,0,1
2019-12-12,15.66,15.81,15.66,15.79,13.9832103728571,1424226,0,1
2019-12-13,15.8,15.98,15.78,15.87,14.0540562772161,1167629,0,1
2019-12-16,15.97,16.02,15.96,15.98,14.1514693957098,1753308,0,1
2019-12-17,16,16.07,16,16.05,14.2134595620239,834891,0,1
2019-12-18,16.09,16.1,16,16.06,14.2223153000688,1239449,0,1
2019-12-19,16.08,16.15,16.07,16.13,14.2843054663829,961303,0,1
2019-12-20,16.1,16.15,16.05,16.11,14.2665939902931,1043075,0,1
2019-12-23,15.82,15.87,15.79,15.86,14.2701362855111,837521,0.254,1
2019-12-24,15.86,15.95,15.86,15.93,14.3331192325467,466153,0,1
2019-12-26,15.97,16.05,15.97,16.05,14.4410899988936,679206,0,1
2019-12-27,16.06,16.09,16.02,16.08,14.4680826904803,1250014,0,1
2019-12-30,16.16,16.18,15.98,16.05,14.4410899988936,976284,0,1
2019-12-31,15.95,16.05,15.91,15.95,14.3511143602712,806115,0,1
2020-01-02,15.97,16.01,15.92,15.97,14.3691094879957,3026853,0,1
2020-01-03,16.23,16.25,16.12,16.16,14.5400632013782,3210104,0,1
2020-01-06,16.28,16.3,16.17,16.19,14.567055892965,3232091,0,1
2020-01-07,16.16,16.22,16.12,16.18,14.5580583291027,1924571,0,1
2020-01-08,16.17,16.18,15.79,15.94,14.342116796409,2340198,0,1
2020-01-09,15.85,15.89,15.77,15.87,14.2791338493733,1077867,0,1
2020-01-10,15.86,15.9,15.81,15.87,14.2791338493733,1877826,0,1
2020-01-13,15.81,15.81,15.71,15.75,14.1711630830264,1264450,0,1
2020-01-14,15.82,15.84,15.78,15.82,14.2341460300621,1201170,0,1
2020-01-15,15.78,15.78,15.66,15.74,14.1621655191642,669767,0,1
2020-01-16,15.75,15.77,15.68,15.72,14.1441703914397,1652337,0,1
2020-01-17,15.73,15.77,15.68,15.77,14.1891582107509,855363,0,1
2020-01-21,15.69,15.73,15.67,15.68,14.1081801359908,991486,0,1
2020-01-22,15.6,15.6,15.44,15.47,13.9192312948838,672568,0,1
2020-01-23,15.31,15.36,15.23,15.34,13.8022629646746,1331580,0,1
2020-01-24,15.19,15.19,15.06,15.11,13.5953189958431,1368813,0,1
2020-01-27,14.84,14.91,14.77,14.83,13.3433872077005,2608412,0,1
2020-01-28,14.84,14.97,14.81,14.9,13.4063701547361,1163348,0,1
2020-01-29,14.91,14.91,14.8,14.83,13.3433872077005,816546,0,1
2020-01-30,14.67,14.72,14.56,14.7,13.2264188774913,1848969,0,1
2020-01-31,14.57,14.67,14.5,14.58,13.1184481111445,1786445,0,1
2020-02-03,14.46,14.53,14.3,14.31,12.875513886864,3465520,0,1
2020-02-04,14.46,14.47,14.32,14.33,12.8935090145885,1563067,0,1
2020-02-05,14.54,14.63,14.5,14.55,13.0914554195578,2575069,0,1
2020-02-06,14.53,14.61,14.48,14.61,13.1454408027312,2496473,0,1
2020-02-07,14.52,14.58,14.5,14.53,13.0734602918333,943003,0,1
2020-02-10,14.42,14.47,14.38,14.4,12.9564919616242,592932,0,1
2020-02-11,14.5,14.51,14.43,14.45,13.0014797809354,1181901,0,1
2020-02-12,14.65,14.67,14.59,14.65,13.1814310581802,1150324,0,1
2020-02-13,14.67,14.72,14.62,14.66,13.1904286220424,759099,0,1
2020-02-14,14.68,14.71,14.6,14.65,13.1814310581802,1613601,0,1
2020-02-18,14.65,14.78,14.65,14.76,13.2804042606648,946566,0,1
2020-02-19,14.82,14.91,14.77,14.9,13.4063701547361,555592,0,1
2020-02-20,14.91,14.96,14.82,14.84,13.3523847715627,961262,0,1
2020-02-21,14.76,14.79,14.71,14.78,13.2983993883893,667794,0,1
2020-02-24,14.48,14.53,14.4,14.5,13.0464676002466,769675,0,1
2020-02-25,14.47,14.48,14.23,14.23,12.8035333759661,1375486,0,1
2020-02-26,14.19,14.3,14.06,14.09,12.6775674818948,1026961,0,1
2020-02-27,13.82,13.95,13.74,13.85,12.461625949201,1869490,0,1
2020-02-28,13.62,13.67,13.46,13.61,12.2456844165073,1348581,0,1
2020-03-02,13.73,13.93,13.67,13.92,12.5246088962367,3027686,0,1
2020-03-03,13.96,14.12,13.85,13.95,12.5516015878234,1575783,0,1
2020-03-04,14.05,14.08,13.89,13.96,12.5605991516857,1332679,0,1
2020-03-05,13.94,13.97,13.76,13.81,12.4256356937521,1889389,0,1
2020-03-06,13.58,13.61,13.29,13.36,12.0207453199513,3232400,0,1
2020-03-09,12.32,12.56,12.26,12.32,11.0849986782785,2586675,0,1
2020-03-10,12.67,12.76,12.54,12.71,11.4359036689058,4185732,0,1
2020-03-11,12.65,12.69,12.47,12.48,11.2289597000743,2488249,0,1
2020-03-12,12.01,12.26,11.51,11.98,10.7790815069623,4191749,0,1
2020-03-13,12.27,12.3,11.94,12.11,10.8960498371714,4491603,0,1
2020-03-16,11.36,11.57,11.2,11.38,10.239227675228,3096163,0,1
2020-03-17,11.37,11.47,11.18,11.2,10.0772715257077,5484506,0,1
2020-03-18,10.93,11.02,10.41,10.83,9.74436166280485,3813978,0,1
2020-03-19,10.78,11.2,10.72,11.06,9.95130563163635,2311072,0,1
2020-03-20,11.32,11.32,10.86,10.94,9.84333486528948,1956738,0,1
2020-03-23,10.82,11.11,10.82,11.07,9.96030319549859,2089638,0,1
2020-03-24,11.3,11.4,11.22,11.31,10.1762447281923,1040429,0,1
2020-03-25,11.35,11.61,11.3,11.5,10.3471984415749,1486904,0,1
2020-03-26,11.47,11.59,11.33,11.46,10.3112081861259,1839217,0,1
2020-03-27,11.28,11.49,11.28,11.42,10.275217930677,1420293,0,1
2020-03-30,11.33,11.4,11.18,11.39,10.2482252390902,1668076,0,1
2020-03-31,11.49,11.49,11.22,11.25,10.1222593450189,1218382,0,1
2020-04-01,11.11,11.12,10.91,10.93,9.83433730142724,1466381,0,1
2020-04-02,11.05,11.5,10.95,11.14,10.0232861425343,1624104,0,1
2020-04-03,11.38,11.45,11.22,11.42,10.275217930677,960922,0,1
2020-04-06,11.43,11.54,11.35,11.48,10.3292033138504,1157228,0,1
2020-04-07,11.63,11.64,11.44,11.56,10.4011838247483,1923510,0,1
2020-04-08,11.55,11.62,11.4,11.53,10.3741911331616,1357052,0,1
2020-04-09,11.55,11.84,11.47,11.56,10.4011838247483,1923469,0,1
2020-04-13,11.65,11.77,11.6,11.76,10.5811351019931,1350832,0,1
2020-04-14,11.75,11.75,11.6,11.66,10.4911594633707,1098045,0,1
2020-04-15,11.47,11.5,11.35,11.42,10.275217930677,1272222,0,1
2020-04-16,11.45,11.49,11.29,11.39,10.2482252390902,1522359,0,1
2020-04-17,11.39,11.47,11.37,11.44,10.2932130584014,1055381,0,1
2020-04-20,11.23,11.39,11.22,11.25,10.1222593450189,2004244,0,1
2020-04-21,10.9,10.9,10.48,10.72,9.64538846032022,3327766,0,1
2020-04-22,10.89,10.99,10.76,10.87,9.78035191825381,1321559,0,1
2020-04-23,11,11.09,10.75,10.84,9.75335922666709,1131951,0,1
2020-04-24,10.83,10.83,10.63,10.7,9.62739333259574,941325,0,1
2020-04-27,10.55,10.57,10.46,10.5,9.44744205535097,971242,0,1
2020-04-28,10.55,10.59,10.5,10.51,9.4564396192132,956779,0,1
2020-04-29,10.72,10.76,10.65,10.7,9.62739333259574,802887,0,1
2020-04-30,10.81,10.96,10.66,10.9,9.80734460984053,1439640,0,1
2020-05-01,10.81,10.83,10.7,10.76,9.68137871576918,1999806,0,1
2020-05-04,10.74,10.89,10.66,10.89,9.79834704597829,840894,0,1
2020-05-05,11.04,11.19,11.03,11.17,10.050278834121,931885,0,1
2020-05-06,11.11,11.11,10.86,10.95,9.85233242915172,880900,0,1
2020-05-07,11.16,11.21,11,11.02,9.91531537618739,530540,0,1
2020-05-08,11.12,11.25,11.07,11.25,10.1222593450189,1019327,0,1
2020-05-11,11.22,11.24,11.04,11.1,9.9872958870853,1083119,0,1
2020-05-12,11.1,11.11,11,11.01,9.90631781232515,1232039,0,1
2020-05-13,10.99,11.03,10.87,10.9,9.80734460984053,571723,0,1
2020-05-14,10.91,11.12,10.91,11.09,9.97829832322307,490591,0,1
2020-05-15,11.21,11.23,11.1,11.2,10.0772715257077,830162,0,1
2020-05-18,11.45,11.57,11.43,11.52,10.3651935692993,1097786,0,1
2020-05-19,11.54,11.57,11.45,11.49,10.3382008777126,411211,0,1
2020-05-20,11.66,11.71,11.61,11.69,10.5181521549574,863455,0,1
2020-05-21,11.72,11.74,11.57,11.64,10.4731643356462,569951,0,1
2020-05-22,11.51,11.59,11.42,11.55,10.3921862608861,768930,0,1
2020-05-26,11.67,11.73,11.57,11.67,10.5001570272329,842287,0,1
2020-05-27,11.58,11.59,11.44,11.52,10.3651935692993,467127,0,1
2020-05-28,11.53,11.69,11.5,11.58,10.4191789524728,678286,0,1
2020-05-29,11.55,11.84,11.51,11.78,10.5991302297176,1109348,0,1
2020-06-01,11.73,11.85,11.72,11.85,10.6621131767532,970868,0,1
2020-06-02,11.93,11.98,11.89,11.98,10.7790815069623,706360,0,1
2020-06-03,11.95,12.04,11.87,11.98,10.7790815069623,862767,0,1
2020-06-04,11.99,12.14,11.99,12.08,10.8690571455847,1090584,0,1
2020-06-05,12.29,12.34,12.26,12.32,11.0849986782785,1500372,0,1
2020-06-08,12.31,12.33,12.21,12.24,11.0130181673806,1581229,0,1
2020-06-09,12.18,12.33,12.15,12.28,11.0490084228295,646107,0,1
2020-06-10,12.29,12.44,12.24,12.36,11.1209889337274,1292027,0,1
2020-06-11,12.09,12.15,11.91,11.96,10.7610863792379,1122908,0,1
2020-06-12,12.08,12.14,11.95,12.01,10.8060741985491,693898,0,1
2020-06-15,11.86,12.15,11.81,12.12,10.9050474010337,652063,0,1
2020-06-16,12.28,12.36,12.14,12.22,10.9950230396561,891904,0,1
2020-06-17,12.18,12.24,12.13,12.16,10.9410376564826,540402,0,1
2020-06-18,12.14,12.25,12.14,12.23,11.0040206035183,951675,0,1
2020-06-19,12.4,12.41,12.2,12.33,11.0939962421407,1605442,0,1
2020-06-22,12.38,12.47,12.35,12.46,11.2109645723498,939844,0,1
2020-06-23,12.48,12.52,12.38,12.4,11.1569791891764,745941,0,1
2020-06-24,12.36,12.38,12.06,12.09,10.878054709447,1372484,0,1
2020-06-25,12.07,12.2,12.06,12.2,10.9770279119316,618878,0,1
2020-06-26,12.14,12.14,12,12.05,10.842064453998,738106,0,1
2020-06-29,12.15,12.275,12.12,12.25,11.0220157312428,790609,0,1
2020-06-30,12.22,12.39,12.21,12.31,11.0760011144162,1118190,0,1
2020-07-01,12.38,12.42,12.27,12.41,11.1659767530386,1117575,0,1
2020-07-02,12.47,12.53,12.4,12.46,11.2109645723498,1422038,0,1
2020-07-06,12.56,12.61,12.52,12.56,11.3009402109722,1475460,0,1
2020-07-07,12.51,12.63,12.5,12.57,11.3099377748344,1141960,0,1
2020-07-08,12.65,12.73,12.63,12.73,11.4538987966303,818660,0,1
2020-07-09,12.76,12.77,12.57,12.58,11.3189353386967,747434,0,1
2020-07-10,12.62,12.72,12.62,12.66,11.3909158495946,661683,0,1
2020-07-13,12.68,12.71,12.53,12.53,11.2739475193855,804237,0,1
2020-07-14,12.47,12.64,12.45,12.59,11.3279329025589,652512,0,1
2020-07-15,12.62,12.76,12.58,12.74,11.4628963604925,1464166,0,1
2020-07-16,12.67,12.71,12.62,12.64,11.3729207218701,1093598,0,1
2020-07-17,12.64,12.68,12.56,12.66,11.3909158495946,1712314,0,1
2020-07-20,12.61,12.68,12.53,12.65,11.3819182857324,783206,0,1
2020-07-21,12.83,12.91,12.82,12.83,11.5438744352527,2112383,0,1
2020-07-22,12.82,12.935,12.8,12.91,11.6158549461506,1469352,0,1
2020-07-23,12.91,12.97,12.82,12.88,11.5888622545638,1032067,0,1
2020-07-24,12.87,12.9,12.805,12.9,11.6068573822883,702687,0,1
2020-07-27,12.99,13.04,12.8837,13.02,11.7148281486352,1721939,0,1
2020-07-28,12.96,12.99,12.905,12.95,11.6518452015995,907107,0,1
2020-07-29,13,13.05,12.98,13.02,11.7148281486352,815172,0,1
2020-07-30,12.86,12.9189,12.66,12.87,11.5798646907016,1394771,0,1
2020-07-31,12.93,12.96,12.865,12.94,11.6428476377373,1263399,0,1
2020-08-03,13,13.11,12.97,13.07,11.7598159679464,1288143,0,1
2020-08-04,13,13.2,12.98,13.14,11.8227989149821,860987,0,1
2020-08-05,13.41,13.4291,13.24,13.25,11.9217721174667,1290825,0,1
2020-08-06,13.38,13.39,13.3,13.35,12.0117477560891,1158742,0,1
2020-08-07,13.26,13.26,13.0909,13.17,11.8497916065688,1172917,0,1
2020-08-10,13.26,13.305,13.2101,13.24,11.9127745536045,774884,0,1
2020-08-11,13.23,13.26,13.03,13.03,11.7238257124974,1284559,0,1
2020-08-12,13.15,13.24,13.15,13.17,11.8497916065688,574360,0,1
2020-08-13,13.21,13.2771,13.19,13.24,11.9127745536045,862058,0,1
2020-08-14,13.25,13.3,13.2,13.24,11.9127745536045,790323,0,1
2020-08-17,13.34,13.46,13.3362,13.46,12.1107209585737,649533,0,1
2020-08-18,13.47,13.53,13.4,13.49,12.1377136501604,3484397,0,1
2020-08-19,13.49,13.53,13.43,13.45,12.1017233947115,824622,0,1
2020-08-20,13.32,13.45,13.27,13.43,12.083728266987,1992386,0,1
2020-08-21,13.28,13.3,13.2,13.3,11.9667599367779,828347,0,1
2020-08-24,13.4,13.415,13.34,13.37,12.0297428838136,1174295,0,1
2020-08-25,13.49,13.49,13.43,13.48,12.1287160862982,798019,0,1
2020-08-26,13.48,13.5299,13.454,13.51,12.1557087778849,816082,0,1
2020-08-27,13.54,13.548,13.37,13.46,12.1107209585737,687603,0,1
2020-08-28,13.52,13.57,13.49,13.55,12.1916990333339,893344,0,1
2020-08-31,13.6,13.6,13.51,13.54,12.1827014694716,1722158,0,1
2020-09-01,13.59,13.66,13.54,13.56,12.2006965971961,1436502,0,1
2020-09-02,13.54,13.54,13.35,13.38,12.0387404476758,1417646,0,1
2020-09-03,13.3,13.31,13.13,13.26,11.9307696813289,970389,0,1
2020-09-04,13.22,13.27,13.09,13.14,11.8227989149821,2013380,0,1
2020-09-08,12.79,12.855,12.7,12.82,11.5348768713904,2071421,0,1
2020-09-09,12.86,12.99,12.81,12.94,11.6428476377373,1337613,0,1
2020-09-10,12.93,12.9897,12.8,12.81,11.5258793075282,1267677,0,1
2020-09-11,12.86,12.94,12.84,12.9,11.6068573822883,862980,0,1
2020-09-14,12.88,12.94,12.85,12.91,11.6158549461506,948492,0,1
2020-09-15,12.93,13.02,12.89,12.98,11.6788378931862,1055698,0,1
2020-09-16,13.07,13.25,13.07,13.22,11.89477942588,745917,0,1
2020-09-17,13.15,13.3799,13.12,13.37,12.0297428838136,669833,0,1
2020-09-18,13.37,13.4401,13.3409,13.43,12.083728266987,538666,0,1
2020-09-21,13.25,13.26,12.96,13.1,11.7868086595331,1056351,0,1
2020-09-22,13.12,13.16,12.9708,13.04,11.7328232763597,518594,0,1
2020-09-23,13,13.05,12.8793,12.89,11.5978598184261,1531231,0,1
2020-09-24,12.85,12.99,12.81,12.95,11.6518452015995,1222849,0,1
2020-09-25,12.92,12.99,12.8962,12.95,11.6518452015995,622420,0,1
2020-09-28,12.99,13.09,12.95,13.06,11.7508184040842,799602,0,1
2020-09-29,12.98,13.01,12.83,12.91,11.6158549461506,583431,0,1
2020-09-30,12.94,13.1,12.91,13.06,11.7508184040842,1373990,0,1
2020-10-01,12.98,12.98,12.775,12.9,11.6068573822883,2114301,0,1
2020-10-02,12.68,12.82,12.64,12.74,11.4628963604925,1360532,0,1
2020-10-05,12.97,13.09,12.97,13.07,11.7598159679464,1451430,0,1
2020-10-06,13.2,13.28,13.1,13.12,11.8048037872576,777215,0,1
2020-10-07,13.16,13.19,13.08,13.17,11.8497916065688,715481,0,1
2020-10-08,13.29,13.33,13.23,13.3,11.9667599367779,1335214,0,1
2020-10-09,13.33,13.415,13.3,13.34,12.0027501922268,1132433,0,1
2020-10-12,13.33,13.33,13.17,13.2,11.8767842981555,984309,0,1
2020-10-13,13.22,13.24,13.16,13.23,11.9037769897422,1044523,0,1
2020-10-14,13.28,13.34,13.27,13.32,11.9847550645024,564596,0,1
2020-10-15,13.14,13.36,13.1077,13.36,12.0207453199513,574155,0,1
2020-10-16,13.25,13.31,13.22,13.27,11.9397672451912,621758,0,1
2020-10-19,13.36,13.38,13.27,13.28,11.9487648090534,479055,0,1
2020-10-20,13.3,13.47,13.3,13.43,12.083728266987,1144828,0,1
2020-10-21,13.4,13.47,13.29,13.32,11.9847550645024,557982,0,1
2020-10-22,13.33,13.42,13.3,13.36,12.0207453199513,575665,0,1
2020-10-23,13.36,13.38,13.22,13.26,11.9307696813289,1042466,0,1
2020-10-26,13.17,13.17,13.045,13.07,11.7598159679464,582977,0,1
2020-10-27,13.14,13.22,13.1,13.16,11.8407940427065,651384,0,1
2020-10-28,12.86,12.87,12.7799,12.81,11.5258793075282,1743820,0,1
2020-10-29,12.52,12.69,12.48,12.65,11.3819182857324,1007735,0,1
2020-10-30,12.67,12.68,12.57,12.65,11.3819182857324,2362835,0,1
2020-11-02,12.63,12.89,12.63,12.88,11.5888622545638,5856348,0,1
2020-11-03,13,13.02,12.92,12.96,11.6608427654618,877009,0,1
2020-11-04,13.05,13.1413,12.93,13.1,11.7868086595331,796028,0,1
2020-11-05,13.21,13.2899,13.14,13.16,11.8407940427065,970796,0,1
2020-11-06,13.15,13.18,13.06,13.11,11.7958062233953,855277,0,1
2020-11-09,13.44,13.461,13.27,13.27,11.9397672451912,1278543,0,1
2020-11-10,13.42,13.55,13.38,13.53,12.1737039056094,2037209,0,1
2020-11-11,13.65,13.685,13.495,13.52,12.1647063417471,1591945,0,1
2020-11-12,13.57,13.6,13.4008,13.41,12.0657331392625,1013509,0,1
2020-11-13,13.41,13.44,13.33,13.35,12.0117477560891,785120,0,1
2020-11-16,13.54,13.56,13.45,13.47,12.119718522436,1073563,0,1
2020-11-17,13.4,13.54,13.4,13.51,12.1557087778849,840272,0,1
2020-11-18,13.56,13.64,13.53,13.53,12.1737039056094,1260004,0,1
2020-11-19,13.48,13.5484,13.4441,13.53,12.1737039056094,632423,0,1
2020-11-20,13.56,13.61,13.54,13.6,12.2366868526451,879632,0,1
2020-11-23,13.66,13.69,13.61,13.64,12.272677108094,1069089,0,1
2020-11-24,13.82,13.98,13.8,13.93,12.5336064600989,1376516,0,1
2020-11-25,14.03,14.095,13.96,14.05,12.6415772264458,2317035,0,1
2020-11-27,13.99,14.06,13.97,14.02,12.6145845348591,803382,0,1
2020-11-30,14.03,14.03,13.88,13.94,12.5426040239612,2898597,0,1
2020-12-01,13.98,13.985,13.82,13.9,12.5066137685122,7661177,0,1
2020-12-02,13.86,14.06,13.84,13.96,12.5605991516857,1188085,0,1
2020-12-03,13.93,14.01,13.87,13.98,12.5785942794101,1626706,0,1
2020-12-04,14.01,14.095,13.99,14.04,12.6325796625836,2366686,0,1
2020-12-07,13.97,14.135,13.94,14.04,12.6325796625836,3676929,0,1
2020-12-08,14.03,14.06,13.96,14.06,12.6505747903081,1360103,0,1
2020-12-09,14.12,14.14,13.9801,14.07,12.6595723541703,1498789,0,1
2020-12-10,14.2,14.4,14.2,14.28,12.8485211952773,1009027,0,1
2020-12-11,14.22,14.26,14.16,14.24,12.8125309398284,1309482,0,1
2020-12-14,14.29,14.31,14.12,14.28,12.8485211952773,1335294,0,1
2020-12-15,14.31,14.4,14.31,14.39,12.9474943977619,1110279,0,1
2020-12-16,14.43,14.485,14.36,14.47,13.0194749086599,964256,0,1
2020-12-17,14.6,14.645,14.56,14.64,13.1724334943179,1279496,0,1
2020-12-18,14.67,14.74,14.65,14.69,13.2174213136291,1134917,0,1
2020-12-21,14.4,14.57,14.38,14.54,13.0824578556955,1503023,0,1
2020-12-22,14.44,14.475,14.37,14.38,12.9384968338997,1534536,0,1
2020-12-23,14.47,14.65,14.46,14.56,13.10045298342,1786428,0,1
2020-12-24,14.53,14.6,14.51,14.6,13.136443238869,1268028,0,1
2020-12-28,14.59,14.5999,14.47,14.51,13.0554651641088,2050108,0,1
2020-12-29,14.53,14.58,14.5,14.55,13.0914554195578,1314987,0,1
2020-12-30,14.54,14.685,14.53,14.64,13.1724334943179,2086843,0,1
2020-12-31,14.6,14.7,14.57,14.7,13.2264188774913,3678252,0,1
2021-01-04,14.84,14.88,14.6,14.62,13.1544383665934,5740024,0,1
2021-01-05,14.89,15.0835,14.89,15.03,13.5233384849452,2395806,0,1
2021-01-06,15.05,15.15,14.97,15.05,13.5413336126697,3370832,0,1
2021-01-07,15.11,15.16,15.09,15.12,13.6043165597054,2627295,0,1
2021-01-08,15.22,15.26,15.105,15.24,13.7122873260523,2920397,0,1
2021-01-11,15.08,15.18,15.0312,15.13,13.6133141235676,2252839,0,1
2021-01-12,15.29,15.4293,15.25,15.42,13.8742434755726,1635306,0,1
2021-01-13,15.39,15.4293,15.32,15.38,13.8382532201236,1579777,0,1
2021-01-14,15.36,15.54,15.36,15.52,13.9642191141949,1371380,0,1
2021-01-15,15.385,15.43,15.2461,15.3,13.7662727092257,1409723,0,1
2021-01-19,15.38,15.4,15.31,15.35,13.8112605285369,1516692,0,1
2021-01-20,15.4,15.42,15.33,15.36,13.8202580923991,1511907,0,1
2021-01-21,15.39,15.4,15.31,15.35,13.8112605285369,2823067,0,1
2021-01-22,15.1,15.23,15.07,15.09,13.5773238681187,2413684,0,1
2021-01-25,15.1,15.27,15.07,15.25,13.7212848899145,1596317,0,1
2021-01-26,15.3,15.3381,15.25,15.28,13.7482775815012,704135,0,1
2021-01-27,15.26,15.3492,15.13,15.24,13.7122873260523,1166153,0,1
2021-01-28,15.4,15.45,15.17,15.17,13.6493043790166,2234610,0,1
2021-01-29,15.34,15.36,15.16,15.19,13.6672995067411,3890566,0,1
2021-02-01,15.41,15.49,15.26,15.48,13.928228858746,6799120,0,1
2021-02-02,15.6,15.63,15.54,15.6,14.0361996250929,2750280,0,1
2021-02-03,15.63,15.745,15.62,15.71,14.1351728275775,3059438,0,1
2021-02-04,15.71,15.79,15.58,15.79,14.2071533384754,3079798,0,1
2021-02-05,15.91,15.94,15.825,15.87,14.2791338493733,2757411,0,1
2021-02-08,16,16.12,15.989,16.12,14.5040729459293,2897049,0,1
2021-02-09,16.11,16.1999,16.025,16.18,14.5580583291027,2419264,0,1
2021-02-10,16.2,16.2,16.1116,16.15,14.531065637516,2030251,0,1
2021-02-11,16.21,16.23,16.1,16.12,14.5040729459293,1515792,0,1
2021-02-12,16.14,16.34,16.13,16.32,14.6840242231741,2500069,0,1
2021-02-16,16.45,16.54,16.4,16.54,14.8819706281433,4066336,0,1
2021-02-17,16.46,16.6,16.41,16.59,14.9269584474545,2987469,0,1
2021-02-18,16.67,16.67,16.49,16.53,14.8729730642811,1673502,0,1
2021-02-19,16.61,16.7,16.475,16.52,14.8639755004189,1918289,0,1
2021-02-22,16.7,16.94,16.68,16.89,15.1968853633217,3904222,0,1
2021-02-23,16.85,17,16.735,16.97,15.2688658742196,3308173,0,1
2021-02-24,17.03,17.23,17.005,17.23,15.5028025346378,4457766,0,1
2021-02-25,17.16,17.209,17.085,17.09,15.3768366405665,3312842,0,1
2021-02-26,16.9557,16.98,16.72,16.73,15.0529243415259,4972194,0,1
2021-03-01,16.8,16.84,16.51,16.59,14.9269584474545,6420242,0,1
2021-03-02,16.67,16.84,16.62,16.66,14.9899413944902,4257881,0,1
2021-03-03,16.73,16.84,16.66,16.76,15.0799170331126,4502945,0,1
2021-03-04,16.81,17.1621,16.75,17.02,15.3138536935308,4591821,0,1
2021-03-05,17.26,17.375,17.18,17.37,15.6287684287092,5416023,0,1
2021-03-08,17.26,17.27,17.125,17.13,15.4128268960154,4591588,0,1
2021-03-09,17.22,17.25,17.1,17.13,15.4128268960154,2144710,0,1
2021-03-10,17.17,17.25,17.08,17.24,15.5118000985001,1408053,0,1
2021-03-11,17.34,17.5,17.29,17.5,15.7457367589183,3588813,0,1
2021-03-12,17.4,17.475,17.36,17.42,15.6737562480204,1264900,0,1
2021-03-15,17.33,17.4,17.24,17.36,15.6197708648469,2926885,0,1
2021-03-16,17.27,17.345,17.19,17.29,15.5567879178113,1620960,0,1
2021-03-17,17.26,17.305,17.15,17.29,15.5567879178113,2061249,0,1
2021-03-18,17.05,17.08,16.35,16.47,14.8189876811077,5438784,0,1
2021-03-19,16.58,16.86,16.46,16.83,15.1428999801483,2894424,0,1
2021-03-22,16.85,16.9,16.77,16.8,15.1159072885615,2651280,0,1
2021-03-23,16.48,16.66,16.31,16.33,14.6930217870363,4158253,0,1
2021-03-24,16.58,16.83,16.58,16.76,15.0799170331126,1831459,0,1
2021-03-25,16.54,16.57,16.29,16.38,14.7380096063475,2188380,0,1
2021-03-26,16.7,16.81,16.68,16.77,15.0889145969748,2163576,0,1
2021-03-29,16.68,16.79,16.56,16.79,15.1069097246993,1683665,0,1
2021-03-30,16.59,16.65,16.5,16.52,14.8639755004189,2385712,0,1
2021-03-31,16.5,16.795,16.5,16.61,14.944953575179,3731246,0,1
2021-04-01,16.82,16.94,16.59,16.89,15.1968853633217,4793151,0,1
2021-04-05,16.78,16.825,16.4699,16.64,14.9719462667657,1756696,0,1
2021-04-06,16.83,16.93,16.69,16.7,15.0259316499392,1606822,0,1
2021-04-07,16.7,16.7704,16.5701,16.75,15.0709194692503,2050781,0,1
2021-04-08,16.76,16.84,16.68,16.84,15.1518975440105,1903098,0,1
2021-04-09,16.79,16.83,16.75,16.78,15.0979121608371,1550283,0,1
2021-04-12,16.87,16.9014,16.74,16.79,15.1069097246993,1461473,0,1
2021-04-13,16.89,16.97,16.8809,16.97,15.2688658742196,1825290,0,1
2021-04-14,17.13,17.4192,17.12,17.36,15.6197708648469,3684803,0,1
2021-04-15,17.42,17.49,17.34,17.47,15.7187440673316,1568843,0,1
2021-04-16,17.49,17.51,17.42,17.44,15.6917513757448,1226950,0,1
2021-04-19,17.48,17.545,17.44,17.46,15.7097465034693,1981576,0,1
2021-04-20,17.55,17.59,17.29,17.43,15.6827538118826,2692086,0,1
2021-04-21,17.24,17.4884,17.22,17.36,15.6197708648469,1869908,0,1
2021-04-22,17.45,17.53,17.365,17.5,15.7457367589183,1663713,0,1
2021-04-23,17.48,17.64,17.46,17.64,15.8717026529896,5932412,0,1
2021-04-26,17.57,17.78,17.55,17.76,15.9796734193365,2750338,0,1
2021-04-27,17.85,17.93,17.76,17.91,16.1146368772701,2426575,0,1
2021-04-28,17.89,18.0699,17.855,17.94,16.1416295688568,5241788,0,1
2021-04-29,18.15,18.15,17.9307,18.06,16.2496003352037,3353904,0,1
2021-04-30,17.83,17.935,17.77,17.91,16.1146368772701,4693891,0,1
2021-05-03,18.08,18.16,18.04,18.11,16.2945881545149,6074836,0,1
2021-05-04,18.33,18.4,18.24,18.39,16.5465199426575,3464246,0,1
2021-05-05,18.49,18.52,18.4,18.46,16.6095028896932,4390979,0,1
2021-05-06,18.54,18.58,18.425,18.55,16.6904809644534,4525889,0,1
2021-05-07,18.58,18.73,18.51,18.73,16.8524371139737,6180374,0,1
2021-05-10,18.85,18.86,18.52,18.6,16.7354687837646,3358796,0,1
2021-05-11,18.55,18.835,18.55,18.8,16.9154200610093,7764646,0,1
2021-05-12,18.81,18.9699,18.75,18.78,16.8974249332849,8831418,0,1
2021-05-13,18.43,18.518,18.185,18.26,16.4295516124484,5846424,0,1
2021-05-14,18.49,18.529,18.37,18.41,16.564515070382,4489194,0,1
2021-05-17,18.52,18.64,18.5,18.64,16.7714590392135,5056199,0,1
2021-05-18,18.67,18.73,18.38,18.55,16.6904809644534,3729262,0,1
2021-05-19,18.225,18.26,17.96,18.17,16.3485735376883,5160997,0,1
2021-05-20,18.14,18.2,17.94,17.98,16.1776198243057,2828359,0,1
2021-05-21,18.16,18.18,18.08,18.15,16.3305784099638,3046372,0,1
2021-05-24,18.21,18.415,18.18,18.4,16.5555175065198,2823574,0,1
2021-05-25,18.39,18.4307,18.3,18.34,16.5015321233464,1694770,0,1
2021-05-26,18.3,18.415,18.19,18.37,16.5285248149331,1948587,0,1
2021-05-27,18.46,18.66,18.4393,18.66,16.789454166938,1361828,0,1
2021-05-28,18.67,18.69,18.54,18.6,16.7354687837646,2356361,0,1
2021-06-01,18.96,19.11,18.8,18.93,17.0323883912185,5825942,0,1
2021-06-02,19.01,19.04,18.91,19.03,17.1223640298408,4525540,0,1
2021-06-03,19.01,19.01,18.77,18.87,16.978403008045,3802091,0,1
2021-06-04,19.07,19.1399,19,19.08,17.167351849152,2921386,0,1
2021-06-07,19.18,19.1899,19.08,19.11,17.1943445407388,2377928,0,1
2021-06-08,19.1,19.3,19.05,19.3,17.3652982541213,2150634,0,1
2021-06-09,19.29,19.32,19.15,19.21,17.2843201793611,2003510,0,1
2021-06-10,19.32,19.335,19.04,19.28,17.3473031263968,2445861,0,1
2021-06-11,19.21,19.228,19.119,19.22,17.2933177432234,1722778,0,1
2021-06-14,19.06,19.1809,19.04,19.11,17.1943445407388,3407387,0,1
2021-06-15,19.02,19.065,18.96,19.03,17.1223640298408,2385571,0,1
2021-06-16,18.98,19.15,18.89,18.92,17.0233908273562,4248136,0,1
2021-06-17,18.81,18.85,18.35,18.43,16.5825101981065,7251330,0,1
2021-06-18,18.51,18.7,18.5,18.62,16.753463911489,4187072,0,1
2021-06-21,18.57,18.9,18.55,18.85,16.9604078803205,3340209,0,1
2021-06-22,18.88,18.96,18.84,18.88,16.9874005719073,3515409,0,1
2021-06-23,19.07,19.16,19,19,17.0953713382541,2234275,0,1
2021-06-24,18.91,19.07,18.87,19.07,17.1583542852898,2091277,0,1
2021-06-25,19.11,19.12,18.77,18.99,17.0863737743919,4566597,0,1
2021-06-28,19,19.03,18.94,18.98,17.0773762105296,3188394,0,1
2021-06-29,19.06,19.15,18.9945,19.07,17.1583542852898,1575097,0,1
2021-06-30,19.04,19.3384,18.9541,19.25,17.3203104348101,2906799,0,1
2021-07-01,19.58,19.59,19.29,19.32,17.3832933818458,4725940,0,1
2021-07-02,19.37,19.51,19.26,19.5,17.5452495313661,1730483,0,1
2021-07-06,19.36,19.43,18.84,18.97,17.0683786466674,3977221,0,1
2021-07-07,18.99,19.05,18.61,18.74,16.8614346778359,3163278,0,1
2021-07-08,18.73,18.91,18.65,18.9,17.0053956996317,4342460,0,1
2021-07-09,19,19.15,19,19.12,17.203342104601,2181597,0,1
2021-07-12,18.99,19.1502,18.9311,19.15,17.2303347961877,2063719,0,1
2021-07-13,19.18,19.3699,19.13,19.31,17.3742958179835,2406540,0,1
2021-07-14,19.37,19.41,19.01,19.12,17.203342104601,1751181,0,1
2021-07-15,19.03,19.17,19.01,19.02,17.1133664659786,2706350,0,1
2021-07-16,19.16,19.1799,18.94,19.02,17.1133664659786,2345755,0,1
2021-07-19,18.75,18.7501,18.175,18.26,16.4295516124484,4636999,0,1
2021-07-20,18.32,18.54,18.19,18.53,16.6724858367289,6219073,0,1
2021-07-21,18.72,18.9492,18.65,18.9,17.0053956996317,2844597,0,1
2021-07-22,18.94,19.1114,18.84,19.05,17.1403591575653,2426019,0,1
2021-07-23,19.1,19.16,19.05,19.15,17.2303347961877,2245280,0,1
2021-07-26,19.11,19.29,19.0987,19.29,17.3563006902591,1425908,0,1
2021-07-27,19.3,19.36,19.115,19.18,17.2573274877744,2214245,0,1
2021-07-28,19.26,19.34,19.2302,19.27,17.3383055625346,1190803,0,1
2021-07-29,19.44,19.61,19.41,19.61,17.6442227338507,1740297,0,1
2021-07-30,19.54,19.575,19.4515,19.5,17.5452495313661,4256441,0,1
2021-08-02,19.46,19.535,19.15,19.29,17.3563006902591,4450626,0,1
2021-08-03,19.03,19.2,18.97,19.2,17.2753226154989,2634291,0,1
2021-08-04,18.97,19.08,18.87,18.89,16.9963981357695,2169063,0,1
2021-08-05,18.97,19.17,18.97,19.17,17.2483299239122,2162422,0,1
2021-08-06,19.21,19.24,18.99,19.01,17.1043689021164,1488177,0,1
2021-08-09,18.74,18.77,18.5937,18.74,16.8614346778359,2151969,0,1
2021-08-10,18.86,19.13,18.85,19.08,17.167351849152,2366655,0,1
2021-08-11,18.96,19.25,18.9,19.25,17.3203104348101,1448934,0,1
2021-08-12,19.14,19.245,19.02,19.18,17.2573274877744,2008879,0,1
2021-08-13,19.21,19.265,19.0699,19.07,17.1583542852898,1417351,0,1
2021-08-16,18.91,19.06,18.79,19.02,17.1133664659786,1929180,0,1
2021-08-17,18.9,19.02,18.78,18.81,16.9244176248716,2169659,0,1
2021-08-18,18.87,18.89,18.575,18.59,16.7264712199023,3905424,0,1
2021-08-19,18.28,18.3501,18.13,18.33,16.4925345594841,5361364,0,1
2021-08-20,18.1,18.18,17.89,17.9,16.1056393134078,3023096,0,1
2021-08-23,18.37,18.55,18.37,18.55,16.6904809644534,4885812,0,1
2021-08-24,18.71,18.96,18.69,18.94,17.0413859550807,4642194,0,1
2021-08-25,18.98,19.145,18.91,19.11,17.1943445407388,2171553,0,1
2021-08-26,18.98,19.08,18.87,18.96,17.0593810828052,1958032,0,1
2021-08-27,19.07,19.21,19.07,19.2,17.2753226154989,2471264,0,1
2021-08-30,19.23,19.285,19.12,19.27,17.3383055625346,2648944,0,1
2021-08-31,19.17,19.255,19.11,19.18,17.2573274877744,2700532,0,1
2021-09-01,19.01,19.17,18.96,19.09,17.1763494130143,7318738,0,1
2021-09-02,19.34,19.46,19.31,19.31,17.3742958179835,1881641,0,1
2021-09-03,19.37,19.45,19.32,19.33,17.392290945708,3186612,0,1
2021-09-07,19.18,19.2592,19.1,19.11,17.1943445407388,3737013,0,1
2021-09-08,19.36,19.376,19.2,19.25,17.3203104348101,3000921,0,1
2021-09-09,19.12,19.34,19.04,19.11,17.1943445407388,1693013,0,1
2021-09-10,19.39,19.43,19.315,19.36,17.4192836372947,2815056,0,1
2021-09-13,19.5,19.5399,19.41,19.51,17.5542470952283,1456223,0,1
2021-09-14,19.57,19.59,19.42,19.5,17.5452495313661,1092214,0,1
2021-09-15,19.79,19.93,19.77,19.82,17.8331715749577,2364173,0,1
2021-09-16,19.7,19.7205,19.53,19.68,17.7072056808864,1259628,0,1
2021-09-17,19.62,19.62,19.48,19.52,17.5632446590906,1424672,0,1
2021-09-20,19.3,19.37,19.14,19.29,17.3563006902591,3369737,0,1
2021-09-21,19.28,19.32,19.075,19.31,17.3742958179835,1375622,0,1
2021-09-22,19.52,19.62,19.41,19.53,17.5722422229528,1149599,0,1
2021-09-23,19.6,19.84,19.5897,19.83,17.84216913882,1654144,0,1
2021-09-24,19.77,19.96,19.74,19.92,17.9231472135801,2758125,0,1
2021-09-27,20.14,20.235,20.14,20.19,18.1660814378606,3089109,0,1
2021-09-28,20.34,20.36,20.0133,20.03,18.0221204160647,2147357,0,1
2021-09-29,20.03,20.1704,19.98,20.05,18.0401155437892,2426851,0,1
2021-09-30,19.93,20.31,19.87,20.18,18.1570838739983,4267273,0,1
2021-10-01,20.25,20.46,20.1699,20.45,18.4000180982788,8734011,0,1
2021-10-04,20.63,20.89,20.63,20.78,18.6969377057327,3955968,0,1
2021-10-05,20.91,21.07,20.89,21.04,18.9308743661509,2653521,0,1
2021-10-06,20.81,20.81,20.61,20.69,18.6159596309725,3903522,0,1
2021-10-07,20.7,20.95,20.56,20.95,18.8498962913907,4295620,0,1
2021-10-08,21.05,21.1372,20.95,21.02,18.9128792384264,2336313,0,1
2021-10-11,21.23,21.3,21.16,21.16,19.0388451324978,4404409,0,1
2021-10-12,21.23,21.31,21.11,21.16,19.0388451324978,4447079,0,1
2021-10-13,21.15,21.29,21.0614,21.28,19.1468158988446,4128171,0,1
2021-10-14,21.48,21.52,21.3257,21.5,19.3447623038139,3869921,0,1
2021-10-15,21.7,21.75,21.62,21.68,19.5067184533342,2904678,0,1
2021-10-18,21.79,21.84,21.55,21.55,19.3897501231251,6736000,0,1
2021-10-19,21.5,21.67,21.42,21.6,19.4347379424363,4928575,0,1
2021-10-20,21.51,21.85,21.48,21.84,19.65067947513,3467001,0,1
2021-10-21,21.59,21.635,21.3001,21.51,19.3537598676761,3270875,0,1
2021-10-22,21.61,21.67,21.41,21.61,19.4437355062985,2690887,0,1
2021-10-25,21.77,21.83,21.695,21.72,19.5427087087831,1764101,0,1
2021-10-26,21.72,21.81,21.6552,21.75,19.5697014003699,1605274,0,1
2021-10-27,21.52,21.65,21.35,21.35,19.2097988458803,4256875,0,1
2021-10-28,21.38,21.47,21.235,21.46,19.3087720483649,4941850,0,1
2021-10-29,21.35,21.44,21.185,21.35,19.2097988458803,2849084,0,1
2021-11-01,21.51,21.56,21.45,21.51,19.3537598676761,3896275,0,1
2021-11-02,21.44,21.615,21.41,21.57,19.4077452508496,3542906,0,1
2021-11-03,21.23,21.32,21,21.02,18.9128792384264,3420164,0,1
2021-11-04,21.46,21.48,20.8,20.89,18.7959109082173,4825290,0,1
2021-11-05,20.98,21.23,20.8639,21.18,19.0568402602222,6198597,0,1
2021-11-08,21.19,21.32,21.17,21.31,19.1738085904313,1272340,0,1
2021-11-09,21.3,21.48,21.185,21.48,19.3267671760894,2357774,0,1
2021-11-10,21.45,21.5287,21.1426,21.21,19.083832951809,3514725,0,1
2021-11-11,21.36,21.48,21.27,21.36,19.2187964097425,1683682,0,1
2021-11-12,21.26,21.4099,21.26,21.33,19.1918037181558,4006857,0,1
2021-11-15,21.18,21.3498,21.125,21.34,19.2008012820181,2165336,0,1
2021-11-16,21.32,21.41,21.24,21.31,19.1738085904313,1567483,0,1
2021-11-17,21.29,21.37,21.035,21.12,19.0028548770488,2240070,0,1
2021-11-18,21.18,21.22,21.05,21.19,19.0658378240845,1305535,0,1
2021-11-19,21.05,21.08,20.82,20.85,18.7599206527683,2124181,0,1
2021-11-22,20.88,21.09,20.88,21,18.8948841107019,3914688,0,1
2021-11-23,21.11,21.39,21.11,21.38,19.236791537467,1887393,0,1
2021-11-24,21.34,21.42,21.2843,21.3,19.1648110265691,3840989,0,1
2021-11-26,20.6,20.6,19.82,20.03,18.0221204160647,7161908,0,1
2021-11-29,20.47,20.5,19.94,20.03,18.0221204160647,4303688,0,1
2021-11-30,19.71,19.8075,19.21,19.48,17.5272544036416,12056939,0,1
2021-12-01,19.75,19.8,19.25,19.31,17.3742958179835,10483191,0,1
2021-12-02,19.28,19.62,19.201,19.48,17.5272544036416,6337994,0,1
2021-12-03,19.77,19.83,19.4,19.5,17.5452495313661,3766945,0,1
2021-12-06,19.54,19.8899,19.5,19.84,17.8511667026822,3801595,0,1
2021-12-07,20.04,20.235,20,20.14,18.1210936185494,2440245,0,1
2021-12-08,20.22,20.41,20.2101,20.41,18.3640278428298,2916852,0,1
2021-12-09,20.26,20.3,20.1,20.1,18.0851033631004,3384474,0,1
2021-12-10,20.21,20.34,20.1976,20.33,18.2920473319319,2684752,0,1
2021-12-13,20.33,20.38,20.191,20.23,18.2020716933095,4733556,0,1
2021-12-14,20.05,20.12,19.9509,20.05,18.0401155437892,3595557,0,1
2021-12-15,20,20.15,19.87,20.15,18.1300911824116,2232977,0,1
2021-12-16,20.23,20.4,20.18,20.27,18.2380619487585,3215363,0,1
2021-12-17,20.17,20.189,20.02,20.03,18.0221204160647,3608505,0,1
2021-12-20,19.79,19.9099,19.58,19.89,17.8961545219934,3943068,0,1
2021-12-21,20.11,20.31,20.065,20.31,18.2740522042074,2507165,0,1
2021-12-22,20.38,20.57,20.35,20.55,18.4899937369012,2203814,0,1
2021-12-23,20.55,20.695,20.493,20.66,18.5889669393858,2437946,0,1
2021-12-27,20.66,20.98,20.62,20.92,18.822903599804,2160538,0,1
2021-12-28,20.98,21,20.8706,20.88,18.7869133443551,2404800,0,1
2021-12-29,20.85,21.09,20.82,20.98,18.8768889829775,3236577,0,1
2021-12-30,20.97,21.06,20.86,20.88,18.7869133443551,1705880,0,1
2021-12-31,20.9,20.935,20.72,20.78,18.6969377057327,3864011,0,1
2022-01-03,20.72,20.9,20.68,20.86,18.7689182166306,5301228,0,1
2022-01-04,21,21.14,20.98,21.11,18.9938573131866,2987365,0,1
2022-01-05,21.2,21.26,21.02,21.02,18.9128792384264,7094277,0,1
2022-01-06,21.2,21.245,21.1,21.2,19.0748353879467,4148123,0,1
2022-01-07,21.2,21.25,21.12,21.24,19.1108256433957,2781615,0,1
2022-01-10,21.21,21.23,21.04,21.15,19.0298475686355,3425384,0,1
2022-01-11,21.29,21.5758,21.182,21.56,19.3987476869873,3551524,0,1
2022-01-12,21.67,21.76,21.6101,21.73,19.5517062726454,3003802,0,1
2022-01-13,21.71,21.71,21.49,21.5,19.3447623038139,2371876,0,1
2022-01-14,21.63,21.785,21.6,21.78,19.5966940919566,1703380,0,1
2022-01-18,21.86,22,21.8401,21.95,19.7496526776146,4809651,0,1
2022-01-19,22.11,22.2055,22.0444,22.07,19.8576234439615,3605323,0,1
2022-01-20,22.12,22.275,21.99,21.99,19.7856429330636,4042202,0,1
2022-01-21,22.06,22.115,21.91,22.01,19.8036380607881,4165264,0,1
2022-01-24,21.86,21.97,21.6299,21.96,19.7586502414769,5620640,0,1
2022-01-25,21.94,22.18,21.9,22.16,19.9386015187217,5789854,0,1
2022-01-26,22.33,22.425,22.185,22.21,19.9835893380328,8802275,0,1
2022-01-27,22.4,22.425,22.1822,22.32,20.0825625405175,3957874,0,1
2022-01-28,22.47,22.5,22.24,22.34,20.100557668242,4511324,0,1
2022-01-31,22.43,22.45,22.21,22.42,20.1725381791399,3132007,0,1
2022-02-01,22.35,22.525,22.31,22.51,20.2535162539,6246196,0,1
2022-02-02,22.62,22.62,22.45,22.6,20.3344943286602,6241555,0,1
2022-02-03,22.38,22.7,22.345,22.65,20.3794821479714,3387691,0,1
2022-02-04,22.79,22.92,22.77,22.83,20.5414382974917,5460406,0,1
2022-02-07,22.81,22.885,22.76,22.88,20.5864261168029,3394095,0,1
2022-02-08,22.71,22.735,22.555,22.68,20.4064748395581,3238593,0,1
2022-02-09,22.72,22.92,22.72,22.91,20.6134188083896,4822653,0,1
2022-02-10,22.9,23.1272,22.75,22.79,20.5054480420427,4868268,0,1
2022-02-11,22.85,23.21,22.83,23.13,20.8113652133588,6964996,0,1
2022-02-14,23,23.36,22.96,23.25,20.9193359797057,5165118,0,1
2022-02-15,22.91,22.91,22.695,22.87,20.5774285529406,4105066,0,1
2022-02-16,23.06,23.23,22.89,22.9,20.6044212445273,3950593,0,1
2022-02-17,22.96,23.12,22.91,23.09,20.7753749579099,3057833,0,1
2022-02-18,22.99,23.27,22.93,23.18,20.85635303267,3306331,0,1
2022-02-22,23.65,23.7,23.42,23.51,21.1532726401239,4654639,0,1
2022-02-23,23.6,23.85,23.568,23.73,21.3512190450932,4004444,0,1
2022-02-24,24.73,24.73,23.6111,23.83,21.4411946837156,13349373,0,1
2022-02-25,23.49,23.5799,23.23,23.47,21.117282384675,8694286,0,1
2022-02-28,23.89,23.99,23.75,23.87,21.4771849391645,10291936,0,1
2022-03-01,24.48,24.865,24.44,24.83,22.3409510699395,11819806,0,1
2022-03-02,25.32,25.79,25.02,25.64,23.0697537427808,11672722,0,1
2022-03-03,25.71,26.31,25.605,25.92,23.3216855309235,15822840,0,1
2022-03-04,26.63,27.175,26.35,27.01,24.3024199919076,17305059,0,1
2022-03-07,27.25,27.7771,27.066,27.6,24.8332762597797,18127281,0,1
2022-03-08,28.0799,28.405,27.15,28.07,25.2561617613049,19913788,0,1
2022-03-09,26.75,26.86,24.8,25.84,23.2497050200256,16680741,0,1
2022-03-10,26.3,26.36,25.355,25.53,22.9707805402962,8655494,0,1
2022-03-11,25.73,26.13,25.61,25.97,23.3666733502347,7746351,0,1
2022-03-14,25.37,25.53,25.025,25.21,22.6828584967046,8335878,0,1
2022-03-15,24.525,24.9,24.34,24.59,22.1250095372457,12507368,0,1
2022-03-16,24.93,25.05,24.27,24.38,21.9360606961387,8001050,0,1
2022-03-17,25.27,25.66,25.25,25.55,22.9887756680207,6044988,0,1
2022-03-18,25.54,25.6968,25.41,25.67,23.0967464343675,3560940,0,1
2022-03-21,26.25,26.6499,26.22,26.63,23.9605125651425,4167299,0,1
2022-03-22,26.61,26.71,26.32,26.57,23.9065271819691,4341911,0,1
2022-03-23,27.12,27.39,27.08,27.23,24.5003663968768,3407136,0,1
2022-03-24,27.25,27.27,26.87,26.96,24.2574321725964,4595240,0,1
2022-03-25,26.88,27.33,26.7767,27.16,24.4373834498412,4174245,0,1
2022-03-28,26.48,26.65,25.91,25.98,23.375670914097,5249809,0,1
2022-03-29,25.41,26.0939,25.311,26.08,23.4656465527193,5106760,0,1
2022-03-30,26.53,26.7,26.42,26.55,23.8885320542446,3669349,0,1
2022-03-31,26.39,26.6,25.96,26.06,23.4476514249949,4881935,0,1
2022-04-01,26.1,26.335,26.06,26.23,23.6006100106529,5282190,0,1
2022-04-04,26.76,26.84,26.5005,26.73,24.0504882037649,4628729,0,1
2022-04-05,26.97,27.085,26.45,26.51,23.8525417987956,5802627,0,1
2022-04-06,26.86,26.98,26.12,26.3,23.6635929576886,3824963,0,1
2022-04-07,26.33,26.42,25.94,26.39,23.7445710324488,3891897,0,1
2022-04-08,26.38,26.76,26.33,26.72,24.0414906399026,6044346,0,1
2022-04-11,26.44,26.585,26.28,26.5,23.8435442349334,3558948,0,1
2022-04-12,27.05,27.33,27,27.29,24.5543517800503,4192266,0,1
2022-04-13,27.53,27.9,27.255,27.89,25.0942056117846,6133852,0,1
2022-04-14,27.75,28.23,27.64,28.1,25.2831544528916,5547140,0,1
2022-04-18,28.4,28.745,28.2912,28.42,25.5710764964833,7531295,0,1
2022-04-19,27.87,27.87,27.53,27.69,24.9142543345398,5921402,0,1
2022-04-20,27.78,27.81,27.36,27.72,24.9412470261265,3747618,0,1
2022-04-21,27.75,27.8999,27.47,27.68,24.9052567706776,4061256,0,1
2022-04-22,27.43,27.53,27.14,27.15,24.4283858859789,4307588,0,1
2022-04-25,26.37,26.985,26.26,26.95,24.2484346087341,6128647,0,1
2022-04-26,27.11,27.44,26.82,27.32,24.581344471637,4999259,0,1
2022-04-27,27.17,27.6,27.1195,27.51,24.7522981850195,3375079,0,1
2022-04-28,27.45,27.78,27.332,27.74,24.959242153851,4675327,0,1
2022-04-29,27.91,28.06,27.48,27.53,24.770293312744,4323428,0,1
2022-05-02,27.26,27.96,27.085,27.95,25.148190994958,5788150,0,1
2022-05-03,27.73,27.9399,27.44,27.56,24.7972860043307,2453211,0,1
2022-05-04,28.14,28.465,27.92,28.42,25.5710764964833,5269671,0,1
2022-05-05,28.65,28.68,28.045,28.27,25.4361130385497,4150333,0,1
2022-05-06,28.3,28.43,27.99,28.3,25.4631057301364,6718972,0,1
2022-05-09,27.75,27.8,26.96,27.02,24.3114175557698,9241886,0,1
2022-05-10,27.19,27.34,26.83,26.86,24.167456533974,4717916,0,1
2022-05-11,27.49,27.71,27.48,27.52,24.7612957488818,4105356,0,1
2022-05-12,27.35,27.675,27.22,27.65,24.8782640790909,4377558,0,1
2022-05-13,27.86,28.0661,27.7,28.03,25.220171505856,3611278,0,1
2022-05-16,28.11,28.53,28.05,28.49,25.634059443519,7230252,0,1
2022-05-17,28.49,28.62,28.17,28.18,25.3551349637895,4522573,0,1
2022-05-18,28.26,28.36,27.49,27.57,24.806283568193,3436839,0,1
2022-05-19,27.37,28.0299,27.36,27.92,25.1211983033713,3482800,0,1
2022-05-20,27.97,28.1196,27.76,27.96,25.1571885588203,2389625,0,1
2022-05-23,28.04,28.225,27.88,28.17,25.3461373999273,2386636,0,1
2022-05-24,28.15,28.265,28.0001,28.15,25.3281422722028,2591344,0,1
2022-05-25,28.16,28.35,28.01,28.35,25.5080935494476,2312568,0,1
2022-05-26,28.31,28.77,28.25,28.66,25.787018029177,3468304,0,1
2022-05-27,28.62,29.02,28.566,29,26.0929352004931,2431708,0,1
2022-05-31,29.44,29.53,28.58,28.8,25.9129839232484,3508483,0,1
2022-06-01,29.06,29.18,28.9,28.94,26.0389498173197,3099376,0,1
2022-06-02,29.22,29.61,29.0616,29.6,26.6327890322275,3133549,0,1
2022-06-03,29.47,29.88,29.39,29.88,26.8847208203702,2228631,0,1
2022-06-06,29.91,30.09,29.79,30.01,27.0016891505793,3154777,0,1
2022-06-07,29.91,30.22,29.85,30.21,27.1816404278241,3388259,0,1
2022-06-08,30.26,30.6,30.23,30.48,27.4245746521045,5112469,0,1
2022-06-09,30.26,30.635,30.26,30.53,27.4695624714157,3821899,0,1
2022-06-10,30.35,30.39,29.96,30.23,27.1996355555485,3215814,0,1
2022-06-13,29.99,30.185,29.38,29.89,26.8937183842324,6268631,0,1
2022-06-14,29.96,30.09,29.35,29.56,26.5967987767785,5818224,0,1
2022-06-15,29.6,29.92,29.4869,29.58,26.614793904503,5532811,0,1
2022-06-16,29.55,29.8567,29.32,29.71,26.7317622347121,4228966,0,1
2022-06-17,29.4,29.44,28.4,28.65,25.7780204653148,6746310,0,1
2022-06-21,28.83,29.05,28.475,28.58,25.7150375182791,4766838,0,1
2022-06-22,27.7,28.34,27.63,28.07,25.2561617613049,8211824,0,1
2022-06-23,28.1,28.17,27.43,27.44,24.6893152379839,8788393,0,1
2022-06-24,27.59,27.86,27.4,27.7,24.9232518984021,3507123,0,1
2022-06-27,27.61,27.825,27.3659,27.64,24.8692665152286,6080433,0,1
2022-06-28,27.71,28.01,27.625,27.97,25.1661861226825,2066285,0,1
2022-06-29,28.13,28.24,27.48,27.49,24.734303057295,1902006,0,1
2022-06-30,27.23,27.27,26.58,26.64,23.9695101290047,5156362,0,1
2022-07-01,27,27.06,26.6,26.77,24.0864784592138,7726256,0,1
2022-07-05,26.07,26.07,24.825,24.97,22.4669169640108,10118931,0,1
2022-07-06,24.89,24.99,24.33,24.6,22.134007101108,8203388,0,1
2022-07-07,25.28,25.83,25.27,25.62,23.0517586150564,4708272,0,1
2022-07-08,25.86,26.11,25.59,26.07,23.4566489888571,3934618,0,1
2022-07-11,26.09,26.16,25.815,26.02,23.4116611695459,3606763,0,1
2022-07-12,25.35,25.48,24.81,24.84,22.3499486338017,6427373,0,1
2022-07-13,24.91,25.3099,24.83,24.98,22.4759145278731,2853394,0,1
2022-07-14,24.47,24.87,24.18,24.75,22.2689705590416,4524884,0,1
2022-07-15,24.98,25.17,24.79,25.07,22.5568926026332,3972851,0,1
2022-07-18,25.7,25.87,25.49,25.54,22.9797781041584,1735243,0,1
2022-07-19,25.26,25.7,25.26,25.64,23.0697537427808,3203175,0,1
2022-07-20,25.57,25.72,25.45,25.62,23.0517586150564,1915177,0,1
2022-07-21,25.08,25.36,25,25.19,22.6648633689801,6044511,0,1
2022-07-22,25.12,25.4,24.88,24.89,22.3949364531129,1279810,0,1
2022-07-25,25.19,25.365,25.0429,25.34,22.7998268269137,5301209,0,1
2022-07-26,25.73,25.8,25.34,25.39,22.8448146462249,6001997,0,1
2022-07-27,25.63,26.0275,25.465,25.97,23.3666733502347,2567766,0,1
2022-07-28,26.17,26.19,25.82,25.99,23.3846684779592,2202442,0,1
2022-07-29,26.35,26.6128,26.085,26.11,23.4926392443061,2209034,0,1
2022-08-01,25.45,25.65,25.29,25.58,23.0157683596074,4076354,0,1
2022-08-02,25.61,25.84,25.425,25.45,22.8988000293983,2800121,0,1
2022-08-03,25.65,25.73,25.0705,25.23,22.700853624429,3368462,0,1
2022-08-04,25.09,25.26,24.835,24.96,22.4579194001486,5345063,0,1
2022-08-05,24.64,25.232,24.61,24.87,22.3769413253884,3481589,0,1
2022-08-08,24.82,25.18,24.82,25.17,22.6468682412556,2992672,0,1
2022-08-09,25.43,25.605,25.28,25.38,22.8358170823626,2038541,0,1
2022-08-10,25.42,25.8,25.17,25.73,23.150731817541,2280810,0,1
2022-08-11,26.04,26.32,25.9,26.23,23.6006100106529,5550148,0,1
2022-08-12,26.06,26.185,25.895,26.09,23.4746441165816,2575464,0,1
2022-08-15,25.32,25.8,25.275,25.77,23.1867220729899,3170446,0,1
2022-08-16,25.85,25.99,25.4,25.48,22.925792720985,2842654,0,1
2022-08-17,25.51,25.73,25.37,25.58,23.0157683596074,2840687,0,1
2022-08-18,25.8,26.045,25.7,25.97,23.3666733502347,4864462,0,1
2022-08-19,25.9,26.175,25.75,25.96,23.3576757863725,3590802,0,1
2022-08-22,25.82,26.21,25.585,26.19,23.564619755204,3868178,0,1
2022-08-23,26.42,26.76,26.42,26.62,23.9515150012803,4384630,0,1
2022-08-24,26.71,26.9,26.52,26.9,24.2034467894229,3093499,0,1
2022-08-25,26.98,26.98,26.45,26.52,23.8615393626579,2065955,0,1
2022-08-26,26.51,26.71,26.35,26.63,23.9605125651425,3105623,0,1
2022-08-29,26.67,27.04,26.59,27.02,24.3114175557698,6205066,0,1
2022-08-30,26.53,26.62,26.06,26.27,23.6366002661019,4292097,0,1
2022-08-31,25.88,26.115,25.72,25.72,23.1417342536787,4977653,0,1
2022-09-01,25.35,25.485,25.12,25.17,22.6468682412556,8110687,0,1
2022-09-02,25.53,25.62,25.315,25.34,22.7998268269137,4586511,0,1
2022-09-06,25.43,25.495,25.185,25.19,22.6648633689801,3451898,0,1
2022-09-07,24.87,25.09,24.58,24.59,22.1250095372457,7838969,0,1
2022-09-08,24.71,24.8515,24.48,24.69,22.2149851758681,5282425,0,1
2022-09-09,25.06,25.4117,25.05,25.39,22.8448146462249,1327994,0,1
2022-09-12,25.66,25.86,25.5804,25.74,23.1597293814032,1868522,0,1
2022-09-13,25.67,25.79,25.29,25.61,23.0427610511941,3863349,0,1
2022-09-14,25.71,25.85,25.59,25.72,23.1417342536787,1561585,0,1
2022-09-15,25.24,25.24,24.85,24.97,22.4669169640108,2106253,0,1
2022-09-16,24.98,25.06,24.805,24.88,22.3859388892507,2035569,0,1
2022-09-19,24.47,24.99,24.39,24.96,22.4579194001486,2213785,0,1
2022-09-20,24.89,25.0011,24.72,24.93,22.4309267085619,1815927,0,1
2022-09-21,25.13,25.18,24.66,24.78,22.2959632506283,1647948,0,1
2022-09-22,25.17,25.24,24.79,24.85,22.358946197664,1767321,0,1
2022-09-23,24.08,24.12,23.88,24.01,21.6031508332359,3885244,0,1
2022-09-26,23.91,24.12,23.42,23.45,21.0992872569505,5110987,0,1
2022-09-27,23.8,24.01,23.625,23.7,21.3242263535065,2834886,0,1
2022-09-28,23.88,24.37,23.82,24.36,21.9180655684142,2314326,0,1
2022-09-29,24.35,24.3979,24.07,24.21,21.7831021104807,2066122,0,1
2022-09-30,24.02,24.25,23.84,23.91,21.5131751946135,3947620,0,1
2022-10-03,24.45,24.55,24.27,24.45,21.9990436431744,6327139,0,1
2022-10-04,24.92,25.2,24.89,25.11,22.5928828580822,2239870,0,1
2022-10-05,25.2,25.57,25.04,25.56,22.9977732318829,2753773,0,1
2022-10-06,25.51,25.74,25.46,25.72,23.1417342536787,2810595,0,1
2022-10-07,25.73,26.125,25.7,25.99,23.3846684779592,2382395,0,1
2022-10-10,26.09,26.24,25.685,25.7,23.1237391259543,2467561,0,1
2022-10-11,25.44,25.62,25.28,25.33,22.7908292630514,2530476,0,1
2022-10-12,25.33,25.41,25.18,25.33,22.7908292630514,2338234,0,1
2022-10-13,25.16,25.77,25.16,25.68,23.1057439982298,2166387,0,1
2022-10-14,25.47,25.54,25.13,25.17,22.6468682412556,1559144,0,1
2022-10-17,25.35,25.415,25.065,25.11,22.5928828580822,2200912,0,1
2022-10-18,24.98,25.07,24.66,24.84,22.3499486338017,1673802,0,1
2022-10-19,24.68,24.9403,24.64,24.83,22.3409510699395,2062599,0,1
2022-10-20,25.06,25.25,24.78,24.85,22.358946197664,1564192,0,1
2022-10-21,24.75,24.95,24.6581,24.88,22.3859388892507,1142922,0,1
2022-10-24,24.87,25.12,24.85,24.95,22.4489218362863,1166800,0,1
2022-10-25,24.96,25.18,24.92,25.09,22.5748877303577,892365,0,1
2022-10-26,25.22,25.59,25.19,25.56,22.9977732318829,4190269,0,1
2022-10-27,25.6,25.685,25.5,25.6,23.0337634873319,1699483,0,1
2022-10-28,25.32,25.43,25.12,25.3,22.7638365714647,2783487,0,1
2022-10-31,25.08,25.34,24.96,25.12,22.6018804219444,3264404,0,1
2022-11-01,25.6,25.6,25.37,25.5,22.9437878487095,4248537,0,1
2022-11-02,25.47,25.93,25.38,25.73,23.150731817541,2158593,0,1
2022-11-03,25.5,25.83,25.45,25.71,23.1327366898165,2088601,0,1
2022-11-04,26.47,26.59,26.26,26.58,23.9155247458313,2063039,0,1
2022-11-07,26.57,26.69,26.32,26.35,23.7085807769998,2093787,0,1
2022-11-08,26.35,26.47,25.91,26.03,23.4206587334082,1957959,0,1
2022-11-09,25.71,25.76,25.41,25.43,22.8808049016738,1693168,0,1
2022-11-10,25.56,25.76,25.47,25.66,23.0877488705053,2431840,0,1
2022-11-11,26.19,26.29,25.9838,26.15,23.528629499755,2817665,0,1
2022-11-14,26.02,26.3,25.76,25.76,23.1777245091277,1623141,0,1
2022-11-15,25.77,26.31,25.65,26.06,23.4476514249949,3209884,0,1
2022-11-16,25.73,25.845,25.63,25.77,23.1867220729899,2226914,0,1
2022-11-17,25.48,25.5544,25.23,25.34,22.7998268269137,2043462,0,1
2022-11-18,24.9,25.175,24.87,25.16,22.6378706773934,3200535,0,1
2022-11-21,24.73,25.14,24.44,25.07,22.5568926026332,4164210,0,1
2022-11-22,25.31,25.4618,25.25,25.33,22.7908292630514,3397665,0,1
2022-11-23,25,25.09,24.82,24.98,22.4759145278731,2169063,0,1
2022-11-25,25.1,25.18,24.745,24.76,22.2779681229038,1243153,0,1
2022-11-28,24.42,24.83,24.39,24.61,22.1430046649702,3559618,0,1
2022-11-29,24.92,25.07,24.76,24.93,22.4309267085619,5141728,0,1
2022-11-30,25.38,25.51,25.19,25.49,22.9347902848472,2939895,0,1
2022-12-01,25.7,25.78,25.34,25.36,22.8178219546381,3382378,0,1
2022-12-02,25.22,25.35,25.03,25.09,22.5748877303577,3957200,0,1
2022-12-05,25.27,25.315,24.385,24.44,21.9900460793122,4078112,0,1
2022-12-06,24.41,24.49,23.925,24.05,21.6391410886848,3352581,0,1
2022-12-07,24.1,24.2,23.84,23.93,21.531170322338,5676555,0,1
2022-12-08,24.08,24.12,23.78,23.89,21.495180066889,3554741,0,1
2022-12-09,23.93,24.06,23.74,23.92,21.5221727584757,2957887,0,1
2022-12-12,23.99,24.245,23.97,24.18,21.7561094188939,2660088,0,1
2022-12-13,24.54,24.72,24.5323,24.58,22.1160119733835,2778985,0,1
2022-12-14,24.63,24.86,24.59,24.77,22.286965686766,2342435,0,1
2022-12-15,24.71,24.71,24.36,24.47,22.0170387708989,2802502,0,1
2022-12-16,24.12,24.31,24.075,24.16,21.7381142911695,3403493,0,1
2022-12-19,24.03,24.08,23.86,23.97,21.6973283341819,3123540,0.1447,1
2022-12-20,23.89,24.13,23.84,24.08,21.7968988855695,2614565,0,1
2022-12-21,24.27,24.41,24.26,24.39,22.0775068031163,1882533,0,1
2022-12-22,24.31,24.372,23.95,24.08,21.7968988855695,2017230,0,1
2022-12-23,24.18,24.55,24.18,24.52,22.1951810911198,2913336,0,1
2022-12-27,24.01,24.87,23.8,24.74,22.3943221938949,6148405,0,1
2022-12-28,24.5,24.53,24.24,24.46,22.140869881272,2873265,0,1
2022-12-29,24.26,24.45,24.21,24.43,22.1137142763481,1759953,0,1
2022-12-30,24.3,24.67,24.3,24.65,22.3128553791233,1848335,0,1
2023-01-03,24.36,24.53,23.985,24.06,21.7787951489536,3228335,0,1
2023-01-04,23.75,23.79,23.52,23.63,21.3895648117113,1971282,0,1
2023-01-05,23.55,23.65,23.42,23.51,21.2809423920157,1700833,0,1
2023-01-06,23.7,23.785,23.55,23.64,21.3986166800192,1674563,0,1
2023-01-09,24,24.18,23.9,23.92,21.6520689926421,1189256,0,1
2023-01-10,23.97,24.065,23.8115,23.92,21.6520689926421,1469374,0,1
2023-01-11,24.2,24.35,24.04,24.35,22.0412993298844,1923208,0,1
2023-01-12,24.55,24.66,24.41,24.55,22.2223366960437,2452124,0,1
2023-01-13,24.51,24.82,24.51,24.79,22.4395815354347,1514810,0,1
2023-01-17,24.87,24.98,24.75,24.96,22.59346329667,1160666,0,1
2023-01-18,25.09,25.1681,24.685,24.69,22.3490628523551,1469595,0,1
2023-01-19,24.83,25.0322,24.78,24.94,22.5753595600541,1241290,0,1
2023-01-20,25.02,25.13,24.9,25.09,22.7111375846735,1143993,0,1
2023-01-23,25.13,25.215,25.045,25.15,22.7654487945213,2664614,0,1
2023-01-24,25.18,25.2,24.98,25.01,22.6387226382098,915571,0,1
2023-01-25,24.98,25.02,24.84,24.94,22.5753595600541,1151190,0,1
2023-01-26,25.1,25.13,24.93,25.05,22.6749301114417,1637600,0,1
2023-01-27,25.12,25.125,24.74,24.77,22.4214777988188,2379162,0,1
2023-01-30,24.6,24.8,24.45,24.45,22.131818012964,2528288,0,1
2023-01-31,24.47,24.87,24.45,24.87,22.5119964818984,1571848,0,1
2023-02-01,24.68,24.7,24.184,24.4,22.0865586714242,3090873,0,1
2023-02-02,24.6,24.6,24.16,24.22,21.9236250418809,3591104,0,1
2023-02-03,24.04,24.28,23.6,23.61,21.3714610750953,2625591,0,1
2023-02-06,23.64,23.715,23.32,23.68,21.4348241532511,1375746,0,1
2023-02-07,23.73,24.1399,23.7201,24.13,21.8421582271093,1057280,0,1
2023-02-08,24.16,24.2198,23.96,24.18,21.8874175686491,822680,0,1
2023-02-09,24.07,24.15,23.8901,23.99,21.7154320707978,2053961,0,1
2023-02-10,24.13,24.33,24.13,24.33,22.0231955932685,783070,0,1
2023-02-13,24.15,24.37,24.12,24.28,21.9779362517287,853785,0,1
2023-02-14,24.12,24.44,24.0739,24.36,22.0503511981924,926509,0,1
2023-02-15,24.12,24.165,23.93,24.1,21.8150026221854,924737,0,1
2023-02-16,24.03,24.16,24.005,24.03,21.7516395440297,831921,0,1
2023-02-17,23.63,23.8901,23.58,23.85,21.5887059144864,1207899,0,1
2023-02-21,23.98,24.08,23.82,23.88,21.6158615194103,1014167,0,1
2023-02-22,23.82,23.87,23.57,23.57,21.3352536018635,1219479,0,1
2023-02-23,23.75,23.83,23.59,23.75,21.4981872314068,2070245,0,1
2023-02-24,23.51,23.68,23.335,23.67,21.4257722849431,1637824,0,1
2023-02-27,23.76,23.77,23.6,23.69,21.443876021559,1076769,0,1
2023-02-28,23.84,23.9,23.74,23.76,21.5072390997148,1222255,0,1
2023-03-01,23.89,24.18,23.86,24.17,21.8783657003411,1238207,0,1
2023-03-02,24.15,24.165,23.955,24.08,21.7968988855695,828694,0,1
2023-03-03,24.02,24.48,24.02,24.46,22.140869881272,1507902,0,1
2023-03-06,24.15,24.36,24.12,24.34,22.0322474615765,1046042,0,1
2023-03-07,24.2,24.268,23.81,23.84,21.5796540461784,1498475,0,1
2023-03-08,23.71,23.83,23.6521,23.71,21.4619797581749,1518284,0,1
2023-03-09,23.8,23.882,23.39,23.42,21.1994755772441,1290852,0,1
2023-03-10,23.46,23.71,23.45,23.67,21.4257722849431,2418338,0,1
2023-03-13,23.3,23.77,23.245,23.52,21.2899942603237,1865938,0,1
2023-03-14,23.37,23.575,23.1501,23.22,21.0184382110849,1300630,0,1
2023-03-15,22.75,22.88,22.36,22.68,20.529637322455,2929177,0,1
2023-03-16,22.45,22.835,22.36,22.75,20.5930004006107,1536679,0,1
2023-03-17,22.83,22.89,22.53,22.68,20.529637322455,1916779,0,1
2023-03-20,22.69,22.8,22.561,22.77,20.6111041372266,1108896,0,1
2023-03-21,22.84,22.925,22.7,22.85,20.6835190836903,1300548,0,1
2023-03-22,22.93,23.07,22.8,22.91,20.7378302935381,1414205,0,1
2023-03-23,23.08,23.19,22.85,22.85,20.6835190836903,1482801,0,1
2023-03-24,22.83,23.005,22.7798,22.96,20.7830896350779,2175856,0,1
2023-03-27,23.04,23.4192,22.9999,23.39,21.1723199723202,2176419,0,1
2023-03-28,23.34,23.59,23.34,23.5,21.2718905237078,1037883,0,1
2023-03-29,23.55,23.6201,23.335,23.35,21.1361124990884,514660,0,1
2023-03-30,23.48,23.54,23.36,23.52,21.2899942603237,793911,0,1
2023-03-31,23.53,23.7608,23.53,23.74,21.4891353630988,1026257,0,1
2023-04-03,24.17,24.305,24.065,24.13,21.8421582271093,1164837,0,1
2023-04-04,24.16,24.1801,23.93,24.1,21.8150026221854,1313125,0,1
2023-04-05,24.1,24.2,24.015,24.19,21.8964694369571,1099675,0,1
2023-04-06,24.13,24.15,24.025,24.12,21.8331063588013,2418797,0,1
2023-04-10,24.05,24.18,24.045,24.12,21.8331063588013,989982,0,1
2023-04-11,24.12,24.305,24.11,24.25,21.9507806468048,1525997,0,1
2023-04-12,24.35,24.47,24.31,24.44,22.1227661446561,1151548,0,1
2023-04-13,24.53,24.59,24.4001,24.44,22.1227661446561,888725,0,1
2023-04-14,24.43,24.535,24.28,24.47,22.14992174958,1244707,0,1
2023-04-17,24.39,24.47,24.235,24.37,22.0594030665004,937311,0,1
2023-04-18,24.38,24.505,24.275,24.42,22.1046624080402,844845,0,1
2023-04-19,24.11,24.231,24.027,24.08,21.7968988855695,397292,0,1
2023-04-20,23.87,23.935,23.795,23.87,21.6068096511023,1066340,0,1
2023-04-21,23.92,23.95,23.725,23.82,21.5615503095625,735716,0,1
2023-04-24,23.76,24.05,23.7407,24.01,21.7335358074138,1753831,0,1
2023-04-25,23.81,23.81,23.53,23.67,21.4257722849431,1221045,0,1
2023-04-26,23.62,23.67,23.28,23.31,21.0999050258565,1770791,0,1
2023-04-27,23.31,23.41,23.21,23.34,21.1270606307804,990402,0,1
2023-04-28,23.29,23.57,23.2401,23.56,21.3262017335555,499591,0,1
2023-05-01,23.39,23.55,23.22,23.36,21.1451643673963,1138751,0,1
2023-05-02,23.18,23.2,22.79,22.83,20.6654153470744,1658775,0,1
2023-05-03,22.58,22.65,22.51,22.54,20.4029111661435,869925,0,1
2023-05-04,22.54,22.79,22.4701,22.63,20.4843779809152,782875,0,1
2023-05-05,22.91,23.15,22.88,23.14,20.9460232646212,702373,0,1
2023-05-08,23.37,23.41,23.24,23.25,21.0455938160088,742614,0,1
2023-05-09,23.17,23.36,23.02,23.32,21.1089568941645,787163,0,1
2023-05-10,23.24,23.3195,23.12,23.25,21.0455938160088,489763,0,1
2023-05-11,22.91,22.97,22.76,22.85,20.6835190836903,742692,0,1
2023-05-12,22.86,22.925,22.65,22.67,20.520585454147,769819,0,1
2023-05-15,22.81,23.01,22.795,22.93,20.755934030154,703212,0,1
2023-05-16,22.88,22.972,22.68,22.68,20.529637322455,1020730,0,1
2023-05-17,22.88,23,22.73,22.95,20.7740377667699,816451,0,1
2023-05-18,22.73,22.8,22.64,22.74,20.5839485323028,1005214,0,1
2023-05-19,22.92,22.95,22.66,22.71,20.5567929273789,777848,0,1
2023-05-22,22.64,22.78,22.615,22.73,20.5748966639948,606604,0,1
2023-05-23,22.78,22.895,22.755,22.82,20.6563634787664,753462,0,1
2023-05-24,22.91,22.97,22.69,22.83,20.6654153470744,692624,0,1
2023-05-25,22.55,22.62,22.34,22.47,20.3395480879878,1809503,0,1
2023-05-26,22.74,22.85,22.7,22.83,20.6654153470744,837356,0,1
2023-05-30,22.46,22.46,22.23,22.3,20.1856663267525,774549,0,1
2023-05-31,22.16,22.28,22.05,22.05,19.9593696190535,762179,0,1
2023-06-01,22.16,22.53,22.16,22.41,20.2852368781401,561052,0,1
2023-06-02,22.63,22.72,22.52,22.7,20.5477410590709,1195952,0,1
2023-06-05,22.81,22.81,22.63,22.64,20.4934298492231,1099300,0,1
2023-06-06,22.55,22.725,22.51,22.67,20.520585454147,764294,0,1
2023-06-07,22.75,22.86,22.73,22.76,20.6020522689187,2155457,0,1
2023-06-08,22.81,22.86,22.46,22.8,20.6382597421505,893853,0,1
2023-06-09,22.77,22.89,22.64,22.66,20.5115335858391,641294,0,1
2023-06-12,22.4,22.4799,22.265,22.35,20.2309256682923,686973,0,1
2023-06-13,22.7,22.78,22.63,22.65,20.5024817175311,701665,0,1
2023-06-14,22.8,22.855,22.59,22.7,20.5477410590709,763960,0,1
2023-06-15,22.83,23.212,22.83,23.18,20.982230737853,1215132,0,1
2023-06-16,23.28,23.51,23.28,23.47,21.2447349187839,1252345,0,1
2023-06-20,23.24,23.29,23.0711,23.26,21.0546456843167,1911164,0,1
2023-06-21,23.23,23.6,23.23,23.6,21.3624092067874,930214,0,1
2023-06-22,23.22,23.29,23.07,23.16,20.9641270012371,1055998,0,1
2023-06-23,22.73,22.91,22.73,22.91,20.7378302935381,1002246,0,1
2023-06-26,22.88,23.08,22.875,22.94,20.764985898462,728978,0,1
2023-06-27,22.79,22.85,22.54,22.57,20.4300667710674,560809,0,1
2023-06-28,22.43,22.61,22.34,22.5,20.3667036929117,1101538,0,1
2023-06-29,22.46,22.61,22.41,22.51,20.3757555612197,635318,0,1
2023-06-30,22.61,22.87,22.61,22.7,20.5477410590709,972178,0,1
2023-07-03,22.8,22.86,22.69,22.7,20.5477410590709,902179,0,1
2023-07-05,22.91,22.97,22.75,22.84,20.6744672153824,2849272,0,1
2023-07-06,22.82,22.83,22.55,22.79,20.6292078738426,629133,0,1
2023-07-07,22.8,23.0254,22.79,22.98,20.8011933716938,807792,0,1
2023-07-10,22.98,23.1,22.96,23.03,20.8464527132336,632450,0,1
2023-07-11,23.18,23.32,23.12,23.3,21.0908531575486,457791,0,1
2023-07-12,23.52,23.59,23.4,23.47,21.2447349187839,599584,0,1
2023-07-13,23.55,23.81,23.52,23.8,21.5434465729466,582882,0,1
2023-07-14,23.83,23.83,23.61,23.64,21.3986166800192,669824,0,1
2023-07-17,23.53,23.55,23.435,23.45,21.226631182168,696124,0,1
2023-07-18,23.47,23.8022,23.47,23.76,21.5072390997148,554681,0,1
2023-07-19,23.96,24.05,23.82,23.89,21.6249133877182,1371535,0,1
2023-07-20,24.04,24.09,23.8301,23.96,21.688276465874,1138615,0,1
2023-07-21,23.97,24.13,23.97,24.09,21.8059507538775,710493,0,1
2023-07-24,24.26,24.58,24.22,24.52,22.1951810911198,781292,0,1
2023-07-25,24.45,24.65,24.42,24.61,22.2766479058914,510828,0,1
2023-07-26,24.49,24.55,24.4215,24.49,22.1680254861959,893691,0,1
2023-07-27,24.47,24.565,24.385,24.43,22.1137142763481,1273072,0,1
2023-07-28,24.41,24.605,24.34,24.58,22.2494923009675,2657304,0,1
2023-07-31,24.61,24.6858,24.54,24.68,22.3400109840471,2012496,0,1
2023-08-01,24.52,24.605,24.45,24.55,22.2223366960437,1688918,0,1
2023-08-02,24.5,24.5,24.109,24.18,21.8874175686491,1143840,0,1
2023-08-03,24.18,24.42,24.14,24.41,22.0956105397322,1111708,0,1
2023-08-04,24.44,24.54,24.35,24.45,22.131818012964,529424,0,1
2023-08-07,24.5,24.509,24.3158,24.46,22.140869881272,1137746,0,1
2023-08-08,24.14,24.485,24.04,24.43,22.1137142763481,993605,0,1
2023-08-09,24.55,24.66,24.47,24.6,22.2675960375835,671880,0,1
2023-08-10,24.56,24.627,24.43,24.47,22.14992174958,576569,0,1
2023-08-11,24.42,24.57,24.4,24.43,22.1137142763481,566265,0,1
2023-08-14,24.27,24.38,24.2,24.31,22.0050918566526,697677,0,1
2023-08-15,24.17,24.23,23.9713,24.02,21.7425876757217,3808701,0,1
2023-08-16,24.09,24.18,23.89,23.92,21.6520689926421,2205453,0,1
2023-08-17,24.16,24.18,23.97,23.98,21.7063802024899,857520,0,1
2023-08-18,24.04,24.195,24.025,24.15,21.8602619637252,601838,0,1
2023-08-21,24.3,24.3,24.08,24.09,21.8059507538775,507852,0,1
2023-08-22,24.19,24.215,24.06,24.1,21.8150026221854,623521,0,1
2023-08-23,24,24.25,23.95,24.15,21.8602619637252,910667,0,1
2023-08-24,24.04,24.22,23.99,24.17,21.8783657003411,599547,0,1
2023-08-25,24.33,24.45,24.14,24.41,22.0956105397322,793791,0,1
2023-08-28,24.43,24.5,24.3123,24.37,22.0594030665004,590242,0,1
2023-08-29,24.37,24.5,24.295,24.46,22.140869881272,417609,0,1
2023-08-30,24.58,24.645,24.46,24.49,22.1680254861959,527327,0,1
2023-08-31,24.59,24.6509,24.4701,24.59,22.2585441692755,1197702,0,1
2023-09-01,24.84,24.9,24.75,24.88,22.5210483502064,1716114,0,1
2023-09-05,25.04,25.155,24.957,25,22.6296707699019,1039207,0,1
2023-09-06,24.96,25.09,24.9,25.06,22.6839819797496,843843,0,1
2023-09-07,24.99,25.0574,24.94,25.01,22.6387226382098,388846,0,1
2023-09-08,25.02,25.12,24.9709,25.06,22.6839819797496,611551,0,1
2023-09-11,25.25,25.3001,25.15,25.21,22.8197600043691,553946,0,1
2023-09-12,25.29,25.38,25.26,25.3,22.9012268191407,1075050,0,1
2023-09-13,25.35,25.43,25.28,25.38,22.9736417656044,813823,0,1
2023-09-14,25.55,25.63,25.505,25.59,23.1637310000716,679565,0,1
2023-09-15,25.5,25.6,25.47,25.53,23.1094197902238,573292,0,1
2023-09-18,25.6,25.63,25.445,25.52,23.1003679219158,868148,0,1
2023-09-19,25.58,25.62,25.46,25.54,23.1184716585318,845216,0,1
2023-09-20,25.4,25.585,25.32,25.33,22.9283824240646,663653,0,1
2023-09-21,25.39,25.42,25.24,25.25,22.8559674776009,1172649,0,1
2023-09-22,25.39,25.4488,25.18,25.27,22.8740712142168,727683,0,1
2023-09-25,25.19,25.19,25,25.15,22.7654487945213,639969,0,1
2023-09-26,25.03,25.14,25.01,25.12,22.7382931895974,986315,0,1
2023-09-27,25.28,25.35,25.25,25.26,22.8650193459089,944201,0,1
2023-09-28,25.28,25.3599,25.18,25.23,22.837863740985,865536,0,1
2023-09-29,25.3,25.325,24.92,24.96,22.59346329667,2044188,0,1
2023-10-02,24.97,25.02,24.7294,24.77,22.4214777988188,3616068,0,1
2023-10-03,24.71,24.7384,24.58,24.66,22.3219072474312,2574045,0,1
2023-10-04,24.38,24.38,23.8919,23.97,21.6973283341819,1225524,0,1
2023-10-05,23.77,23.92,23.6921,23.83,21.5706021778705,2068089,0,1
2023-10-06,23.98,23.99,23.78,23.92,21.6520689926421,2218461,0,1
2023-10-09,24.26,24.42,24.19,24.42,22.1046624080402,2702799,0,1
2023-10-10,24.38,24.405,24.23,24.36,22.0503511981924,1359525,0,1
2023-10-11,24.27,24.325,24.07,24.22,21.9236250418809,2163265,0,1
2023-10-12,24.32,24.39,24.09,24.21,21.914573173573,979272,0,1
2023-10-13,24.63,24.8612,24.58,24.85,22.4938927452825,953991,0,1
2023-10-16,24.8,24.83,24.6835,24.77,22.4214777988188,820404,0,1
2023-10-17,24.72,24.85,24.63,24.84,22.4848408769745,921912,0,1
2023-10-18,25.02,25.14,24.98,25.06,22.6839819797496,1110142,0,1
2023-10-19,24.96,25.32,24.9,25.32,22.9193305557566,937434,0,1
2023-10-20,25.27,25.4,25.1,25.13,22.7473450579054,1243362,0,1
2023-10-23,25.09,25.15,24.91,24.97,22.602515164978,1179500,0,1
2023-10-24,24.84,24.85,24.59,24.7,22.3581147206631,1119688,0,1
2023-10-25,24.78,24.935,24.46,24.88,22.5210483502064,2212007,0,1
2023-10-26,24.66,24.8015,24.6132,24.67,22.3309591157392,1862619,0,1
2023-10-27,24.82,25.03,24.69,25,22.6296707699019,1051407,0,1
2023-10-30,24.82,24.89,24.51,24.6,22.2675960375835,975874,0,1
2023-10-31,24.61,24.78,24.435,24.51,22.1861292228118,2199525,0,1
2023-11-01,24.75,24.82,24.4535,24.55,22.2223366960437,2495686,0,1
2023-11-02,24.55,24.82,24.55,24.81,22.4576852720506,1936054,0,1
2023-11-03,24.69,24.879,24.61,24.68,22.3400109840471,1407123,0,1
2023-11-06,24.88,24.92,24.76,24.78,22.4305296671267,1210888,0,1
2023-11-07,24.41,24.44,24.2,24.25,21.9507806468048,1861587,0,1
2023-11-08,24.15,24.2501,23.88,23.98,21.7063802024899,1269111,0,1
2023-11-09,23.99,24.17,23.91,23.92,21.6520689926421,1254329,0,1
2023-11-10,24.01,24.1,23.97,24.04,21.7606914123377,874992,0,1
2023-11-13,24.02,24.4,24.02,24.39,22.0775068031163,913196,0,1
2023-11-14,24.44,24.5801,24.29,24.35,22.0412993298844,1573139,0,1
2023-11-15,24.2,24.36,24.18,24.19,21.8964694369571,1314518,0,1
2023-11-16,23.89,23.905,23.555,23.61,21.3714610750953,3465622,0,1
2023-11-17,23.72,23.99,23.71,23.95,21.679224597566,1241209,0,1
2023-11-20,24.16,24.325,24.14,24.25,21.9507806468048,777559,0,1
2023-11-21,24.27,24.3973,24.21,24.39,22.0775068031163,642510,0,1
2023-11-22,23.84,24.2033,23.75,24.18,21.8874175686491,850626,0,1
2023-11-24,24.11,24.23,24.02,24.02,21.7425876757217,391347,0,1
2023-11-27,23.94,24.04,23.81,23.86,21.5977577827944,1032465,0,1
2023-11-28,23.98,24.23,23.93,24.15,21.8602619637252,1112782,0,1
2023-11-29,24.24,24.38,24,24.32,22.0141437249606,972151,0,1
2023-11-30,24.4,24.515,23.88,23.91,21.6430171243342,1769733,0,1
2023-12-01,23.95,24.2,23.755,23.8,21.5434465729466,1399850,0,1
2023-12-04,23.62,23.8,23.51,23.64,21.3986166800192,5278434,0,1
2023-12-05,23.64,23.75,23.41,23.43,21.208527445552,1557661,0,1
2023-12-06,23.22,23.26,22.85,22.86,20.6925709519983,1913602,0,1
2023-12-07,22.97,22.98,22.8031,22.9,20.7287784252301,1502182,0,1
2023-12-08,23.04,23.12,22.93,23,20.8192971083097,1366110,0,1
2023-12-11,22.86,22.94,22.76,22.92,20.746882161846,3260722,0,1
2023-12-12,22.67,22.7066,22.542,22.57,20.4300667710674,1983251,0,1
2023-12-13,22.6,22.83,22.57,22.83,20.6654153470744,1613666,0,1
2023-12-14,23.12,23.23,23.1,23.21,21.0093863427769,1872172,0,1
2023-12-15,23.21,23.355,23.105,23.25,21.0455938160088,1734520,0,1
2023-12-18,22.44,22.55,22.2501,22.32,21.1897900781546,1844179,1.0893,1
2023-12-19,22.27,22.5,22.265,22.49,21.3511818484631,1824420,0,1
2023-12-20,22.56,22.57,22.23,22.23,21.1043473762265,1439122,0,1
2023-12-21,22.17,22.28,22.165,22.27,21.1423219104168,1352706,0,1
2023-12-22,22.39,22.44,22.215,22.23,21.1043473762265,1397788,0,1
2023-12-26,22.21,22.56,22.19,22.45,21.3132073142729,1252199,0,1
2023-12-27,22.49,22.565,22.35,22.35,21.2182709787973,1283686,0,1
2023-12-28,22.3,22.42,22.145,22.16,21.0378919413936,1145228,0,1
2023-12-29,22.2,22.22,22.01,22.04,20.9239683388229,1781217,0,1
2024-01-02,22.14,22.155,21.82,21.86,20.7530829349668,2421648,0,1
2024-01-03,21.99,22.1699,21.955,22.14,21.0189046742985,857673,0,1
2024-01-04,22.1,22.12,21.865,22.02,20.9049810717278,733998,0,1
2024-01-05,22.14,22.23,22.06,22.13,21.0094110407509,800623,0,1
2024-01-08,21.7,21.84,21.615,21.81,20.705614767229,761036,0,1
2024-01-09,21.96,22.0699,21.85,21.97,20.85751290399,736283,0,1
2024-01-10,22.08,22.095,21.79,21.82,20.7151084007766,753959,0,1
2024-01-11,22.07,22.135,21.925,21.98,20.8670065375375,1491138,0,1
2024-01-12,22.3,22.37,21.965,22.06,20.942955605918,673736,0,1
2024-01-16,22.16,22.16,21.87,21.87,20.7625765685144,708990,0,1
2024-01-17,21.73,21.86,21.71,21.84,20.7340956678717,570736,0,1
2024-01-18,21.84,22.02,21.77,21.98,20.8670065375375,408288,0,1
2024-01-19,22.06,22.13,21.89,21.94,20.8290320033473,559903,0,1
2024-01-22,21.89,22.1199,21.86,22.03,20.9144747052753,575949,0,1
2024-01-23,22.05,22.205,22.05,22.15,21.028398307846,442428,0,1
2024-01-24,22.29,22.39,22.1883,22.34,21.2087773452497,866687,0,1
2024-01-25,22.46,22.53,22.3799,22.51,21.3701691155582,1600526,0,1
2024-01-26,22.41,22.61,22.28,22.61,21.4651054510338,517756,0,1
2024-01-29,22.5,22.5,22.33,22.42,21.2847264136302,1579327,0,1
2024-01-30,22.42,22.6,22.35,22.57,21.4271309168436,941230,0,1
2024-01-31,22.52,22.56,22.31,22.33,21.1992837117021,1305280,0,1
2024-02-01,22.32,22.4,22.005,22.06,20.942955605918,2388453,0,1
2024-02-02,21.84,21.92,21.78,21.81,20.705614767229,1235545,0,1
2024-02-05,21.79,21.92,21.7,21.9,20.791057469157,838049,0,1
2024-02-06,21.95,22.045,21.91,21.98,20.8670065375375,790951,0,1
2024-02-07,21.97,22.09,21.97,22.08,20.9619428730131,809978,0,1
2024-02-08,22.09,22.25,22.09,22.2,21.0758664755838,1125136,0,1
2024-02-09,22.24,22.345,22.19,22.26,21.1328282768692,601661,0,1
2024-02-12,22.22,22.3,22.205,22.27,21.1423219104168,569000,0,1
2024-02-13,22.2,22.25,22.115,22.14,21.0189046742985,1222159,0,1
2024-02-14,22.17,22.24,21.895,21.93,20.8195383697997,695996,0,1
2024-02-15,21.95,22.09,21.95,21.98,20.8670065375375,791236,0,1
2024-02-16,21.95,22.08,21.9365,22.03,20.9144747052753,595785,0,1
2024-02-20,22.02,22.02,21.83,21.91,20.8005511027046,1053131,0,1
2024-02-21,22,22.03,21.93,22,20.8859938046326,1689923,0,1
2024-02-22,21.92,22.0793,21.89,22.06,20.942955605918,507411,0,1
2024-02-23,21.83,21.88,21.7302,21.74,20.6391593323961,668783,0,1
2024-02-26,21.81,22.0099,21.79,21.94,20.8290320033473,879121,0,1
2024-02-27,22.03,22.13,22.03,22.11,20.9904237736558,2544526,0,1
2024-02-28,22.09,22.132,21.97,22.02,20.9049810717278,5225322,0,1
2024-02-29,21.94,22.1086,21.9197,21.99,20.8765001710851,720315,0,1
2024-03-01,22.06,22.1899,22.015,22.1,20.9809301401082,863259,0,1
2024-03-04,22.25,22.25,22.1,22.17,21.0473855749412,538478,0,1
2024-03-05,22.12,22.145,21.99,22,20.8859938046326,1237832,0,1
2024-03-06,22.19,22.3,22.1506,22.18,21.0568792084887,1466565,0,1
2024-03-07,22.16,22.3338,22.1401,22.24,21.1138410097741,961012,0,1
2024-03-08,22.2,22.2,22.043,22.17,21.0473855749412,933168,0,1
2024-03-11,22.15,22.39,22.09,22.36,21.2277646123448,691574,0,1
2024-03-12,22.29,22.385,22.2288,22.3,21.1708028110594,497720,0,1
2024-03-13,22.45,22.618,22.45,22.61,21.4651054510338,1069443,0,1
2024-03-14,22.62,22.725,22.594,22.68,21.5315608858667,1168414,0,1
2024-03-15,22.65,22.8,22.625,22.76,21.6075099542472,1043056,0,1
2024-03-18,22.91,22.9999,22.835,22.97,21.806876258746,1384462,0,1
2024-03-19,22.95,22.985,22.91,22.96,21.7973826251984,1889692,0,1
2024-03-20,22.8,22.91,22.71,22.9,21.7404208239131,1247455,0,1
2024-03-21,22.9,22.9,22.73,22.87,21.7119399232704,814024,0,1
2024-03-22,22.83,22.83,22.69,22.71,21.5600417865094,1443909,0,1
2024-03-25,22.8,22.99,22.79,22.9,21.7404208239131,1370919,0,1
2024-03-26,22.9,22.9,22.7,22.72,21.569535420057,742045,0,1
2024-03-27,22.61,22.72,22.59,22.7,21.5505481529619,2497819,0,1
2024-03-28,22.79,22.98,22.78,22.97,21.806876258746,3686423,0,1
2024-04-01,23.06,23.1375,22.965,23.08,21.9113062277691,1277979,0,1
2024-04-02,23.24,23.32,23.18,23.29,22.1106725322679,1851819,0,1
2024-04-03,23.47,23.585,23.45,23.57,22.3764942715996,1771421,0,1
2024-04-04,23.54,23.76,23.48,23.63,22.433456072885,1260314,0,1
2024-04-05,23.74,23.885,23.685,23.75,22.5473796754557,1312121,0,1
2024-04-08,23.81,23.83,23.5899,23.74,22.5378860419081,1260226,0,1
2024-04-09,23.79,23.8,23.565,23.61,22.4144688057898,764581,0,1
2024-04-10,23.64,23.75,23.51,23.73,22.5283924083606,1349862,0,1
2024-04-11,23.7,23.7,23.5201,23.69,22.4904178741703,933846,0,1
2024-04-12,23.96,24.09,23.675,23.72,22.518898774813,1579347,0,1
2024-04-15,23.68,23.78,23.4714,23.75,22.5473796754557,1660095,0,1
2024-04-16,23.66,23.75,23.53,23.71,22.5094051412655,1263743,0,1
2024-04-17,23.58,23.7,23.31,23.34,22.1581407000057,2084581,0,1
2024-04-18,23.37,23.43,23.28,23.33,22.1486470664582,1734566,0,1
2024-04-19,23.39,23.54,23.35,23.44,22.2530770354813,1968819,0,1
2024-04-22,23.26,23.44,23.21,23.44,22.2530770354813,941811,0,1
2024-04-23,23.23,23.55,23.215,23.54,22.3480133709569,1524752,0,1
2024-04-24,23.49,23.595,23.455,23.51,22.3195324703142,1670493,0,1
2024-04-25,23.49,23.65,23.42,23.64,22.4429497064325,1088592,0,1
2024-04-26,23.78,23.78,23.61,23.66,22.4619369735276,707730,0,1
2024-04-29,23.75,23.77,23.63,23.64,22.4429497064325,875816,0,1
2024-04-30,23.45,23.455,23.225,23.34,22.1581407000057,1875486,0,1
2024-05-01,23.22,23.34,22.97,23,21.8353571593887,1463860,0,1
2024-05-02,23.02,23.125,22.915,23.08,21.9113062277691,1004394,0,1
2024-05-03,23.14,23.18,23.0728,23.11,21.9397871284118,503360,0,1
2024-05-06,23.2,23.425,23.2,23.37,22.1866216006484,1293994,0,1
2024-05-07,23.26,23.41,23.26,23.35,22.1676343335533,486283,0,1
2024-05-08,23.11,23.27,23.095,23.23,22.0537107309826,415768,0,1
2024-05-09,23.24,23.34,23.22,23.32,22.1391534329106,347181,0,1
2024-05-10,23.36,23.4,23.25,23.28,22.1011788987204,747668,0,1
2024-05-13,23.32,23.4638,23.32,23.43,22.2435834019338,531412,0,1
2024-05-14,23.29,23.38,23.24,23.33,22.1486470664582,443741,0,1
2024-05-15,23.33,23.42,23.2,23.41,22.2245961348386,512276,0,1
2024-05-16,23.47,23.5,23.39,23.47,22.281557936124,519176,0,1
2024-05-17,23.59,23.75,23.555,23.71,22.5094051412655,2083912,0,1
2024-05-20,23.75,23.94,23.74,23.92,22.7087714457642,1314937,0,1
2024-05-21,23.82,23.95,23.73,23.82,22.6138351102886,514035,0,1
2024-05-22,23.63,23.66,23.46,23.48,22.2910515696716,889393,0,1
2024-05-23,23.67,23.725,23.31,23.36,22.1771279671008,1255165,0,1
2024-05-24,23.44,23.54,23.41,23.52,22.3290261038618,1375287,0,1
2024-05-28,23.85,23.94,23.7699,23.94,22.7277587128593,1845827,0,1
2024-05-29,23.82,23.84,23.69,23.69,22.4904178741703,940905,0,1
2024-05-30,23.53,23.63,23.375,23.38,22.196115234196,1041553,0,1
2024-05-31,23.5,23.5401,23.2,23.27,22.0916852651728,873440,0,1
2024-06-03,23.25,23.26,22.91,22.94,21.7783953581033,1790933,0,1
2024-06-04,22.74,22.785,22.62,22.71,21.5600417865094,1087206,0,1
2024-06-05,22.73,22.79,22.63,22.79,21.6359908548899,966939,0,1
2024-06-06,22.9,23.105,22.9,23.09,21.9207998613167,1049033,0,1
2024-06-07,22.88,22.915,22.76,22.76,21.6075099542472,746991,0,1
2024-06-10,22.91,23.1,22.87,23.09,21.9207998613167,457094,0,1
2024-06-11,23.08,23.15,23,23.06,21.892318960674,572519,0,1
2024-06-12,23.34,23.37,23.12,23.14,21.9682680290545,760953,0,1
2024-06-13,23.25,23.2998,23.1399,23.16,21.9872552961496,552986,0,1
2024-06-14,23.24,23.29,23.07,23.07,21.9018125942216,914755,0,1
2024-06-17,23.04,23.17,23.03,23.15,21.9777616626021,1114283,0,1
2024-06-18,23.13,23.34,23.13,23.34,22.1581407000057,832412,0,1
2024-06-20,23.42,23.49,23.35,23.39,22.2056088677435,910672,0,1
2024-06-21,23.36,23.3876,23.1811,23.2,22.0252298303399,723171,0,1
2024-06-24,23.25,23.39,23.23,23.39,22.2056088677435,610403,0,1
2024-06-25,23.31,23.3199,23.15,23.17,21.9967489296972,729999,0,1
2024-06-26,23.24,23.32,23.1439,23.21,22.0347234638874,1212425,0,1
2024-06-27,23.4,23.4,23.24,23.33,22.1486470664582,675351,0,1
2024-06-28,23.45,23.45,23.2,23.23,22.0537107309826,855316,0,1
2024-07-01,23.38,23.5499,23.29,23.53,22.3385197374094,1233846,0,1
2024-07-02,23.62,23.635,23.49,23.56,22.367000638052,844810,0,1
2024-07-03,23.6,23.72,23.59,23.69,22.4904178741703,707499,0,1
2024-07-05,23.79,23.895,23.73,23.78,22.5758605760984,860639,0,1
2024-07-08,23.56,23.6,23.44,23.46,22.2720643025764,769096,0,1
2024-07-09,23.44,23.4734,23.265,23.3,22.1201661658155,621536,0,1
2024-07-10,23.25,23.37,23.195,23.3,22.1201661658155,678165,0,1
2024-07-11,23.28,23.42,23.25,23.38,22.196115234196,1759526,0,1
2024-07-12,23.3,23.34,23.255,23.29,22.1106725322679,1263234,0,1
2024-07-15,23.19,23.2437,23.12,23.12,21.9492807619594,863333,0,1
2024-07-16,22.93,23.085,22.92,23.06,21.892318960674,1485440,0,1
2024-07-17,23.11,23.15,23.03,23.06,21.892318960674,1296448,0,1
2024-07-18,23.06,23.06,22.89,22.89,21.7309271903655,1410259,0,1
2024-07-19,22.81,22.92,22.56,22.58,21.4366245503911,1803773,0,1
2024-07-22,22.5,22.64,22.45,22.64,21.4935863516765,1959949,0,1
2024-07-23,22.5,22.55,22.39,22.43,21.2942200471777,981741,0,1
2024-07-24,22.45,22.6,22.42,22.42,21.2847264136302,991953,0,1
2024-07-25,22.29,22.52,22.2199,22.47,21.332194581368,676391,0,1
2024-07-26,22.37,22.39,22.19,22.24,21.1138410097741,584168,0,1
2024-07-29,22.29,22.3381,22.055,22.14,21.0189046742985,709145,0,1
2024-07-30,21.98,22.07,21.945,22.07,20.9524492394656,1183587,0,1
2024-07-31,22.37,22.58,22.305,22.58,21.4366245503911,1495241,0,1
2024-08-01,22.56,22.5904,22.215,22.31,21.180296444607,2002345,0,1
2024-08-02,22.06,22.075,21.79,21.9,20.791057469157,2740385,0,1
2024-08-05,21.52,21.87,21.51,21.86,20.7530829349668,2372725,0,1
2024-08-06,21.6,21.825,21.6,21.68,20.5821975311107,1634162,0,1
2024-08-07,21.81,21.985,21.765,21.88,20.7720702020619,1050632,0,1
2024-08-08,21.93,22.13,21.93,22.08,20.9619428730131,568721,0,1
2024-08-09,22.24,22.24,22.125,22.21,21.0853601091314,465124,0,1
2024-08-12,22.36,22.59,22.3145,22.52,21.3796627491058,550865,0,1
2024-08-13,22.43,22.44,22.29,22.31,21.180296444607,374898,0,1
2024-08-14,22.32,22.375,22.14,22.17,21.0473855749412,509995,0,1
2024-08-15,22.31,22.4573,22.3,22.35,21.2182709787973,556631,0,1
2024-08-16,22.22,22.26,22.12,22.21,21.0853601091314,570141,0,1
2024-08-19,22.23,22.2957,22.045,22.09,20.9714365065607,557648,0,1
2024-08-20,22.15,22.2003,21.97,22,20.8859938046326,539276,0,1
2024-08-21,22.07,22.11,21.81,21.89,20.7815638356095,545398,0,1
2024-08-22,21.87,21.985,21.82,21.87,20.7625765685144,473551,0,1
2024-08-23,22.1,22.27,22.095,22.26,21.1328282768692,727695,0,1
2024-08-26,22.52,22.575,22.46,22.49,21.3511818484631,417181,0,1
2024-08-27,22.45,22.4707,22.355,22.38,21.2467518794399,556043,0,1
2024-08-28,22.15,22.26,22.09,22.11,20.9904237736558,500683,0,1
2024-08-29,22.23,22.3602,22.23,22.36,21.2277646123448,458718,0,1
2024-08-30,22.2,22.225,22.08,22.11,20.9904237736558,388890,0,1
2024-09-03,21.75,21.75,21.61,21.67,20.5727038975632,540740,0,1
2024-09-04,21.57,21.73,21.5,21.51,20.4208057608022,455752,0,1
2024-09-05,21.66,21.76,21.49,21.56,20.46827392854,593844,0,1
2024-09-06,21.62,21.69,21.155,21.27,20.1929585556607,1175999,0,1
2024-09-09,21.26,21.4,21.16,21.33,20.2499203569461,2390295,0,1
2024-09-10,21.31,21.33,20.9,21.02,19.9556177169717,957657,0,1
2024-09-11,21.19,21.28,20.93,21.21,20.1359967543754,1107642,0,1
2024-09-12,21.42,21.65,21.36,21.62,20.5252357298254,1058595,0,1
2024-09-13,21.71,21.8,21.575,21.66,20.5632102640156,939153,0,1
2024-09-16,21.8,21.867876,21.73,21.82,20.7151084007766,586156,0,1
2024-09-17,21.79,22,21.79,21.97,20.85751290399,889952,0,1
2024-09-18,21.92,22.1,21.83,21.83,20.7246020343241,1001968,0,1
2024-09-19,22.1,22.27,22.05,22.22,21.094853742679,726754,0,1
2024-09-20,22.16,22.25,22.095,22.22,21.094853742679,617711,0,1
2024-09-23,22.26,22.41,22.07,22.23,21.1043473762265,658274,0,1
2024-09-24,22.6,22.605,22.48,22.6,21.4556118174863,775434,0,1
2024-09-25,22.5,22.5499,22.32,22.41,21.2752327800826,813746,0,1
2024-09-26,22.26,22.4,22.16,22.21,21.0853601091314,887678,0,1
2024-09-27,22.18,22.345,22.12,22.32,21.1897900781546,649863,0,1
2024-09-30,22.24,22.375,22.185,22.27,21.1423219104168,1042606,0,1
2024-10-01,22.18,22.85,22.18,22.66,21.5125736187716,1154159,0,1
2024-10-02,22.92,23.02,22.66,22.85,21.6929526561753,1089926,0,1
2024-10-03,22.88,23.218,22.84,23.18,22.0062425632448,1127007,0,1
2024-10-04,23.24,23.37,23.18,23.24,22.0632043645301,1060651,0,1
2024-10-07,23.33,23.6,23.31,23.56,22.367000638052,1330740,0,1
2024-10-08,23.17,23.17,22.8,23.01,21.8448507929362,1115888,0,1
2024-10-09,22.66,22.825,22.54,22.81,21.654978121985,872370,0,1
2024-10-10,22.94,23.28,22.91,23.26,22.0821916316252,961294,0,1
2024-10-11,23.23,23.36,23.205,23.28,22.1011788987204,726708,0,1
2024-10-14,22.94,23.08,22.87,22.92,21.7594080910082,842541,0,1
2024-10-15,22.43,22.5099,22.3063,22.48,21.3416882149155,1113738,0,1
2024-10-16,22.42,22.485,22.29,22.42,21.2847264136302,683830,0,1
2024-10-17,22.32,22.45,22.25,22.45,21.3132073142729,620619,0,1
2024-10-18,22.37,22.39,22.2,22.33,21.1992837117021,538355,0,1
2024-10-21,22.48,22.56,22.33,22.4,21.2657391465351,640003,0,1
2024-10-22,22.59,22.85,22.59,22.79,21.6359908548899,897400,0,1
2024-10-23,22.69,22.755,22.575,22.66,21.5125736187716,692405,0,1
2024-10-24,22.79,22.83,22.49,22.65,21.5030799852241,912511,0,1
2024-10-25,22.72,22.83,22.685,22.81,21.654978121985,739811,0,1
2024-10-28,22.17,22.2501,22.1104,22.2,21.0758664755838,1002208,0,1
2024-10-29,22.16,22.2268,22.0301,22.16,21.0378919413936,569339,0,1
2024-10-30,22.25,22.44,22.22,22.44,21.3037136807253,807913,0,1
2024-10-31,22.43,22.615,22.33,22.59,21.4461181839387,1172475,0,1
2024-11-01,22.67,22.71,22.35,22.35,21.2182709787973,672122,0,1
2024-11-04,22.64,22.74,22.6,22.73,21.5790290536045,616562,0,1
2024-11-05,22.86,22.93,22.75,22.87,21.7119399232704,509314,0,1
2024-11-06,22.36,22.735,22.33,22.62,21.4745990845814,818583,0,1
2024-11-07,22.68,22.9,22.595,22.85,21.6929526561753,1471782,0,1
2024-11-08,22.63,22.66,22.43,22.5,21.3606754820107,453301,0,1
2024-11-11,22.22,22.22,22.0699,22.14,21.0189046742985,1303686,0,1
2024-11-12,22.22,22.24,22.01,22.02,20.9049810717278,612030,0,1
2024-11-13,21.94,22.06,21.775,21.95,20.8385256368948,652133,0,1
2024-11-14,22.12,22.12,21.89,21.93,20.8195383697997,625805,0,1
2024-11-15,21.98,22.08,21.8,21.82,20.7151084007766,458010,0,1
2024-11-18,22.02,22.36,22.02,22.32,21.1897900781546,651533,0,1
2024-11-19,22.38,22.4433,22.26,22.39,21.2562455129875,794920,0,1
2024-11-20,22.46,22.49,22.33,22.38,21.2467518794399,521486,0,1
2024-11-21,22.57,22.57,22.4,22.54,21.3986500162009,619861,0,1
2024-11-22,22.41,22.625,22.385,22.56,21.417637283296,534799,0,1
2024-11-25,22.38,22.46,22.19,22.24,21.1138410097741,609826,0,1
2024-11-26,22.36,22.49,22.12,22.24,21.1138410097741,1010486,0,1
2024-11-27,22.16,22.28,22.04,22.12,20.9999174072034,560696,0,1
2024-11-29,22.22,22.28,22.11,22.14,21.0189046742985,418922,0,1
2024-12-02,22.07,22.09,21.925,21.98,20.8670065375375,563044,0,1
2024-12-03,22.17,22.2904,22.1,22.23,21.1043473762265,482273,0,1
2024-12-04,22.27,22.28,22.04,22.11,20.9904237736558,875666,0,1
2024-12-05,22.11,22.1701,22.02,22.08,20.9619428730131,407071,0,1
2024-12-06,21.94,21.9901,21.855,21.91,20.8005511027046,438193,0,1
2024-12-09,22.16,22.27,22.12,22.12,20.9999174072034,698390,0,1
2024-12-10,22.13,22.26,22.125,22.17,21.0473855749412,864169,0,1
2024-12-11,22.32,22.49,22.31,22.45,21.3132073142729,539814,0,1
2024-12-12,22.3,22.4,22.19,22.36,21.2277646123448,360680,0,1
2024-12-13,22.35,22.42,22.32,22.35,21.2182709787973,1165719,0,1
2024-12-16,22.33,22.34,22.225,22.23,21.1043473762265,832865,0,1
2024-12-17,22.05,22.1,21.93,22.08,20.9619428730131,386297,0,1
2024-12-18,22.1,22.19,21.87,21.88,20.7720702020619,1348899,0,1
2024-12-19,22.02,22.0499,21.855,21.88,20.7720702020619,2166518,0,1
2024-12-20,21.87,22.0665,21.81,22.02,20.9049810717278,1507266,0,1
2024-12-23,20.87,20.92,20.78,20.92,20.92,1414167,1.1158,1
2024-12-24,21.02,21.095,20.995,21.04,21.04,549518,0,1
2024-12-26,21.05,21.0951,20.965,20.98,20.98,1139713,0,1
2024-12-27,21.13,21.16,21.035,21.08,21.08,1418373,0,1
2024-12-30,21.35,21.42,21.24,21.27,21.27,938723,0,1
2024-12-31,21.27,21.3897,21.265,21.38,21.38,778424,0,1
2025-01-02,21.55,21.71,21.55,21.59,21.59,1027567,0,1
2025-01-03,21.55,21.55,21.46,21.48,21.48,760314,0,1
2025-01-06,21.62,21.7197,21.49,21.52,21.52,678725,0,1
2025-01-07,21.63,21.695,21.61,21.62,21.62,787078,0,1
2025-01-08,21.66,21.678,21.5,21.58,21.58,425626,0,1
2025-01-10,22.25,22.3,21.975,22.16,22.16,1089433,0,1
2025-01-13,22.25,22.38,22.22,22.32,22.32,1281823,0,1
2025-01-14,22.23,22.31,22.21,22.31,22.31,476402,0,1
2025-01-15,22.43,22.69,22.42,22.67,22.67,936719,0,1
2025-01-16,22.56,22.59,22.385,22.57,22.57,743255,0,1
2025-01-17,22.42,22.57,22.37,22.47,22.47,699621,0,1
2025-01-21,22.29,22.385,22.25,22.36,22.36,661364,0,1
2025-01-22,22.34,22.395,22.298,22.34,22.34,686150,0,1
2025-01-23,22.34,22.46,22.21,22.26,22.26,920331,0,1
2025-01-24,22.31,22.34,22.1715,22.27,22.27,532207,0,1
2025-01-27,22.09,22.11,21.79,21.93,21.93,957922,0,1
2025-01-28,21.96,21.98,21.845,21.95,21.95,414695,0,1
2025-01-29,21.93,22.07,21.92,21.99,21.99,1188338,0,1
2025-01-30,22,22.1262,21.9761,22.01,22.01,862325,0,1
2025-01-31,21.92,22.005,21.81,21.97,21.97,1622212,0,1
2025-02-03,22.07,22.19,21.99,22.14,22.14,1027508,0,1
2025-02-04,21.85,22.275,21.829,22.2,22.2,1188222,0,1
2025-02-05,22.03,22.1202,21.9814,22.06,22.06,629778,0,1
2025-02-06,22.08,22.11,21.945,22.07,22.07,1111439,0,1
2025-02-07,22.18,22.1964,22.055,22.08,22.08,562682,0,1
2025-02-10,22.26,22.41,22.26,22.4,22.4,1099777,0,1
2025-02-11,22.54,22.615,22.52,22.57,22.57,693693,0,1
2025-02-12,22.45,22.495,22.32,22.32,22.32,801646,0,1
2025-02-13,22.27,22.435,22.27,22.43,22.43,717089,0,1
2025-02-14,22.56,22.61,22.425,22.44,22.44,1174433,0,1
2025-02-18,22.58,22.79,22.56,22.77,22.77,877295,0,1
2025-02-19,22.96,23.0051,22.83,22.95,22.95,787392,0,1
2025-02-20,22.97,23.04,22.935,22.98,22.98,666760,0,1
2025-02-21,22.9,22.9,22.66,22.66,22.66,809645,0,1
2025-02-24,22.58,22.61,22.51,22.58,22.58,1058134,0,1
2025-02-25,22.55,22.55,22.215,22.33,22.33,1015601,0,1
2025-02-26,22.2,22.225,22.08,22.14,22.14,1308491,0,1
2025-02-27,22.22,22.27,22.135,22.17,22.17,1174398,0,1
2025-02-28,22.04,22.04,21.915,22,22,1814766,0,1
2025-03-03,22.09,22.1,21.79,21.86,21.86,3040967,0,1
2025-03-04,21.87,21.97,21.73,21.93,21.93,3015239,0,1
2025-03-05,21.7,21.87,21.61,21.87,21.87,2521491,0,1
2025-03-06,21.79,21.86,21.71,21.76,21.76,1985890,0,1
2025-03-07,21.9,22.05,21.81,21.95,21.95,1133857,0,1
2025-03-10,22.02,22.06,21.79,21.81,21.81,1741173,0,1
2025-03-11,22,22.05,21.895,21.93,21.93,2474352,0,1
2025-03-12,21.95,21.995,21.8797,21.93,21.93,1231830,0,1
2025-03-13,21.87,22.0503,21.85,21.85,21.85,1719412,0,1
2025-03-14,21.88,21.99,21.83,21.97,21.97,1467772,0,1
2025-03-17,22.08,22.165,22.06,22.12,22.12,1707766,0,1
2025-03-18,22.26,22.27,22.07,22.07,22.07,1660090,0,1
2025-03-19,22.12,22.253,22.1,22.21,22.21,1297369,0,1
2025-03-20,22.13,22.255,22.075,22.25,22.25,1301651,0,1
2025-03-21,22.16,22.17,22.1,22.12,22.12,1352932,0,1
2025-03-24,22.17,22.24,22.1201,22.2,22.2,1766250,0,1
2025-03-25,22.26,22.3,22.12,22.23,22.23,1124362,0,1
2025-03-26,22.28,22.315,22.19,22.2,22.2,1089057,0,1
2025-03-27,22.15,22.285,22.0997,22.26,22.26,875276,0,1
2025-03-28,22.24,22.24,22.08,22.19,22.19,2163307,0,1
2025-03-31,22.36,22.545,22.27,22.5,22.5,3256022,0,1
2025-04-01,22.55,22.5799,22.4602,22.51,22.51,3490718,0,1
2025-04-02,22.46,22.6597,22.455,22.65,22.65,1848256,0,1
2025-04-03,21.7,21.83,21.69,21.74,21.74,3423796,0,1
2025-04-04,20.87,21.07,20.61,20.95,20.95,5190201,0,1
2025-04-07,20.7,21.26,20.57,20.62,20.62,5327571,0,1
2025-04-08,20.81,20.86,20.09,20.16,20.16,3650753,0,1
2025-04-09,20.01,20.95,19.8443,20.89,20.89,3430235,0,1
2025-04-10,20.58,20.675,20.4302,20.63,20.63,2439788,0,1
2025-04-11,20.63,20.9656,20.63,20.93,20.93,1307935,0,1
2025-04-14,21.02,21.03,20.81,20.94,20.94,1178322,0,1
2025-04-15,20.89,20.9599,20.8001,20.89,20.89,816646,0,1
2025-04-16,21,21.19,21,21.15,21.15,888169,0,1
2025-04-17,21.25,21.4661,21.23,21.37,21.37,1411141,0,1
2025-04-21,21.26,21.29,21.102129,21.19,21.19,1429395,0,1
2025-04-22,21.29,21.44,21.25,21.29,21.29,793690,0,1
2025-04-23,21.23,21.33,20.99,21.13,21.13,1443143,0,1
2025-04-24,21.25,21.33,21.12,21.32,21.32,1256441,0,1
2025-04-25,21.21,21.36,21.2,21.35,21.35,903235,0,1
2025-04-28,21.29,21.3,21.14,21.23,21.23,1274058,0,1
2025-04-29,21.08,21.135,20.9599,20.96,20.96,1139045,0,1
2025-04-30,20.82,20.88,20.551038,20.57,20.57,2553938,0,1
2025-05-01,20.57,20.76,20.4851,20.67,20.67,3638235,0,1
2025-05-02,20.82,20.84,20.64,20.76,20.76,1948139,0,1
