Date,open,high,low,close,adj_close,volume,dividend,split
2002-07-26,82.76,82.99,82.64,82.79,44.1431882222707,210100,0,1
2002-07-29,82.36,82.43,81.82,81.82,43.6259893748785,49900,0,1
2002-07-30,81.94,82.12,81.7,81.77,43.5993296404768,41300,0,1
2002-07-31,82.05,82.58,82.05,82.52,43.9992256565017,32600,0,1
2002-08-01,82.54,82.9,82.52,82.86,44.180511850433,71400,0,1
2002-08-02,83.02,83.7,82.9,83.5,44.5217564507743,120300,0,1
2002-08-05,83.68,83.92,83.53,83.92,44.7456982197483,159300,0,1
2002-08-06,83.48,83.51,83.03,83.24,44.3831258318857,90100,0,1
2002-08-07,83.19,83.65,83.1,83.5,44.5217564507743,38100,0,1
2002-08-08,83.33,83.4,83.09,83.21,44.3671299912447,142600,0,1
2002-08-09,83.32,83.88,83.32,83.83,44.6977106978253,99600,0,1
2002-08-12,84.1,84.28,83.95,84,44.7883537947909,38100,0,1
2002-08-13,84.32,84.74,84.06,84.67,45.1455942357732,109300,0,1
2002-08-14,84.99,85.23,84.36,84.42,45.0122955637649,146100,0,1
2002-08-15,84,84.33,83.75,83.93,44.7510301666286,60500,0,1
2002-08-16,84.25,84.27,83.27,83.38,44.4577730882103,55800,0,1
2002-08-19,83.51,83.51,83.13,83.46,44.500428663253,41600,0,1
2002-08-20,83.8,84.23,83.7,84.23,44.9109885730386,56900,0,1
2002-08-21,83.78,84.04,83.7,84.02,44.7990176885516,37900,0,1
2002-08-22,83.8,83.8,83.5,83.57,44.5590800789366,43600,0,1
2002-08-23,83.72,84,83.66,83.95,44.7616940603893,26500,0,1
2002-08-26,83.92,84.2,83.87,83.99,44.7830218479106,27800,0,1
2002-08-27,83.75,83.93,83.57,83.74,44.6497231759023,38800,0,1
2002-08-28,84.09,84.17,84,84.05,44.8150135291926,40200,0,1
2002-08-29,84.57,84.59,84.33,84.44,45.0229594575255,101500,0,1
2002-08-30,84.58,84.64,84.3,84.6,45.1082706076108,28900,0,1
2002-09-03,85.09,85.6,85,85.23,45.5988097206014,110700,0.29,1
2002-09-04,85.16,85.45,85.08,85.2,45.5827594531883,77300,0,1
2002-09-05,85.6,85.65,85.19,85.54,45.7646624838701,57900,0,1
2002-09-06,85.09,85.25,84.84,84.88,45.411556600782,32200,0,1
2002-09-09,84.94,85.15,84.75,84.76,45.3473555311296,88800,0,1
2002-09-10,84.71,85.21,84.66,85.06,45.5078582052605,21400,0,1
2002-09-11,84.61,84.75,84.49,84.75,45.3420054419919,77500,0,1
2002-09-12,84.8,85.23,84.8,85.19,45.5774093640506,39900,0,1
2002-09-13,85.38,85.65,85.29,85.59,45.7914129295586,125900,0,1
2002-09-16,85.71,85.92,85.62,85.62,45.8074631969716,108700,0,1
2002-09-17,85.4,85.96,85.4,85.9,45.9572656928272,30400,0,1
2002-09-18,86.22,86.22,85.91,86,46.0107665842042,76400,0,1
2002-09-19,86.42,86.47,86.12,86.43,46.2408204171252,61100,0,1
2002-09-20,86.3,86.48,86.2,86.4,46.2247701497121,128600,0,1
2002-09-23,86.88,87.06,86.72,86.89,46.4869245174593,293700,0,1
2002-09-24,87.06,87.45,86.88,87.2,46.652777280728,158200,0,1
2002-09-25,86.7,86.99,86.4,86.54,46.2996713976399,88900,0,1
2002-09-26,86.33,86.59,86.06,86.48,46.2675708628137,256100,0,1
2002-09-27,86.58,87.05,86.51,87.05,46.5725259436625,199400,0,1
2002-09-30,87.4,87.7,87.31,87.56,46.8453804896851,97200,0,1
2002-10-01,86.76,87.02,86.54,86.54,46.4376501965011,150100,0.2579,1
2002-10-02,86.57,86.86,86.38,86.83,46.5932651555603,43000,0,1
2002-10-03,86.85,86.87,86.42,86.78,46.5664349902053,37500,0,1
2002-10-04,86.17,86.96,86.16,86.87,46.6147292878444,61400,0,1
2002-10-07,87.18,87.26,86.95,87.21,46.7971744122586,80300,0,1
2002-10-08,86.93,87.5,86.87,87.05,46.7113178831225,134600,0,1
2002-10-09,87.44,87.49,87.17,87.49,46.9474233382468,94500,0,1
2002-10-10,87.4,87.47,86.9,86.99,46.6791216846965,120400,0,1
2002-10-11,86.68,86.77,86.18,86.37,46.346427634294,133600,0,1
2002-10-14,86.6,86.6,86.13,86.3,46.3088654027969,51300,0,1
2002-10-15,85.34,85.58,84.8,84.85,45.5307906075008,167000,0,1
2002-10-16,84.93,85.22,84.81,84.85,45.5307906075008,124200,0,1
2002-10-17,84.22,84.54,84.22,84.4,45.2893191193055,205300,0,1
2002-10-18,84.41,84.71,83.88,84.65,45.4234699460807,98600,0,1
2002-10-21,84.7,84.7,83.98,84,45.0746777964651,572300,0,1
2002-10-22,84.05,84.18,83.87,83.96,45.0532136641811,197500,0,1
2002-10-23,84.2,84.5,84.05,84.14,45.1498022594593,64300,0,1
2002-10-24,84.05,84.71,83.92,84.54,45.3644435822996,41800,0,1
2002-10-25,84.96,84.96,84.73,84.91,45.5629868059268,566500,0,1
2002-10-28,85.11,85.22,85,85.01,45.6166471366369,22100,0,1
2002-10-29,85.42,86.11,85.33,85.78,46.0298316831045,118300,0,1
2002-10-30,85.63,85.98,85.58,85.77,46.0244656500335,53000,0,1
2002-10-31,85.65,86.7,85.61,86.21,46.2605711051579,71100,0,1
2002-11-01,85.73,85.76,85.09,85.4,45.9840057606781,63400,0.2946,1
2002-11-04,84.95,85.13,84.81,85.13,45.838623072676,85000,0,1
2002-11-05,85,85,84.75,84.9,45.7147785606742,426300,0,1
2002-11-06,84.66,85.65,84.66,85.18,45.8655457926764,135100,0,1
2002-11-07,85.68,86.07,85.55,86.01,46.312462944683,68000,0,1
2002-11-08,86.09,86.22,85.99,86.22,46.4255383686846,27300,0,1
2002-11-11,86.1,86.44,86.1,86.44,46.5439983366864,52100,0,1
2002-11-12,86.46,86.49,86.12,86.17,46.3986156486842,48200,0,1
2002-11-13,86.13,86.37,86.1,86.27,46.452461088685,330200,0,1
2002-11-14,85.66,85.71,85.19,85.19,45.8709303366765,71800,0,1
2002-11-15,84.9,85.25,84.65,85.25,45.9032376006769,40900,0,1
2002-11-18,85.13,85.44,85.05,85.33,45.9463139526776,35300,0,1
2002-11-19,85.62,85.67,85.32,85.4,45.9840057606781,11000,0,1
2002-11-20,85.59,85.6,84.81,84.93,45.7309321926744,251800,0,1
2002-11-21,84.57,84.65,84.24,84.44,45.4670895366705,95000,0,1
2002-11-22,84.55,84.56,84.26,84.34,45.4132440966697,144800,0,1
2002-11-25,84.5,84.51,84.2,84.21,45.3432450246687,49700,0,1
2002-11-26,84.54,84.98,84.46,84.97,45.7524703686747,103800,0,1
2002-11-27,84.57,84.61,83.75,84,45.230169600667,324900,0,1
2002-11-29,83.97,84.16,83.89,84.12,45.294784128668,15000,0,1
2002-12-02,83,83.65,82.99,83.57,45.2788458784277,78000,0.5204,1
2002-12-03,83.82,83.82,83.4,83.56,45.273427804253,38200,0,1
2002-12-04,83.94,83.98,83.74,83.85,45.4305519553209,135600,0,1
2002-12-05,83.64,84.22,83.64,84.08,45.5551676613402,194900,0,1
2002-12-06,84.82,84.82,84.15,84.42,45.7393821832819,194800,0,1
2002-12-09,84.5,84.79,84.41,84.74,45.912760556874,143900,0,1
2002-12-10,84.7,84.79,84.54,84.67,45.8748340376508,154600,0,1
2002-12-11,84.96,85.14,84.79,84.95,46.0265401145439,287200,0,1
2002-12-12,84.9,85.13,84.82,85.02,46.0644666337672,69800,0,1
2002-12-13,84.98,84.98,84.57,84.71,45.8965063343498,32400,0,1
2002-12-16,84.79,84.8,84.33,84.36,45.7068737382334,37600,0,1
2002-12-17,84.65,84.65,84.39,84.56,45.8152352217285,73700,0,1
2002-12-18,84.88,85.08,84.84,85.08,46.0969750788157,106600,0,1
2002-12-19,85.21,85.6,85.09,85.52,46.3353703425049,187800,0,1
2002-12-20,85.46,85.58,85.37,85.52,46.3353703425049,79900,0,1
2002-12-23,85.37,85.53,85.22,85.47,46.3082799716312,109300,0,1
2002-12-24,85.83,85.88,85.78,85.79,46.4816583452233,37400,0,1
2002-12-26,85.8,85.92,85.69,85.92,46.5520933094951,85200,0,1
2002-12-27,86.27,86.54,86.15,86.43,46.8284150924077,149600,0,1
2002-12-30,86.44,86.76,86.41,86.59,46.9151042792037,60700,0,1
2002-12-31,86.27,86.46,86.08,86.15,46.9023176241513,194300,0.4164,1
2003-01-02,85.6,85.74,84.74,84.79,46.1618979843504,106700,0,1
2003-01-03,84.7,84.93,84.6,84.93,46.2381176531535,518400,0,1
2003-01-06,84.8,84.8,84.51,84.72,46.1237881499489,214500,0,1
2003-01-07,84.72,85.04,84.68,84.99,46.2707832254976,101700,0,1
2003-01-08,85.17,85.3,85.12,85.19,46.3796684666448,162600,0,1
2003-01-09,84.58,84.62,84.06,84.16,45.8189094747368,98000,0,1
2003-01-10,84.56,84.61,84.02,84.25,45.867907833253,235800,0,1
2003-01-13,84.2,84.46,84.14,84.4,45.9495717641134,219700,0,1
2003-01-14,84.6,84.69,84.54,84.6,46.0584570052606,204500,0,1
2003-01-15,84.76,85.04,84.72,84.79,46.1618979843504,239000,0,1
2003-01-16,84.66,84.8,84.32,84.76,46.1455651981784,205700,0,1
2003-01-17,85.15,85.22,85.06,85.11,46.3361143701859,60100,0,1
2003-01-21,84.93,85.4,84.93,85.4,46.4939979698494,82600,0,1
2003-01-22,85.55,85.75,85.45,85.75,46.6845471418569,120500,0,1
2003-01-23,85.43,85.71,85.43,85.57,46.5865504248245,78300,0,1
2003-01-24,85.8,86.03,85.69,85.74,46.6791028797996,209400,0,1
2003-01-27,85.63,85.69,85.4,85.48,46.5375520663082,413800,0,1
2003-01-28,85.44,85.5,85.12,85.49,46.5429963283656,1596500,0,1
2003-01-29,85.44,85.5,85.12,85.49,46.5429963283656,83200,0,1
2003-01-30,85,85.51,84.94,85.45,46.5212192801362,31700,0,1
2003-01-31,85.62,85.62,85.25,85.49,46.5429963283656,44000,0,1
2003-02-03,85.25,85.3,84.86,85.08,46.4709687413467,57400,0.2777,1
2003-02-04,85.39,85.42,85.22,85.36,46.623905638944,88700,0,1
2003-02-05,85.26,85.41,84.8,85.03,46.4436585810615,138100,0,1
2003-02-06,85.28,85.43,85.25,85.36,46.623905638944,92500,0,1
2003-02-07,85.09,85.49,85.02,85.4,46.6457537671722,44200,0,1
2003-02-10,85.4,85.48,85.12,85.24,46.5583612542595,29100,0,1
2003-02-11,85.16,85.35,85.02,85.32,46.6020575107158,272100,0,1
2003-02-12,85.46,85.69,85.38,85.69,46.8041526968265,50300,0,1
2003-02-13,85.8,86.26,85.74,86,46.9734756905949,107100,0,1
2003-02-14,85.81,85.9,85.5,85.7,46.8096147288836,51300,0,1
2003-02-18,85.52,85.7,85.37,85.7,46.8096147288836,62600,0,1
2003-02-19,85.8,86.06,85.8,86.02,46.984399754709,34600,0,1
2003-02-20,86.02,86.35,85.97,86.32,47.1482607164204,59400,0,1
2003-02-21,86.27,86.29,85.97,86,46.9734756905949,21500,0,1
2003-02-24,86.29,86.37,86.14,86.34,47.1591847805345,47000,0,1
2003-02-25,86.56,86.76,86.45,86.46,47.2247291652191,72800,0,1
2003-02-26,86.51,86.78,86.45,86.72,47.3667419987023,52900,0,1
2003-02-27,86.7,86.83,86.52,86.8,47.4104382551586,209300,0,1
2003-02-28,86.75,87.15,86.61,87.09,47.568837184813,80700,0,1
2003-03-03,86.81,87.08,86.78,87.03,47.6672083821604,24800,0.2401,1
2003-03-04,87.02,87.24,86.97,87.2,47.7603190959943,41100,0,1
2003-03-05,87.38,87.44,87.12,87.36,47.8479527090145,50500,0,1
2003-03-06,87.37,87.39,87.07,87.18,47.7493648943668,83600,0,1
2003-03-07,87.72,87.73,87.22,87.47,47.9082008179658,79800,0,1
2003-03-10,87.66,87.82,87.66,87.76,48.0670367415649,58500,0,1
2003-03-11,87.78,87.86,87.59,87.74,48.0560825399374,61200,0,1
2003-03-12,87.67,87.69,87.5,87.54,47.9465405236622,51600,0,1
2003-03-13,86.94,87.08,86.55,86.56,47.4097846439136,326900,0,1
2003-03-14,86.75,86.93,86.66,86.85,47.5686205675127,50800,0,1
2003-03-17,87.1,87.1,86.11,86.17,47.1961777121769,98700,0,1
2003-03-18,86.25,86.35,85.7,85.7,46.9387539739302,203900,0,1
2003-03-19,85.65,85.7,85.27,85.29,46.714192840566,152800,0,1
2003-03-20,85.6,85.7,85.04,85.35,46.7470554454485,170600,0,1
2003-03-21,85.13,85.13,84.53,84.57,46.3198415819752,148800,0,1
2003-03-24,85.25,85.48,85.18,85.39,46.7689638487036,45800,0,1
2003-03-25,85.5,85.65,85.11,85.4,46.7744409495173,107500,0,1
2003-03-26,85.4,85.6,85.34,85.6,46.8839829657925,75400,0,1
2003-03-27,85.79,85.88,85.57,85.76,46.9716165788127,45800,0,1
2003-03-28,86.03,86.05,85.85,85.9,47.0482959902054,144700,0,1
2003-03-31,86.3,86.59,86.3,86.52,47.3878762406585,99300,0,1
2003-04-01,86.23,86.27,85.2,86.16,47.3269161086014,36500,0.2487,1
2003-04-02,85.6,85.72,85.42,85.55,46.9918485734778,147400,0,1
2003-04-03,85.49,85.78,85.46,85.7,47.0742422296558,170400,0,1
2003-04-04,85.54,85.76,85.45,85.55,46.9918485734778,26400,0,1
2003-04-07,84.85,85.35,84.76,85.35,46.8819903652406,62300,0,1
2003-04-08,85.38,85.67,85.38,85.67,47.0577634984202,41500,0,1
2003-04-09,85.72,85.98,85.5,85.96,47.2170579003642,101000,0,1
2003-04-10,85.87,85.99,85.69,85.73,47.0907209608913,77900,0,1
2003-04-11,85.3,85.62,85.2,85.51,46.9698769318304,102800,0,1
2003-04-14,85.48,85.48,85.13,85.27,46.8380470819457,107700,0,1
2003-04-15,85.6,85.64,85.34,85.57,47.0028343943015,27600,0,1
2003-04-16,85.49,85.79,85.49,85.76,47.1071996921269,23700,0,1
2003-04-17,85.95,85.96,84.75,85.65,47.0467776775964,20600,0,1
2003-04-21,85.36,85.49,85.19,85.49,46.9588911110067,24300,0,1
2003-04-22,85.73,85.82,85.41,85.51,46.9698769318304,24200,0,1
2003-04-23,85.52,85.59,85.38,85.47,46.9479052901829,75600,0,1
2003-04-24,85.75,86.13,85.75,85.97,47.222550810776,87400,0,1
2003-04-25,86.01,86.23,85.99,86.11,47.2994515565421,325600,0,1
2003-04-28,86.35,86.35,86,86.02,47.2500153628353,41300,0,1
2003-04-29,85.84,85.94,85.66,85.87,47.1676217066574,54900,0,1
2003-04-30,85.85,86.41,85.8,86.39,47.4532530480742,113200,0,1
2003-05-01,86.24,86.44,86,86.12,47.4926921448314,77200,0.3418,1
2003-05-02,86.04,86.14,85.63,85.65,47.2335007223039,158900,0,1
2003-05-05,85.63,85.99,85.52,85.92,47.3823979224793,76900,0,1
2003-05-06,85.96,86.46,85.8,86.45,47.6746776117124,74900,0,1
2003-05-07,86.7,87.15,86.7,87.05,48.0055602787688,159400,0,1
2003-05-08,87.3,87.57,87.06,87.14,48.0551926788273,113200,0,1
2003-05-09,87.02,87.3,86.97,87.28,48.1323986344738,82800,0,1
2003-05-12,87.8,87.81,87.4,87.65,48.3364429458253,36300,0,1
2003-05-13,87.37,87.73,87.36,87.73,48.3805606347661,120300,0,1
2003-05-14,87.91,88.29,87.72,88.21,48.6452667684112,177500,0,1
2003-05-15,87.89,88.3,87.83,88.12,48.5956343683528,68500,0,1
2003-05-16,88.4,88.61,88.21,88.59,48.8548257908803,137800,0,1
2003-05-19,88.92,88.92,88.45,88.57,48.8437963686451,69000,0,1
2003-05-20,88.45,89.16,88.44,89.16,49.1691643245839,130900,0,1
2003-05-21,88.84,89.36,88.84,88.88,49.0147524132909,83500,0,1
2003-05-22,89.08,89.3,89.01,89.3,49.2463702802304,414300,0,1
2003-05-23,89.36,89.5,89.14,89.2,49.1912231690543,82200,0,1
2003-05-27,89.26,89.35,88.85,88.87,49.0092377021733,176200,0,1
2003-05-28,88.67,88.97,88.47,88.89,49.0202671244085,204400,0,1
2003-05-29,89.12,89.39,89.08,89.36,49.2794585469361,97800,0,1
2003-05-30,89.21,89.36,88.89,89.31,49.251884991348,165000,0,1
2003-06-02,88.7,88.76,88.51,88.72,49.0611862809012,165700,0.2442,1
2003-06-03,88.97,89.44,88.97,89.31,49.3874498055375,77000,0,1
2003-06-04,89.49,89.63,89.24,89.57,49.5312269519873,183600,0,1
2003-06-05,89.76,89.82,89.19,89.25,49.354270464049,61500,0,1
2003-06-06,88.97,89.19,88.84,89.15,49.2989715615683,110900,0,1
2003-06-09,89.53,89.68,89.37,89.64,49.5699361837239,48800,0,1
2003-06-10,89.9,90.2,89.9,90.14,49.8464306961275,65600,0,1
2003-06-11,90.21,90.37,89.94,89.95,49.7413627814141,79600,0,1
2003-06-12,90.08,90.48,90.03,90.3,49.9349089400967,50100,0,1
2003-06-13,90.52,90.76,90.47,90.63,50.1173953182831,75200,0,1
2003-06-16,90.8,90.8,90.14,90.16,49.8574904766236,161200,0,1
2003-06-17,89.96,90.02,89.62,89.67,49.5865258544681,135200,0,1
2003-06-18,89.44,89.5,89.1,89.13,49.2879117810722,252300,0,1
2003-06-19,89.14,89.38,88.85,89.26,49.3598003542971,202600,0,1
2003-06-20,89.02,89.17,88.86,89.12,49.2823818908241,61300,0,1
2003-06-23,89.12,89.59,89.1,89.46,49.4703981592586,38100,0,1
2003-06-24,89.57,89.91,89.42,89.88,49.7026535496776,132200,0,1
2003-06-25,90.16,90.16,89.01,89.2,49.3266210128087,164700,0,1
2003-06-26,88.86,88.86,88.23,88.32,48.8399906709783,470200,0,1
2003-06-27,88.47,88.5,87.89,88.24,48.7957515489937,244200,0,1
2003-06-30,88.23,88.492,88.12,88.45,48.9118792442032,126500,0,1
2003-07-01,88.23,88.555,87.93,88.02,48.8069772261973,167200,0.2403,1
2003-07-02,87.53,88.21,87.53,88.11,48.8568821108866,86900,0,1
2003-07-03,88.02,88.07,87.49,87.55,48.546362828375,205300,0,1
2003-07-07,87.16,87.36,87.06,87.08,48.2857484305528,196100,0,1
2003-07-08,87.38,87.4,86.91,87.11,48.3023833921159,156700,0,1
2003-07-09,87.33,87.46,87.13,87.27,48.3911031871192,90600,0,1
2003-07-10,87.52,87.63,87.28,87.47,48.5020029308734,292800,0,1
2003-07-11,87.34,87.79,87.34,87.78,48.6738975336923,37900,0,1
2003-07-14,87.67,87.86,87.25,87.27,48.3911031871192,187400,0,1
2003-07-15,87.16,87.25,85.89,86.08,47.7312497117821,530600,0,1
2003-07-16,85.52,86.13,85.52,86.11,47.7478846733452,304400,0,1
2003-07-17,85.47,85.97,85.46,85.93,47.6480749039665,173800,0,1
2003-07-18,85.82,85.9,85.68,85.71,47.5260851858369,182600,0,1
2003-07-21,85.44,85.6,84.4,84.59,46.9050466208138,497800,0,1
2003-07-22,84.68,84.93,84.48,84.89,47.071396236445,121500,0,1
2003-07-23,85.25,85.5,85.08,85.15,47.2155659033254,209400,0,1
2003-07-24,84.8,84.89,84.65,84.82,47.032581326131,186300,0,1
2003-07-25,84.9,85.31,84.64,84.71,46.9715864670662,34700,0,1
2003-07-28,84.45,84.47,84.06,84.09,46.6277972614284,124100,0,1
2003-07-29,83.97,84.65,83.27,83.27,46.1731083120364,297800,0,1
2003-07-30,83.7,84.32,83.65,83.94,46.5446224536128,158600,0,1
2003-07-31,83.5,83.72,82.7,83.38,46.2341031711012,241800,0,1
2003-08-01,82.71,83.33,82.64,83,46.1636263839454,160400,0.2529,1
2003-08-04,83.09,83.66,83,83.61,46.502901228454,498600,0,1
2003-08-05,83.55,83.76,82.83,83.05,46.1914357974297,169300,0,1
2003-08-06,83.26,84.04,83.22,83.9,46.6641958266629,338000,0,1
2003-08-07,84.17,84.23,83.69,84.2,46.8310523075688,292400,0,1
2003-08-08,84.37,84.75,84.1,84.19,46.8254904248719,235900,0,1
2003-08-11,84.05,84.05,83.56,83.84,46.6308245304818,150300,0,1
2003-08-12,83.86,84.1,83.6,83.69,46.5473962900288,197500,0,1
2003-08-13,83.25,83.3,82.67,82.76,46.0301411992208,346200,0,1
2003-08-14,82.5,82.95,82.16,82.93,46.1246932050674,314300,0,1
2003-08-15,83.1,83.1,82.9,82.9,46.1080075569768,10700,0,1
2003-08-18,83.14,83.22,82.87,83.15,46.2470546243984,137700,0,1
2003-08-19,83.08,83.81,83,83.81,46.6141388823912,162100,0,1
2003-08-20,83.86,83.9,83.22,83.41,46.3916635745167,99000,0,1
2003-08-21,83.25,83.4,82.67,83.1,46.2192452109141,129800,0,1
2003-08-22,83.08,83.23,82.85,83.16,46.2526165070952,241900,0,1
2003-08-25,83.1,83.3,82.65,82.8,46.0523887300082,99600,0,1
2003-08-26,82.54,83.1,82.5,83.1,46.2192452109141,87500,0,1
2003-08-27,83.16,83.16,82.66,82.9,46.1080075569768,50800,0,1
2003-08-28,83.06,83.55,83.06,83.48,46.4305967533948,64600,0,1
2003-08-29,83.51,83.53,83.06,83.25,46.302673451367,62600,0,1
2003-09-02,82.4,82.7,82.15,82.15,45.8442630794917,118000,0.2758,1
2003-09-03,82.26,82.4,82.19,82.36,45.9614547440893,105600,0,1
2003-09-04,82.6,82.95,82.41,82.89,46.2572241833118,145000,0,1
2003-09-05,83.62,84,83.38,83.94,46.8431825062999,130000,0,1
2003-09-08,83.81,84.37,83.55,83.55,46.6255408434757,224000,0,1
2003-09-09,83.76,83.99,83.49,83.95,46.8487630617569,69300,0,1
2003-09-10,84.1,84.58,84.02,84.52,47.1668547228075,136800,0,1
2003-09-11,84.28,84.3,84.05,84.22,46.9994380590967,79200,0,1
2003-09-12,84.7,85.03,84.53,84.56,47.1891769446356,146000,0,1
2003-09-15,84.46,84.82,84.25,84.71,47.2728852764911,125700,0,1
2003-09-16,84.58,84.77,84.36,84.64,47.2338213882919,80100,0,1
2003-09-17,84.78,85.24,84.65,85.11,47.4961074947722,177100,0,1
2003-09-18,85.12,85.18,84.68,85.1,47.4905269393152,132200,0,1
2003-09-19,85.05,85.18,84.88,85.1,47.4905269393152,195200,0,1
2003-09-22,84.66,84.78,84.25,84.73,47.2840463874051,249500,0,1
2003-09-23,84.61,84.96,84.52,84.93,47.3956574965457,96300,0,1
2003-09-24,84.87,85.511,84.808,85.36,47.635621381198,258000,0,1
2003-09-25,85.45,85.66,85.34,85.48,47.7025880466823,314800,0,1
2003-09-26,85.74,86.15,85.67,86.13,48.0653241513892,281300,0,1
2003-09-29,85.9,86.07,85.72,85.76,47.8588435994791,97500,0,1
2003-09-30,85.94,86.88,85.94,86.59,48.3220297024125,450400,0,1
2003-10-01,86.27,86.46,86.05,86.24,48.2796732864936,102100,0.2741,1
2003-10-02,85.73,86.15,85.56,85.93,48.1061262234276,163500,0,1
2003-10-03,85.17,85.17,84.65,84.74,47.4399294329484,319500,0,1
2003-10-06,84.57,85.11,84.57,84.99,47.5798867418726,89900,0,1
2003-10-07,84.93,84.95,84.46,84.5,47.3055704163812,93000,0,1
2003-10-08,84.34,84.8,84.34,84.65,47.3895448017357,116100,0,1
2003-10-09,84.17,84.4,84.1,84.38,47.2383909080976,173700,0,1
2003-10-10,84.65,84.8,84.57,84.63,47.3783482170218,73400,0,1
2003-10-13,84.75,84.75,84.35,84.5,47.3055704163812,62100,0,1
2003-10-14,84.18,84.43,84.08,84.16,47.1152284762443,118700,0,1
2003-10-15,83.84,83.93,83.65,83.86,46.9472797055352,62800,0,1
2003-10-16,83.96,84.15,83.37,83.4,46.6897582571147,89600,0,1
2003-10-17,83.57,83.9,83.43,83.85,46.9416814131782,84800,0,1
2003-10-20,83.75,84.14,83.66,83.91,46.9752711673201,90700,0,1
2003-10-21,84.16,84.32,84,84.06,47.0592455526746,213400,0,1
2003-10-22,84.51,84.76,84.37,84.67,47.4007413864496,167300,0,1
2003-10-23,84.7,84.75,84.24,84.4,47.2495874928115,146700,0,1
2003-10-24,84.75,85.15,84.62,84.99,47.5798867418726,136500,0,1
2003-10-27,84.81,85,84.63,84.76,47.4511260176624,171300,0,1
2003-10-28,84.66,85.27,84.44,85.16,47.6750577119411,174300,0,1
2003-10-29,85.02,85.05,84.61,84.61,47.3671516323078,111400,0,1
2003-10-30,84.15,84.41,84.07,84.3,47.1936045692418,302000,0,1
2003-10-31,84.45,84.66,84.41,84.6,47.3615533399509,77600,0,1
2003-11-03,84.06,84.1,83.73,84,47.1820161040629,133500,0.2793,1
2003-11-04,84.16,84.31,84.09,84.3,47.3505233044345,84700,0,1
2003-11-05,84.24,84.29,83.92,84,47.1820161040629,172900,0,1
2003-11-06,83.75,83.77,83.53,83.57,46.9404891168635,143700,0,1
2003-11-07,83.32,83.5,83.22,83.43,46.8618524233568,112900,0,1
2003-11-10,83.5,83.67,83.27,83.4,46.8450017033196,97800,0,1
2003-11-11,83.3,83.75,83.3,83.53,46.9180214901473,27300,0,1
2003-11-12,83.58,83.81,83.58,83.8,47.0696779704818,80200,0,1
2003-11-13,84.12,84.55,84.11,84.53,47.4797121580528,134700,0,1
2003-11-14,84.56,85,84.56,84.99,47.7380898652893,70000,0,1
2003-11-17,85.08,85.36,85.08,85.09,47.7942589320799,113300,0,1
2003-11-18,84.94,85.44,84.87,85.44,47.9908506658468,95700,0,1
2003-11-19,85.5,85.53,84.82,84.86,47.6650700784616,524800,0,1
2003-11-20,85.32,85.39,84.99,85.39,47.9627661324516,59600,0,1
2003-11-21,85.48,85.55,85.34,85.35,47.9402985057353,237400,0,1
2003-11-24,85.09,85.13,84.8,84.9,47.6875377051779,164400,0,1
2003-11-25,84.97,85.26,84.97,85.11,47.805492745438,126400,0,1
2003-11-26,85.01,85.15,84.8,84.9,47.6875377051779,56800,0,1
2003-11-28,84.58,84.58,84.33,84.34,47.3729909311508,121400,0,1
2003-12-01,83.72,83.75,83.27,83.6,47.1068618926971,201100,0.2662,1
2003-12-02,83.66,83.84,83.4,83.84,47.2420969029154,278700,0,1
2003-12-03,83.8,83.94,83.51,83.62,47.118131476882,119300,0,1
2003-12-04,83.65,83.95,83.59,83.8,47.2195577345457,78000,0,1
2003-12-05,84.52,85,84.42,84.82,47.7943065279733,1858200,0,1
2003-12-08,84.82,84.82,84.45,84.5,47.6139931810156,107200,0,1
2003-12-09,84.72,84.85,83.9,84.08,47.3773319131337,282800,0,1
2003-12-10,84.38,84.39,84.05,84.29,47.4956625470747,158200,0,1
2003-12-11,84.15,84.88,84.02,84.8,47.7830369437885,52200,0,1
2003-12-12,84.87,85.16,84.77,84.8,47.7830369437885,96700,0,1
2003-12-15,84.76,84.95,84.57,84.76,47.7604977754188,204500,0,1
2003-12-16,84.82,84.95,84.59,84.93,47.8562892409901,79000,0,1
2003-12-17,85.24,85.43,85.09,85.15,47.9802546670235,92600,0,1
2003-12-18,85.16,85.47,85.08,85.44,48.1436636377039,71900,0,1
2003-12-19,85.31,85.45,85.16,85.45,48.1492984297963,342100,0,1
2003-12-22,85.53,85.57,85.14,85.22,48.0196982116705,80500,0,1
2003-12-23,85.09,85.12,84.64,84.64,47.6928802703096,87400,0,1
2003-12-24,84.94,85.18,84.87,85.17,47.9915242512083,33900,0,1
2003-12-26,85.36,85.46,85.32,85.44,48.1436636377039,120800,0,1
2003-12-29,85.12,85.2,84.92,84.92,47.8506544488976,88300,0,1
2003-12-30,84.75,84.95,84.63,84.83,47.7999413200658,86500,0,1
2003-12-31,84.6,84.73,84.5,84.7,47.8837306784802,182200,0.2787,1
2004-01-02,84.52,84.52,83.75,84.02,47.4993040331276,259700,0,1
2004-01-05,83.8,84.01,83.72,83.95,47.4597307019883,210700,0,1
2004-01-06,84.1,84.69,84.1,84.58,47.8158906822415,144300,0,1
2004-01-07,84.53,84.93,84.49,84.77,47.9233040096194,66500,0,1
2004-01-08,84.7,84.89,84.6,84.77,47.9233040096194,140000,0,1
2004-01-09,85.7,85.82,85.55,85.77,48.4886373116085,914600,0,1
2004-01-12,85.7,86.15,85.63,85.77,48.4886373116085,136000,0,1
2004-01-13,85.76,86.25,85.65,86.23,48.7486906305236,77200,0,1
2004-01-14,86.1,86.44,85.99,86.4,48.8447972918617,114200,0,1
2004-01-15,86.4,86.87,86.12,86.45,48.8730639569612,472900,0,1
2004-01-16,86.62,86.62,86,86.09,48.6695439682451,64400,0,1
2004-01-20,85.88,86.22,85.84,85.94,48.5847439729467,86900,0,1
2004-01-21,86.09,86.23,85.9,86.19,48.726077298444,248700,0,1
2004-01-22,86.32,86.56,86.16,86.56,48.93525062018,176000,0,1
2004-01-23,86.67,86.78,85.82,85.91,48.567783973887,344900,0,1
2004-01-26,85.9,85.9,85.48,85.55,48.3642639851709,283700,0,1
2004-01-27,85.53,85.92,85.53,85.89,48.5564773078472,138100,0,1
2004-01-28,85.86,86.23,84.78,85.27,48.205970660614,805400,0,1
2004-01-29,85.04,85.25,84.86,85.17,48.1494373304151,155100,0,1
2004-01-30,85.48,85.6,85.28,85.56,48.3699173181908,110000,0,1
2004-02-02,85.22,85.67,85.15,85.22,48.3220901208426,78600,0.2554,1
2004-02-03,85.48,85.55,85.33,85.55,48.509209221287,89200,0,1
2004-02-04,85.46,85.46,85.25,85.41,48.4298253604924,126100,0,1
2004-02-05,85.38,85.5,85,85.09,48.248376535819,209700,0,1
2004-02-06,85.6,85.75,85.52,85.61,48.5432308759133,297000,0,1
2004-02-09,85.81,85.9,85.7,85.81,48.6566363913342,176000,0,1
2004-02-10,85.7,85.75,85.51,85.57,48.5205497728291,344200,0,1
2004-02-11,85.47,86.3,85.38,86.02,48.7757121825261,202200,0,1
2004-02-12,86.1,86.2,85.83,85.97,48.7473608036709,109000,0,1
2004-02-13,86.21,86.4,86.08,86.19,48.8721068706339,205900,0,1
2004-02-17,86.32,86.32,86.1,86.19,48.8721068706339,48000,0,1
2004-02-18,86.52,86.52,86.11,86.17,48.8607663190918,74200,0,1
2004-02-19,86.02,86.25,85.98,86.23,48.8947879737181,39700,0,1
2004-02-20,86.18,86.2,85.82,85.94,48.7303499763578,62300,0,1
2004-02-23,86.02,86.26,85.96,86.22,48.889117697947,230200,0,1
2004-02-24,86.36,86.56,86.26,86.37,48.9741718345127,299600,0,1
2004-02-25,86.47,86.54,86.4,86.47,49.0308745922231,108700,0,1
2004-02-26,86.32,86.39,86.2,86.34,48.9571610071996,169800,0,1
2004-02-27,86.57,86.74,86.44,86.68,49.1499503834151,161900,0,1
2004-03-01,86.65,86.73,86.36,86.52,49.2016065956893,284600,0.2511,1
2004-03-02,86.29,86.31,85.86,86.02,48.9172699879934,284500,0,1
2004-03-03,85.87,85.98,85.7,85.94,48.8717761307621,270400,0,1
2004-03-04,85.9,86.21,85.83,86.21,49.0253178989179,383700,0,1
2004-03-05,87.45,87.5,87.23,87.28,49.633798239387,904800,0,1
2004-03-08,87.69,87.78,87.59,87.77,49.9124481149289,208400,0,1
2004-03-09,87.76,88.14,87.73,88.1,50.1001102760082,254300,0,1
2004-03-10,87.94,88.16,87.92,88.09,50.0944235438542,245100,0,1
2004-03-11,88.31,88.33,87.72,88.1,50.1001102760082,486800,0,1
2004-03-12,88.05,88.17,87.82,87.83,49.9465685078524,245600,0,1
2004-03-15,87.85,88.03,87.71,87.88,49.975002168622,432800,0,1
2004-03-16,87.75,88.37,87.64,88.31,50.2195316512404,178400,0,1
2004-03-17,88.55,88.55,88.16,88.25,50.1854112583169,522300,0,1
2004-03-18,88.07,88.28,87.9,87.97,50.0261827580072,207200,0,1
2004-03-19,87.91,87.97,87.74,87.85,49.9579419721602,329500,0,1
2004-03-22,88,88.23,87.95,88.18,50.1456041332395,87300,0,1
2004-03-23,88.14,88.31,88.1,88.31,50.2195316512404,200400,0,1
2004-03-24,88.27,88.33,88.17,88.25,50.1854112583169,397900,0,1
2004-03-25,88.1,88.2,88.02,88.13,50.1171704724699,71000,0,1
2004-03-26,88.05,88.05,87.44,87.57,49.7987134718506,316200,0,1
2004-03-29,87.22,87.24,87.04,87.2,49.5883043821556,196500,0,1
2004-03-30,87.45,87.45,87.15,87.23,49.6053645786174,78500,0,1
2004-03-31,87.31,87.62,87.29,87.55,49.7873400075427,222000,0,1
2004-04-01,87.22,87.25,86.88,87.08,49.6653596028412,438500,0.2555,1
2004-04-02,85.7,85.8,85.35,85.47,48.7471093851038,321800,0,1
2004-04-05,85.13,85.2,84.9,85.05,48.5075658500418,214500,0,1
2004-04-06,85.3,85.41,85.2,85.35,48.6786683750861,87400,0,1
2004-04-07,85.38,85.59,85.3,85.36,48.6843717925876,144100,0,1
2004-04-08,85.27,85.41,85.19,85.2,48.593117112564,43200,0,1
2004-04-12,85.01,85.01,84.83,84.93,48.4391248400242,98900,0,1
2004-04-13,84.44,84.57,84.27,84.27,48.0626992849268,382100,0,1
2004-04-14,83.7,84.22,83.7,84.21,48.028478779918,473900,0,1
2004-04-15,84.1,84.27,83.95,84.09,47.9600377699003,128200,0,1
2004-04-16,84.36,84.49,84.2,84.4,48.136843712446,135900,0,1
2004-04-19,84.51,84.56,84.15,84.18,48.0113685274136,211700,0,1
2004-04-20,84.08,84.2,83.57,83.57,47.6634600598236,395700,0,1
2004-04-21,83.62,83.94,83.62,83.74,47.7604181573487,340300,0,1
2004-04-22,84.06,84.2,83.9,84.07,47.9486309348973,1074000,0,1
2004-04-23,83.77,83.84,83.59,83.72,47.7490113223457,94800,0,1
2004-04-26,83.62,83.78,83.62,83.71,47.7433079048442,51700,0,1
2004-04-27,83.89,84.04,83.67,84.04,47.9315206823929,65700,0,1
2004-04-28,83.85,83.96,83.44,83.49,47.6178327198118,86800,0,1
2004-04-29,83.57,83.7,83.11,83.3,47.5094677872838,197000,0,1
2004-04-30,83.36,83.57,83.21,83.5,47.6235361373133,57000,0,1
2004-05-03,83.16,83.33,83.12,83.2,47.6052281671335,69400,0.2679,1
2004-05-04,83.4,83.65,82.96,82.96,47.4679053935745,588700,0,1
2004-05-05,83.25,83.25,82.76,82.77,47.3591915311736,290200,0,1
2004-05-06,82.76,82.83,82.65,82.69,47.3134172733206,256000,0,1
2004-05-07,81.98,81.98,81.52,81.67,46.7297954856947,428400,0,1
2004-05-10,81.71,81.84,81.55,81.65,46.7183519212314,275300,0,1
2004-05-11,81.67,81.85,81.62,81.81,46.8099004369374,132400,0,1
2004-05-12,81.77,81.91,81.6,81.69,46.7412390501579,74100,0,1
2004-05-13,81.5,81.54,81.31,81.44,46.5981944943673,143200,0,1
2004-05-14,81.6,81.93,81.57,81.85,46.8327875658639,186900,0,1
2004-05-17,82.22,82.44,82.22,82.38,47.1360420241402,623700,0,1
2004-05-18,82.18,82.25,82.06,82.22,47.0444935084341,148000,0,1
2004-05-19,81.83,81.95,81.76,81.84,46.8270657836323,59200,0,1
2004-05-20,82.2,82.29,82.05,82.25,47.061658855129,136900,0,1
2004-05-21,82.47,82.47,82,82.07,46.9586667749597,212800,0,1
2004-05-24,82.1,82.15,81.94,82.13,46.9929974683495,64000,0,1
2004-05-25,82.27,82.34,82.14,82.16,47.0101628150444,74600,0,1
2004-05-26,82.43,82.61,82.34,82.57,47.2447558865411,131000,0,1
2004-05-27,82.91,83.05,82.78,83.02,47.5022360869643,577000,0,1
2004-05-28,82.93,83.02,82.59,82.79,47.3706350956369,59800,0,1
2004-06-01,82.26,82.3,81.91,82.1,47.1356987172063,188900,0.2794,1
2004-06-02,82.08,82.17,81.95,81.96,47.0553211554473,141200,0,1
2004-06-03,81.98,82.16,81.9,82.09,47.1299574627949,165000,0,1
2004-06-04,82.12,82.12,81.72,81.75,46.9347548128089,157000,0,1
2004-06-07,81.68,81.88,81.56,81.87,47.0036498657451,119600,0,1
2004-06-08,81.68,81.85,81.57,81.85,46.9921673569224,627400,0,1
2004-06-09,81.63,81.73,81.41,81.61,46.85437725105,146000,0,1
2004-06-10,81.57,81.76,81.46,81.7,46.9060485407522,156600,0,1
2004-06-14,81.5,81.55,81.25,81.3,46.676398364298,185900,0,1
2004-06-15,81.9,82.47,81.83,82.38,47.2964538407241,423700,0,1
2004-06-16,82.08,82.27,82.01,82.2,47.1931112613198,55100,0,1
2004-06-17,82.03,82.43,81.95,82.43,47.3251601127809,91500,0,1
2004-06-18,82.44,82.48,82.25,82.26,47.2275587877879,114600,0,1
2004-06-21,82.4,82.47,82.27,82.39,47.3021950951355,44300,0,1
2004-06-22,82.34,82.36,82.25,82.28,47.2390412966106,209400,0,1
2004-06-23,82.18,82.42,82.17,82.4,47.3079363495468,149000,0,1
2004-06-24,82.75,82.89,82.65,82.72,47.4916564907101,188800,0,1
2004-06-25,82.62,82.77,82.6,82.76,47.5146215083555,61200,0,1
2004-06-28,82.45,82.5,82.14,82.15,47.164404989263,102800,0,1
2004-06-29,82.22,82.54,82.1,82.54,47.3883139113058,103600,0,1
2004-06-30,82.66,83.11,82.61,83.05,47.6811178862848,452200,0,1
2004-07-01,82.77,83.02,82.57,82.94,47.7749873959104,115500,0.2735,1
2004-07-02,83.72,83.84,83.45,83.65,48.1839606422463,146900,0,1
2004-07-06,83.66,83.73,83.46,83.49,48.0917976571565,107100,0,1
2004-07-07,83.5,83.66,83.46,83.53,48.1148384034289,61500,0,1
2004-07-08,83.59,83.75,83.51,83.54,48.120598589997,186500,0,1
2004-07-09,83.64,83.72,83.55,83.68,48.2012412019506,192300,0,1
2004-07-12,83.73,83.84,83.72,83.78,48.2588430676317,182400,0,1
2004-07-13,83.59,83.62,83.41,83.6,48.1551597094057,84200,0,1
2004-07-14,83.54,83.63,83.5,83.56,48.1321189631333,252300,0,1
2004-07-15,83.56,83.6,83.45,83.52,48.1090782168608,77600,0,1
2004-07-16,83.92,84.33,83.92,84.33,48.5756533288778,225800,0,1
2004-07-19,84.23,84.34,84.21,84.31,48.5641329557416,44700,0,1
2004-07-20,84.12,84.25,83.72,83.76,48.2473226944955,111200,0,1
2004-07-21,83.55,83.62,83.34,83.58,48.1436393362695,98800,0,1
2004-07-22,83.69,83.81,83.63,83.68,48.2012412019506,54400,0,1
2004-07-23,83.7,83.9,83.7,83.88,48.3164449333128,54000,0,1
2004-07-26,83.69,83.74,83.58,83.59,48.1493995228376,65300,0,1
2004-07-27,83.57,83.57,82.97,83,47.8095485153191,73800,0,1
2004-07-28,82.86,83.15,82.77,83.13,47.8844309407045,83600,0,1
2004-07-29,83.09,83.22,83.05,83.21,47.9305124332494,39600,0,1
2004-07-30,83.52,83.8,83.51,83.78,48.2588430676317,64700,0,1
2004-08-02,83.76,83.76,83.52,83.59,48.30647981055,226300,0.2727,1
2004-08-03,83.59,83.88,83.59,83.79,48.4220593770305,167700,0,1
2004-08-04,83.79,84,83.71,83.74,48.3931644854104,103100,0,1
2004-08-05,83.9,84.07,83.9,83.99,48.5376389435111,130000,0,1
2004-08-06,85.05,85.2,84.86,85.14,49.2022214507743,235700,0,1
2004-08-09,85,85.04,84.85,84.86,49.0404100577015,96100,0,1
2004-08-10,84.97,85.04,84.49,84.51,48.8381458163606,151600,0,1
2004-08-11,84.55,84.8,84.52,84.8,49.0057361877574,174900,0,1
2004-08-12,84.7,84.96,84.6,84.91,49.0693049493217,80100,0,1
2004-08-13,85.2,85.29,85.06,85.06,49.1559896241821,78300,0,1
2004-08-16,85.03,85.04,84.79,84.97,49.1039788192658,304300,0,1
2004-08-17,85.04,85.37,85.01,85.37,49.335137952227,66400,0,1
2004-08-18,85.5,85.55,85.04,85.09,49.1733265591542,79600,0,1
2004-08-19,85.11,85.32,85.02,85.3,49.2946851039588,61800,0,1
2004-08-20,85.23,85.33,85.12,85.13,49.1964424724503,36700,0,1
2004-08-23,84.92,84.96,84.81,84.84,49.0288521010535,73100,0,1
2004-08-24,84.75,84.93,84.7,84.92,49.0750839276457,94300,0,1
2004-08-25,84.98,85.17,84.93,84.93,49.0808629059697,88900,0,1
2004-08-26,85.14,85.3,85.01,85.3,49.2946851039588,98700,0,1
2004-08-27,85.28,85.4,85.18,85.2,49.2368953207185,62200,0,1
2004-08-30,85.36,85.54,85.29,85.5,49.4102646704393,41400,0,1
2004-08-31,85.58,85.99,85.52,85.87,49.6240868684284,127600,0,1
2004-09-01,85.7,85.75,85.35,85.59,49.6161696681244,209500,0.2663,1
2004-09-02,85.58,85.58,85.12,85.13,49.3495095670923,107100,0,1
2004-09-03,84.9,84.96,84.66,84.9,49.2161795165763,211800,0,1
2004-09-07,84.83,84.97,84.73,84.95,49.2451643101667,53300,0,1
2004-09-08,84.8,85.47,84.736,85.44,49.5292152873531,142700,0,1
2004-09-09,85.49,85.66,85.25,85.29,49.4422609065818,105300,0,1
2004-09-10,85.58,85.65,85.43,85.46,49.5408092047893,150300,0,1
2004-09-13,85.52,85.69,85.44,85.67,49.6625453378691,90300,0,1
2004-09-14,85.63,85.78,85.48,85.69,49.6741392553053,119500,0,1
2004-09-15,85.65,85.68,85.5,85.6,49.6219666268425,66900,0,1
2004-09-16,85.65,86.18,85.65,86.07,49.8944236865927,249500,0,1
2004-09-17,86,86.13,85.77,85.77,49.72051492505,142100,0,1
2004-09-20,86.01,86.29,86.01,86.26,50.0045659022364,181200,0,1
2004-09-21,86.17,86.4,85.96,86.32,50.0393476545449,81700,0,1
2004-09-22,86.25,86.71,86.22,86.67,50.2422412096781,93600,0,1
2004-09-23,86.72,86.75,86.32,86.37,50.0683324481354,246700,0,1
2004-09-24,86.29,86.37,86.11,86.36,50.0625354894173,93100,0,1
2004-09-27,86.53,86.64,86.44,86.6,50.2016624986514,201200,0,1
2004-09-28,86.6,86.69,86.37,86.51,50.1494898701886,202800,0,1
2004-09-29,86.16,86.18,85.95,85.97,49.8364540994118,226100,0,1
2004-09-30,85.7,85.9,85.52,85.88,49.784281470949,175000,0,1
2004-10-01,85.35,85.39,85.13,85.28,49.5857356348545,270200,0.2575,1
2004-10-04,85.01,85.35,85,85.31,49.6031790221557,278100,0,1
2004-10-05,85.31,85.4,85.21,85.31,49.6031790221557,220000,0,1
2004-10-06,85.27,85.27,84.97,85.03,49.4403740740112,137100,0,1
2004-10-07,85.01,85.06,84.83,84.88,49.3531571375052,130500,0,1
2004-10-08,85.58,85.68,85.49,85.6,49.7717984327338,123400,0,1
2004-10-11,85.56,85.75,85.55,85.74,49.8532009068061,48800,0,1
2004-10-12,85.85,85.88,85.73,85.74,49.8532009068061,142700,0,1
2004-10-13,85.67,86.06,85.61,86.05,50.0334492422517,130600,0,1
2004-10-14,86.07,86.4,85.99,86.35,50.2078831152636,81300,0,1
2004-10-15,86.21,86.27,85.79,86.06,50.0392637046854,195100,0,1
2004-10-18,86.15,86.21,85.94,86.19,50.1148517163239,207800,0,1
2004-10-19,85.88,86.25,85.85,86.16,50.0974083290227,65300,0,1
2004-10-20,86.45,86.56,86.33,86.55,50.3241723639382,110700,0,1
2004-10-21,86.46,86.75,86.43,86.43,50.2543988147335,156600,0,1
2004-10-22,86.43,86.67,86.32,86.67,50.393945913143,64100,0,1
2004-10-25,86.8,86.87,86.69,86.77,50.4520905374803,172300,0,1
2004-10-26,86.75,86.81,86.58,86.62,50.3648736009744,37400,0,1
2004-10-27,86.72,86.8,86.01,86.09,50.0567070919866,126800,0,1
2004-10-28,85.94,86.32,85.86,86.22,50.1322951036251,49500,0,1
2004-10-29,86.21,86.47,86.1,86.47,50.2776566644684,341100,0,1
2004-11-01,86.06,86.15,85.74,85.78,50.0306583002835,128800,0.2652,1
2004-11-02,85.81,86,85.71,85.99,50.1531395108578,191300,0,1
2004-11-03,85.52,86,85.45,85.96,50.1356421950615,139800,0,1
2004-11-04,86.1,86.17,85.87,85.91,50.1064800020676,435100,0,1
2004-11-05,85.31,85.37,85.08,85.27,49.733203931746,886400,0,1
2004-11-08,85.17,85.2,85.03,85.15,49.6632146685608,300600,0,1
2004-11-09,85.16,85.26,85.1,85.17,49.6748795457583,95000,0,1
2004-11-10,85.08,85.19,84.8,85,49.5757280895792,118700,0,1
2004-11-11,85.2,85.2,84.98,84.98,49.5640632123816,94500,0,1
2004-11-12,85.16,85.42,85.06,85.3,49.7507012475424,154700,0,1
2004-11-15,85.3,85.4,85.19,85.34,49.7740310019375,144700,0,1
2004-11-16,85.22,85.27,85.15,85.25,49.7215390545485,125900,0,1
2004-11-17,85.25,85.74,85.22,85.7,49.9839987914933,199600,0,1
2004-11-18,85.58,85.82,85.57,85.77,50.0248258616847,110100,0,1
2004-11-19,85.7,85.75,85.16,85.3,49.7507012475424,2162100,0,1
2004-11-22,85.25,85.43,85.24,85.36,49.785695879135,168100,0,1
2004-11-23,85.27,85.59,85.21,85.28,49.7390363703448,183600,0,1
2004-11-24,85.34,85.4,85.25,85.4,49.8090256335301,51900,0,1
2004-11-26,85.05,85.13,85.02,85.09,49.6282200369681,62600,0,1
2004-11-29,84.74,84.78,84.51,84.58,49.3307656684306,455700,0,1
2004-11-30,84.47,84.62,84.4,84.5,49.2841061596405,182100,0,1
2004-12-01,84.46,84.46,84.1,84.21,49.2680086291078,257600,0.2624,1
2004-12-02,84.04,84.17,83.88,84.02,49.1568469898782,886300,0,1
2004-12-03,84.83,85.08,84.75,84.86,49.6482984475251,224100,0,1
2004-12-06,84.98,85.11,84.88,85.02,49.7419082489817,325500,0,1
2004-12-07,84.95,85.06,84.85,85.01,49.7360576363907,1053000,0,1
2004-12-08,85.2,85.66,85.2,85.64,50.1046462296259,158500,0,1
2004-12-09,85.58,85.79,85.37,85.44,49.9876339778052,169400,0,1
2004-12-10,85.58,85.7,85.48,85.57,50.0636919414886,191900,0,1
2004-12-13,85.5,85.78,85.47,85.63,50.0987956170348,141800,0,1
2004-12-14,85.5,85.81,85.41,85.78,50.1865548059004,190900,0,1
2004-12-15,85.95,86.09,85.88,86.09,50.3679237962225,95000,0,1
2004-12-16,85.92,85.92,85.43,85.43,49.9817833652141,478500,0,1
2004-12-17,85.2,85.5,85.2,85.32,49.9174266267127,163600,0,1
2004-12-20,85.52,85.52,85.33,85.42,49.9759327526231,62900,0,1
2004-12-21,85.43,85.57,85.31,85.54,50.0461401037155,168400,0,1
2004-12-22,85.58,85.58,85.31,85.45,49.9934845903962,465100,0,1
2004-12-23,85.41,85.44,85.3,85.342,49.930297974413,66400,0,1
2004-12-27,85.1,85.16,84.83,84.98,49.7185057986175,165200,0,1
2004-12-28,84.94,85.01,84.67,84.97,49.7126551860265,366800,0,1
2004-12-29,85.05,85.05,84.74,84.8,49.6131947719789,127800,0,1
2004-12-30,84.91,85.18,84.82,85.12,49.800414374892,135000,0,1
2004-12-31,84.98,85.17,84.95,84.95,49.859798092691,151300,0.2715,1
2005-01-03,84.92,85.16,84.83,85.12,49.9595763819878,323400,0,1
2005-01-04,85.12,85.12,84.58,84.59,49.6485028918274,1181000,0,1
2005-01-05,84.68,84.87,84.61,84.73,49.7306732477188,369000,0,1
2005-01-06,84.64,84.9,84.64,84.81,49.7776277367996,389100,0,1
2005-01-07,84.94,85,84.7,84.74,49.7365425588539,182400,0,1
2005-01-10,84.81,84.84,84.64,84.73,49.7306732477188,226300,0,1
2005-01-11,84.8,84.95,84.72,84.9,49.8304515370155,483900,0,1
2005-01-12,84.87,85.09,84.8,85.03,49.9067525817719,100600,0,1
2005-01-13,85.12,85.39,84.97,85.37,50.1063091603653,101600,0,1
2005-01-14,85.17,85.44,85.1,85.32,50.0769626046898,510300,0,1
2005-01-18,85.14,85.32,85.03,85.29,50.0593546712845,215100,0,1
2005-01-19,85.3,85.37,85.16,85.34,50.08870122696,95500,0,1
2005-01-20,85.28,85.5,85.22,85.49,50.1767408939865,151800,0,1
2005-01-21,85.45,85.67,85.386,85.66,50.2765191832833,324700,0,1
2005-01-24,85.66,85.73,85.52,85.65,50.2706498721482,217000,0,1
2005-01-25,85.6,85.66,85.26,85.33,50.0828319158249,270900,0,1
2005-01-26,85.39,85.47,85.3,85.35,50.0945705380951,674400,0,1
2005-01-27,85.21,85.22,85.14,85.22,50.0182694933388,60300,0,1
2005-01-28,85.44,85.68,85.44,85.66,50.2765191832833,103200,0,1
2005-01-31,85.59,85.7,85.47,85.69,50.2941271166886,74900,0,1
2005-02-01,85.42,85.49,85.29,85.37,50.2596742603255,115300,0.2613,1
2005-02-02,85.41,85.42,85.22,85.38,50.2655615362141,220900,0,1
2005-02-03,85.06,85.24,85.06,85.23,50.1772523978862,65000,0,1
2005-02-04,85.6,85.9,85.6,85.68,50.4421798128698,414100,0,1
2005-02-07,85.73,85.88,85.66,85.85,50.5422635029747,149600,0,1
2005-02-08,85.83,86.04,85.72,85.93,50.5893617100829,120800,0,1
2005-02-09,85.91,86.35,85.91,86.35,50.8366272974008,325200,0,1
2005-02-10,86.17,86.19,85.81,85.81,50.5187143994206,175800,0,1
2005-02-11,85.77,85.87,85.64,85.7,50.4539543646468,176400,0,1
2005-02-14,85.67,85.87,85.61,85.81,50.5187143994206,129200,0,1
2005-02-15,85.7,85.8,85.62,85.68,50.4421798128698,130000,0,1
2005-02-16,85.63,85.7,85.29,85.37,50.2596742603255,64900,0,1
2005-02-17,85.16,85.32,85.12,85.18,50.1478160184436,128000,0,1
2005-02-18,84.8,84.95,84.67,84.75,49.8946631552371,243900,0,1
2005-02-22,84.8,84.87,84.68,84.76,49.9005504311256,104700,0,1
2005-02-23,85.03,85.05,84.66,84.83,49.9417613623453,258300,0,1
2005-02-24,85.01,85.01,84.65,84.69,49.8593394999059,142500,0,1
2005-02-25,84.75,84.88,84.63,84.81,49.9299868105682,425500,0,1
2005-02-28,84.65,84.78,84.15,84.26,49.6061866366994,397900,0,1
2005-03-01,83.98,84.13,83.89,84.03,49.6067164915294,300500,0.2309,1
2005-03-02,83.97,84.11,83.93,84.02,49.6008130384184,149600,0,1
2005-03-03,84.13,84.18,83.94,83.97,49.5712957728635,598500,0,1
2005-03-04,84.24,84.45,84.2,84.35,49.7956269910806,179400,0,1
2005-03-07,84.39,84.5,84.36,84.37,49.8074338973026,163100,0,1
2005-03-08,84.15,84.16,83.94,83.97,49.5712957728635,696200,0,1
2005-03-09,83.7,83.7,83.25,83.33,49.1934747737611,262300,0,1
2005-03-10,83.4,83.65,83.21,83.48,49.2820265704257,262300,0,1
2005-03-11,83.34,83.4,83.11,83.13,49.0754057115416,203400,0,1
2005-03-14,83.04,83.33,83.02,83.33,49.1934747737611,192300,0,1
2005-03-15,83.49,83.49,83.07,83.17,49.0990195239855,99600,0,1
2005-03-16,83.35,83.68,83.28,83.36,49.211185133094,223700,0,1
2005-03-17,83.69,83.8,83.55,83.68,49.4000956326453,342100,0,1
2005-03-18,83.52,83.54,83.38,83.47,49.2761231173148,200300,0,1
2005-03-21,83.42,83.45,83.33,83.37,49.217088586205,448200,0,1
2005-03-22,83.58,83.66,82.76,82.76,48.8569779464355,302800,0,1
2005-03-23,82.58,83.02,82.58,82.95,48.969143555544,355900,0,1
2005-03-24,82.99,83.1,82.92,83.02,49.0104677273208,132000,0,1
2005-03-28,82.82,82.85,82.7,82.75,48.8510744933245,68500,0,1
2005-03-29,82.91,83.1,82.91,83.09,49.0517918990977,349300,0,1
2005-03-30,83.04,83.29,83.02,83.28,49.1639575082062,244500,0,1
2005-03-31,83.62,83.69,83.46,83.69,49.4059990857562,675000,0,1
2005-04-01,83.69,83.73,83.08,83.58,49.5058264778628,367200,0.2791,1
2005-04-04,83.49,83.79,83.47,83.54,49.482133811446,135900,0,1
2005-04-05,83.55,83.65,83.44,83.55,49.4880569780502,75100,0,1
2005-04-06,83.73,83.8,83.69,83.8,49.6361361431551,51200,0,1
2005-04-07,83.83,84,83.46,83.48,49.4465948118209,196500,0,1
2005-04-08,83.45,83.58,83.31,83.57,49.4999033112586,86300,0,1
2005-04-11,83.55,83.82,83.49,83.82,49.6479824763635,41900,0,1
2005-04-12,83.7,84.27,83.63,84.26,49.9086018069481,146100,0,1
2005-04-13,84.37,84.43,84.1,84.3,49.9322944733649,171500,0,1
2005-04-14,84.38,84.52,84.25,84.52,50.0626041386572,194700,0,1
2005-04-15,84.72,85.07,84.51,85.07,50.3883783018879,177900,0,1
2005-04-18,85.13,85.16,84.87,84.89,50.2817613030124,326100,0,1
2005-04-19,84.96,85.38,84.94,85.38,50.5719964666179,107600,0,1
2005-04-20,84.88,85.38,84.88,85.33,50.542380633597,229300,0,1
2005-04-21,85,85.17,84.71,84.71,50.1751443041369,565200,0,1
2005-04-22,85.01,85.14,84.88,85.08,50.3943014684921,74800,0,1
2005-04-25,85.07,85.12,85,85.08,50.3943014684921,79100,0,1
2005-04-26,85.19,85.2,84.86,85.04,50.3706088020753,119600,0,1
2005-04-27,85.28,85.45,85.18,85.3,50.5246111337844,123700,0,1
2005-04-28,85.43,85.82,85.37,85.82,50.8326157972025,103300,0,1
2005-04-29,85.6,85.88,85.48,85.51,50.6489976324725,174200,0,1
2005-05-02,85.31,85.38,85.13,85.33,50.7008253402592,141400,0.2675,1
2005-05-03,85.39,85.51,85.18,85.44,50.7661844260137,259200,0,1
2005-05-04,85.25,85.5,85.2,85.42,50.7543009558765,114500,0,1
2005-05-05,85.52,85.8,85.36,85.69,50.9147278027283,108000,0,1
2005-05-06,85.18,85.28,84.99,85.08,50.5522819635445,591000,0,1
2005-05-09,85.03,85.09,84.95,85.07,50.5463402284759,32900,0,1
2005-05-10,85.17,85.39,85.16,85.37,50.7245922805335,101300,0,1
2005-05-11,85.53,85.7,85.42,85.48,50.789951366288,408600,0,1
2005-05-12,85.3,85.62,85.2,85.56,50.8374852468367,546800,0,1
2005-05-13,85.76,85.9,85.63,85.78,50.9682034183456,214400,0,1
2005-05-16,85.9,85.92,85.75,85.79,50.9741451534142,111900,0,1
2005-05-17,85.93,86.01,85.87,85.9,51.0395042391687,112800,0,1
2005-05-18,86.23,86.3,86.06,86.18,51.2058728210892,93000,0,1
2005-05-19,86.14,86.23,85.92,85.92,51.0513877093059,116200,0,1
2005-05-20,85.92,85.97,85.83,85.91,51.0454459742373,70400,0,1
2005-05-23,86.05,86.37,86.02,86.3,51.2771736419122,163800,0,1
2005-05-24,86.53,86.58,86.32,86.53,51.4138335484897,188900,0,1
2005-05-25,86.7,86.7,86.21,86.22,51.2296397613635,150000,0,1
2005-05-26,86.22,86.43,86.17,86.27,51.2593484367064,181400,0,1
2005-05-27,86.34,86.42,86.22,86.36,51.3128240523237,69600,0,1
2005-05-31,86.61,86.81,86.61,86.81,51.5802021304102,122600,0,1
2005-06-01,86.71,87.13,86.65,87.08,51.89725311367,781400,0.2636,1
2005-06-02,87.01,87.18,86.96,87.05,51.8793739497585,154500,0,1
2005-06-03,87.48,87.49,86.55,86.55,51.5813878845675,245300,0,1
2005-06-06,86.62,86.84,86.53,86.78,51.7184614745554,311700,0,1
2005-06-07,87.02,87.1,86.78,87.03,51.8674545071509,111200,0,1
2005-06-08,87.01,87.03,86.84,86.87,51.7720989662898,104600,0,1
2005-06-09,86.66,86.85,86.46,86.82,51.7423003597707,783400,0,1
2005-06-10,86.55,86.55,86.26,86.27,51.4145156880605,200900,0,1
2005-06-13,86.13,86.17,85.97,86.04,51.2774420980727,276400,0,1
2005-06-14,86.03,86.03,85.81,85.94,51.2178448850345,301500,0,1
2005-06-15,85.8,85.91,85.7,85.91,51.199965721123,116700,0,1
2005-06-16,85.87,86.19,85.77,86.18,51.3608781963262,215700,0,1
2005-06-17,86.03,86.18,85.94,86.08,51.3012809832879,149000,0,1
2005-06-20,85.82,85.95,85.74,85.95,51.2238046063383,178800,0,1
2005-06-21,86.05,86.25,85.99,86.22,51.3847170815414,217900,0,1
2005-06-22,86.63,86.95,86.45,86.87,51.7720989662898,487300,0,1
2005-06-23,86.75,86.82,86.62,86.78,51.7184614745554,169200,0,1
2005-06-24,86.99,87.05,86.89,86.99,51.8436156219356,67500,0,1
2005-06-27,87.06,87.14,86.98,87.06,51.8853336710624,880800,0,1
2005-06-28,86.95,86.95,86.66,86.69,51.664823982821,168000,0,1
2005-06-29,86.92,86.92,86.53,86.66,51.6469448189095,350300,0,1
2005-06-30,86.66,87,86.6,86.96,51.8257364580242,299500,0,1
2005-07-01,86.49,86.54,85.84,85.95,51.3808432626939,270000,0.2635,1
2005-07-05,85.69,85.83,85.56,85.6,51.1716135344573,142200,0,1
2005-07-06,85.73,85.82,85.63,85.78,51.2792173946933,299700,0,1
2005-07-07,86.17,86.21,85.96,85.98,51.3987772393999,209900,0,1
2005-07-08,86.06,86.06,85.55,85.67,51.2134594801046,157300,0,1
2005-07-11,85.43,85.67,85.35,85.63,51.1895475111633,171300,0,1
2005-07-12,85.5,85.59,85.4,85.41,51.0580316819859,123700,0,1
2005-07-13,85.41,85.43,85.28,85.33,51.0102077441032,108300,0,1
2005-07-14,85.38,85.4,85.15,85.22,50.9444498295146,236000,0,1
2005-07-15,85.16,85.3,85.14,85.24,50.9564058139852,318800,0,1
2005-07-18,85.21,85.29,85.03,85.1,50.8727139226906,182700,0,1
2005-07-19,85.12,85.32,85.06,85.22,50.9444498295146,156600,0,1
2005-07-20,85.24,85.47,84.93,85.38,51.0400977052799,341100,0,1
2005-07-21,85.07,85.09,84.73,84.75,50.6634841944539,509200,0,1
2005-07-22,85,85.2,84.9,85.15,50.9026038838672,368100,0,1
2005-07-25,85.08,85.21,84.96,85,50.8129340003372,125600,0,1
2005-07-26,85.02,85.1,85,85.06,50.8488019537492,90800,0,1
2005-07-27,84.9,85,84.86,84.94,50.7770660469252,64600,0,1
2005-07-28,85.01,85.34,85.01,85.31,50.9982517596326,142900,0,1
2005-07-29,85.07,85.14,84.75,84.8,50.6933741556306,205800,0,1
2005-08-01,84.46,84.46,84.2,84.36,50.592106967164,109700,0.2706,1
2005-08-02,84.35,84.48,84.26,84.28,50.544129625327,337600,0,1
2005-08-03,84.41,84.55,84.37,84.49,50.6700701476492,129600,0,1
2005-08-04,84.5,84.59,84.34,84.43,50.6340871412714,179300,0,1
2005-08-05,84.08,84.08,83.91,83.98,50.364214593438,160100,0,1
2005-08-08,83.95,84,83.75,83.76,50.2322769033862,146800,0,1
2005-08-09,83.81,84,83.71,84,50.3762089288973,293300,0,1
2005-08-10,84.11,84.14,83.87,83.96,50.3522202579788,91900,0,1
2005-08-11,84.07,84.34,83.96,84.32,50.5681182962455,278200,0,1
2005-08-12,84.37,84.77,84.33,84.66,50.7720219990529,130600,0,1
2005-08-15,84.69,84.69,84.536,84.55,50.706053154027,147200,0,1
2005-08-16,84.81,84.97,84.78,84.95,50.9459398632122,214800,0,1
2005-08-17,84.8,84.87,84.54,84.62,50.7480333281344,138400,0,1
2005-08-18,84.8,85.08,84.77,85.07,51.0179058759678,247800,0,1
2005-08-19,84.86,85.06,84.83,85.02,50.9879200373196,76000,0,1
2005-08-22,84.91,85.15,84.76,85.09,51.029900211427,1267300,0,1
2005-08-23,85.1,85.3,85.03,85.25,51.1258548951011,90400,0,1
2005-08-24,85.36,85.38,85.15,85.29,51.1498435660197,80500,0,1
2005-08-25,85.3,85.4,85.2,85.34,51.1798294046678,202000,0,1
2005-08-26,85.39,85.43,85.11,85.2,51.095869056453,100500,0,1
2005-08-29,85.37,85.38,85.16,85.26,51.1318520628308,176500,0,1
2005-08-30,85.43,85.79,85.35,85.66,51.371738772016,168900,0,1
2005-08-31,85.86,86.25,85.85,86.22,51.7075801648753,290100,0,1
2005-09-01,85.9,86.2,85.85,86.03,51.7581962605134,242800,0.2744,1
2005-09-02,85.97,86.16,85.91,86.05,51.7702288529254,71800,0,1
2005-09-06,86.03,86.04,85.7,85.78,51.6077888553625,142800,0,1
2005-09-07,85.67,85.69,85.39,85.5,51.4393325615936,125000,0,1
2005-09-08,85.63,85.65,85.45,85.5,51.4393325615936,264600,0,1
2005-09-09,85.64,85.74,85.5,85.57,51.4814466350358,79400,0,1
2005-09-12,85.38,85.4,85.15,85.3,51.3190066374729,103600,0,1
2005-09-13,85.49,85.65,85.48,85.56,51.4754303388298,120800,0,1
2005-09-14,85.59,85.62,85.33,85.38,51.3671370071211,108000,0,1
2005-09-15,85.41,85.41,85.02,85.12,51.2107133057643,97600,0,1
2005-09-16,85.01,85.05,84.73,84.79,51.0121755309651,224800,0,1
2005-09-19,84.81,85.01,84.74,84.96,51.1144525664677,203400,0,1
2005-09-20,84.93,84.99,84.65,84.89,51.0723384930255,124000,0,1
2005-09-21,85.25,85.34,85.19,85.28,51.3069740450608,101500,0,1
2005-09-22,85.33,85.38,85.22,85.34,51.343071822297,124700,0,1
2005-09-23,85.19,85.19,84.87,84.87,51.0603059006134,101200,0,1
2005-09-26,84.62,84.75,84.56,84.65,50.9279473840806,69300,0,1
2005-09-27,84.71,84.85,84.49,84.7,50.9580288651108,93400,0,1
2005-09-28,84.64,84.92,84.58,84.87,51.0603059006134,71000,0,1
2005-09-29,84.72,84.74,84.61,84.68,50.9459962726987,116200,0,1
2005-09-30,84.68,84.73,84.39,84.44,50.8016051637539,145900,0,1
2005-10-03,84.16,84.16,83.8,83.84,50.6073991222231,138400,0.2772,1
2005-10-04,84,84.06,83.84,83.88,50.6315438737127,151200,0,1
2005-10-05,84.04,84.17,83.94,84.08,50.7522676311608,130300,0,1
2005-10-06,84.05,84.11,83.92,83.97,50.6858695645644,218100,0,1
2005-10-07,83.76,84.16,83.72,84.08,50.7522676311608,59900,0,1
2005-10-10,84.3,84.34,84,84.1,50.7643400069056,42900,0,1
2005-10-11,84.04,84.07,83.83,83.94,50.6677610009472,105800,0,1
2005-10-12,83.92,83.93,83.5625,83.62,50.4746029890303,139500,0,1
2005-10-13,83.46,83.55,83.35,83.49,50.396132546689,303100,0,1
2005-10-14,83.67,83.69,83.25,83.49,50.396132546689,134300,0,1
2005-10-17,83.48,83.59,83.34,83.39,50.335770667965,153000,0,1
2005-10-18,83.48,83.53,83.4,83.51,50.4082049224338,81700,0,1
2005-10-19,83.7,83.77,83.56,83.61,50.4685668011579,68100,0,1
2005-10-20,83.5,83.69,83.42,83.66,50.4987477405199,111500,0,1
2005-10-21,83.74,84.08,83.73,84.03,50.7220866917988,92500,0,1
2005-10-24,83.95,83.97,83.5801,83.67,50.5047839283923,343300,0,1
2005-10-25,83.73,83.8065,83.18,83.28,50.2693726013686,190500,0,1
2005-10-26,83.06,83.1099,82.88,82.96,50.0762145894517,148700,0,1
2005-10-27,83.12,83.23,82.9601,83.15,50.1909021590274,245800,0,1
2005-10-28,83.2,83.25,82.88,83.06,50.1365764681757,784300,0,1
2005-10-31,83.06,83.26,83.05,83.12,50.1727935954101,123300,0,1
2005-11-01,82.9,82.9099,82.68,82.78,50.1412339907381,144000,0.2877,1
2005-11-02,82.65,82.84,82.55,82.61,50.0382621403101,85800,0,1
2005-11-03,82.69,82.69,82.3,82.32,49.8626042778154,201600,0,1
2005-11-04,82.39,82.4975,82.15,82.28,49.8383756071265,156200,0,1
2005-11-07,82.48,82.5,82.32,82.43,49.92923312221,132400,0,1
2005-11-08,82.7,82.89,82.7,82.84,50.1775769967715,71200,0,1
2005-11-09,82.65,82.74,82.38,82.4,49.9110616191933,124300,0,1
2005-11-10,82.6,82.89,82.55,82.87,50.1957484997882,102700,0,1
2005-11-11,83,83.02,82.8,82.97,50.2563201765105,72600,0,1
2005-11-14,82.83,82.87,82.461,82.6,50.0322049726379,199700,0,1
2005-11-15,82.6,82.91,82.6,82.88,50.2018056674604,194100,0,1
2005-11-16,83,83.33,83,83.3,50.4562067096941,102500,0,1
2005-11-17,83.23,83.6,83.17,83.46,50.5531213924499,99900,0,1
2005-11-18,83.26,83.41,83.21,83.26,50.4319780390052,100000,0,1
2005-11-21,83.42,83.55,83.33,83.42,50.5288927217609,274600,0,1
2005-11-22,83.48,83.75,83.4101,83.71,50.7045505842557,186700,0,1
2005-11-23,83.68,83.75,83.4,83.49,50.5712928954666,177200,0,1
2005-11-25,83.63,83.74,83.59,83.74,50.7227220872724,31400,0,1
2005-11-28,83.72,83.93,83.7006,83.85,50.7893509316669,158300,0,1
2005-11-29,83.84,83.84,83.38,83.39,50.5107212187442,86300,0,1
2005-11-30,83.54,83.54,83.24,83.35,50.4864925480553,46100,0,1
2005-12-01,83.1,83.24,82.75,82.88,50.3735142566328,321100,0.2835,1
2005-12-02,82.89,82.97,82.8,82.95,50.4160594544847,343200,0,1
2005-12-05,82.84,82.84,82.6,82.7,50.2641123192994,305700,0,1
2005-12-06,82.81,83.17,82.81,83.09,50.5011498501885,1021700,0,1
2005-12-07,83.1,83.1399,82.92,83.04,50.4707604231514,73000,0,1
2005-12-08,83.15,83.43,83.1,83.4,50.6895642978183,70600,0,1
2005-12-09,83.17,83.24,82.94,83.03,50.464682537744,66100,0,1
2005-12-12,83.1,83.1,82.8,82.84,50.3492027150032,592500,0,1
2005-12-13,83.05,83.1,82.9,83.04,50.4707604231514,210700,0,1
2005-12-14,83.37,83.6,83.29,83.56,50.7868104643369,83300,0,1
2005-12-15,83.43,83.47,83.18,83.45,50.7199537248553,116500,0,1
2005-12-16,83.7,83.72,83.48,83.6,50.8111220059665,420400,0,1
2005-12-19,83.5,83.7,83.44,83.65,50.8415114330036,143600,0,1
2005-12-20,83.51,83.57,83.4,83.51,50.7564210372998,103600,0,1
2005-12-21,83.41,83.46,83.35,83.4,50.6895642978183,143700,0,1
2005-12-22,83.52,83.77,83.52,83.73,50.8901345162629,124500,0,1
2005-12-23,83.69,84.12,83.61,83.93,51.0116922244111,84100,0,1
2005-12-27,83.93,84.33,83.91,84.33,51.2548076407076,178300,0,1
2005-12-28,83.96,84.03,83.75,83.78,51.0979204002632,558000,0.2919,1
2005-12-29,83.92,83.93,83.68,83.88,51.1589109951549,159100,0,1
2005-12-30,84.03,84.09,83.75,83.91,51.1772081736224,166900,0,1
2006-01-03,83.69,84.03,83.62,83.9,51.1711091141332,299500,0,1
2006-01-04,83.91,84.12,83.81,84.05,51.2625950064707,112300,0,1
2006-01-05,84.04,84.11,83.93,84.07,51.2747931254491,159700,0,1
2006-01-06,84.02,84.05,83.86,83.96,51.2077034710682,179100,0,1
2006-01-09,83.92,84,83.81,84,51.2320997090249,78600,0,1
2006-01-10,83.82,83.88,83.61,83.66,51.0247316863931,140500,0,1
2006-01-11,83.78,83.78,83.43,83.45,50.8966514371206,384300,0,1
2006-01-12,83.63,83.79,83.53,83.75,51.0796232217957,97800,0,1
2006-01-13,83.9,84.16,83.82,84.12,51.3052884228949,96200,0,1
2006-01-17,84.06,84.27,84.02,84.22,51.3662790177866,166600,0,1
2006-01-18,84.32,84.34,84.1084,84.23,51.3723780772758,125900,0,1
2006-01-19,84.04,84.17,83.9503,84.04,51.2564959469816,108600,0,1
2006-01-20,84.15,84.18,83.97,84.18,51.34188277983,98000,0,1
2006-01-23,83.93,84.22,83.89,84.16,51.3296846608516,79100,0,1
2006-01-24,84.02,84.11,83.91,84.02,51.2442978280032,66200,0,1
2006-01-25,83.87,83.87,83.47,83.5,50.9271467345664,95500,0,1
2006-01-26,83.38,83.42,83.2,83.32,50.8173636637614,77100,0,1
2006-01-27,83.52,83.52,83.1507,83.38,50.8539580206964,114600,0,1
2006-01-30,83.28,83.32,83.13,83.2,50.7441749498913,125400,0,1
2006-01-31,83.29,83.39,83.11,83.32,50.8173636637614,255700,0,1
2006-02-01,83,83.05,82.7601,82.8,50.6609349859831,474200,0.2635,1
2006-02-02,82.86,82.98,82.78,82.8,50.6609349859831,94800,0,1
2006-02-03,82.68,83.09,82.57,83.05,50.8138967462065,283800,0,1
2006-02-06,83,83.03,82.92,82.93,50.7404751012993,53300,0,1
2006-02-07,83.05,83.06,82.79,82.83,50.6792903972099,228800,0,1
2006-02-08,82.95,82.96,82.7,82.78,50.6486980451653,62000,0,1
2006-02-09,82.8,82.95,82.67,82.86,50.6976458084367,96600,0,1
2006-02-10,83.05,83.07,82.53,82.62,50.5508025186223,102900,0,1
2006-02-13,82.7,82.7,82.57,82.62,50.5508025186223,66000,0,1
2006-02-14,82.53,82.62,82.41,82.5,50.4773808737151,77100,0,1
2006-02-15,82.7,82.74,82.46,82.65,50.5691579298491,75200,0,1
2006-02-16,82.68,82.68,82.51,82.61,50.5446840482134,248200,0,1
2006-02-17,82.92,83.01,82.84,82.89,50.7160012196635,199200,0,1
2006-02-21,82.9,82.94,82.77,82.79,50.6548165155742,164200,0,1
2006-02-22,82.95,83.1,82.9,83.1,50.8444890982512,115700,0,1
2006-02-23,82.95,82.96,82.76,82.9,50.7221196900725,73300,0,1
2006-02-24,82.96,82.96,82.72,82.8,50.6609349859831,343300,0,1
2006-02-27,82.86,82.86,82.61,82.64,50.5630394594402,287700,0,1
2006-02-28,82.79,83.01,82.77,82.97,50.764948982935,95900,0,1
2006-03-01,82.64,82.73,82.45,82.54,50.6652625801034,227000,0.2671,1
2006-03-02,82.31,82.41,82.1048,82.21,50.4626997420681,113300,0,1
2006-03-03,82.16,82.16,81.98,82.01,50.339934385683,76500,0,1
2006-03-06,81.77,81.91,81.65,81.75,50.1803394223825,350700,0,1
2006-03-07,81.7,81.83,81.6,81.79,50.2048924936595,130300,0,1
2006-03-08,81.79,81.84,81.714,81.83,50.2294455649365,84500,0,1
2006-03-09,81.8,81.91,81.71,81.91,50.2785517074905,507200,0,1
2006-03-10,81.74,81.79,81.54,81.75,50.1803394223825,408500,0,1
2006-03-13,81.67,81.73,81.55,81.68,50.1373715476477,246900,0,1
2006-03-14,81.9,82.2,81.82,82.15,50.4258701351526,122700,0,1
2006-03-15,81.98,82.11,81.9,82,50.3337961178638,118400,0,1
2006-03-16,82.12,82.55,82.11,82.52,50.6529860444649,174900,0,1
2006-03-17,82.41,82.46,82.3,82.35,50.5486354915376,111300,0,1
2006-03-20,82.57,82.6,82.43,82.51,50.6468477766456,240100,0,1
2006-03-21,82.46,82.46,82.05,82.17,50.4381466707911,96800,0,1
2006-03-22,82.3,82.3599,82.16,82.27,50.4995293489836,131500,0,1
2006-03-23,82.32,82.32,81.99,82.06,50.3706257247793,109700,0,1
2006-03-24,82.11,82.51,82.04,82.42,50.5916033662723,68800,0,1
2006-03-27,82.32,82.38,82.18,82.24,50.4811145455258,79700,0,1
2006-03-28,82.15,82.18,81.75,81.84,50.2355838327558,125600,0,1
2006-03-29,81.77,81.9,81.64,81.76,50.1864776902017,58100,0,1
2006-03-30,81.64,81.66,81.35,81.52,50.0391592625397,100800,0,1
2006-03-31,81.59,81.66,81.43,81.58,50.0759888694552,87400,0,1
2006-04-03,81.09,81.26,81.05,81.23,50.0209028263917,244300,0.2603,1
2006-04-04,81.29,81.36,81.14,81.24,50.0270607610004,127200,0,1
2006-04-05,81.47,81.48,81.32,81.43,50.1440615185655,101800,0,1
2006-04-06,81.3,81.32,81.12,81.2,50.0024290225656,289900,0,1
2006-04-07,81.02,81.07,80.74,80.83,49.7745854420441,129700,0,1
2006-04-10,80.92,80.95,80.8,80.93,49.836164788131,118300,0,1
2006-04-11,81.08,81.14,80.95,81.08,49.9285338072613,154100,0,1
2006-04-12,81.1,81.19,80.8,80.89,49.8115330496962,201600,0,1
2006-04-13,80.6,80.7,80.44,80.46,49.5467418615225,175800,0,1
2006-04-17,80.68,80.84,80.54,80.77,49.7376378343919,162200,0,1
2006-04-18,80.95,81.12,80.77,81.03,49.8977441342179,276200,0,1
2006-04-19,80.79,80.82,80.62,80.8,49.756111638218,128600,0,1
2006-04-20,80.77,80.81,80.62,80.73,49.7130060959572,128400,0,1
2006-04-21,80.83,80.92,80.65,80.9,49.8176909843049,108500,0,1
2006-04-24,80.89,81.14,80.85,81,49.8792703303918,118800,0,1
2006-04-25,80.97,80.97,80.48,80.49,49.5652156653486,241400,0,1
2006-04-26,80.5,80.52,80.35,80.45,49.5405839269138,76300,0,1
2006-04-27,80.4,80.79,80.34,80.67,49.676058488305,132900,0,1
2006-04-28,80.68,80.81,80.55,80.81,49.7622695728267,70700,0,1
2006-05-01,80.28,80.35,80.01,80.08,49.4937762343662,169700,0.294,1
2006-05-02,80.11,80.27,80.03,80.21,49.5741232737077,87900,0,1
2006-05-03,80.21,80.23,79.91,80.1,49.5061373173418,116600,0,1
2006-05-04,80,80.17,79.98,80.05,49.4752346099028,193200,0,1
2006-05-05,80.32,80.41,80.15,80.24,49.5926648981712,85200,0,1
2006-05-08,80.34,80.35,80.14,80.28,49.6173870641224,82400,0,1
2006-05-09,80.26,80.27,80.1201,80.25,49.598845439659,59600,0,1
2006-05-10,80.38,80.5,80.16,80.29,49.6235676056102,98600,0,1
2006-05-11,80.18,80.18,80,80.15,49.5370400247809,203700,0,1
2006-05-12,79.88,80.02,79.81,79.85,49.3516237801467,134700,0,1
2006-05-15,79.84,80.2,79.84,80.02,49.4566929854394,106100,0,1
2006-05-16,80.22,80.42,80.14,80.32,49.6421092300736,86200,0,1
2006-05-17,80.07,80.19,79.94,80.09,49.499956775854,245300,0,1
2006-05-18,80.42,80.66,80.33,80.66,49.8522476406591,168500,0,1
2006-05-19,80.59,80.84,80.48,80.61,49.8213449332201,223600,0,1
2006-05-22,80.92,81.01,80.7,80.72,49.8893308895859,189000,0,1
2006-05-23,80.57,80.72,80.5,80.69,49.8707892651225,102500,0,1
2006-05-24,80.96,81,80.78,80.81,49.9449557629762,171700,0,1
2006-05-25,80.87,80.92,80.63,80.68,49.8646087236347,181600,0,1
2006-05-26,80.74,80.95,80.72,80.75,49.9078725140494,178000,0,1
2006-05-30,80.71,80.75,80.55,80.68,49.8646087236347,95600,0,1
2006-05-31,80.77,80.77,80.37,80.43,49.7100951864395,110900,0,1
2006-06-01,80.0986,80.3,80.04,80.27,49.793092441971,96100,0.2943,1
2006-06-02,80.78,80.92,80.62,80.89,50.1776908886388,403900,0,1
2006-06-05,80.86,80.88,80.67,80.73,50.0784396765955,100200,0,1
2006-06-06,80.67,80.85,80.6,80.8,50.1218620818644,96600,0,1
2006-06-07,80.68,80.77,80.58,80.69,50.0536268735846,141900,0,1
2006-06-08,80.82,81.1,80.74,80.8,50.1218620818644,152600,0,1
2006-06-09,80.85,81.07,80.83,80.9976,50.2444373287379,73900,0,1
2006-06-12,80.94,81.01,80.86,80.96,50.2211132939077,122500,0,1
2006-06-13,81.11,81.15,80.9382,81.07,50.2893485021875,111600,0,1
2006-06-14,80.86,80.9,80.53,80.53,49.9543756615413,165500,0,1
2006-06-15,80.47,80.5,80.33,80.35,49.8427180479926,112200,0,1
2006-06-16,80.53,80.53,80.22,80.3,49.8117020442291,126100,0,1
2006-06-19,80.25,80.28,80.1,80.21,49.7558732374548,67200,0,1
2006-06-20,80.2,80.22,80.08,80.15,49.7186540329385,105200,0,1
2006-06-21,80.23,80.23,80.1,80.14,49.7124508321858,180600,0,1
2006-06-22,80.06,80.08,79.88,79.88,49.5511676126155,112600,0,1
2006-06-23,79.9,79.97,79.73,79.81,49.5077452073465,167600,0,1
2006-06-26,79.84,79.85,79.6801,79.76,49.476729203583,264400,0,1
2006-06-27,79.83,80,79.8,79.97,49.6069964193898,231900,0,1
2006-06-28,79.85,79.94,79.68,79.71,49.4457131998195,229700,0,1
2006-06-29,79.85,80.07,79.84,80.04,49.6504188246588,328400,0,1
2006-06-30,80.13,80.42,80.02,80.32,49.8241084457345,125400,0,1
2006-07-03,79.97,80.05,79.87,79.97,49.8006435982473,41200,0.3122,1
2006-07-05,79.83,79.83,79.58,79.68,49.6200485420576,1712900,0,1
2006-07-06,79.74,79.93,79.71,79.93,49.7757339353245,132400,0,1
2006-07-07,80.13,80.26,80.02,80.18,49.9314193285915,274600,0,1
2006-07-10,80.12,80.25,80.09,80.24,49.9687838229756,133200,0,1
2006-07-11,80.35,80.48,80.31,80.33,50.0248305645517,167200,0,1
2006-07-12,80.2,80.4,80.17,80.4,50.0684224746665,114300,0,1
2006-07-13,80.42,80.59,80.35,80.58,50.1805159578187,343800,0,1
2006-07-14,80.66,80.69,80.52,80.64,50.2178804522028,397600,0,1
2006-07-17,80.55,80.63,80.44,80.57,50.1742885420881,153400,0,1
2006-07-18,80.43,80.43,80.19,80.26,49.981238654437,182100,0,1
2006-07-19,80.1,80.78,80.1,80.77,50.2988368567017,235300,0,1
2006-07-20,80.68,80.95,80.65,80.94,50.4047029241232,297600,0,1
2006-07-21,81.05,81.06,80.79,80.89,50.3735658454698,288300,0,1
2006-07-24,80.92,80.95,80.82,80.89,50.3735658454698,361000,0,1
2006-07-25,80.77,80.94,80.71,80.81,50.3237465196244,176500,0,1
2006-07-26,80.79,81.06,80.76,81.01,50.448294834238,157700,0,1
2006-07-27,81.11,81.11,80.9001,81,50.4420674185073,74200,0,1
2006-07-28,81.24,81.32,81.18,81.22,50.5790705645823,89400,0,1
2006-07-31,81.26,81.35,81.18,81.35,50.6600269690811,89700,0,1
2006-08-01,80.95,81.05,80.86,81.05,50.6720732820705,97600,0.3193,1
2006-08-02,81.05,81.2019,80.95,81.12,50.715836948076,91200,0,1
2006-08-03,81.12,81.27,81.02,81.14,50.728340852649,111500,0,1
2006-08-04,81.55,81.57,81.42,81.54,50.978418944109,157100,0,1
2006-08-07,81.48,81.49,81.37,81.43,50.9096474689575,172600,0,1
2006-08-08,81.42,81.55,81.33,81.44,50.915899421244,118200,0,1
2006-08-09,81.21,81.41,81.21,81.4,50.890891612098,110700,0,1
2006-08-10,81.42,81.42,81.19,81.42,50.903395516671,166700,0,1
2006-08-11,81.21,81.25,81.13,81.16,50.740844757222,192000,0,1
2006-08-14,81.08,81.11,81,81.02,50.653317425211,191700,0,1
2006-08-15,81.34,81.48,81.3,81.41,50.8971435643845,147200,0,1
2006-08-16,81.73,81.81,81.66,81.75,51.1097099421254,182600,0,1
2006-08-17,81.9,81.9,81.68,81.73,51.0972060375524,300000,0,1
2006-08-18,81.83,81.97,81.77,81.95,51.2347489878554,344300,0,1
2006-08-21,81.99,82.05,81.96,82.05,51.2972685107204,83800,0,1
2006-08-22,82.02,82.16,82,82.08,51.3160243675799,187200,0,1
2006-08-23,82.01,82.06,81.8801,82.05,51.2972685107204,239800,0,1
2006-08-24,82.14,82.17,82.06,82.08,51.3160243675799,111400,0,1
2006-08-25,82.08,82.24,82.03,82.19,51.3847958427314,96900,0,1
2006-08-28,82.15,82.19,82.08,82.18,51.3785438904449,106000,0,1
2006-08-29,81.97,82.25,81.88,82.25,51.4223075564503,248600,0,1
2006-08-30,82.27,82.4,82.26,82.37,51.4973309838883,131800,0,1
2006-08-31,82.42,82.55,82.39,82.46,51.5535985544668,171200,0,1
2006-09-01,82.13,82.3099,82.05,82.27,51.6296129163422,252800,0.3116,1
2006-09-05,82.16,82.16,81.96,82,51.4601708902402,284800,0,1
2006-09-06,81.82,81.95,81.72,81.94,51.422517106662,334400,0,1
2006-09-07,81.83,82.05,81.75,82,51.4601708902402,135200,0,1
2006-09-08,82.08,82.2,82.05,82.08,51.5103759350112,66000,0,1
2006-09-11,82.04,82.1,81.84,81.97,51.4413439984511,196600,0,1
2006-09-12,81.87,82.16,81.82,82.16,51.5605809797821,111000,0,1
2006-09-13,82.24,82.32,82.16,82.24,51.6107860245531,114000,0,1
2006-09-14,82.1,82.26,82.01,82.08,51.5103759350112,69600,0,1
2006-09-15,82.21,82.29,81.99,82.03,51.4789977820293,110900,0,1
2006-09-18,81.73,81.95,81.73,81.91,51.4036902148729,188000,0,1
2006-09-19,82.24,82.44,82.22,82.4,51.711196114095,128400,0,1
2006-09-20,82.59,82.59,82.36,82.42,51.7237473752878,112200,0,1
2006-09-21,82.41,83.02,82.41,83.01,52.0940095804736,114600,0,1
2006-09-22,83.12,83.27,83.1,83.26,52.2509003453829,327000,0,1
2006-09-25,83.4,83.57,83.3001,83.54,52.4266180020813,286200,0,1
2006-09-26,83.46,83.46,83.23,83.23,52.2320734535938,276800,0,1
2006-09-27,83.55,83.55,83.21,83.31,52.2822784983648,233800,0,1
2006-09-28,83.24,83.26,83.09,83.23,52.2320734535938,160800,0,1
2006-09-29,83.32,83.35,82.95,83.14,52.1755927782265,259000,0,1
2006-10-02,82.8,83.04,82.75,82.97,52.2670073788715,337500,0.3157,1
2006-10-03,83.04,83.05,82.88,82.96,52.2607078721367,135400,0,1
2006-10-04,83.1,83.37,83.07,83.37,52.5189876482647,136000,0,1
2006-10-05,83.16,83.25,82.95,83.05,52.3174034327502,139800,0,1
2006-10-06,82.9,82.9,82.5,82.6,52.0339256296829,624700,0,1
2006-10-09,82.7,82.84,82.57,82.81,52.1662152711143,898300,0,1
2006-10-10,82.39,82.44,82.16,82.2,51.7819453602898,1711900,0,1
2006-10-11,82.4,82.41,81.99,82.1,51.7189502929415,502600,0,1
2006-10-12,82.15,82.26,82.0748,82.14,51.7441483198808,230000,0,1
2006-10-13,82.04,82.04,81.9,82.01,51.662254732328,1280200,0,1
2006-10-16,82.14,82.15,82.02,82.15,51.7504478266156,240400,0,1
2006-10-17,82.34,82.45,82.12,82.24,51.8071433872291,300300,0,1
2006-10-18,82.21,82.29,82.12,82.22,51.7945443737594,294600,0,1
2006-10-19,82.11,82.25,82.03,82.15,51.7504478266156,175500,0,1
2006-10-20,82.2,82.2,82.1,82.13,51.737848813146,69200,0,1
2006-10-23,81.98,81.99,81.8001,81.9,51.5929601582449,356600,0,1
2006-10-24,81.92,82.01,81.91,82.01,51.662254732328,203700,0,1
2006-10-25,82.03,82.32,81.98,82.31,51.8512399343729,127200,0,1
2006-10-26,82.53,82.6,82.43,82.59,52.0276261229481,115900,0,1
2006-10-27,82.84,82.87,82.7,82.86,52.1977128047884,249000,0,1
2006-10-30,82.87,82.91,82.75,82.9,52.2229108317277,128800,0,1
2006-10-31,82.97,83.27,82.9,82.96,52.2607078721367,266600,0,1
2006-11-01,83.04,83.53,82.9001,83.22,52.6187428572134,396400,0.3084,1
2006-11-02,83.13,83.13,82.97,83.02,52.4922858928846,163200,0,1
2006-11-03,82.58,82.65,82.35,82.39,52.0939464552489,271800,0,1
2006-11-06,82.38,82.48,82.3,82.47,52.1445292409804,227000,0,1
2006-11-07,82.72,82.89,82.7,82.75,52.3215689910407,203300,0,1
2006-11-08,82.81,82.95,82.71,82.93,52.4353802589366,146200,0,1
2006-11-09,82.86,82.96,82.84,82.92,52.4290574107202,211000,0,1
2006-11-10,83,83.2,83,83.1,52.5428686786161,111300,0,1
2006-11-13,83.12,83.12,82.89,83.06,52.5175772857503,153600,0,1
2006-11-14,83.23,83.34,83.19,83.23,52.6250657054298,222800,0,1
2006-11-15,83.16,83.16,82.94,83,52.4796401964517,237100,0,1
2006-11-16,83.19,83.19,82.72,82.79,52.3468603839065,497900,0,1
2006-11-17,82.91,83.22,82.82,83.09,52.5365458303997,362400,0,1
2006-11-20,83.19,83.19,83.04,83.14,52.5681600714819,178200,0,1
2006-11-21,83.15,83.3,83.08,83.26,52.6440342500791,413200,0,1
2006-11-22,83.35,83.45,83.29,83.39,52.7262312768929,133400,0,1
2006-11-24,83.62,83.62,83.46,83.48,52.7831369108408,119200,0,1
2006-11-27,83.34,83.57,83.24,83.56,52.8337196965723,708600,0,1
2006-11-28,83.71,83.79,83.52,83.71,52.9285624198189,470600,0,1
2006-11-29,83.92,83.92,83.59,83.61,52.8653339376545,335500,0,1
2006-11-30,83.87,84.07,83.8,84.05,53.1435392591779,418500,0,1
2006-12-01,83.72,84.08,83.66,83.94,53.2662922990215,289800,0.3041,1
2006-12-04,83.84,83.96,83.78,83.93,53.2599465410636,208200,0,1
2006-12-05,83.87,83.9999,83.73,83.82,53.1901432035261,1133300,0,1
2006-12-06,83.79,83.8,83.63,83.69,53.1076483500728,156800,0,1
2006-12-07,83.75,83.75,83.57,83.66,53.0886110761989,138200,0,1
2006-12-08,83.64,83.64,83.24,83.28,52.8474722737969,277000,0,1
2006-12-11,83.51,83.56,83.43,83.54,53.0124619807036,167800,0,1
2006-12-12,83.57,83.73,83.5,83.69,53.1076483500728,360000,0,1
2006-12-13,83.37,83.42,83.16,83.26,52.834780757881,188300,0,1
2006-12-14,83.23,83.23,83.07,83.09,52.7269028725959,314000,0,1
2006-12-15,83.6,83.65,83.1,83.15,52.7649774203436,215600,0,1
2006-12-18,83.18,83.23,83.1,83.19,52.7903604521753,111600,0,1
2006-12-19,83.18,83.26,83.1,83.17,52.7776689362595,174000,0,1
2006-12-20,83.11,83.21,83.11,83.15,52.7649774203436,139300,0,1
2006-12-21,83.26,83.53,83.1552,83.45,52.955350159082,624200,0,1
2006-12-22,83.28,83.34,83.04,83.07,52.71421135668,268500,0,1
2006-12-26,83.18,83.29,83.05,83.13,52.7522859044277,144500,0,1
2006-12-27,83.01,83.01,82.6244,82.67,52.6122331225683,193400,0.2393,1
2006-12-28,82.8,82.8,82.3,82.48,52.491314720569,185100,0,1
2006-12-29,82.43,82.49,82.31,82.44,52.4658582148849,272100,0,1
2007-01-03,82.71,82.8,82.48,82.68,52.6185972489894,1210700,0,1
2007-01-04,82.83,82.98,82.73,82.95,52.7904286623569,171200,0,1
2007-01-05,82.58,82.81,82.52,82.71,52.6376896282524,201000,0,1
2007-01-08,82.72,82.77,82.66,82.7699,52.6758107455143,163800,0,1
2007-01-09,82.82,82.83,82.7,82.75,52.6631461339365,168600,0,1
2007-01-10,82.62,82.69,82.56,82.61,52.5740483640422,95900,0,1
2007-01-11,82.55,82.55,82.29,82.39,52.4340375827798,361700,0,1
2007-01-12,82.29,82.3,82.1101,82.22,52.3258474336225,161000,0,1
2007-01-16,82.3,82.38,82.26,82.38,52.4276734563588,162600,0,1
2007-01-17,82.33,82.37,82.14,82.22,52.3258474336225,141300,0,1
2007-01-18,82.18,82.34,82.09,82.33,52.3958528242537,225400,0,1
2007-01-19,82.26,82.37,82.15,82.2,52.3131191807804,270800,0,1
2007-01-22,82.3,82.38,82.27,82.35,52.4085810770957,119000,0,1
2007-01-23,82.24,82.29,82.07,82.11,52.2558420429912,412800,0,1
2007-01-24,82.13,82.15,82.07,82.12,52.2622061694123,138400,0,1
2007-01-25,82.05,82.05,81.75,81.8,52.0585541239396,201700,0,1
2007-01-26,81.73,81.89,81.64,81.79,52.0521899975186,441300,0,1
2007-01-29,81.92,81.92,81.65,81.73,52.0140052389925,161700,0,1
2007-01-30,81.78,81.83,81.75,81.81,52.0649182503607,200500,0,1
2007-01-31,81.75,82.14,81.75,81.79,52.0521899975186,412200,0,1
2007-02-01,82.01,82.07,81.7,81.74,52.2183516106577,238600,0.3111,1
2007-02-02,81.79,81.9,81.74,81.81,52.263070042426,163500,0,1
2007-02-05,81.88,81.94,81.8601,81.9,52.3205651689853,216000,0,1
2007-02-06,81.86,82.15,81.83,82.13,52.4674971590814,238100,0,1
2007-02-07,82.23,82.32,82.18,82.31,52.5824874122,155000,0,1
2007-02-08,82.26,82.3999,82.2,82.33,52.595264106991,447600,0,1
2007-02-09,82.18,82.19,82.01,82.08,52.435555422104,237400,0,1
2007-02-12,82.05,82.1,81.9101,81.97,52.3652836007537,146900,0,1
2007-02-13,81.97,81.99,81.86,81.909,52.3263146816413,204800,0,1
2007-02-14,82.05,82.43,82.05,82.38,52.6272058439684,192600,0,1
2007-02-15,82.59,82.65,82.51,82.51,52.7102543601097,317000,0,1
2007-02-16,82.63,82.69,82.56,82.6,52.767749486669,308900,0,1
2007-02-20,82.59,82.74,82.59,82.7,52.8316329606238,152900,0,1
2007-02-21,82.55,82.69,82.55,82.69,52.8252446132283,173000,0,1
2007-02-22,82.55,82.56,82.41,82.48,52.6910893179232,135000,0,1
2007-02-23,82.59,82.88,82.58,82.81,52.9019047819741,111700,0,1
2007-02-26,82.99,83.1,82.92,83.07,53.0680018142566,160900,0,1
2007-02-27,83.29,84.07,83.2,83.77,53.5151861319402,496500,0,1
2007-02-28,83.61,83.7,83.4,83.48,53.3299240574713,228100,0,1
2007-03-01,83.57,83.59,83.2,83.31,53.3968394411,500500,0.2747,1
2007-03-02,83.42,83.61,83.31,83.57,53.5634842407001,249000,0,1
2007-03-05,83.72,83.72,83.46,83.6,53.5827124868078,298800,0,1
2007-03-06,83.36,83.61,83.36,83.49,53.5122089177462,302200,0,1
2007-03-07,83.44,83.67,83.42,83.64,53.6083501482847,265500,0,1
2007-03-08,83.51,83.68,83.49,83.63,53.6019407329155,170300,0,1
2007-03-09,83.12,83.28,83.11,83.16,53.3006982105614,333800,0,1
2007-03-12,83.3,83.44,83.268,83.39,53.4481147640538,253300,0,1
2007-03-13,83.69,83.8,83.51,83.76,53.6852631327156,196000,0,1
2007-03-14,83.69,83.93,83.61,83.65,53.614759563654,267900,0,1
2007-03-15,83.56,83.62,83.49,83.56,53.5570748253309,338900,0,1
2007-03-16,83.44,83.59,83.41,83.55,53.5506654099616,340500,0,1
2007-03-19,83.41,83.44,83.34,83.44,53.4801618409,238200,0,1
2007-03-20,83.64,83.64,83.52,83.56,53.5570748253309,169400,0,1
2007-03-21,83.46,83.78,83.3,83.68,53.6339878097617,369800,0,1
2007-03-22,83.61,83.61,83.32,83.4,53.4545241794231,236500,0,1
2007-03-23,83.51,83.52,83.21,83.27,53.371201779623,163400,0,1
2007-03-26,83.18,83.5,83.15,83.34,53.4160676872077,142100,0,1
2007-03-27,83.28,83.37,83.23,83.32,53.4032488564692,165900,0,1
2007-03-28,83.47,83.6,83.23,83.31,53.3968394411,240500,0,1
2007-03-29,83.2,83.26,83.15,83.19,53.3199264566691,121400,0,1
2007-03-30,83.21,83.52,82.95,83.09,53.2558323029768,464400,0,1
2007-04-02,82.95,82.96,82.8,82.86,53.3147470081093,156600,0.3219,1
2007-04-03,82.8299,82.84,82.75,82.79,53.2697067921961,257400,0,1
2007-04-04,82.88,83,82.82,82.92,53.3533529074634,182300,0,1
2007-04-05,82.82,82.91,82.71,82.71,53.2182322597238,161200,0,1
2007-04-09,82.39,82.4,82.3,82.33,52.9737282304808,198900,0,1
2007-04-10,82.5,82.57,82.47,82.5,53.0831116119842,97600,0,1
2007-04-11,82.58,82.62,82.4,82.4,53.018768446394,150700,0,1
2007-04-12,82.53,82.57,82.43,82.48,53.0702429788662,111200,0,1
2007-04-13,82.53,82.53,82.28,82.34,52.9801625470398,139100,0,1
2007-04-16,82.47,82.5,82.37,82.43,53.038071396071,262300,0,1
2007-04-17,82.59,82.8,82.59,82.78,53.263272475637,1080400,0,1
2007-04-18,82.87,83.03,82.87,82.97,53.3855244902586,252500,0,1
2007-04-19,83.07,83.09,82.8501,82.96,53.3790901736995,153600,0,1
2007-04-20,82.98,82.98,82.82,82.87,53.3211813246683,88800,0,1
2007-04-23,82.92,83.117,82.84,83.04,53.4305647061718,90500,0,1
2007-04-24,83.11,83.3,83.1,83.2,53.5335137711162,660500,0,1
2007-04-25,83.17,83.3,83.11,83.15,53.5013421883211,537400,0,1
2007-04-26,83.1,83.11,82.89,82.91,53.3469185909044,307600,0,1
2007-04-27,82.97,82.99,82.86,82.91,53.3469185909044,180000,0,1
2007-04-30,83.08,83.29,83.07,83.27,53.5785539870294,171500,0,1
2007-05-01,83.04,83.08,82.7701,82.96,53.5814179013298,158900,0.3145,1
2007-05-02,82.99,82.99,82.86,82.86,53.5168308498577,167000,0,1
2007-05-03,82.86,82.87,82.6601,82.77,53.4587025035327,113200,0,1
2007-05-04,82.94,83,82.89,82.98,53.5943353116243,144800,0,1
2007-05-07,83.01,83.05,82.951,83.05,53.6395462476548,104500,0,1
2007-05-08,83.13,83.13,83.03,83.05,53.6395462476548,158900,0,1
2007-05-09,83.02,83.05,82.77,82.78,53.4651612086799,201600,0,1
2007-05-10,82.83,83.01,82.81,82.99,53.6007940167715,153100,0,1
2007-05-11,83.09,83.13,82.78,82.82,53.4909960292688,178000,0,1
2007-05-14,82.83,82.85,82.7,82.7,53.4134915675022,142400,0,1
2007-05-15,82.83,82.8499,82.57,82.69,53.4070328623549,168400,0,1
2007-05-16,82.67,82.72,82.61,82.64,53.3747393366188,191300,0,1
2007-05-17,82.54,82.58,82.38,82.42,53.23264782338,263500,0,1
2007-05-18,82.34,82.42,82.1301,82.18,53.0776388998468,236400,0,1
2007-05-21,82.16,82.29,82.1,82.29,53.1486846564662,222000,0,1
2007-05-22,82.2,82.26,82,82.06,53.0001344380801,217000,0,1
2007-05-23,82.07,82.11,81.85,81.9,52.8967951557246,228100,0,1
2007-05-24,81.9,82.01,81.71,82.01,52.967840912344,153300,0,1
2007-05-25,81.89,82.01,81.86,81.92,52.9097125660191,183900,0,1
2007-05-29,81.9,81.93,81.75,81.9,52.8967951557246,152800,0,1
2007-05-30,82.04,82.04,81.81,81.8301,52.8516488067456,245600,0,1
2007-05-31,81.91,81.91,81.64,81.8,52.8322081042524,235100,0,1
2007-06-01,81.31,81.33,81.08,81.12,52.6056535203214,230300,0.3292,1
2007-06-04,81.22,81.28,81.12,81.25,52.689957452245,139200,0,1
2007-06-05,81.16,81.2,80.92,80.99,52.5213495883978,351500,0,1
2007-06-06,80.99,81.13,80.99,81.03,52.5472892597589,266800,0,1
2007-06-07,80.71,80.73,80.21,80.22,52.0220109146965,472300,0,1
2007-06-08,80.16,80.38,80.08,80.37,52.1192846823007,409900,0,1
2007-06-11,80.17,80.32,80.12,80.16,51.9831014076548,198300,0,1
2007-06-12,79.86,79.93,79.52,79.59,51.6134610907591,698800,0,1
2007-06-13,79.63,79.92,79.6,79.85,51.7820689546063,514600,0,1
2007-06-14,79.85,80.05,79.7801,79.87,51.7950387902868,207300,0,1
2007-06-15,79.95,80.22,79.87,80.22,52.0220109146965,594800,0,1
2007-06-18,80.19,80.29,80.01,80.18,51.9960712433354,413500,0,1
2007-06-19,80.42,80.68,80.32,80.57,52.2489830391062,460100,0,1
2007-06-20,80.47,80.49,80.27,80.42,52.151709271502,152900,0,1
2007-06-21,80.35,80.42,80.19,80.21,52.0155259968562,276700,0,1
2007-06-22,80.11,80.46,80.03,80.45,52.1711640250229,246000,0,1
2007-06-25,80.69,80.78,80.55,80.71,52.33977188887,253200,0,1
2007-06-26,80.77,80.8,80.58,80.73,52.3527417245506,141000,0,1
2007-06-27,80.93,81.01,80.68,80.72,52.3462568067103,218600,0,1
2007-06-28,80.76,80.81,80.57,80.67,52.3138322175089,436800,0,1
2007-06-29,80.93,81.14,80.77,81.09,52.5861987668006,374700,0,1
2007-07-02,80.76,80.97,80.65,80.9,52.6661714220986,1030600,0.3133,1
2007-07-03,80.9,80.99,80.6501,80.66,52.5099306168909,169200,0,1
2007-07-05,80.44,80.5,80.11,80.21,52.2169791071265,269000,0,1
2007-07-06,80.02,80.1,79.93,80.02,52.0932884696704,468100,0,1
2007-07-09,80.17,80.31,80.09,80.31,52.2820794426297,118900,0,1
2007-07-10,80.59,80.86,80.5,80.86,52.6401312878973,191300,0,1
2007-07-11,80.81,80.89,80.52,80.52,52.4187901471864,218100,0,1
2007-07-12,80.62,80.72,80.2778,80.35,52.308119576831,309700,0,1
2007-07-13,80.58,80.6,80.29,80.53,52.4253001807367,157400,0,1
2007-07-16,80.52,80.85,80.52,80.85,52.633621254347,154100,0,1
2007-07-17,80.69,80.81,80.5344,80.68,52.5229506839916,136600,0,1
2007-07-18,80.75,81.14,80.73,80.97,52.7117416569509,215700,0,1
2007-07-19,80.77,80.97,80.75,80.96,52.7052316234006,200600,0,1
2007-07-20,81.16,81.51,81.11,81.36,52.9656329654134,463300,0,1
2007-07-23,81.28,81.43,81.2601,81.33,52.9461028647624,327500,0,1
2007-07-24,81.46,81.61,81.37,81.55,53.0893236028695,251200,0,1
2007-07-25,81.57,81.7599,81.53,81.66,53.160933971923,409500,0,1
2007-07-26,82.09,82.5,82.01,82.31,53.5840861526939,391800,0,1
2007-07-27,82.31,82.57,82.18,82.47,53.6882466894991,305800,0,1
2007-07-30,82.48,82.52,82.2,82.26,53.5515359849423,279600,0,1
2007-07-31,82.23,82.62,82.15,82.6,53.7728771256532,417200,0,1
2007-08-01,82.17,82.4,82.04,82.05,53.6245121590347,195100,0.3221,1
2007-08-02,82.1,82.23,81.96,82.11,53.6637256962625,212100,0,1
2007-08-03,82.26,82.64,81.91,82.64,54.0101119417749,950100,0,1
2007-08-06,82.54,82.69,82.25,82.31,53.7944374870219,267900,0,1
2007-08-07,82.37,82.56,82.08,82.3,53.7879018974839,567300,0,1
2007-08-08,82.04,82.04,81.6101,81.73,53.4153732938197,314600,0,1
2007-08-09,82.29,82.29,81.88,82.19,53.7160104125663,235600,0,1
2007-08-10,82.4,82.4,81.93,82.07,53.6375833381106,685000,0,1
2007-08-13,82,82.24,81.95,82.2,53.7225460021042,154400,0,1
2007-08-14,81.97,82.51,81.97,82.5,53.9186136882433,530100,0,1
2007-08-15,82.71,82.82,82.44,82.65,54.0166475313128,902100,0,1
2007-08-16,82.89,83.47,82.87,82.97,54.2257863965278,900500,0,1
2007-08-17,82.95,83.07,82.87,83.03,54.2649999337557,308400,0,1
2007-08-20,83.14,83.44,83.05,83.21,54.3826405454391,926600,0,1
2007-08-21,83.49,83.64,83.3316,83.57,54.617921768806,459200,0,1
2007-08-22,83.15,83.43,83.13,83.3,54.4414608512808,197000,0,1
2007-08-23,83.22,83.5,83.17,83.33,54.4610676198947,234900,0,1
2007-08-24,83.44,83.47,83.21,83.36,54.4806743885086,123400,0,1
2007-08-27,83.42,83.63,83.36,83.59,54.6309929478819,120000,0,1
2007-08-28,83.69,84.05,83.69,84.02,54.9120232980146,274400,0,1
2007-08-29,83.94,84.17,83.7,83.7,54.7028844327996,507600,0,1
2007-08-30,84.04,84.2,83.95,84.12,54.9773791933943,201800,0,1
2007-08-31,83.85,84.42,83.76,84.14,54.9904503724702,261500,0,1
2007-09-04,83.84,84,83.44,83.65,54.8882350592143,281800,0.3336,1
2007-09-05,83.85,84.21,83.78,84.17,55.2294410631687,313300,0,1
2007-09-06,84.13,84.2,83.93,83.99,55.1113312925691,267100,0,1
2007-09-07,84.53,84.89,84.49,84.89,55.7018801455673,410800,0,1
2007-09-10,84.79,85.23,84.79,85.08,55.8265515700891,238000,0,1
2007-09-11,84.98,85.09,84.8101,84.9,55.7084417994895,123200,0,1
2007-09-12,84.74,84.84,84.57,84.69,55.5706470671232,147900,0,1
2007-09-13,84.35,84.47,84.1,84.19,55.2425643710132,178500,0,1
2007-09-14,84.67,84.67,84.13,84.3,55.3147425641574,160700,0,1
2007-09-17,84.25,84.3722,84.14,84.35,55.3475508337684,237900,0,1
2007-09-18,84.14,84.47,83.91,84.26,55.2884959484686,344700,0,1
2007-09-19,84,84.13,83.77,83.96,55.0916463308025,1369300,0,1
2007-09-20,83.59,83.74,83.01,83.01,54.4682892081934,685800,0,1
2007-09-21,83.34,83.5,83.22,83.43,54.7438786729259,754900,0,1
2007-09-24,83.43,83.58,83.37,83.54,54.8160568660701,236300,0,1
2007-09-25,83.82,83.92,83.54,83.55,54.8226185199923,225500,0,1
2007-09-26,83.35,83.66,83.35,83.58,54.8423034817589,151100,0,1
2007-09-27,83.64,83.96,83.6055,83.85,55.0194681376583,437100,0,1
2007-09-28,84.1,84.18,83.744,83.88,55.0391530994249,185600,0,1
2007-10-01,83.61,83.78,83.52,83.67,55.1048549401479,510600,0.3101,1
2007-10-02,83.63,83.98,83.59,83.85,55.2234024946982,205900,0,1
2007-10-03,84.03,84.1,83.667,83.79,55.1838866431815,1232800,0,1
2007-10-04,83.74,83.97,83.71,83.94,55.2826762719734,120300,0,1
2007-10-05,83.46,83.497,83.12,83.2,54.7953141032665,1173000,0,1
2007-10-08,83.2493,83.79,83.0801,83.5,54.9928933608504,129100,0,1
2007-10-09,83.39,83.46,83.11,83.24,54.8216580042777,184000,0,1
2007-10-10,83.0772,83.44,83.06,83.29,54.8545878805417,298700,0,1
2007-10-11,82.9999,83.35,82.85,83.33,54.8809317815528,264100,0,1
2007-10-12,82.94,83.34,82.94,83.0501,54.6965903342271,151400,0,1
2007-10-15,82.87,83.2,82.84,83.13,54.7492122764969,196200,0,1
2007-10-16,83.27,83.39,83.16,83.36,54.9006897073112,205200,0,1
2007-10-17,83.368,84.28,83.368,83.87,55.2365744452038,201200,0,1
2007-10-18,84.15,84.26,84.0596,84.19,55.4473256532933,193200,0,1
2007-10-19,84.33,84.94,84.33,84.9128,55.9233599445655,270500,0,1
2007-10-22,84.79,84.89,84.58,84.75,55.8161402674499,218900,0,1
2007-10-23,84.62,84.8399,84.5,84.73,55.8029683169443,368300,0,1
2007-10-24,84.93,85.34,84.92,85.16,56.0861652528146,273300,0,1
2007-10-25,85.22,85.28,85.06,85.0874,56.0383510724793,169800,0,1
2007-10-26,84.76,85.17,84.76,84.88,55.9017579457363,189500,0,1
2007-10-29,84.89,85.05,84.821,84.9501,55.9479256322584,171500,0,1
2007-10-30,85,85.04,84.85,85.04,56.007133549781,118400,0,1
2007-10-31,84.83,84.98,84.46,84.47,55.6317329603716,313300,0,1
2007-11-01,84.34,85.01,84.34,84.86,56.083882553792,219100,0.2965,1
2007-11-02,84.71,85.31,84.65,85.09,56.2358893059411,337600,0,1
2007-11-05,85.24,85.2799,84.91,84.9899,56.1697333238101,172100,0,1
2007-11-06,84.81,85.18,84.78,84.84,56.0706645753442,184100,0,1
2007-11-07,84.92,85.22,84.9,85.15,56.2755432412843,299700,0,1
2007-11-08,85.33,85.53,85.16,85.34,56.4011140365379,1078400,0,1
2007-11-09,85.7,85.86,85.5724,85.85,56.7381724869554,276700,0,1
2007-11-12,85.97,86,85.77,86,56.8373073253136,117900,0,1
2007-11-13,85.74,85.74,85.45,85.45,56.4738129180005,125300,0,1
2007-11-14,85.34,85.62,85.23,85.62,56.5861657348064,96400,0,1
2007-11-15,85.83,86.21,85.7001,86.1,56.9033972175523,210400,0,1
2007-11-16,86.11,86.34,86.02,86.1,56.9033972175523,742300,0,1
2007-11-19,86.22,86.81,86.1,86.72,57.3131545494325,503500,0,1
2007-11-20,86.62,86.85,86.33,86.49,57.1611477972834,378500,0,1
2007-11-21,87.05,87.22,86.91,87.17,57.6105590645068,317600,0,1
2007-11-23,86.96,87.23,86.68,86.91,57.4387253446861,216700,0,1
2007-11-26,87.59,88.25,87.02,88.1001,58.2252611522193,637600,0,1
2007-11-27,88.04,88.04,87.03,87.28,57.6832579459694,353300,0,1
2007-11-28,87.36,87.36,86.86,86.9701,57.4784453699215,159600,0,1
2007-11-29,87.44,87.75,87.33,87.46,57.8022197519991,145300,0,1
2007-11-30,87.05,87.58,86.7,87.58,57.8815276226856,395100,0,1
2007-12-03,88.05,88.05,87.4,87.63,58.1097664219364,214700,0.2953,1
2007-12-04,87.86,87.86,87.37,87.71,58.1628165339272,196800,0,1
2007-12-05,87.34,87.67,87.28,87.38,57.9439848219651,284600,0,1
2007-12-06,87.18,87.2799,86.81,86.92,57.6389466780179,217900,0,1
2007-12-07,86.72,86.73,86.2001,86.36,57.2675958940822,193000,0,1
2007-12-10,86.38,86.47,85.93,86.16,57.1349706141052,257800,0,1
2007-12-11,86.28,87.34,86.28,87.34,57.9174597659697,318800,0,1
2007-12-12,86.19,86.8499,86,86.61,57.4333774940535,470500,0,1
2007-12-13,86.22,86.47,85.97,85.97,57.008976598127,221000,0,1
2007-12-14,85.83,85.92,85.62,85.72,56.8431949981557,240100,0,1
2007-12-17,85.92,86.2799,85.8,86.23,57.1813894620972,191000,0,1
2007-12-18,86.3,86.69,86.23,86.4,57.2941209500776,644300,0,1
2007-12-19,86.67,87.197,86.3,87.09,57.7516781659984,411600,0,1
2007-12-20,87,87.31,86.91,86.95,57.6588404700145,308600,0,1
2007-12-21,86.88,86.92,86.2701,86.32,57.2410708380868,560200,0,1
2007-12-24,86.12,86.22,85.97,86.07,57.0752892381155,197400,0,1
2007-12-26,85.91,86.25,85.59,85.66,56.8034074141626,135700,0,1
2007-12-27,86.38,86.38,85.6501,85.92,57.1834909096584,211000,0.3132,1
2007-12-28,86.24,86.71,86.16,86.61,57.6427158715726,302900,0,1
2007-12-31,86.75,87.13,86.65,87.01,57.9089332407982,181100,0,1
2008-01-02,86.98,87.73,86.938,87.63,58.3215701630978,564700,0,1
2008-01-03,87.43,87.84,87.3101,87.81,58.4413679792493,198600,0,1
2008-01-04,88.03,88.2436,87.95,88.04,58.5944429665541,368700,0,1
2008-01-07,87.88,88.3,87.87,88.2,58.7009299142443,341100,0,1
2008-01-08,88.08,88.42,87.87,88.3852,58.8241885561958,293200,0,1
2008-01-09,88.44,88.72,88.23,88.25,58.7342070853975,335600,0,1
2008-01-10,88.43,88.47,87.909,88.01,58.5744766638621,258300,0,1
2008-01-11,88.12,88.5899,88.05,88.57,58.947180980778,310100,0,1
2008-01-14,88.45,88.65,88.4,88.61,58.9738027177005,347000,0,1
2008-01-15,88.98,89.2,88.79,89.19,59.3598179030777,353700,0,1
2008-01-16,89.15,89.73,88.8,89.02,59.2466755211568,459400,0,1
2008-01-17,88.93,89.79,88.93,89.74,59.7258667857629,608600,0,1
2008-01-18,89.49,89.7,89.31,89.61,59.6393461407645,628100,0,1
2008-01-22,90.25,90.8,89.88,90.615,60.3082172809439,863800,0,1
2008-01-23,91.66,91.78,90.12,90.19,60.0253613261417,1417600,0,1
2008-01-24,89.94,90.13,89.36,89.37,59.4796157192292,398500,0,1
2008-01-25,88.98,90.2,88.97,90.2,60.0320167603723,442600,0,1
2008-01-28,89.93,90.1099,89.78,89.87,59.8123874307612,254900,0,1
2008-01-29,89.66,89.73,89.316,89.51,59.5727917984581,433100,0,1
2008-01-30,89.38,89.65,89.01,89.467,59.5441734312664,694000,0,1
2008-01-31,90.12,90.19,89.64,89.93,59.852320036145,384900,0,1
2008-02-01,89.86,90.12,89.56,89.94,60.0457555732546,597500,0.2806,1
2008-02-04,89.43,89.622,89.33,89.44,59.7119455022447,442300,0,1
2008-02-05,90.05,90.19,89.79,90.07,60.1325461917172,234400,0,1
2008-02-06,89.87,89.94,89.66,89.91,60.025726968994,161700,0,1
2008-02-07,89.92,89.98,88.68,88.9,59.3514306255541,246500,0,1
2008-02-08,89.29,89.69,89.272,89.65,59.8521457320689,219300,0,1
2008-02-11,89.74,90.05,89.66,89.85,59.9856697604728,200000,0,1
2008-02-12,89.4,89.71,89.18,89.66,59.8588219334891,425500,0,1
2008-02-13,89.3,89.65,89.25,89.28,59.6051262795216,310900,0,1
2008-02-14,88.97,89.16,88.56,88.79,59.2779924099319,477900,0,1
2008-02-15,88.94,89.15,88.8225,88.98,59.4048402369157,512000,0,1
2008-02-19,88.49,88.79,88.19,88.34,58.977563346023,564300,0,1
2008-02-20,88.18,88.5399,88.09,88.26,58.9241537346615,496700,0,1
2008-02-21,88.55,89.22,88.497,89.17,59.5316880638994,361900,0,1
2008-02-22,89.06,89.3899,88.84,88.92,59.3647830283945,237200,0,1
2008-02-25,88.8099,88.916,88.24,88.33,58.9708871446028,175400,0,1
2008-02-26,88.41,88.71,88.4,88.55,59.1177635758472,259700,0,1
2008-02-27,89.01,89.08,88.43,88.76,59.2579638056713,201600,0,1
2008-02-28,89.5,89.8,89.3,89.8,59.9522887533718,289500,0,1
2008-02-29,90.25,90.8099,90.15,90.76,60.5932040897108,420700,0,1
2008-03-03,90.17,90.44,90.01,90.2501,60.4397602791294,480300,0.2801,1
2008-03-04,90.35,90.65,89.82,89.91,60.2119980664456,305600,0,1
2008-03-05,90.11,90.13,89.43,89.52,59.9508182283196,358300,0,1
2008-03-06,89.86,90.3599,89.82,90.24,60.4329963910138,292600,0,1
2008-03-07,90.78,90.85,90.1199,90.55,60.6406008777294,414000,0,1
2008-03-10,90.72,91.34,90.63,91.2,61.0759006079395,200300,0,1
2008-03-11,90.398,90.5,90.02,90.207,60.410896558557,350800,0,1
2008-03-12,90.43,91.2999,90.29,91.25,61.1093852025711,289800,0,1
2008-03-13,91.47,91.53,90.52,90.77,60.7879330941082,626400,0,1
2008-03-14,91.16,91.8899,91.16,91.71,61.4174434731813,301700,0,1
2008-03-17,91.67,92.59,91.67,92.17,61.7255017437915,569100,0,1
2008-03-18,92.06,92.06,91.42,91.54,61.303595851434,333400,0,1
2008-03-19,91.45,92.4,91.42,92.33,61.8326524466124,1370400,0,1
2008-03-20,92.47,92.56,92.08,92.53,61.9665908251386,626300,0,1
2008-03-24,91.61,91.61,90.9,90.9,60.8749930401502,898300,0,1
2008-03-25,91.19,91.3737,91.04,91.22,61.0892944457921,314600,0,1
2008-03-26,91.46,91.5928,91.17,91.29,61.1361728782763,615400,0,1
2008-03-27,91.19,91.51,90.98,91.17,61.0558098511606,345100,0,1
2008-03-28,91.28,91.64,91.0854,91.53,61.2968989325077,131800,0,1
2008-03-31,91.92,91.97,91.62,91.69,61.4040496353287,431000,0,1
2008-04-01,90.89,91.54,90.37,90.58,60.8688800925543,786700,0.3109,1
2008-04-02,90.32,90.6,90.0836,90.28,60.6672830067984,734700,0,1
2008-04-03,90.6,90.6,90.14,90.275,60.6639230553692,560200,0,1
2008-04-04,90.75,91,90.74,90.97,61.1309563040369,421800,0,1
2008-04-07,90.47,90.639,90.062,90.37,60.7277621325252,330400,0,1
2008-04-08,90.63,90.65,90.29,90.38,60.7344820353837,469900,0,1
2008-04-09,90.55,91.08,90.4301,90.92,61.0973567897443,761000,0,1
2008-04-10,90.92,91.03,90.363,90.56,60.8554402868372,199700,0,1
2008-04-11,90.95,91.09,90.832,90.95,61.1175164983199,716400,0,1
2008-04-14,90.94,91.09,90.66,90.72,60.9629587325737,246000,0,1
2008-04-15,90.44,90.6,90.19,90.31,60.687442715374,273700,0,1
2008-04-16,90.25,90.35,89.46,89.7,60.2775286410038,1116400,0,1
2008-04-17,89.61,89.77,89.18,89.49,60.1364106809746,815000,0,1
2008-04-18,88.937,89.47,88.65,89.4,60.0759315552479,2284800,0,1
2008-04-21,89.27,89.524,89.15,89.41,60.0826514581064,303600,0,1
2008-04-22,89.26,89.67,89.25,89.48,60.1296907781161,427900,0,1
2008-04-23,89.43,89.5,89.1299,89.39,60.0692116523894,191300,0,1
2008-04-24,88.79,89.02,88.54,88.69,59.5988184522923,306600,0,1
2008-04-25,88.28,88.75,88.28,88.57,59.51817961799,211400,0,1
2008-04-28,88.5,88.8099,88.46,88.73,59.6256980637265,167800,0,1
2008-04-29,88.98,89.12,88.77,88.89,59.7332165094629,144300,0,1
2008-04-30,88.86,89.262,88.58,89.17,59.9213737895017,168700,0,1
2008-05-01,89.3,89.37,88.7,88.88,59.9146518706723,336700,0.28,1
2008-05-02,88.29,88.4999,88.076,88.16,59.4292946547983,341700,0,1
2008-05-05,88.36,88.4099,88,88.29,59.5169285965533,158800,0,1
2008-05-06,88.53,88.579,87.932,88.01,59.3281785681579,557400,0,1
2008-05-07,87.81,88.4,87.81,88.36,59.5641161036522,361300,0,1
2008-05-08,88.53,88.93,88.48,88.93,59.9483572328858,445600,0,1
2008-05-09,89.15,89.21,88.88,89.03,60.0157679573128,236600,0,1
2008-05-12,88.95,89.23,88.83,88.88,59.9146518706723,112200,0,1
2008-05-13,88.36,88.5576,88.084,88.14,59.4158125099129,458800,0,1
2008-05-14,88.38,88.38,87.7801,88.11,59.3955892925848,174400,0,1
2008-05-15,88.03,88.64,88.03,88.6,59.7259018422769,269100,0,1
2008-05-16,88.4,88.9,88.37,88.45,59.6247857556365,318100,0,1
2008-05-19,88.55,88.6768,88.23,88.65,59.7596072044904,163600,0,1
2008-05-20,88.85,88.96,88.64,88.92,59.9416161604431,230400,0,1
2008-05-21,88.61,88.9399,88.557,88.71,59.8000536391465,183100,0,1
2008-05-22,88.37,88.38,87.85,88.13,59.4090714374702,223800,0,1
2008-05-23,88.34,88.65,88.3,88.52,59.6719732627353,413200,0,1
2008-05-27,88.09,88.32,87.96,88.09,59.3821071476994,258900,0,1
2008-05-28,87.76,87.82,87.4,87.43,58.9371963664816,197900,0,1
2008-05-29,87.23,87.23,86.76,87.02,58.6608123963311,387600,0,1
2008-05-30,87.42,87.48,87.24,87.31,58.8563034971692,2838400,0,1
2008-06-02,87.5,87.66,86.19,87.52,59.2049295183664,240300,0.3072,1
2008-06-03,87.18,88.17,87.18,87.9801,59.5161748116867,561500,0,1
2008-06-04,88.19,88.1964,87.56,87.66,59.2996357584551,462400,0,1
2008-06-05,87.41,87.45,87.12,87.2,58.9884581124491,1079400,0,1
2008-06-06,87.7,88.0532,87.53,87.96,59.5025777015026,250000,0,1
2008-06-09,87.52,87.726,87.2,87.33,59.076399621103,288000,0,1
2008-06-10,87.12,87.21,86.68,86.81,58.7246335864875,221200,0,1
2008-06-11,86.99,87.336,86.72,86.9,58.7855161694017,247100,0,1
2008-06-12,86.43,86.52,86,86.14,58.2713965803482,546800,0,1
2008-06-13,86,86.43,85.86,85.94,58.13610195165,579300,0,1
2008-06-16,85.99,86.16,85.8,85.95,58.1428666830849,180600,0,1
2008-06-17,86.09,86.3248,85.93,86.24,58.3390438946974,266600,0,1
2008-06-18,86.39,86.775,86.35,86.71,58.6569862721383,296200,0,1
2008-06-19,86.52,86.61,86.19,86.212,58.3201026466796,152900,0,1
2008-06-20,86.72,86.84,86.4732,86.61,58.5893389577892,318300,0,1
2008-06-23,86.71,86.85,86.46,86.57,58.5622800320495,472000,0,1
2008-06-24,86.8,87.15,86.75,87.03,58.8734576780556,273400,0,1
2008-06-25,87.01,87.08,86.56,87.02,58.8666929466207,254200,0,1
2008-06-26,87.26,87.61,87.03,87.51,59.1981647869314,320500,0,1
2008-06-27,87.62,88.05,87.52,87.94,59.4890482386327,173000,0,1
2008-06-30,87.94,88.035,87.73,88,59.5296366272422,240500,0,1
2008-07-01,88.01,88.11,87.47,87.47,59.3685189892374,355300,0.2918,1
2008-07-02,87.64,87.8,87.49,87.68,59.5110523033765,469800,0,1
2008-07-03,87.57,87.88,87.45,87.71,59.5314142053963,261800,0,1
2008-07-07,87.77,88.45,87.544,88.1199,59.8096256599943,507900,0,1
2008-07-08,88.18,88.47,88.15,88.34,59.9590141478134,206400,0,1
2008-07-09,88.35,88.828,88.25,88.76,60.2440807760914,308200,0,1
2008-07-10,88.8,88.94,88.41,88.79,60.2644426781113,291100,0,1
2008-07-11,88.79,88.8868,87.85,87.96,59.7010967222285,378000,0,1
2008-07-14,88.01,88.64,88,88.43,60.020099853873,296400,0,1
2008-07-15,88.62,89.1,88.54,88.75,60.2372934754181,506300,0,1
2008-07-16,88.45,88.5,87.94,87.94,59.6875221208819,309500,0,1
2008-07-17,87.9,88.09,87.36,87.52,59.4024554926039,266400,0,1
2008-07-18,87.55,87.73,87.15,87.22,59.1988364724053,365500,0,1
2008-07-21,87.17,87.42,87.05,87.42,59.334582485871,264600,0,1
2008-07-22,87.34,87.38,87.01,87.12,59.1309634656724,263000,0,1
2008-07-23,86.95,87.0599,86.69,86.98,59.0359412562464,550000,0,1
2008-07-24,87.09,87.78,87.07,87.73,59.5449888067429,276300,0,1
2008-07-25,87.51,87.64,87.1,87.22,59.1988364724053,296900,0,1
2008-07-28,87.51,87.8836,87.48,87.72,59.5382015060696,363000,0,1
2008-07-29,87.58,87.62,87.3,87.47,59.3685189892374,190000,0,1
2008-07-30,87.27,87.7996,87.15,87.64,59.4839031006833,274900,0,1
2008-07-31,88.11,88.34,88.04,88.34,59.9590141478134,275000,0,1
2008-08-01,87.73,88.1,87.71,88.08,59.9891300796308,308500,0.3044,1
2008-08-04,87.92,88.2,87.8501,88.02,59.9482655496038,367500,0,1
2008-08-05,87.94,88.04,87.57,87.57,59.6417815744013,355600,0,1
2008-08-06,87.57,87.61,87.2,87.6,59.6622138394148,272400,0,1
2008-08-07,87.97,88.6,87.8588,88.42,60.2206957497838,341200,0,1
2008-08-08,88.51,88.54,88.22,88.38,60.1934527297658,202800,0,1
2008-08-11,88.26,88.26,87.67,87.95,59.9005902645723,412500,0,1
2008-08-12,88.27,88.58,88.24,88.56,60.3160463198468,302200,0,1
2008-08-13,88.7,88.72,88.2,88.37,60.1866419747613,210100,0,1
2008-08-14,88.64,88.78,88.465,88.64,60.3705323598828,303000,0,1
2008-08-15,88.88,89.11,88.83,88.97,60.5952872750313,292500,0,1
2008-08-18,88.96,89.23,88.88,89.19,60.7451238851303,381000,0,1
2008-08-19,89.29,89.315,88.955,89.06,60.6565840700718,373400,0,1
2008-08-20,89.22,89.45,89.1401,89.3199,60.8335955926387,487300,0,1
2008-08-21,89.37,89.37,88.9401,89.13,60.7042593551033,279900,0,1
2008-08-22,88.96,88.96,88.7001,88.87,60.5271797249863,157200,0,1
2008-08-25,89.38,89.55,89.3501,89.46,60.9290142702517,232700,0,1
2008-08-26,89.36,89.49,89.19,89.49,60.9494465352652,166900,0,1
2008-08-27,89.11,89.646,89.11,89.62,61.0379863503237,255700,0,1
2008-08-28,89.37,89.59,89.2,89.49,60.9494465352652,201600,0,1
2008-08-29,89.29,89.42,89.1,89.38,60.8745282302157,496900,0,1
2008-09-02,88.89,89.59,88.7,89.5699,61.2050568948861,349200,0.2954,1
2008-09-03,89.56,89.9,89.5301,89.79,61.3554560024274,410300,0,1
2008-09-04,89.96,90.28,89.85,90.24,61.6629507702311,460500,0,1
2008-09-05,90.47,90.64,90,90.042,61.5276530723975,363400,0,1
2008-09-08,89.43,90.08,89.24,90.05,61.5331196460473,418500,0,1
2008-09-09,89.88,90.53,89.74,90.46,61.8132815456018,323800,0,1
2008-09-10,89.93,90.35,89.8701,90.23,61.6561175531688,248900,0,1
2008-09-11,90.49,90.5399,90,90.07,61.5467860801719,393500,0,1
2008-09-12,90.17,90.2,89.47,89.62,61.2392913123683,358300,0,1
2008-09-15,90.97,91.41,90.616,91.34,62.4146046470845,526200,0,1
2008-09-16,92.63,92.64,91.03,91.08,62.2369410034646,810900,0,1
2008-09-17,91.67,92.11,91.3201,91.9,62.7972648025736,829800,0,1
2008-09-18,91.4,91.93,90.79,90.82,62.0592773598447,687700,0,1
2008-09-19,89.06,89.75,89.06,89.2,60.9522961957515,1339500,0,1
2008-09-22,88.64,89.1144,88.48,89.01,60.8224650715677,785800,0,1
2008-09-23,89.14,89.292,88.72,89.01,60.8224650715677,455500,0,1
2008-09-24,89.33,89.5393,89.01,89.24,60.9796290640007,415400,0,1
2008-09-25,89.2,89.2,88.45,88.97,60.7951322033185,427200,0,1
2008-09-26,89.14,89.29,88.83,88.91,60.7541329009447,310600,0,1
2008-09-29,89.49,91.07,89.49,90.15,61.6014518166704,528000,0,1
2008-09-30,90.29,90.29,88.78,88.96,60.7882989862562,477900,0,1
2008-10-01,89.14,89.8,88.77,89.28,61.2153750526502,349200,0.305,1
2008-10-02,89.43,89.92,89.32,89.78,61.5582030939397,298000,0,1
2008-10-03,89.88,90.2,89,90.12,61.7913261620165,505400,0,1
2008-10-06,90.44,91.32,90.43,90.85,62.2918551022992,1065200,0,1
2008-10-07,90.44,91.05,90.27,90.78,62.2438591765186,825400,0,1
2008-10-08,91.07,91.23,88.51,89.62,61.448498120727,869200,0,1
2008-10-09,88.67,88.79,88.24,88.72,60.831407646406,577200,0,1
2008-10-10,88.45,88.45,87.41,87.68,60.1183253205238,1154600,0,1
2008-10-13,87.26,87.76,86.87,87.08,59.7069316709765,478400,0,1
2008-10-14,87.05,87.4,86.62,86.67,59.4258126771191,736700,0,1
2008-10-15,86.66,87.38,86.59,87.38,59.9126284957501,247200,0,1
2008-10-16,87.11,87.586,87.0501,87.4,59.9263416174017,330400,0,1
2008-10-17,87.9,87.95,86.94,87.95,60.3034524628202,445800,0,1
2008-10-20,87.49,88.1,87.29,88.04,60.3651615102523,315900,0,1
2008-10-21,88.59,89.1299,88.1854,88.97,61.0028216670507,225500,0,1
2008-10-22,89.11,89.65,89.06,89.65,61.4690678032044,347700,0,1
2008-10-23,89.91,90.15,89.29,89.77,61.5513465331139,330000,0,1
2008-10-24,90.4,90.4,89.17,89.39,61.2907972217339,1924600,0,1
2008-10-27,89.46,89.68,88.91,89.34,61.2565144176049,213700,0,1
2008-10-28,88.9,89.33,88.31,88.62,60.7628420381481,278100,0,1
2008-10-29,88.69,89.0454,88.32,88.75,60.8519773288833,255400,0,1
2008-10-30,88.06,88.31,87.83,88.07,60.3857311927296,406300,0,1
2008-10-31,88.43,88.73,87.59,87.89,60.2623130978654,264100,0,1
2008-11-03,87.7,87.85,87.39,87.71,60.3583049494265,1942300,0.32,1
2008-11-04,87.74,88.88,87.74,88.76,61.0808704516143,269700,0,1
2008-11-05,88.78,89.23,88.67,89.23,61.4043045335461,286500,0,1
2008-11-06,88.8,89.17,88.5,88.96,61.2185019758406,173000,0,1
2008-11-07,88.73,88.85,88.44,88.64,60.9982915370786,212300,0,1
2008-11-10,88.54,88.972,88.29,88.73,61.0602257229804,205400,0,1
2008-11-11,88.72,89.37,88.72,89.06,61.2873177379537,130100,0,1
2008-11-12,89.28,89.75,89.25,89.61,61.6658044295759,266900,0,1
2008-11-13,89.49,89.9455,88.88,88.96,61.2185019758406,300500,0,1
2008-11-14,89.73,90.0622,89.53,89.84,61.8240806824361,324100,0,1
2008-11-17,89.85,90.3,89.8,90.22,62.085580578466,473100,0,1
2008-11-18,90.6,91.149,90.42,90.92,62.5672909132579,543600,0,1
2008-11-19,91.3,92.048,91.09,91.9,63.2416853819666,432400,0,1
2008-11-20,93.11,93.75,92.61,93.75,64.5147769810595,727900,0,1
2008-11-21,92.74,93.12,92.43,92.89,63.9229614268866,791300,0,1
2008-11-24,92.52,92.6,91.71,92.02,63.3242642965024,611600,0,1
2008-11-25,93.21,95.7,92.85,93.6,64.4115533378898,411600,0,1
2008-11-26,93.73,94.24,93.69,94.17,64.8038031819347,483400,0,1
2008-11-28,94.05,94.52,94.01,94.36,64.9345531299496,134000,0,1
2008-12-01,95.05,96.08,94.64,95.32,65.8102337028392,663900,0.3125,1
2008-12-02,95.26,95.8708,95.17,95.82,66.1554405518889,278300,0,1
2008-12-03,95.77,96.12,95.2,95.97,66.2590026066039,352200,0,1
2008-12-04,96.17,96.789,95.87,96.57,66.6732508254635,443800,0,1
2008-12-05,96.25,96.66,95.42,95.55,65.9690288534021,557500,0,1
2008-12-08,95.5,95.71,95.07,95.19,65.7204799220863,523400,0,1
2008-12-09,95.38,96.21,95.07,96,66.2797150175468,1421700,0,1
2008-12-10,95.49,95.91,95.2808,95.91,66.2175777847179,737000,0,1
2008-12-11,96.04,96.56,95.63,96.49,66.6180177296156,327500,0,1
2008-12-12,96.48,96.77,95.49,96.76,66.8044294281024,281300,0,1
2008-12-15,96.84,97.24,96.7063,96.97,66.9494163047033,328900,0,1
2008-12-16,97.04,98.63,96.64,98.51,68.0126533997765,406000,0,1
2008-12-17,99.78,100.02,99.01,99.18,68.4752305775031,667900,0,1
2008-12-18,99.95,100.31,99.67,99.85,68.9378077552297,477700,0,1
2008-12-19,99.72,99.9892,99.44,99.52,68.7099712348569,598000,0,1
2008-12-22,99.56,99.724,99.15,99.26,68.530463673351,804200,0,1
2008-12-23,99.1,99.55,99,99.21,68.4959429884461,324500,0,1
2008-12-24,99.16,99.44,99.05,99.11,68.4269016186361,129200,0,1
2008-12-26,99.51,99.64,99.2,99.64,68.7928208786288,181100,0,1
2008-12-29,99.45,99.92,99.3801,99.49,68.9440270018222,211900,0.369,1
2008-12-30,99.23,99.639,99.1,99.63,69.0410434233746,201300,0,1
2008-12-31,99.37,99.578,98.2,98.53,68.2787715397481,404600,0,1
2009-01-02,98.78,98.9632,96.94,97.12,67.3016775798268,455200,0,1
2009-01-05,96.71,97.3,96.45,96.95,67.1838719250845,1383500,0,1
2009-01-06,96.21,97.08,96,96.89,67.1422934587049,900800,0,1
2009-01-07,96.74,97.14,96.55,96.91,67.1561529474981,296700,0,1
2009-01-08,97.01,97.5246,96.86,97.17,67.3363263018098,262600,0,1
2009-01-09,97,97.948,97,97.62,67.6481647996571,278700,0,1
2009-01-12,97.38,98.31,97.34,98.23,68.07087920785,747700,0,1
2009-01-13,97.98,98.36,97.91,98.3,68.1193874186262,157700,0,1
2009-01-14,98.72,99.22,98.7,98.85,68.5005233604395,321100,0,1
2009-01-15,98.97,99.1244,98.5905,98.77,68.4450854052666,414500,0,1
2009-01-16,97.55,98.5,97.47,97.86,67.8144786651756,288800,0,1
2009-01-20,96.81,98.05,96.75,97.71,67.7105324992265,357200,0,1
2009-01-21,97.1,97.55,96.62,96.84,67.1076447367219,484100,0,1
2009-01-22,96.72,96.77,95.9,96.2,66.6641410953392,262600,0,1
2009-01-23,95.86,96.22,95.5606,96.22,66.6780005841324,361900,0,1
2009-01-26,95.85,96.11,95.56,95.98,66.5116867186139,324900,0,1
2009-01-27,95.91,96.75,95.85,96.61,66.9482606156,269300,0,1
2009-01-28,96.75,96.82,95.58,95.993,66.5206953863294,266200,0,1
2009-01-29,95.51,95.74,94.48,94.74,65.6523984134348,325900,0,1
2009-01-30,95.02,95.15,94.62,94.7,65.6246794358484,296900,0,1
2009-02-02,94.8,95.37,94.47,95.2,66.1556711002383,347600,0.2662,1
2009-02-03,94.84,94.939,94.2,94.38,65.5858428407614,436000,0,1
2009-02-04,94.15,94.25,93.5,93.9,65.252284835214,325000,0,1
2009-02-05,94.03,94.46,93.74,94.12,65.4051655877566,641800,0,1
2009-02-06,94,94.03,93.5,93.55,65.009065456169,667000,0,1
2009-02-09,93.52,93.58,93.12,93.36,64.8770320789732,468300,0,1
2009-02-10,94.1,94.85,93.98,94.61,65.7456727184196,437400,0,1
2009-02-11,94.86,95.49,94.82,95.34,66.2529588518563,316800,0,1
2009-02-12,95.58,95.78,95.21,95.31,66.2321114765096,379900,0,1
2009-02-13,94.91,95.03,94.42,94.56,65.7109270928417,304100,0,1
2009-02-17,95.56,96.2164,95.56,96.15,66.8158379862175,416200,0,1
2009-02-18,96.14,96.189,95.3406,95.45,66.3293992281276,422300,0,1
2009-02-19,94.56,95.29,94.56,94.92,65.9610955970023,229300,0,1
2009-02-20,95.48,95.871,95.13,95.19,66.1487219751227,338800,0,1
2009-02-23,94.83,95.319,94.69,95.28,66.2112641011628,440600,0,1
2009-02-24,95.43,95.79,94.85,94.92,65.9610955970023,557000,0,1
2009-02-25,94.87,95.13,93.97,94.06,65.3634708370631,428700,0,1
2009-02-26,93.83,94.06,93.6588,93.82,65.1966918342894,224800,0,1
2009-02-27,94.07,94.28,93.56,93.74,65.1410988333649,288300,0,1
2009-03-02,93.97,94.63,93.9,94.43,65.7925793129497,500400,0.2475,1
2009-03-03,93.9,94.61,93.78,94.31,65.7089712485893,528400,0,1
2009-03-04,93.47,93.87,93.44,93.83,65.3745389911476,331600,0,1
2009-03-05,94.51,95.05,94.1864,94.93,66.1409462477847,475000,0,1
2009-03-06,94.46,95.18,94.46,94.48,65.8274160064332,414800,0,1
2009-03-09,94.63,94.76,94.0968,94.52,65.85528536122,224900,0,1
2009-03-10,94.05,94.15,93.73,93.83,65.3745389911476,244500,0,1
2009-03-11,93.63,94.5,93.56,94.5,65.8413506838266,320700,0,1
2009-03-12,94.57,95.1,94.4,94.77,66.0294688286375,271100,0,1
2009-03-13,94.5,95.1,94.3,94.6948,65.9770744416383,553200,0,1
2009-03-16,94.07,94.39,94.02,94.16,65.6044611681387,512100,0,1
2009-03-17,94.46,94.63,93.79,93.98,65.4790490715981,222200,0,1
2009-03-18,94.15,97.5,94.15,97.2,67.7225321319359,751400,0,1
2009-03-19,97.51,97.68,96.8508,96.87,67.4926099549448,711100,0,1
2009-03-20,97.04,97.21,96.7,96.87,67.4926099549448,231400,0,1
2009-03-23,96.81,97.1,96.49,96.54,67.2626877779536,285100,0,1
2009-03-24,96.41,96.81,96,96.4,67.1651450361998,810500,0,1
2009-03-25,96.17,96.42,95.6703,95.82,66.7610393917911,443500,0,1
2009-03-26,95.83,96.34,95.65,96.07,66.9352228592087,507900,0,1
2009-03-27,96.28,96.4,95.82,96.01,66.8934188270285,394200,0,1
2009-03-30,96.55,96.6685,96.1101,96.42,67.1790797135932,321200,0,1
2009-03-31,96.42,96.7,96.41,96.59,67.2975244714371,1150800,0,1
2009-04-01,96.57,96.72,96.22,96.55,67.4621236677435,230200,0.2762,1
2009-04-02,96.22,96.2924,95.7,95.92,67.021925450129,552400,0,1
2009-04-03,95.51,95.74,94.79,94.82,66.2533253876275,1177200,0,1
2009-04-06,94.97,95.0396,94.54,94.6,66.0996053751272,363600,0,1
2009-04-07,94.82,95.01,94.67,94.84,66.2672999342185,289700,0,1
2009-04-08,94.98,95.31,94.85,95.31,66.5957017791055,250800,0,1
2009-04-09,94.72,95.163,94.6,94.75,66.2044144745592,249600,0,1
2009-04-13,95.16,95.46,95.11,95.31,66.5957017791055,207300,0,1
2009-04-14,95.56,95.91,95.42,95.8,66.9380781705834,254000,0,1
2009-04-15,95.93,96.01,95.4966,95.89,67.0009636302426,238500,0,1
2009-04-16,95.68,95.8034,95.35,95.51,66.7354472450148,240100,0,1
2009-04-17,95.24,95.28,94.65,94.74,66.1974272012638,239400,0,1
2009-04-20,95.1,95.5,95.08,95.4,66.6585872387647,277700,0,1
2009-04-21,95.79,95.86,94.9,95.03,66.4000581268323,218500,0,1
2009-04-22,95.14,95.19,94.5,94.8,66.2393508410366,160900,0,1
2009-04-23,94.7,94.9,94.43,94.78,66.2253762944457,238200,0,1
2009-04-24,94.51,94.65,94.2401,94.41,65.9668471825133,253500,0,1
2009-04-27,94.8,94.95,94.45,94.8,66.2393508410366,207500,0,1
2009-04-28,95.11,95.12,94.2,94.34,65.9179362694451,283800,0,1
2009-04-29,94.35,94.554,93.51,93.83,65.5615853313762,454400,0,1
2009-04-30,93.59,93.79,93.29,93.67,65.4497889586487,410500,0,1
2009-05-01,93.16,93.21,92.83,93.09,65.2404083270767,562700,0.2803,1
2009-05-04,93.15,93.36,92.96,93.185,65.3069873236507,516400,0,1
2009-05-05,93.19,93.361,92.97,93.16,65.2894665350786,245000,0,1
2009-05-06,93.08,93.548,93.01,93.2,65.317499796794,442600,0,1
2009-05-07,92.68,92.9744,92.25,92.42,64.7708511933444,489800,0,1
2009-05-08,92.51,92.8,92.41,92.53,64.8479426630616,399900,0,1
2009-05-11,93.15,93.45,92.99,93.4,65.4576661053708,698000,0,1
2009-05-12,93.23,93.48,93.09,93.34,65.4156162127977,206800,0,1
2009-05-13,93.57,93.86,93.56,93.77,65.7169737762379,287500,0,1
2009-05-14,93.71,93.83,93.55,93.78,65.7239820916667,186500,0,1
2009-05-15,93.63,93.7,93.4,93.55,65.5627908368034,254100,0,1
2009-05-18,93.61,93.68,92.96,93,65.1773334882171,456100,0,1
2009-05-19,92.8,92.927,92.5936,92.87,65.0862253876422,268900,0,1
2009-05-20,92.88,93.2899,92.73,93.1601,65.2895366182329,408600,0,1
2009-05-21,93.46,93.46,92.06,92.14,64.5746183613369,374900,0,1
2009-05-22,91.74,92.0099,91.46,91.6,64.1961693281795,382200,0,1
2009-05-26,91.87,91.99,90.97,90.99,63.7686620870202,519900,0,1
2009-05-27,91,91.06,89.88,89.96,63.0468055978496,733500,0,1
2009-05-28,90.61,90.63,89.71,90.43,63.3761964230051,660100,0,1
2009-05-29,90.47,91.54,90.45,91.45,64.0910445967469,1119300,0,1
2009-06-01,90.26,90.35,89.43,89.69,63.0483404189285,970300,0.2722,1
2009-06-02,89.92,90.04,89.45,89.99,63.2592279440225,1903800,0,1
2009-06-03,90.28,90.644,90.14,90.54,63.6458550733615,568800,0,1
2009-06-04,89.98,90.09,89.34,89.49,62.9077487355325,591100,0,1
2009-06-05,88.68,89.14,88.41,88.6,62.2821157444204,1273900,0,1
2009-06-08,88.71,88.84,88.08,88.15,61.9657844567795,1135800,0,1
2009-06-09,88.55,88.79,88.29,88.53,62.2329086552318,1127200,0,1
2009-06-10,88.27,88.48,87.703,88,61.8603406942325,1406500,0,1
2009-06-11,87.98,88.95,87.82,88.6,62.2821157444204,781400,0,1
2009-06-12,88.72,89.29,88.72,89.07,62.612506200401,608300,0,1
2009-06-15,89.41,89.616,89.3,89.47,62.8936895671929,531500,0,1
2009-06-16,89.44,90,89.29,89.97,63.2451687756829,403000,0,1
2009-06-17,90,90.402,89.73,89.73,63.0764587556077,594800,0,1
2009-06-18,89.23,89.4225,88.54,88.64,62.3102340810996,1015500,0,1
2009-06-19,88.51,89.07,88.44,89.05,62.5984470320614,850900,0,1
2009-06-22,89.41,89.64,89.3,89.53,62.9358670722117,1218000,0,1
2009-06-23,89.56,89.95,89.43,89.82,63.1397250131359,492200,0,1
2009-06-24,89.87,90.32,89.48,89.48,62.9007191513627,687600,0,1
2009-06-25,89.7,90.6,89.49,90.6,63.6880325783802,790700,0,1
2009-06-26,90.67,90.9,90.5,90.72,63.7723875884178,263700,0,1
2009-06-29,90.97,91.09,90.72,90.91,63.905949687644,903200,0,1
2009-06-30,90.46,90.986,90.32,90.67,63.7372396675688,608800,0,1
2009-07-01,90.05,90.36,89.88,90.36,63.6961770545994,394094,0.2516,1
2009-07-02,90.53,90.88,90.53,90.66,63.9076517460157,431695,0,1
2009-07-06,90.51,90.77,90.41,90.72,63.949946684299,472150,0,1
2009-07-07,90.58,91.09,90.58,91.08,64.2037163139986,741536,0,1
2009-07-08,91.16,92.28,91.08,92.13,64.9438777339557,658898,0,1
2009-07-09,91.6,91.74,91.25,91.59,64.5632232894063,668884,0,1
2009-07-10,91.96,92.35,91.82,92.16,64.9650252030974,400218,0,1
2009-07-13,92.21,92.31,91.75,91.83,64.7324030425394,327362,0,1
2009-07-14,91.31,91.57,91.07,91.22,64.3024045033262,942025,0,1
2009-07-15,90.74,90.82,90.04,90.04,63.470604050422,714313,0,1
2009-07-16,90.65,90.89,90.52,90.58,63.8512584949713,194809,0,1
2009-07-17,90.19,90.38,89.97,89.97,63.4212599557581,615902,0,1
2009-07-20,89.75,90.61,89.71,90.3,63.6538821163161,335357,0,1
2009-07-21,90.09,91.37,90.08,91.31,64.3658469107511,837604,0,1
2009-07-22,91.2,91.2,90.65,90.77,63.9851924662017,298265,0,1
2009-07-23,90.76,90.78,89.71,89.89,63.3648667047138,518064,0,1
2009-07-24,89.85,90.12,89.83,90.08,63.4988006759441,292334,0,1
2009-07-27,89.59,89.82,89.38,89.66,63.2027361079613,326765,0,1
2009-07-28,89.84,90.32,89.58,89.84,63.3296209228111,299300,0,1
2009-07-29,90.24,90.27,89.55,89.9,63.3719158610943,265162,0,1
2009-07-30,89.72,90.3,89.55,90.26,63.6256854907939,367350,0,1
2009-07-31,90.65,91.24,90.46,91.17,64.2671587214235,0,0,1
2009-08-03,90.37,90.4,89.7,89.94,63.5861235104394,453694,0.2639,1
2009-08-04,90.17,90.24,89.35,89.68,63.4023077208829,551417,0,1
2009-08-05,89.28,89.96,89.13,89.17,63.0417459798297,393836,0,1
2009-08-06,89.13,89.5,88.97,89.17,63.0417459798297,311196,0,1
2009-08-07,88.66,88.76,88.47,88.58,62.6246255342975,507167,0,1
2009-08-10,88.69,89.18,88.6,89.15,63.0276063037099,1487640,0,1
2009-08-11,89.48,89.77,89.39,89.77,63.4659362634217,327302,0,1
2009-08-12,89.85,89.92,89.14,89.52,63.289190311925,624664,0,1
2009-08-13,89.79,90.39,89.7,90.22,63.7840789761156,614621,0,1
2009-08-14,90.43,90.97,90.42,90.5,63.9820344417919,694981,0,1
2009-08-17,90.87,91.17,90.85,91.12,64.4203644015036,572877,0,1
2009-08-18,91.13,91.15,90.78,90.8,64.1941295835879,514651,0,1
2009-08-19,91.43,91.45,90.94,91.14,64.4345040776234,495397,0,1
2009-08-20,91.24,91.43,90.97,91.38,64.6041801910602,542825,0,1
2009-08-21,91.31,91.38,90.42,90.45,63.9466852514926,435088,0,1
2009-08-24,90.24,91.04,90.23,91.01,64.3425961828451,369069,0,1
2009-08-25,90.93,91.33,90.72,91.25,64.5122722962819,315743,0,1
2009-08-26,91.33,91.43,91.14,91.37,64.5971103530003,219525,0,1
2009-08-27,91.09,91.45,91.01,91.12,64.4203644015036,378638,0,1
2009-08-28,90.93,91.39,90.86,91.33,64.5688310007608,303493,0,1
2009-08-31,91.41,91.7,91.26,91.6,64.7597166283772,0,0,1
2009-09-01,91.13,91.78,90.98,91.58,64.9276238683315,464415,0.2575,1
2009-09-02,91.71,92.13,91.61,92.08,65.2821096942123,381884,0,1
2009-09-03,91.83,92.03,91.73,91.75,65.0481490491309,246381,0,1
2009-09-04,91.7,91.82,91.17,91.2,64.658214640662,521340,0,1
2009-09-08,90.99,91.43,90.96,90.99,64.5093305937921,408616,0,1
2009-09-09,90.86,91.09,90.66,91.07,64.566048325933,568311,0,1
2009-09-10,91.41,92.07,91.37,91.75,65.0481490491309,626855,0,1
2009-09-11,92.15,92.45,91.96,92.02,65.2395713951066,1319486,0,1
2009-09-14,91.76,91.89,91.43,91.48,64.8567267031553,477088,0,1
2009-09-15,91.12,91.47,91.12,91.29,64.7220220893206,710072,0,1
2009-09-16,91.42,91.45,90.98,91.22,64.6723940736972,743139,0,1
2009-09-17,91.28,91.68,91,91.67,64.99143131699,846478,0,1
2009-09-18,91.39,91.53,91.04,91.18,64.6440352076268,910128,0,1
2009-09-21,91.34,91.52,91,91.12,64.6014969085211,617137,0,1
2009-09-22,91.05,91.36,91.04,91.36,64.7716501049439,438769,0,1
2009-09-23,91.15,91.61,90.9,91.56,64.9134444352962,794412,0,1
2009-09-24,91.6,91.93,91.48,91.81,65.0906873482366,501157,0,1
2009-09-25,91.87,92.21,91.67,92.18,65.3530068593884,454003,0,1
2009-09-28,92.1,92.43,92.05,92.34,65.4664423236703,513923,0,1
2009-09-29,92.1,92.45,91.99,92.3,65.4380834575998,276322,0,1
2009-09-30,92.21,92.49,92.16,92.37,65.4877114732231,0,0,1
2009-10-01,92.45,92.95,92.33,92.81,65.9792890204902,1762775,0.2534,1
2009-10-02,93.21,93.23,92.69,92.77,65.9508527360292,936556,0,1
2009-10-05,93.03,93.06,92.7,92.76,65.943743664914,509101,0,1
2009-10-06,92.65,92.69,92.44,92.46,65.730471531457,382286,0,1
2009-10-07,92.8,93.14,92.78,93.05,66.1499067272558,269425,0,1
2009-10-08,93.17,93.2,92.61,92.71,65.9081983093378,422123,0,1
2009-10-09,92.26,92.44,91.62,91.82,65.275490980082,543771,0,1
2009-10-12,91.82,92.21,91.78,92.09,65.4674359001933,464731,0,1
2009-10-13,92.25,92.36,92.07,92.3,65.6167263936132,489148,0,1
2009-10-14,91.76,92,91.51,91.67,65.1688549133534,523328,0,1
2009-10-15,91.3,91.75,91.23,91.37,64.9555827798964,826092,0,1
2009-10-16,91.55,91.79,91.34,91.79,65.2541637667363,765240,0,1
2009-10-19,91.62,91.93,91.56,91.93,65.3536907623495,486985,0,1
2009-10-20,92.18,92.33,92.07,92.14,65.5029812557695,640732,0,1
2009-10-21,91.86,91.94,91.57,91.93,65.3536907623495,406327,0,1
2009-10-22,91.54,91.83,91.51,91.66,65.1617458422382,421224,0,1
2009-10-23,91.29,91.46,91.2,91.21,64.8418376420527,424766,0,1
2009-10-26,91.02,91.1,90.63,90.69,64.4721659440605,762490,0,1
2009-10-27,90.88,91.5,90.88,91.47,65.0266734910488,669711,0,1
2009-10-28,91.48,91.94,91.44,91.75,65.2257274822753,684010,0,1
2009-10-29,91.49,91.53,91.08,91.31,64.912928353205,351126,0,1
2009-10-30,91.58,92,91.55,91.99,65.3963451890409,600040,0,1
2009-11-02,91.28,91.28,90.89,90.98,65.2256627897282,671071,0.7699,1
2009-11-03,91.23,91.23,90.6,90.77,65.0751089406861,352955,0,1
2009-11-04,90.48,90.7,90.23,90.52,64.8958781680171,497641,0,1
2009-11-05,90.41,90.6,90.29,90.54,64.9102166298306,147575,0,1
2009-11-06,90.75,90.83,90.43,90.81,65.1037858643132,327272,0,1
2009-11-09,90.77,90.97,90.74,90.85,65.1324627879402,531418,0,1
2009-11-10,91.08,91.16,90.75,90.92,65.1826474042876,522928,0,1
2009-11-11,91.2,91.42,91.05,91.18,65.3690474078634,275525,0,1
2009-11-12,90.97,91.24,90.62,91.21,65.3905551005837,374449,0,1
2009-11-13,91.2,91.3,91.07,91.28,65.440739716931,229237,0,1
2009-11-16,91.46,91.89,91.37,91.77,65.7920320313624,514711,0,1
2009-11-17,91.7,92.03,91.6,91.97,65.9354166494977,505957,0,1
2009-11-18,91.82,91.91,91.62,91.74,65.7705243386421,285284,0,1
2009-11-19,91.86,92.09,91.77,91.85,65.8493858786165,378132,0,1
2009-11-20,91.9,91.98,91.7,91.84,65.8422166477098,304188,0,1
2009-11-23,91.61,91.75,91.46,91.71,65.7490166459218,505065,0,1
2009-11-24,91.9,92.26,91.8,92.18,66.0859704985397,753726,0,1
2009-11-25,92.11,92.54,91.98,92.49,66.3082166566493,431240,0,1
2009-11-27,92.9,93,92.73,92.91,66.6093243547334,412131,0,1
2009-11-30,92.88,93.12,92.72,93.06,66.7168628183348,0,0,1
2009-12-01,92.61,92.66,92.3,92.34,66.3496834882141,529540,0.2078,1
2009-12-02,92.26,92.41,92.02,92.15,66.213161505728,463798,0,1
2009-12-03,91.6,91.78,91.57,91.72,65.9041907032596,463403,0,1
2009-12-04,90.96,91.14,90.79,91.04,65.4155857133096,756604,0,1
2009-12-07,91.06,91.37,91.04,91.29,65.5952199007912,399037,0,1
2009-12-08,91.74,91.88,91.5,91.61,65.8251516607677,502177,0,1
2009-12-09,91.65,91.8,91.37,91.43,65.6958150457809,721779,0,1
2009-12-10,91.25,91.28,90.85,91.12,65.4730686533037,423197,0,1
2009-12-11,90.81,90.81,90.48,90.67,65.1497271158368,453936,0,1
2009-12-14,90.74,90.86,90.63,90.67,65.1497271158368,195113,0,1
2009-12-15,90.31,90.47,90.2,90.38,64.9413514583581,325960,0,1
2009-12-16,90.54,90.7,90.28,90.38,64.9413514583581,761489,0,1
2009-12-17,90.9,91.18,90.73,91.18,65.5161808582993,468765,0,1
2009-12-18,90.98,91.13,90.7,90.73,65.1928393208324,517598,0,1
2009-12-21,90.32,90.33,89.75,89.8,64.5246001434007,609887,0,1
2009-12-22,89.55,89.59,89.33,89.4,64.2371854434301,366611,0,1
2009-12-23,89.57,89.78,89.35,89.36,64.2084439734331,351303,0,1
2009-12-24,89.3,89.36,89.04,89.04,63.9785122134566,160137,0,1
2009-12-28,88.95,88.97,88.79,88.8,63.8060633934742,0,0,1
2009-12-29,88.74,88.93,88.63,88.87,63.9743655378728,428708,0.1642,1
2009-12-30,88.92,89.06,88.81,89.03,64.0895438712368,473069,0,1
2009-12-31,88.59,88.96,88.29,88.6,63.780002100321,304210,0,1
2010-01-04,88.74,88.95,88.63,88.82,63.9383723086965,619066,0,1
2010-01-05,89.06,89.35,89.06,89.21,64.2191194962713,1547485,0,1
2010-01-06,89.15,89.2,88.78,88.85,63.9599682462023,365423,0,1
2010-01-07,88.87,89.05,88.81,88.85,63.9599682462023,390882,0,1
2010-01-08,89.13,89.14,88.82,88.96,64.03915335039,382435,0,1
2010-01-11,89.01,89.15,88.93,89.02,64.0823452254015,653508,0,1
2010-01-12,89.6,89.72,89.48,89.66,64.5430585588576,402980,0,1
2010-01-13,89.48,89.67,89.2,89.23,64.2335167879418,281884,0,1
2010-01-14,89.49,89.77,89.39,89.65,64.5358599130223,511642,0,1
2010-01-15,89.98,90.15,89.96,90.05,64.8238057464323,429130,0,1
2010-01-19,89.86,89.96,89.71,89.89,64.7086274130683,411813,0,1
2010-01-20,90.14,90.32,90.13,90.2,64.9317854339611,228795,0,1
2010-01-21,90.08,90.6,90.06,90.53,65.1693407465244,349133,0,1
2010-01-22,90.46,90.68,90.43,90.61,65.2269299132064,272861,0,1
2010-01-25,90.41,90.53,90.4,90.41,65.0829569965014,1698945,0,1
2010-01-26,90.69,90.71,90.42,90.59,65.2125326215359,490561,0,1
2010-01-27,90.64,90.81,90.3,90.38,65.0613610589956,342025,0,1
2010-01-28,90.09,90.45,90.09,90.35,65.0397651214899,318066,0,1
2010-01-29,90.26,90.7,90.15,90.7,65.2917177257236,0,0,1
2010-02-01,90.26,90.26,89.99,90.09,65.0681997725391,634298,0.2995,1
2010-02-02,90.13,90.25,90.1,90.24,65.176538433499,425940,0,1
2010-02-03,89.98,90.05,89.78,89.81,64.8659676054139,435237,0,1
2010-02-04,90.2,90.59,90.2,90.55,65.4004383328163,503366,0,1
2010-02-05,90.49,91,90.43,90.84,65.6098930773388,694613,0,1
2010-02-08,90.68,90.78,90.56,90.76,65.5521124581602,257546,0,1
2010-02-09,90.52,90.73,90.25,90.27,65.198206165691,481166,0,1
2010-02-10,90.41,90.46,89.89,90.02,65.0176417307578,496174,0,1
2010-02-11,90.03,90.03,89.67,89.91,64.9381933793872,496817,0,1
2010-02-12,90.2,90.27,90.1,90.12,65.0898675047311,219729,0,1
2010-02-16,89.94,90.35,89.91,90.32,65.2343190526777,175330,0,1
2010-02-17,90.09,90.22,89.68,89.84,64.8876353376059,357946,0,1
2010-02-18,89.9,89.9,89.31,89.52,64.6565128608913,474229,0,1
2010-02-19,89.46,89.57,89.26,89.57,64.692625747878,527882,0,1
2010-02-22,89.44,89.58,89.42,89.5,64.6420677060967,349619,0,1
2010-02-23,89.61,90.23,89.58,90.18,65.1332029691151,557176,0,1
2010-02-24,90.21,90.38,90.05,90.23,65.1693158561017,394228,0,1
2010-02-25,90.57,90.62,90.42,90.56,65.4076609102136,256602,0,1
2010-02-26,90.62,90.91,90.61,90.7,65.5087769937762,0,0,1
2010-03-01,90.56,90.62,90.4,90.55,65.5763369827508,468557,0.2435,1
2010-03-02,90.36,90.62,90.32,90.6,65.6125469976502,417869,0,1
2010-03-03,90.41,90.56,90.3,90.51,65.5473689708313,476550,0,1
2010-03-04,90.47,90.78,90.37,90.67,65.6632410185093,431025,0,1
2010-03-05,90.31,90.33,90.05,90.24,65.3518348903747,549893,0,1
2010-03-08,90.01,90.08,89.97,90,65.1780268188578,399802,0,1
2010-03-09,90.18,90.23,90,90.23,65.3445928873949,350471,0,1
2010-03-10,89.93,90.1,89.88,90.08,65.2359628426968,329747,0,1
2010-03-11,89.91,90.14,89.85,90,65.1780268188578,283201,0,1
2010-03-12,89.8,90.25,89.79,90.14,65.279414860576,276327,0,1
2010-03-15,90.13,90.2,89.97,90.14,65.279414860576,190043,0,1
2010-03-16,90.16,90.53,90.13,90.49,65.5328849648716,388176,0,1
2010-03-17,90.56,90.63,90.45,90.6,65.6125469976502,288285,0,1
2010-03-18,90.53,90.59,90.33,90.36,65.4387389261332,202548,0,1
2010-03-19,90.24,90.52,90.23,90.24,65.3518348903747,171245,0,1
2010-03-22,90.46,90.54,90.39,90.54,65.5690949797709,338077,0,1
2010-03-23,90.51,90.6,90.35,90.35,65.4314969231533,244020,0,1
2010-03-24,89.87,89.99,89.32,89.45,64.7797166549648,531278,0,1
2010-03-25,89.27,89.37,88.82,89.12,64.540730556629,601882,0,1
2010-03-26,89.03,89.36,89.02,89.33,64.6928126192063,734088,0,1
2010-03-29,89.3,89.37,89.1,89.2,64.5986665804679,521381,0,1
2010-03-30,89.19,89.29,89.02,89.29,64.6638446072868,246496,0,1
2010-03-31,89.46,89.58,89.35,89.5,64.8159266698641,0,0,1
2010-04-01,89.11,89.16,88.94,89.06,64.6819141289219,397584,0.255,1
2010-04-05,88.44,88.53,88.12,88.26,64.1008953628862,656063,0,1
2010-04-06,88.56,88.6,88.37,88.52,64.2897264618478,566058,0,1
2010-04-07,88.51,89.17,88.49,89.07,64.6891768634973,561937,0,1
2010-04-08,89.16,89.31,88.92,88.97,64.6165495177429,465306,0,1
2010-04-09,88.85,89.1,88.75,89.07,64.6891768634973,314546,0,1
2010-04-12,89.21,89.41,89.12,89.31,64.863482493308,401974,0,1
2010-04-13,89.53,89.59,89.33,89.48,64.9869489810906,308927,0,1
2010-04-14,89.48,89.57,89.2,89.24,64.8126433512799,315743,0,1
2010-04-15,89.11,89.47,89.07,89.39,64.9215843699116,299839,0,1
2010-04-16,89.54,89.96,89.43,89.93,65.3137720369857,409873,0,1
2010-04-19,89.85,89.88,89.64,89.71,65.1539918763259,215296,0,1
2010-04-20,89.67,89.75,89.55,89.75,65.1830428146277,171301,0,1
2010-04-21,89.84,90.08,89.75,90.04,65.3936621173156,446457,0,1
2010-04-22,90.15,90.25,89.8,89.83,65.2411446912312,258135,0,1
2010-04-23,89.61,89.68,89.49,89.58,65.0595763268451,174170,0,1
2010-04-26,89.78,89.81,89.55,89.64,65.1031527342978,161872,0,1
2010-04-27,90.05,90.54,89.95,90.48,65.7132224386352,442741,0,1
2010-04-28,90.16,90.29,89.86,90.02,65.3791366481647,409750,0,1
2010-04-29,90.01,90.23,89.89,90.17,65.4880776667964,350443,0,1
2010-04-30,90.28,90.73,90.27,90.72,65.8875280684459,0,0,1
2010-05-03,90.17,90.28,90.11,90.21,65.7156314876939,300441,0.2733,1
2010-05-04,90.76,90.89,90.61,90.82,66.1600005732442,355000,0,1
2010-05-05,91.18,91.59,90.98,91.17,66.4149664420026,671938,0,1
2010-05-06,91.24,93.06,91.1,92.17,67.1434403527408,902395,0,1
2010-05-07,91.93,92.75,91.78,91.92,66.9613218750562,3856425,0,1
2010-05-10,90.99,91.41,90.98,91.22,66.4513901375395,836107,0,1
2010-05-11,91.41,91.46,91.03,91.33,66.5315222677207,891351,0,1
2010-05-12,91.22,91.34,91.04,91.1,66.3639732682509,423996,0,1
2010-05-13,91.35,91.43,90.89,91.35,66.5460917459355,420204,0,1
2010-05-14,91.76,92.21,91.7,91.94,66.975891353271,488611,0,1
2010-05-17,91.93,92.33,91.7,91.74,66.8301965711234,535065,0,1
2010-05-18,91.78,92.48,91.74,92.41,67.318274091318,1711363,0,1
2010-05-19,92.43,92.89,92.38,92.49,67.376552004177,839625,0,1
2010-05-20,93.21,93.63,93.05,93.39,68.0321785238414,1221530,0,1
2010-05-21,94.14,94.21,93.27,93.44,68.0686022193783,1196168,0,1
2010-05-24,93.52,93.67,93.33,93.44,68.0686022193783,2949359,0,1
2010-05-25,94.03,94.2,93.62,93.76,68.3017138708146,1063952,0,1
2010-05-26,93.46,93.6,93.11,93.57,68.1633038277743,551562,0,1
2010-05-27,92.88,92.9,92.57,92.68,67.5149620472173,522785,0,1
2010-05-28,92.9,93.14,92.72,93.1,67.8209210897273,511696,0,1
2010-06-01,93.16,93.19,92.73,92.96,67.908222860138,978845,0.2598,1
2010-06-02,92.92,93.03,92.39,92.43,67.521052484537,519021,0,1
2010-06-03,92.14,92.56,92.08,92.3,67.4260861659933,274222,0,1
2010-06-04,93.19,93.61,93.09,93.58,68.361139148577,728291,0,1
2010-06-07,93.47,93.98,93.42,93.96,68.6387330027815,413702,0,1
2010-06-08,93.68,93.92,93.63,93.67,68.4268850614149,604256,0,1
2010-06-09,93.41,93.79,93.3,93.68,68.4341901628413,263939,0,1
2010-06-10,93.29,93.33,92.77,92.81,67.7986463387415,655116,0,1
2010-06-11,93.24,93.56,93,93.4,68.2296473229012,404762,0,1
2010-06-14,92.93,93.33,92.81,93.32,68.1712065114897,627664,0,1
2010-06-15,93.34,93.43,92.9,93.03,67.9593585701231,1114315,0,1
2010-06-16,93.31,93.37,93.02,93.29,68.1492912072104,621849,0,1
2010-06-17,93.39,93.87,93.39,93.73,68.4707156699735,792500,0,1
2010-06-18,93.67,93.71,93.53,93.54,68.3319187428712,463312,0,1
2010-06-21,93.03,93.51,93,93.47,68.2807830328862,569056,0,1
2010-06-22,93.54,94.07,93.49,94.03,68.6898687127665,549176,0,1
2010-06-23,94.12,94.53,94.1,94.38,68.9455472626918,632410,0,1
2010-06-24,94.57,94.66,94.17,94.3,68.8871064512803,1075019,0,1
2010-06-25,94.21,94.68,94.19,94.45,68.9966829726768,455334,0,1
2010-06-28,94.78,95.13,94.78,95.12,69.4861247682479,924250,0,1
2010-06-29,95.34,95.6,95.3,95.53,69.7856339267318,920377,0,1
2010-06-30,95.61,95.67,95.33,95.67,69.8879053467019,891475,0,1
2010-07-01,95.43,95.84,95.34,95.38,69.8573919380436,1293675,0.2482,1
2010-07-02,95.21,95.42,95.08,95.21,69.7328820132222,1072328,0,1
2010-07-06,95.16,95.57,95.05,95.44,69.9013366173924,914029,0,1
2010-07-07,95.51,95.52,95.11,95.14,69.6816132206487,473819,0,1
2010-07-08,94.85,95.04,94.71,94.91,69.5131586164785,508346,0,1
2010-07-09,94.78,94.86,94.66,94.66,69.3300557858588,439763,0,1
2010-07-12,94.82,95.06,94.75,94.82,69.4472415974554,685176,0,1
2010-07-13,94.63,94.67,94.33,94.35,69.1030082758903,679692,0,1
2010-07-14,94.68,94.98,94.5,94.82,69.4472415974554,566404,0,1
2010-07-15,95.02,95.49,95.02,95.31,69.8061231454701,703580,0,1
2010-07-16,95.39,95.92,95.39,95.86,70.2089493728335,864176,0,1
2010-07-19,95.72,95.84,95.52,95.61,70.0258465422138,489748,0,1
2010-07-20,95.9,96.11,95.69,95.71,70.0990876744617,895895,0,1
2010-07-21,95.78,96.41,95.77,96.32,70.5458585811738,470606,0,1
2010-07-22,96.05,96.05,95.78,95.79,70.15768058026,656772,0,1
2010-07-23,95.86,95.93,95.15,95.48,69.9306330702915,799452,0,1
2010-07-26,95.44,95.55,95.23,95.45,69.9086607306172,626251,0,1
2010-07-27,95.14,95.36,95.1,95.12,69.6669649941991,528104,0,1
2010-07-28,95.18,95.61,95.1,95.53,69.9672536364155,932960,0,1
2010-07-29,95.49,95.92,95.43,95.73,70.1137359009113,737212,0,1
2010-07-30,96.23,96.35,96.03,96.29,70.5238862414995,563601,0,1
2010-08-02,95.79,95.92,95.68,95.74,70.3065688159501,1160888,0.2533,1
2010-08-03,96.03,96.26,95.99,96.19,70.6370258450621,911849,0,1
2010-08-04,96.15,96.17,95.79,95.79,70.3432862636293,777581,0,1
2010-08-05,96.12,96.29,96.03,96.25,70.681086782277,817317,0,1
2010-08-06,96.68,96.89,96.53,96.88,71.1437266230337,438379,0,1
2010-08-09,96.75,96.88,96.7,96.86,71.1290396439621,464753,0,1
2010-08-10,96.81,97.42,96.72,97.35,71.4888706312173,641133,0,1
2010-08-11,97.7,97.93,97.64,97.9,71.8927625556875,911201,0,1
2010-08-12,97.96,97.97,97.55,97.65,71.709175317292,1701048,0,1
2010-08-13,97.84,98.09,97.78,98.07,72.0176018777964,705784,0,1
2010-08-16,98.66,98.81,98.54,98.78,72.5389896348397,1453106,0,1
2010-08-17,98.52,98.54,98.1,98.28,72.1718151580487,774270,0,1
2010-08-18,98.54,98.66,98.14,98.18,72.0983802626905,1148561,0,1
2010-08-19,98.15,98.77,98.12,98.62,72.4214938022666,684021,0,1
2010-08-20,98.61,98.68,98.25,98.3,72.1865021371203,305903,0,1
2010-08-23,98.26,98.5,98.16,98.43,72.281967501086,575593,0,1
2010-08-24,98.97,99.39,98.84,99.21,72.85475968488,973319,0,1
2010-08-25,99.47,99.66,98.67,98.76,72.5243026557681,690016,0,1
2010-08-26,98.81,99.21,98.71,99.21,72.85475968488,845231,0,1
2010-08-27,98.78,99.13,97.9,98.07,72.0176018777964,1014033,0,1
2010-08-30,98.39,98.83,98.31,98.82,72.568363592983,463421,0,1
2010-08-31,99.22,99.34,99.01,99.26,72.8914771325591,1276604,0,1
2010-09-01,98.64,98.69,97.92,98.3,72.3680177771178,1268611,0.2472,1
2010-09-02,98.07,98.09,97.83,97.89,72.0661776215876,1273421,0,1
2010-09-03,97.12,97.5,97.08,97.33,71.6539081408634,1308227,0,1
2010-09-07,97.85,98.13,97.73,98.1,72.2207786768592,778122,0,1
2010-09-08,97.84,98,97.62,97.83,72.02200589151,1124888,0,1
2010-09-09,97.39,97.47,97.01,97.06,71.4551353555143,929278,0,1
2010-09-10,96.79,96.9,96.58,96.78,71.2490006151522,725229,0,1
2010-09-13,96.72,97.3,96.72,97.24,71.587650545747,1450009,0,1
2010-09-14,97.42,97.79,97.41,97.73,71.9483863413807,590859,0,1
2010-09-15,97.6,97.83,97.34,97.39,71.698079870941,900521,0,1
2010-09-16,97.28,97.36,96.86,97.05,71.4477734005013,2902806,0,1
2010-09-17,97.34,97.54,97.17,97.27,71.6097364107858,1738523,0,1
2010-09-20,97.42,97.57,97.21,97.57,71.8305950611738,619808,0,1
2010-09-21,97.85,98.49,97.51,98.48,72.5005329673506,1279481,0,1
2010-09-22,98.76,99.02,98.56,98.63,72.6109622925445,978761,0,1
2010-09-23,99.14,99.14,98.55,98.77,72.7140296627256,514007,0,1
2010-09-24,98.36,98.46,98.24,98.28,72.3532938670919,1317494,0,1
2010-09-27,98.64,99.05,98.64,99.04,72.9128024480747,784639,0,1
2010-09-28,99.07,99.5,99.06,99.37,73.1557469635015,775990,0,1
2010-09-29,99.39,99.44,99.08,99.13,72.9790600431911,820325,0,1
2010-09-30,99.06,99.07,98.4,99.01,72.890716583036,813111,0,1
2010-10-01,98.51,98.95,98.38,98.83,72.9299955578119,846531,0.2334,1
2010-10-04,99.03,99.24,98.96,99.18,73.1882723810967,1260704,0,1
2010-10-05,99.24,99.3,99.09,99.2,73.203031056713,1092816,0,1
2010-10-06,99.88,100.12,99.75,99.84,73.6753086764337,614373,0,1
2010-10-07,99.92,100.06,99.83,99.94,73.7491020545151,534645,0,1
2010-10-08,100.2,100.38,99.97,99.98,73.7786194057476,868124,0,1
2010-10-11,100.12,100.2,99.96,100.08,73.852412783829,400252,0,1
2010-10-12,100.1,100.26,99.73,99.79,73.638411987393,991856,0,1
2010-10-13,99.48,99.83,99.32,99.79,73.638411987393,473742,0,1
2010-10-14,99.75,99.81,99.15,99.22,73.2177897323293,955038,0,1
2010-10-15,99.08,99.15,98.62,98.79,72.9004782065794,806658,0,1
2010-10-18,99.23,99.49,99.09,99.26,73.2473070835618,1149506,0,1
2010-10-19,99.13,99.74,99.11,99.6,73.4982045690384,763668,0,1
2010-10-20,99.37,99.76,99.29,99.54,73.4539285421896,615014,0,1
2010-10-21,99.37,99.46,98.99,98.99,73.0480649627421,594290,0,1
2010-10-22,98.88,99.11,98.87,99.02,73.0702029761665,643543,0,1
2010-10-25,99.4,99.5,98.95,98.99,73.0480649627421,1436731,0,1
2010-10-26,98.67,98.72,98.33,98.33,72.5610286674051,831748,0,1
2010-10-27,98.12,98.19,97.75,97.76,72.1404064123414,1223489,0,1
2010-10-28,98.13,98.42,98.08,98.33,72.5610286674051,738622,0,1
2010-10-29,98.54,98.84,98.49,98.77,72.8857195309631,768579,0,1
2010-11-01,98.84,98.84,98.3,98.37,72.7637043941069,1042615,0.2347,1
2010-11-02,98.62,98.73,98.56,98.7,73.0078034329405,356671,0,1
2010-11-03,99.03,99.19,98.42,99.02,73.2445055312033,911974,0,1
2010-11-04,99.6,99.95,99.6,99.82,73.8362607768604,1092497,0,1
2010-11-05,99.68,99.85,99.4,99.4,73.5255892728904,1108023,0,1
2010-11-08,99.55,99.67,99.32,99.43,73.5477800946025,469308,0,1
2010-11-09,99.43,99.48,98.56,98.59,72.9264370866626,744580,0,1
2010-11-10,98.65,99.04,98.06,98.96,73.200123887779,1298849,0,1
2010-11-11,99.02,99.07,98.58,98.85,73.1187575415012,403412,0,1
2010-11-12,98.61,98.8,98.02,98.03,72.5122084147027,2041375,0,1
2010-11-15,97.46,97.73,96.76,96.77,71.5801939027928,1174108,0,1
2010-11-16,97.2,97.54,96.65,97.49,72.1127736238842,955100,0,1
2010-11-17,97.52,97.77,97.09,97.21,71.9056592879042,580148,0,1
2010-11-18,96.96,97.05,96.6,96.98,71.7355296547778,2968157,0,1
2010-11-19,96.97,97.19,96.92,97.18,71.8834684661921,530549,0,1
2010-11-22,97.48,97.71,97.37,97.7,72.2681093758691,495341,0,1
2010-11-23,98.09,98.23,97.79,97.9,72.4160481872834,659307,0,1
2010-11-24,97.49,97.54,96.78,96.85,71.6393694273585,1112638,0,1
2010-11-26,97.11,97.28,97.02,97.27,71.9500409313285,210006,0,1
2010-11-29,97.55,97.61,97.3,97.48,72.1053766833135,527757,0,1
2010-11-30,98.01,98.03,97.56,97.65,72.2311246730156,874116,0,1
2010-12-01,96.41,96.68,96.08,96.13,71.2838665459776,1967684,0.2394,1
2010-12-02,96.07,96.35,95.87,95.89,71.1058978788494,983443,0,1
2010-12-03,96.5,96.54,95.8,95.9,71.1133132399797,374484,0,1
2010-12-06,96.36,96.51,96.17,96.5,71.5582349078002,901974,0,1
2010-12-07,95.65,95.74,94.67,94.9,70.3717771269455,1335696,0,1
2010-12-08,94.25,94.29,93.43,94.09,69.7711328753878,2155262,0,1
2010-12-09,94.33,94.51,93.9,94.29,69.9194400979946,1664637,0,1
2010-12-10,93.98,94.09,93.49,93.49,69.3262112075673,1002402,0,1
2010-12-13,93.35,94.06,93.21,93.79,69.5486720414775,1323318,0,1
2010-12-14,93.4,93.62,92.5,92.8,68.8145512895737,1878500,0,1
2010-12-15,93.04,93.21,92.1,92.42,68.5327675666207,1871830,0,1
2010-12-16,92.46,92.99,92.06,92.97,68.9406124287895,1350957,0,1
2010-12-17,93.2,93.87,93.12,93.77,69.5338413192168,1361603,0,1
2010-12-20,94.12,94.36,93.55,93.76,69.5264259580865,803978,0,1
2010-12-21,93.92,93.97,93.47,93.96,69.6747331806934,848476,0,1
2010-12-22,93.91,93.95,93.57,93.7,69.4819337913045,308845,0,1
2010-12-23,93.54,93.54,93.24,93.37,69.2372268740032,540576,0,1
2010-12-27,93.37,93.77,93.12,93.73,69.5041798746955,406785,0,1
2010-12-28,93.32,93.37,92.5,92.5,68.7762702292744,955168,0.2484,1
2010-12-29,92.61,93.7,92.47,93.54,69.5495385648252,1362173,0,1
2010-12-30,93.36,93.49,93.04,93.35,69.408268388138,529761,0,1
2010-12-31,93.43,94.15,93.41,93.82,69.7577261936273,674214,0,1
2011-01-03,93.19,93.79,93.04,93.53,69.5421032923679,1396063,0,1
2011-01-04,93.65,93.88,93.48,93.75,69.7056792864267,1234020,0,1
2011-01-05,93.06,93.17,92.55,92.74,68.9547167682476,1111873,0,1
2011-01-06,93.01,93.29,92.84,93.22,69.3116098461941,1452338,0,1
2011-01-07,93.3,94.01,93.18,93.84,69.7725967385417,736474,0,1
2011-01-10,94.01,94.16,93.82,94.16,70.0105254571727,1096380,0,1
2011-01-11,94.04,94.04,93.56,93.79,69.7354203762556,760373,0,1
2011-01-12,93.41,93.69,93.24,93.52,69.5346680199107,752968,0,1
2011-01-13,93.49,94.15,93.46,94.15,70.0030901847155,1051450,0,1
2011-01-14,94.33,94.43,93.86,93.89,69.8097731008278,734419,0,1
2011-01-18,93.68,93.84,93.34,93.66,69.6387618343118,1063773,0,1
2011-01-19,93.62,93.97,93.61,93.9,69.817208373285,732174,0,1
2011-01-20,93.49,93.56,92.94,93.17,69.2744334839081,696922,0,1
2011-01-21,93.1,93.48,92.98,93.48,69.5049269300818,523886,0,1
2011-01-24,93.52,93.66,93.43,93.49,69.5123622025391,497717,0,1
2011-01-25,93.67,94.18,93.41,93.96,69.8618200080283,1126491,0,1
2011-01-26,93.76,93.77,93.3,93.39,69.4380094779669,869858,0,1
2011-01-27,93.47,93.8,93.26,93.74,69.6982440139695,531495,0,1
2011-01-28,93.51,94.32,93.49,94.17,70.0179607296299,1056512,0,1
2011-01-31,94.07,94.21,93.69,93.8,69.7428556487128,555074,0,1
2011-02-01,93.25,93.36,93.02,93.13,69.4196837619416,1009110,0.2354,1
2011-02-02,93.37,93.42,92.76,92.91,69.2556943876516,1119941,0,1
2011-02-03,92.59,92.77,92.34,92.38,68.860629076862,1310835,0,1
2011-02-04,92.14,92.27,91.65,91.81,68.4357475162016,1523836,0,1
2011-02-07,91.57,91.8,91.46,91.77,68.4059312663307,850663,0,1
2011-02-08,91.7,91.78,91.07,91.14,67.9363253308639,997149,0,1
2011-02-09,91.32,91.85,91.1,91.66,68.3239365791857,785947,0,1
2011-02-10,91.56,91.7,91.28,91.36,68.1003147051539,616923,0,1
2011-02-11,91.76,92.02,91.6,91.78,68.4133853287984,1492638,0,1
2011-02-14,91.65,92.02,91.65,91.81,68.4357475162016,1311101,0,1
2011-02-15,91.78,92.04,91.75,92.02,68.5922828280239,603660,0,1
2011-02-16,91.92,92.16,91.68,91.89,68.4953800159434,620071,0,1
2011-02-17,92.24,92.38,92.11,92.23,68.7488181398461,776443,0,1
2011-02-18,91.99,92.22,91.86,92.21,68.7339100149107,418401,0,1
2011-02-22,92.52,93.11,92.47,93.1,69.3973215745384,1383471,0,1
2011-02-23,93.08,93.25,92.8,92.87,69.2258781377807,651616,0,1
2011-02-24,93.15,93.35,93,93.11,69.4047756370061,508803,0,1
2011-02-25,93.08,93.41,93.08,93.41,69.6283975110379,571897,0,1
2011-02-28,93.42,93.49,93.33,93.37,69.598581261167,372342,0,1
2011-03-01,92.73,93.3,92.69,93.26,69.6779439188547,530783,0.2165,1
2011-03-02,93.1,93.29,92.77,92.77,69.3118470657532,425304,0,1
2011-03-03,92.45,92.5,92.12,92.14,68.8411511117657,616753,0,1
2011-03-04,92.36,92.82,92.33,92.8,69.3342611588003,637265,0,1
2011-03-07,92.41,92.9,92.36,92.57,69.1624197787731,489592,0,1
2011-03-08,92.52,92.62,92.34,92.35,68.9980497630949,538053,0,1
2011-03-09,92.56,93.06,92.44,92.89,69.4015034379413,625999,0,1
2011-03-10,93.14,93.68,93,93.68,69.991741221513,1576458,0,1
2011-03-11,93.69,93.73,93.33,93.46,69.8273712058348,690697,0,1
2011-03-14,93.74,93.98,93.67,93.67,69.984269857164,806157,0,1
2011-03-15,94.53,94.66,93.97,94.01,70.2382962450303,1661769,0,1
2011-03-16,94.48,95.29,94.32,94.81,70.836005392951,1588722,0,1
2011-03-17,94.53,94.72,94.26,94.52,70.6193358268297,639889,0,1
2011-03-18,94.23,94.52,94.2,94.46,70.5745076407357,1512548,0,1
2011-03-21,94.15,94.18,93.74,93.97,70.2084107876343,1028983,0,1
2011-03-22,93.8,94.03,93.78,94.02,70.2457676093793,573466,0,1
2011-03-23,94.29,94.33,93.78,93.9,70.1561112371912,696803,0,1
2011-03-24,93.63,93.76,93.38,93.42,69.7974857484388,1098082,0,1
2011-03-25,93.58,93.62,93.1,93.17,69.6107016397136,782312,0,1
2011-03-28,93.04,93.28,92.95,93.2,69.6331157327606,634812,0,1
2011-03-29,93.09,93.33,92.8,92.93,69.4313888953374,1047254,0,1
2011-03-30,92.95,93.28,92.92,93.25,69.6704725545057,773469,0,1
2011-03-31,93.41,93.44,92.97,93.01,69.4911598101294,1093010,0,1
2011-04-01,92.54,92.96,92.51,92.96,69.6392818497578,1062659,0.2483,1
2011-04-04,93.09,93.31,93.02,93.17,69.7965995045389,886099,0,1
2011-04-05,93.03,93.09,92.61,92.7,69.4445076105051,777306,0,1
2011-04-06,92.58,92.58,92.26,92.3,69.1448549347316,857488,0,1
2011-04-07,92.32,92.48,92.12,92.31,69.1523462516259,743757,0,1
2011-04-08,92.01,92.21,91.94,92.04,68.9500806954788,595036,0,1
2011-04-11,92.07,92.27,91.96,92.16,69.0399764982109,364180,0,1
2011-04-12,92.55,92.87,92.53,92.68,69.4295249767164,1055339,0,1
2011-04-13,92.49,93.04,92.46,93.04,69.6992123849125,678689,0,1
2011-04-14,93.19,93.19,92.73,92.73,69.4669815611881,1036248,0,1
2011-04-15,93.27,93.45,93.15,93.41,69.976391110003,881379,0,1
2011-04-18,93.34,93.75,93.14,93.64,70.1486913985728,902349,0,1
2011-04-19,93.63,93.85,93.6,93.76,70.2385872013048,531981,0,1
2011-04-20,93.63,93.65,93.36,93.39,69.9614084762143,708172,0,1
2011-04-21,93.47,93.69,93.43,93.46,70.0138476944747,670536,0,1
2011-04-25,93.57,93.82,93.52,93.79,70.2610611519878,826328,0,1
2011-04-26,93.9,94.19,93.85,94.19,70.5607138277613,519618,0,1
2011-04-27,93.87,93.97,93.66,93.92,70.3584482716142,1379438,0,1
2011-04-28,94.18,94.35,94,94.28,70.6281356798103,975516,0,1
2011-04-29,94.15,94.48,94.11,94.47,70.7704707008027,435608,0,1
2011-05-02,94.14,94.39,94.08,94.2,70.7490455344849,632222,0.2414,1
2011-05-03,94.41,94.5,94.27,94.45,70.9368083941837,1660681,0,1
2011-05-04,94.46,94.78,94.46,94.69,71.1170607394945,1169498,0,1
2011-05-05,94.9,95.19,94.85,95.16,71.4700549157281,898337,0,1
2011-05-06,94.77,95.39,94.72,95.21,71.5076074876678,1035397,0,1
2011-05-09,95.23,95.39,95.21,95.35,71.6127546890991,559506,0,1
2011-05-10,95.14,95.2,94.86,94.89,71.2672710272535,661555,0,1
2011-05-11,94.85,95.27,94.76,95.23,71.5226285164437,611025,0,1
2011-05-12,95.26,95.35,94.88,95.02,71.3649077142968,652286,0,1
2011-05-13,95.27,95.71,95.23,95.39,71.6427967466509,494383,0,1
2011-05-16,95.42,95.64,95.26,95.62,71.8155385775738,590755,0,1
2011-05-17,95.83,95.97,95.71,95.9,72.0258329804364,986334,0,1
2011-05-18,95.8,95.83,95.35,95.35,71.6127546890991,790699,0,1
2011-05-19,94.99,95.49,94.95,95.45,71.6878598329786,718122,0,1
2011-05-20,95.45,95.71,95.44,95.68,71.8606016639015,669599,0,1
2011-05-23,96.06,96.09,95.76,95.81,71.9582383509448,928112,0,1
2011-05-24,95.69,95.98,95.64,95.91,72.0333434948243,639229,0,1
2011-05-25,96.02,96.08,95.8,95.92,72.0408540092123,1345588,0,1
2011-05-26,96.05,96.45,96.02,96.45,72.4389112717736,806132,0,1
2011-05-27,96.34,96.51,96.31,96.44,72.4314007573856,943795,0,1
2011-05-31,96.27,96.63,96.22,96.59,72.5440584732049,2917821,0,1
2011-06-01,96.7,97.17,96.66,97.14,73.1407215250868,2997257,0.2444,1
2011-06-02,96.75,97,96.55,96.56,72.7040155493348,1744388,0,1
2011-06-03,97.19,97.19,96.68,96.94,72.9901332575861,1531190,0,1
2011-06-06,96.71,96.97,96.63,96.88,72.9449567773359,1106872,0,1
2011-06-07,96.68,97.08,96.51,97.06,73.0804862180866,1710949,0,1
2011-06-08,97.12,97.41,97.08,97.27,73.2386038989623,1471598,0,1
2011-06-09,97.3,97.38,96.78,96.88,72.9449567773359,1016804,0,1
2011-06-10,97.11,97.38,97.1,97.19,73.178368591962,1020415,0,1
2011-06-13,96.96,97.32,96.9,96.98,73.0202509110863,1009809,0,1
2011-06-14,96.47,96.55,96.2,96.21,72.4404860812086,2088769,0,1
2011-06-15,96.45,97.26,96.45,97.25,73.2235450722122,1352254,0,1
2011-06-16,97.38,97.67,97.22,97.52,73.4268392333382,1958374,0,1
2011-06-17,97.31,97.51,97.24,97.45,73.3741333397129,997965,0,1
2011-06-20,97.58,97.58,97.16,97.3,73.2611921390874,774097,0,1
2011-06-21,97.23,97.33,97,97.17,73.1633097652119,1064826,0,1
2011-06-22,97.39,97.45,96.99,97.13,73.1331921117118,1119277,0,1
2011-06-23,97.56,97.87,97.56,97.64,73.5171921938386,1264615,0,1
2011-06-24,97.69,98.19,97.67,98.05,73.825898142215,997128,0,1
2011-06-27,98.13,98.15,97.62,97.67,73.5397804339637,1185648,0,1
2011-06-28,97.52,97.55,96.59,96.77,72.8621332302105,1315231,0,1
2011-06-29,96.58,96.67,96.13,96.19,72.4254272544585,1376268,0,1
2011-06-30,96.4,96.41,95.52,95.86,72.1769566130824,1948149,0,1
2011-07-01,95.76,95.8,95.25,95.39,71.9967325745376,1921751,0.2306,1
2011-07-05,95.79,96.02,95.74,95.99,72.4495896826697,2896737,0,1
2011-07-06,96.23,96.4,96.08,96.16,72.5778991966404,1234886,0,1
2011-07-07,95.83,95.86,95.65,95.79,72.2986373132923,1289085,0,1
2011-07-08,96.58,96.9,96.54,96.81,73.0684943971169,1278013,0,1
2011-07-11,97.25,97.56,97.13,97.55,73.6270181638132,1158748,0,1
2011-07-12,97.69,97.72,97.36,97.69,73.7326848223774,1205357,0,1
2011-07-13,97.49,97.86,97.3,97.85,73.8534467178792,1247854,0,1
2011-07-14,97.49,97.72,97.28,97.29,73.4307800836226,958933,0,1
2011-07-15,97.15,97.74,97.13,97.69,73.7326848223774,874168,0,1
2011-07-18,97.78,97.9,97.56,97.63,73.6873991115641,883521,0,1
2011-07-19,97.53,98,97.44,98,73.9666609949123,1211326,0,1
2011-07-20,97.71,97.78,97.47,97.52,73.6043753084066,752806,0,1
2011-07-21,97.29,97.4,96.79,96.98,73.1968039110877,1211109,0,1
2011-07-22,97.19,97.36,97.14,97.35,73.4760657944358,813670,0,1
2011-07-25,97,97.52,96.92,97.04,73.2420896219009,1541614,0,1
2011-07-26,97.19,97.57,97.15,97.45,73.5515419791245,655580,0,1
2011-07-27,97.31,97.54,97.07,97.29,73.4307800836226,1066516,0,1
2011-07-28,97.59,97.64,97.4,97.48,73.5741848345311,671411,0,1
2011-07-29,98.03,98.79,98,98.66,74.4648038138576,1602129,0,1
2011-08-01,98.31,98.99,98.3,98.78,74.7351489407466,2389562,0.2382,1
2011-08-02,99.12,99.79,98.94,99.69,75.423638367109,2287502,0,1
2011-08-03,99.69,100.13,99.59,99.77,75.484164910086,1922511,0,1
2011-08-04,99.91,101.11,99.87,101.09,76.4828528692051,2813627,0,1
2011-08-05,100.3,100.9,99.79,99.92,75.5976521781677,3041450,0,1
2011-08-08,100.61,101.64,100.54,101.51,76.8006172198339,5178020,0,1
2011-08-09,101.21,103.76,101,102.1,77.2470004742886,3768396,0,1
2011-08-10,102.85,103.69,102.48,103.45,78.2683858870241,2768899,0,1
2011-08-11,102.77,103.03,101.67,101.93,77.1183815704627,2344672,0,1
2011-08-12,102.25,102.69,102.13,102.64,77.6555546393828,1176233,0,1
2011-08-15,102.53,102.72,102.25,102.26,77.3680535602425,986248,0,1
2011-08-16,102.31,103.03,102.29,102.73,77.7236470002318,2025309,0,1
2011-08-17,102.91,103.45,102.62,103.45,78.2683858870241,826139,0,1
2011-08-18,104.14,104.72,103.75,103.99,78.6769400521183,2211768,0,1
2011-08-19,103.97,104.1,103.62,104.1,78.7601640487115,683165,0,1
2011-08-22,103.64,103.95,103.58,103.91,78.6164135091413,913502,0,1
2011-08-23,103.6,104.13,103.46,103.49,78.2986491585125,1414173,0,1
2011-08-24,103.33,103.35,102.38,102.38,77.4588433747078,1089736,0,1
2011-08-25,102.65,103.12,102.56,103.01,77.935489900651,1391124,0,1
2011-08-26,103.47,103.77,103.02,103.34,78.1851618904308,1080285,0,1
2011-08-29,102.53,102.85,102.53,102.66,77.670686275127,1105981,0,1
2011-08-30,103.19,103.58,103.16,103.37,78.2078593440472,693714,0,1
2011-08-31,103.61,103.62,102.98,103,77.9279240827789,1069212,0,1
2011-09-01,103.05,103.6,102.5,103.59,78.5476197969756,1566722,0.2291,1
2011-09-02,104.25,104.66,104.01,104.54,79.2679619034253,1137818,0,1
2011-09-06,105.01,105.06,104.58,104.68,79.3741175822705,1200462,0,1
2011-09-07,104.27,104.49,104.04,104.12,78.9494948668896,945748,0,1
2011-09-08,104.45,104.66,104.19,104.63,79.3362048398258,935636,0,1
2011-09-09,104.82,105.29,104.74,105.14,79.722914812762,1014134,0,1
2011-09-12,105.04,105.18,104.8,104.82,79.4802732611157,2177771,0,1
2011-09-13,104.71,104.81,104.42,104.51,79.2452142579585,932539,0,1
2011-09-14,104.51,104.81,104.3,104.57,79.2907095488921,1213979,0,1
2011-09-15,103.79,103.98,103.6,103.79,78.6992707667545,1037856,0,1
2011-09-16,103.59,104.02,103.55,103.99,78.8509217365333,698992,0,1
2011-09-19,104.76,105.03,104.7,104.84,79.4954383580936,896414,0,1
2011-09-20,104.82,104.98,104.71,104.98,79.6015940369388,1004998,0,1
2011-09-21,104.94,105.57,104.79,105.43,79.9428087189414,929440,0,1
2011-09-22,106.31,106.66,106,106.41,80.6858984708579,3436457,0,1
2011-09-23,106.35,106.44,105.52,105.53,80.0186342038308,1764652,0,1
2011-09-26,105.34,105.5,105,105.09,79.6850020703172,1214790,0,1
2011-09-27,104.33,104.51,104.17,104.39,79.1542236760911,1159613,0,1
2011-09-28,104.31,104.41,103.8,104.41,79.169388773069,1270457,0,1
2011-09-29,104.23,104.7,104.1,104.41,79.169388773069,1095973,0,1
2011-09-30,105.07,105.17,104.7,105.07,79.6698369733393,1604420,0,1
2011-10-03,105.08,105.83,104.97,105.83,80.4063966344972,2105677,0.2114,1
2011-10-04,106.06,106.26,105.29,105.29,79.9961211532289,2056052,0,1
2011-10-05,105.18,105.24,104.76,104.85,79.6618226129361,1174275,0,1
2011-10-06,104.58,104.71,104.09,104.12,79.1071909438141,1336399,0,1
2011-10-07,103.58,103.88,103.25,103.58,78.6969154625458,2276257,0,1
2011-10-10,102.69,102.93,102.13,102.49,77.8687668059115,803852,0,1
2011-10-11,102.98,103.07,102.72,102.83,78.1270884052286,978339,0,1
2011-10-12,102.41,102.65,102.05,102.48,77.861169111814,2324397,0,1
2011-10-13,102.8,103.24,102.7,102.89,78.172674569814,1474042,0,1
2011-10-14,102.36,102.59,102.23,102.38,77.7851921708384,703037,0,1
2011-10-17,102.56,103.08,102.56,103.05,78.294237675375,1274532,0,1
2011-10-18,103.16,103.45,102.71,102.94,78.2106630403018,912586,0,1
2011-10-19,102.81,103.29,102.74,103.1,78.3322261458628,733399,0,1
2011-10-20,102.97,103.45,102.61,102.89,78.172674569814,700125,0,1
2011-10-21,102.8,102.99,102.52,102.7,78.0283183819603,1275981,0,1
2011-10-24,102.76,102.81,102.53,102.65,77.9903299114725,1381432,0,1
2011-10-25,102.56,103.57,102.55,103.53,78.658926992058,1020161,0,1
2011-10-26,103.24,103.49,102.75,102.77,78.0815022406433,989860,0,1
2011-10-27,102.14,102.32,101.36,101.53,77.1393881725456,1637592,0,1
2011-10-28,101.9,102.27,101.88,102.14,77.6028475124969,936267,0,1
2011-10-31,102.79,103.51,102.74,103.51,78.6437316038629,1182631,0,1
2011-11-01,104.23,104.58,103.86,104.54,79.585306995449,2251673,0.2093,1
2011-11-02,103.9,104.4,103.82,104.29,79.3949843749319,1087964,0,1
2011-11-03,103.8,104.17,103.71,103.8,79.0219520387183,739609,0,1
2011-11-04,103.82,104.21,103.76,104.11,79.2579520881595,735335,0,1
2011-11-07,104.05,104.65,103.97,104.23,79.3493069460077,844064,0,1
2011-11-08,104.11,104.4,103.69,103.76,78.9915004194355,418281,0,1
2011-11-09,104.63,104.89,103.77,104.68,79.6918876629386,760215,0,1
2011-11-10,104.25,104.53,103.84,104.17,79.3036295170836,664139,0,1
2011-11-11,103.89,103.91,103.58,103.69,78.9382100856907,323568,0,1
2011-11-14,104.08,104.41,104.03,104.34,79.4330488990353,586496,0,1
2011-11-15,104.4,104.67,104.09,104.2,79.3264682315457,480060,0,1
2011-11-16,104.51,104.6,104.24,104.58,79.6157586147317,335143,0,1
2011-11-17,104.41,105.01,104.33,104.79,79.7756296159662,805477,0,1
2011-11-18,104.61,104.71,104.25,104.4,79.4787263279594,1883059,0,1
2011-11-21,104.75,104.91,104.64,104.69,79.6995005677593,692068,0,1
2011-11-22,104.79,105.03,104.56,105.01,79.9431135220212,2619433,0,1
2011-11-23,104.78,105.43,104.71,105.37,80.2171780955659,2189432,0,1
2011-11-25,104.98,104.98,104.68,104.7,79.70711347258,466664,0,1
2011-11-28,103.96,104.84,103.92,104.71,79.7147263774007,1286596,0,1
2011-11-29,104.39,104.76,104.13,104.51,79.5624682809869,602041,0,1
2011-11-30,104.03,104.2,103.81,103.9,79.0980810869251,962728,0,1
2011-12-01,103.5,103.88,103.29,103.67,79.075436501536,1027076,0.2003,1
2011-12-02,103.49,104.17,103.47,104.13,79.4263065776497,892384,0,1
2011-12-05,103.57,104.21,103.57,104.07,79.3805409155479,979068,0,1
2011-12-06,103.77,104.02,103.65,103.8,79.1745954360899,542999,0,1
2011-12-07,104.01,104.35,103.91,104.27,79.5330931225538,739222,0,1
2011-12-08,104.23,104.81,104.12,104.8,79.9373564711196,658178,0,1
2011-12-09,104.71,104.77,104.08,104.08,79.3881685258982,961037,0,1
2011-12-12,104.47,104.68,104.37,104.44,79.6627624985089,1068901,0,1
2011-12-13,104.24,105.01,104.15,104.92,80.0288877953232,512480,0,1
2011-12-14,105.02,105.38,104.91,105.36,80.3645026507363,760018,0,1
2011-12-15,105.05,105.37,105.03,105.27,80.2958541575836,968855,0,1
2011-12-16,105.43,105.9,105.43,105.78,80.6848622854488,748694,0,1
2011-12-19,105.75,106.18,105.68,106.14,80.9594562580595,1126512,0,1
2011-12-20,105.7,105.7,105.18,105.18,80.2272056644309,1364923,0,1
2011-12-21,105.32,105.37,104.83,104.84,79.9678669125208,478991,0,1
2011-12-22,105.15,105.32,104.94,104.97,80.0670258470747,731880,0,1
2011-12-23,104.72,104.78,104.38,104.54,79.7390386020119,435426,0,1
2011-12-27,104.43,104.44,104.25,104.41,79.7842726196723,616435,0.1893,1
2011-12-28,104.58,105.18,104.54,105.07,80.2886076443728,919842,0,1
2011-12-29,105.03,105.32,104.91,105.2,80.3879463613593,555937,0,1
2011-12-30,105.33,106.04,105.28,105.57,80.6706796327823,1229930,0,1
2012-01-03,104.9,105.19,104.77,104.9,80.1587031683136,1297652,0,1
2012-01-04,104.89,104.93,104.45,104.57,79.9065356559633,1788923,0,1
2012-01-05,104.66,105.01,104.52,104.59,79.9218185354997,1311264,0,1
2012-01-06,104.72,105.06,104.72,105,80.2351175659955,998144,0,1
2012-01-09,104.94,105.27,104.9,105.02,80.2504004455318,379813,0,1
2012-01-10,104.74,105.01,104.69,104.81,80.0899302103999,1636076,0,1
2012-01-11,105.08,105.45,105.08,105.42,80.5560580362594,931531,0,1
2012-01-12,105.36,105.41,105.09,105.2,80.3879463613593,684992,0,1
2012-01-13,105.7,105.91,105.64,105.67,80.7470940304642,553955,0,1
2012-01-17,105.62,105.83,105.6,105.77,80.8235084281461,1158011,0,1
2012-01-18,105.92,105.92,105.39,105.44,80.5713409157958,455145,0,1
2012-01-19,105.23,105.3,104.69,104.81,80.0899302103999,1587166,0,1
2012-01-20,104.61,104.78,104.42,104.45,79.814838378745,650579,0,1
2012-01-23,104.14,104.32,104,104.22,79.6390852640766,733970,0,1
2012-01-24,104.34,104.34,104.05,104.34,79.7307825412949,1388101,0,1
2012-01-25,104.28,105.44,104.23,104.84,80.1128545297044,1149105,0,1
2012-01-26,105.12,105.46,105.12,105.4,80.5407751567231,1054999,0,1
2012-01-27,105.56,105.75,105.37,105.72,80.7853012293051,767504,0,1
2012-01-30,106.1,106.31,106.02,106.08,81.06039306096,1152401,0,1
2012-01-31,105.93,106.49,105.93,106.48,81.3660506516876,1001750,0,1
2012-02-01,106.04,106.08,105.84,105.92,81.0839439783256,1698896,0.1908,1
2012-02-02,105.98,106.13,105.88,106.07,81.1987720711952,839869,0,1
2012-02-03,105.28,105.41,105.09,105.23,80.5557347511254,1112519,0,1
2012-02-06,105.27,105.59,105.15,105.52,80.7777357306733,2968449,0,1
2012-02-07,105.07,105.15,104.76,104.84,80.2571817096644,1164846,0,1
2012-02-08,104.83,105,104.73,104.89,80.2954577406209,404761,0,1
2012-02-09,104.7,104.8,104.38,104.65,80.1117327920296,1802438,0,1
2012-02-10,105.15,105.34,105.02,105.24,80.5633899573167,1322548,0,1
2012-02-13,105.04,105.3,105,105.17,80.5098035139775,299205,0,1
2012-02-14,105.32,105.55,105.23,105.39,80.6782180501863,615417,0,1
2012-02-15,105.36,105.68,105.35,105.47,80.7394596997167,344100,0,1
2012-02-16,105.21,105.34,104.81,104.99,80.372009802534,1540487,0,1
2012-02-17,104.67,104.92,104.64,104.88,80.2878025344296,653586,0,1
2012-02-21,104.67,104.71,104.37,104.5,79.9969046991599,635219,0,1
2012-02-22,104.66,105,104.66,104.91,80.3107681530035,538134,0,1
2012-02-23,104.82,105.19,104.68,105.06,80.4255962458731,805887,0,1
2012-02-24,105.13,105.21,105.06,105.14,80.4868378954036,360014,0,1
2012-02-27,105.6,105.66,105.45,105.49,80.7547701120994,588537,0,1
2012-02-28,105.69,105.8,105.46,105.54,80.7930461430559,817885,0,1
2012-02-29,105.5,105.53,104.99,105.12,80.471527483021,787470,0,1
2012-03-01,104.48,104.64,104.34,104.61,80.2109473263514,1185197,0.1696,1
2012-03-02,104.73,105.1,104.73,105.03,80.5329872639966,360090,0,1
2012-03-05,104.94,105.09,104.78,104.82,80.371967295174,1406093,0,1
2012-03-06,105.23,105.42,105.2,105.26,80.7093424679452,605746,0,1
2012-03-07,105.21,105.25,105.01,105.06,80.5559901166855,436035,0,1
2012-03-08,104.97,105.07,104.71,104.75,80.3182939722331,329864,0,1
2012-03-09,104.63,104.71,104.43,104.67,80.2569530317293,286723,0,1
2012-03-12,104.86,104.9,104.64,104.64,80.2339501790403,503084,0,1
2012-03-13,104.4,104.44,103.87,103.89,79.6588788618167,618602,0,1
2012-03-14,103.39,103.44,102.62,102.7,78.7464323718219,1733042,0,1
2012-03-15,102.57,102.9,102.57,102.67,78.7234295191329,2302258,0,1
2012-03-16,102.24,102.65,102.15,102.64,78.700426666444,681107,0,1
2012-03-19,102.5,102.56,101.83,102.01,78.2173667599761,1133153,0,1
2012-03-20,102.11,102.25,101.77,102.06,78.255704847791,769049,0,1
2012-03-21,102.27,102.63,102.26,102.58,78.6544209610661,458022,0,1
2012-03-22,102.82,102.9,102.63,102.71,78.7540999893848,326114,0,1
2012-03-23,102.98,103.25,102.95,103.09,79.0454694567782,396018,0,1
2012-03-26,103.02,103.13,102.67,102.97,78.9534580460224,471657,0,1
2012-03-27,103.16,103.61,103.14,103.54,79.3905122471123,579125,0,1
2012-03-28,103.36,103.74,103.36,103.36,79.2524951309786,314652,0,1
2012-03-29,103.73,103.79,103.57,103.79,79.5822026861869,727609,0,1
2012-03-30,103.77,103.91,103.15,103.28,79.1911541904748,502584,0,1
2012-04-02,103.53,103.54,103.25,103.35,79.3807874077572,1433889,0.1773,1
2012-04-03,103.51,103.69,102.51,102.59,78.7970486711351,833006,0,1
2012-04-04,103.01,103.12,102.9,103.11,79.1964488593502,461212,0,1
2012-04-05,103.57,103.6,103.29,103.57,79.5497644104636,456355,0,1
2012-04-09,104.66,104.76,104.53,104.63,80.3639263325944,573666,0,1
2012-04-10,104.8,105.2,104.72,105.12,80.7402842022587,900470,0,1
2012-04-11,104.71,104.83,104.61,104.71,80.4253725153968,434956,0,1
2012-04-12,104.79,104.82,104.47,104.5,80.2640762855407,451482,0,1
2012-04-13,104.9,105.15,104.87,105.13,80.747964975109,461314,0,1
2012-04-16,105.09,105.42,105.05,105.1,80.7249226565581,1179563,0,1
2012-04-17,104.97,105.08,104.88,104.99,80.6404341552049,923357,0,1
2012-04-18,105.14,105.23,105.08,105.2,80.801730385061,502848,0,1
2012-04-19,105.31,105.4,105.27,105.32,80.8938996592645,408796,0,1
2012-04-20,105.13,105.33,105.07,105.33,80.9015804321148,377433,0,1
2012-04-23,105.6,105.72,105.51,105.54,81.0628766619709,746533,0,1
2012-04-24,105.43,105.46,105.25,105.27,80.8554957950131,506063,0,1
2012-04-25,105.02,105.32,104.77,105.14,80.7556457479593,681151,0,1
2012-04-26,105.5,105.53,105.31,105.49,81.0244727977195,314246,0,1
2012-04-27,105.42,105.61,105.41,105.6,81.1089612990726,354014,0,1
2012-04-30,105.69,105.81,105.64,105.69,81.1780882547253,1820300,0,1
2012-05-01,105.66,105.7,105.22,105.33,81.0308117395528,864059,0.1683,1
2012-05-02,105.57,105.61,105.39,105.53,81.1846725802241,1030137,0,1
2012-05-03,105.31,105.58,105.31,105.52,81.1769795381906,359925,0,1
2012-05-04,105.68,105.94,105.67,105.94,81.5000873036003,814033,0,1
2012-05-07,105.98,106.04,105.87,105.91,81.4770081774996,490793,0,1
2012-05-08,106.12,106.38,106.1,106.15,81.6616411863052,522217,0,1
2012-05-09,106.44,106.5,106.14,106.24,81.7308785646073,961536,0,1
2012-05-10,106,106.13,105.85,106.09,81.6154829341038,346873,0,1
2012-05-11,106.44,106.47,106.27,106.44,81.8847394052787,403431,0,1
2012-05-14,106.88,107,106.73,106.91,82.2463123808563,650148,0,1
2012-05-15,106.84,107,106.76,106.94,82.269391506957,922095,0,1
2012-05-16,106.65,107.08,106.62,107.02,82.3309358432255,761504,0,1
2012-05-17,106.92,107.43,106.9,107.42,82.6386575245681,763910,0,1
2012-05-18,107.1,107.44,107.07,107.35,82.5848062303332,831892,0,1
2012-05-21,107.18,107.26,107.07,107.07,82.3694010533933,791566,0,1
2012-05-22,106.79,106.94,106.63,106.84,82.1924610866213,538252,0,1
2012-05-23,107.13,107.4,107.08,107.12,82.4078662635612,657638,0,1
2012-05-24,106.96,107.04,106.85,106.89,82.2309262967891,417673,0,1
2012-05-25,107.11,107.25,107.06,107.2,82.4694105998297,370305,0,1
2012-05-29,107.26,107.47,107.11,107.11,82.4001732215276,865355,0,1
2012-05-30,107.85,108.21,107.81,108.13,83.1848635089513,645536,0,1
2012-05-31,108.34,108.89,108.3,108.55,83.5079712743611,2994283,0,1
2012-06-01,109.06,109.37,108.91,109.31,84.223985006247,2186476,0.1707,1
2012-06-04,108.84,108.99,108.64,108.68,83.7385663752532,849465,0,1
2012-06-05,108.51,108.65,108.31,108.32,83.4611843003996,836603,0,1
2012-06-06,108.29,108.32,107.58,107.61,82.9141252083272,1492727,0,1
2012-06-07,107.58,107.94,107.51,107.87,83.1144567068326,631711,0,1
2012-06-08,108.39,108.43,107.86,107.95,83.1760971679111,467902,0,1
2012-06-11,107.71,108.32,107.71,108.24,83.399543839321,1050887,0,1
2012-06-12,107.92,108.1,107.64,107.66,82.9526504965013,569678,0,1
2012-06-13,107.85,108.31,107.71,108.23,83.3918387816862,1332085,0,1
2012-06-14,108.16,108.25,107.83,107.94,83.1683921102763,802568,0,1
2012-06-15,108.39,108.54,108.26,108.44,83.5536449920174,769320,0,1
2012-06-18,108.46,108.53,108.24,108.41,83.530529819113,718779,0,1
2012-06-19,108.17,108.21,107.88,108.04,83.2454426866245,1536773,0,1
2012-06-20,107.7,108.12,107.53,107.82,83.0759314186584,913044,0,1
2012-06-21,107.93,108.2,107.87,108.05,83.2531477442594,1655810,0,1
2012-06-22,107.63,107.82,107.57,107.58,82.8910100354227,1770221,0,1
2012-06-25,107.99,108.18,107.98,108.17,83.3456084358772,594852,0,1
2012-06-26,107.9,108.12,107.82,107.93,83.1606870526415,2395588,0,1
2012-06-27,108.07,108.12,107.85,108.08,83.2762629171638,3445239,0,1
2012-06-28,108.47,108.54,108.35,108.43,83.5459399343826,413343,0,1
2012-06-29,107.82,108.04,107.78,107.93,83.1606870526415,646892,0,1
2012-07-02,108,108.54,107.98,108.27,83.54603316558,1580709,0.1601,1
2012-07-03,108.25,108.27,107.95,108,83.337688943222,587928,0,1
2012-07-05,108.14,108.36,108.08,108.29,83.5614660709399,1602514,0,1
2012-07-06,108.62,108.76,108.56,108.67,83.8546912727771,1146851,0,1
2012-07-09,108.77,108.99,108.74,108.97,84.086184853175,495217,0,1
2012-07-10,108.89,109.08,108.86,109.02,84.1247671165746,631884,0,1
2012-07-11,109.07,109.34,108.88,108.92,84.0476025897753,825766,0,1
2012-07-12,109.08,109.2,109.04,109.17,84.2405139067735,840324,0,1
2012-07-13,109.13,109.13,108.91,109.08,84.1710658326542,307825,0,1
2012-07-16,109.42,109.54,109.28,109.32,84.3562606969724,349330,0,1
2012-07-17,109.15,109.3,109,109.04,84.1402000219345,637877,0,1
2012-07-18,109.22,109.28,109.13,109.15,84.2250810014137,605960,0,1
2012-07-19,109.06,109.2,108.94,108.99,84.1016177585348,949073,0,1
2012-07-20,109.29,109.5,109.29,109.42,84.4334252237717,250872,0,1
2012-07-23,109.74,109.77,109.52,109.6,84.5723213720104,1675555,0,1
2012-07-24,109.44,109.89,109.42,109.81,84.7343668782889,905445,0,1
2012-07-25,109.76,109.88,109.69,109.87,84.7806655943685,1246786,0,1
2012-07-26,109.66,109.74,109.5,109.53,84.5183062032509,742046,0,1
2012-07-27,109.18,109.18,108.36,108.74,83.9087064415366,1072261,0,1
2012-07-30,108.78,109.12,108.71,109.09,84.1787822853341,665985,0,1
2012-07-31,109.26,109.32,108.94,109.28,84.3253948862527,2209671,0,1
2012-08-01,108.84,109.05,108.55,108.72,84.0184405718073,977271,0.1622,1
2012-08-02,109.05,109.28,108.93,108.98,84.2193676739842,619921,0,1
2012-08-03,108.52,108.63,108.19,108.41,83.7788736422888,765500,0,1
2012-08-06,108.48,108.66,108.43,108.48,83.8329694005672,850764,0,1
2012-08-07,107.98,108.02,107.79,107.91,83.3924753688717,1228177,0,1
2012-08-08,107.95,108.06,107.68,107.76,83.2765558868466,862726,0,1
2012-08-09,107.63,107.83,107.42,107.68,83.2147321630999,833613,0,1
2012-08-10,108.14,108.18,107.68,107.99,83.4542990926184,466836,0,1
2012-08-13,108.1,108.19,107.92,107.92,83.40020333434,729444,0,1
2012-08-14,107.5,107.63,107.39,107.39,82.9906211645179,642082,0,1
2012-08-15,107.14,107.21,106.8,106.85,82.5733110292275,934507,0,1
2012-08-16,106.88,106.98,106.43,106.59,82.3723839270506,861323,0,1
2012-08-17,106.68,106.9,106.68,106.72,82.4728474781391,784272,0,1
2012-08-20,106.7,106.92,106.68,106.78,82.5192152709491,1000012,0,1
2012-08-21,106.67,106.89,106.42,106.87,82.5887669601642,684442,0,1
2012-08-22,107.26,107.7,107.18,107.7,83.2301880940365,730508,0,1
2012-08-23,107.86,108.01,107.7,107.89,83.377019437935,440128,0,1
2012-08-24,108.07,108.14,107.8,107.84,83.3383796105933,311408,0,1
2012-08-27,108.01,108.13,107.98,108.12,83.5547626437069,467397,0,1
2012-08-28,108.19,108.37,108.14,108.16,83.5856745055802,614977,0,1
2012-08-29,108.16,108.16,107.92,108.09,83.5315787473019,764638,0,1
2012-08-30,108.35,108.45,108.28,108.29,83.6861380566687,642131,0,1
2012-08-31,108.29,108.99,108.22,108.99,84.2270956394526,912687,0,1
2012-09-04,108.6,108.83,108.52,108.59,84.0345008296437,1200106,0.1508,1
2012-09-05,108.56,108.68,108.44,108.55,84.003546045288,782294,0,1
2012-09-06,108.06,108.08,107.79,107.81,83.4308825347075,1376682,0,1
2012-09-07,108.53,108.57,107.95,107.95,83.5392242799524,1748418,0,1
2012-09-10,108.04,108.1,107.82,108,83.5779177603971,1614071,0,1
2012-09-11,107.93,107.95,107.71,107.8,83.4231438386185,375109,0,1
2012-09-12,107.39,107.8,107.2,107.27,83.0129929459055,660648,0,1
2012-09-13,107.56,107.77,106.77,107.58,83.2528925246622,1458633,0,1
2012-09-14,106.98,107.58,106.42,106.57,82.4712842196807,1050794,0,1
2012-09-17,106.67,106.96,106.65,106.79,82.6415355336371,745293,0,1
2012-09-18,107.22,107.28,107.01,107.06,82.850480328038,578626,0,1
2012-09-19,107.36,107.41,107.18,107.31,83.0439477302612,437134,0,1
2012-09-20,107.69,107.74,107.24,107.37,83.0903799067947,422220,0,1
2012-09-21,107.26,107.61,107.23,107.6,83.26836991684,681940,0,1
2012-09-24,107.74,107.93,107.74,107.84,83.4540986229742,943795,0,1
2012-09-25,107.95,108.25,107.7,108.24,83.7636464665313,471824,0,1
2012-09-26,108.49,108.69,108.43,108.69,84.1118877905329,444572,0,1
2012-09-27,108.43,108.54,108.32,108.46,83.9338977804876,295338,0,1
2012-09-28,108.58,108.7,108.36,108.46,83.9338977804876,612452,0,1
2012-10-01,108.41,108.54,108.23,108.52,84.0896614814959,1213484,0.1413,1
2012-10-02,108.3,108.56,108.29,108.45,84.0354200854058,846473,0,1
2012-10-03,108.44,108.56,108.3,108.56,84.120656564976,937905,0,1
2012-10-04,108.32,108.42,108.09,108.13,83.787459417565,376642,0,1
2012-10-05,107.76,107.81,107.57,107.64,83.4077696449338,805137,0,1
2012-10-08,107.88,108.01,107.86,107.99,83.6789766253847,403695,0,1
2012-10-09,107.7,107.95,107.68,107.77,83.5085036662442,387140,0,1
2012-10-10,107.6,108.07,107.53,108.03,83.7099717088648,318090,0,1
2012-10-11,107.69,108.14,107.63,108.13,83.787459417565,1217403,0,1
2012-10-12,108.21,108.38,108.11,108.14,83.795208188435,427820,0,1
2012-10-15,108.18,108.25,108.06,108.17,83.8184545010451,634905,0,1
2012-10-16,107.93,107.93,107.66,107.66,83.4232671866739,585452,0,1
2012-10-17,107.34,107.38,106.94,106.98,82.8963507675123,597286,0,1
2012-10-18,107.08,107.18,106.75,106.79,82.7491241209818,1157442,0,1
2012-10-19,106.95,107.34,106.92,107.24,83.0978188101329,808077,0,1
2012-10-22,107.03,107.13,106.88,106.88,82.818863058812,759994,0,1
2012-10-23,107.2,107.39,107.2,107.39,83.2140503731833,414514,0,1
2012-10-24,107.15,107.32,107.09,107.16,83.0358286431727,682385,0,1
2012-10-25,106.65,107.04,106.59,106.77,82.7336265792418,437264,0,1
2012-10-26,107.14,107.46,107.11,107.45,83.2605429984034,414801,0,1
2012-10-31,107.69,107.98,107.65,107.89,83.6014889166844,728060,0,1
2012-11-01,107.64,107.68,107.4,107.53,83.4351057588091,918271,0.1453,1
2012-11-02,107.29,107.64,107.25,107.62,83.5049389171677,527114,0,1
2012-11-05,107.84,107.99,107.81,107.88,83.7066791524256,805388,0,1
2012-11-06,107.79,107.86,107.37,107.39,83.3264764013625,477634,0,1
2012-11-07,108.33,108.54,108.2,108.29,84.0248079849478,979719,0,1
2012-11-08,108.27,108.79,108.15,108.77,84.3972514961933,514565,0,1
2012-11-09,108.71,108.82,108.55,108.78,84.4050107360109,368103,0,1
2012-11-12,108.78,108.87,108.7,108.85,84.4593254147342,267818,0,1
2012-11-13,108.99,109,108.81,108.98,84.5601955323632,1608830,0,1
2012-11-14,108.7,109.03,108.67,109.01,84.5834732518161,1477268,0,1
2012-11-15,108.79,109.07,108.77,108.96,84.544677052728,1448468,0,1
2012-11-16,108.94,109.2,108.91,109.03,84.5989917314513,578053,0,1
2012-11-19,108.72,108.82,108.68,108.81,84.4282884554638,712300,0,1
2012-11-20,108.64,108.7,108.36,108.36,84.0791226636711,970651,0,1
2012-11-21,108.2,108.28,108.16,108.2,83.9549748265893,291406,0,1
2012-11-23,108.2,108.21,108.13,108.14,83.9084193876836,465906,0,1
2012-11-26,108.4,108.52,108.29,108.32,84.0480857044007,1522332,0,1
2012-11-27,108.39,108.58,108.33,108.57,84.242066699841,579025,0,1
2012-11-28,108.77,108.87,108.66,108.71,84.3506960572876,1057467,0,1
2012-11-29,108.71,108.86,108.65,108.82,84.4360476952814,814169,0,1
2012-11-30,108.9,108.91,108.76,108.8,84.4205292156462,557764,0,1
2012-12-03,108.44,108.64,108.37,108.62,84.3870030922422,750373,0.1368,1
2012-12-04,108.69,108.82,108.66,108.81,84.5346143110558,479249,0,1
2012-12-05,108.92,109.06,108.87,108.9,84.6045354147043,505451,0,1
2012-12-06,109.1,109.15,108.95,108.96,84.6511494838033,443683,0,1
2012-12-07,108.69,108.86,108.63,108.65,84.4103101267917,515662,0,1
2012-12-10,108.79,108.82,108.65,108.75,84.4880002419568,707453,0,1
2012-12-11,108.51,108.55,108.42,108.54,84.3248510001102,734281,0,1
2012-12-12,108.42,108.6,108.08,108.08,83.9674764703511,1165584,0,1
2012-12-13,107.95,108.1,107.8,107.87,83.8043272285046,862861,0,1
2012-12-14,108,108.15,108,108.11,83.9907835049006,380649,0,1
2012-12-17,108.01,108.03,107.51,107.54,83.54794984846,660038,0,1
2012-12-18,107.48,107.54,107,107.12,83.221651364767,846400,0,1
2012-12-19,107.27,107.53,107.22,107.27,83.3381865375145,675293,0,1
2012-12-20,107.42,107.58,107.29,107.34,83.39256961813,377080,0,1
2012-12-21,107.74,107.81,107.61,107.63,83.6178709521085,499114,0,1
2012-12-24,107.55,107.58,107.5,107.52,83.532411825427,903312,0,1
2012-12-26,107.49,107.64,107.48,107.59,83.7037876735684,779925,0.1506,1
2012-12-27,107.54,108.02,107.52,107.81,83.8749451537077,446633,0,1
2012-12-28,108.01,108.07,107.9,108.06,84.0694422902296,552154,0,1
2012-12-31,107.91,107.96,107.45,107.49,83.6259888189596,1742728,0,1
2013-01-02,107,107.15,106.95,107,83.2447744313767,2561205,0,1
2013-01-03,107.03,107.05,106.44,106.45,82.8168807310285,2131870,0,1
2013-01-04,106.34,106.5,106.21,106.5,82.8557801583329,983328,0,1
2013-01-07,106.5,106.6,106.42,106.56,82.9024594710981,1387328,0,1
2013-01-08,106.71,106.84,106.69,106.82,83.1047364930809,364139,0,1
2013-01-09,106.85,106.98,106.74,106.88,83.1514158058462,517634,0,1
2013-01-10,106.58,106.77,106.53,106.57,82.910239356559,689067,0,1
2013-01-11,106.41,106.91,106.37,106.91,83.1747554622288,553890,0,1
2013-01-14,107.02,107.06,106.85,106.87,83.1436359203853,971674,0,1
2013-01-15,107.22,107.27,107.09,107.13,83.3459129423681,428790,0,1
2013-01-16,107.3,107.34,107.15,107.27,83.4548313388203,533974,0,1
2013-01-17,106.84,106.91,106.67,106.78,83.0736169512374,436006,0,1
2013-01-18,106.96,107.13,106.93,107.08,83.3070135150637,560099,0,1
2013-01-22,106.87,107.22,106.85,107.17,83.3770324842116,595317,0,1
2013-01-23,107.25,107.35,107.15,107.22,83.415931911516,603575,0,1
2013-01-24,107.14,107.16,106.91,107.04,83.2758939732202,376264,0,1
2013-01-25,106.53,106.63,106.26,106.33,82.723522105498,570593,0,1
2013-01-28,105.89,106.14,105.89,106.11,82.5523646253587,1327966,0,1
2013-01-29,106.15,106.32,105.93,105.95,82.4278864579847,480547,0,1
2013-01-30,105.87,106.03,105.72,106.01,82.4745657707499,453170,0,1
2013-01-31,106.11,106.11,105.93,106.1,82.5445847398978,902426,0,1
2013-02-01,106.41,106.43,105.56,105.6,82.2645656564701,2587867,0.1401,1
2013-02-04,105.93,106.27,105.89,106.21,82.7397681664175,693371,0,1
2013-02-05,105.81,105.88,105.73,105.83,82.4437403733356,797647,0,1
2013-02-06,106.06,106.2,105.95,106.15,82.6930269359309,816718,0,1
2013-02-07,106.15,106.45,106.14,106.2,82.7319779613364,969949,0,1
2013-02-08,106.22,106.32,105.97,106.28,82.7942996019853,952746,0,1
2013-02-11,106.2,106.31,106.17,106.17,82.7086073460931,558712,0,1
2013-02-12,106.01,106.17,105.98,106.06,82.622915090201,531480,0,1
2013-02-13,105.72,105.87,105.64,105.69,82.3346775022001,610674,0,1
2013-02-14,105.95,106.15,105.81,106.14,82.6852367308498,987954,0,1
2013-02-15,106.04,106.1,105.85,106.04,82.6073346800388,681616,0,1
2013-02-19,106.19,106.21,105.86,105.87,82.47490119366,498718,0,1
2013-02-20,105.83,106.12,105.79,106.1,82.6540759105254,869878,0,1
2013-02-21,106.33,106.5,106.28,106.31,82.8176702172286,680938,0,1
2013-02-22,106.34,106.48,106.33,106.44,82.918942883283,412753,0,1
2013-02-25,106.17,107.26,106.16,107.26,83.5577396999336,2908904,0,1
2013-02-26,107.06,107.38,106.98,107.06,83.4019355983115,860898,0,1
2013-02-27,107.34,107.37,106.92,107.01,83.362984572906,398783,0,1
2013-02-28,107.12,107.17,106.99,107.16,83.4798376491225,534348,0,1
2013-03-01,107.19,107.33,107.11,107.3,83.6876405906405,876440,0.1267,1
2013-03-04,107.22,107.26,107.05,107.05,83.4926554075309,572513,0,1
2013-03-05,106.97,107.01,106.82,106.94,83.4068619269627,224607,0,1
2013-03-06,106.62,106.78,106.6,106.6,83.1416820779336,1091613,0,1
2013-03-07,106.41,106.43,106.17,106.19,82.8219063776339,804445,0,1
2013-03-08,105.64,105.84,105.57,105.65,82.4007383821172,1651864,0,1
2013-03-11,105.75,105.8,105.65,105.7,82.4397354187391,1465793,0,1
2013-03-12,105.86,106.05,105.85,105.99,82.6659182311462,525264,0,1
2013-03-13,105.8,106.01,105.72,105.9,82.5957235652267,1116499,0,1
2013-03-14,105.69,106.01,105.66,105.93,82.6191217871999,557389,0,1
2013-03-15,105.99,106.32,105.99,106.3,82.9076998582021,1184615,0,1
2013-03-18,106.68,106.69,106.49,106.65,83.1806791145555,1441931,0,1
2013-03-19,106.77,107.11,106.74,106.98,83.4380595562602,545214,0,1
2013-03-20,106.7,106.83,106.56,106.57,83.1182838559605,742768,0,1
2013-03-21,106.85,106.86,106.68,106.85,83.3366672610432,669684,0,1
2013-03-22,106.92,106.95,106.68,106.89,83.3678648903408,296972,0,1
2013-03-25,106.71,107.12,106.68,106.97,83.4302601489358,319404,0,1
2013-03-26,106.75,107.12,106.73,107.08,83.5160536295041,546280,0,1
2013-03-27,107.46,107.66,107.46,107.54,83.8748263664257,623604,0,1
2013-03-28,107.43,107.57,107.32,107.34,83.718838219938,378339,0,1
2013-04-01,107.22,107.55,107.22,107.48,83.9408187116788,2471041,0.1446,1
2013-04-02,107.32,107.35,107.22,107.27,83.776810785279,984891,0,1
2013-04-03,107.41,107.82,107.41,107.72,84.12825634185,1233970,0,1
2013-04-04,107.91,108.16,107.88,108.15,84.4640820959068,584757,0,1
2013-04-05,108.53,108.7,108.43,108.49,84.7296187386494,663705,0,1
2013-04-08,108.43,108.51,108.13,108.14,84.4562721946497,858110,0,1
2013-04-09,108.32,108.38,108.12,108.18,84.4875117996782,507764,0,1
2013-04-10,107.94,107.97,107.71,107.73,84.1360662431072,340865,0,1
2013-04-11,107.85,107.97,107.79,107.85,84.2297850581928,1132160,0,1
2013-04-12,108.25,108.45,108.13,108.45,84.6983791336208,827631,0,1
2013-04-15,108.4,108.69,108.36,108.69,84.8858167637921,587205,0,1
2013-04-16,108.35,108.51,108.33,108.38,84.6437098248209,1226700,0,1
2013-04-17,108.44,108.81,108.4,108.58,84.7999078499636,988226,0,1
2013-04-18,108.66,108.76,108.57,108.64,84.8467672575064,705548,0,1
2013-04-19,108.58,108.58,108.49,108.58,84.7999078499636,750424,0,1
2013-04-22,108.63,108.75,108.58,108.64,84.8467672575064,379810,0,1
2013-04-23,108.77,109.04,108.54,108.57,84.7920979487064,449752,0,1
2013-04-24,108.56,108.69,108.55,108.62,84.8311474549921,279387,0,1
2013-04-25,108.47,108.54,108.39,108.5,84.7374286399065,293260,0,1
2013-04-26,108.78,108.92,108.75,108.89,85.0420147889347,433220,0,1
2013-04-29,108.96,108.99,108.83,108.85,85.0107751839062,809972,0,1
2013-04-30,109.01,109.14,108.79,108.83,84.9951553813919,752620,0,1
2013-05-01,108.92,109.17,108.92,109.05,85.2723545496818,803570,0.1349,1
2013-05-02,108.99,109.06,108.93,109.05,85.2723545496818,921280,0,1
2013-05-03,108.47,108.5,108.05,108.12,84.5451350198221,879453,0,1
2013-05-06,108.15,108.19,107.89,107.98,84.4356611121012,433911,0,1
2013-05-07,107.81,107.94,107.81,107.83,84.3183676395432,543961,0,1
2013-05-08,107.93,108.09,107.9,107.96,84.4200219824268,1114353,0,1
2013-05-09,108.04,108.24,107.91,107.94,84.4043828527524,587247,0,1
2013-05-10,107.75,107.75,107.08,107.33,83.9273893976831,529648,0,1
2013-05-13,107.1,107.17,107.07,107.14,83.7788176657763,417594,0,1
2013-05-14,107.28,107.32,106.67,106.71,83.4425763777766,876899,0,1
2013-05-15,107.03,107.13,106.73,106.99,83.6615241932183,768194,0,1
2013-05-16,107.24,107.62,107.22,107.5,84.0603219999156,697842,0,1
2013-05-17,107.33,107.37,106.9,106.92,83.6067872393579,365779,0,1
2013-05-20,107.09,107.12,106.73,106.84,83.5442307206603,1439963,0,1
2013-05-21,106.8,107.14,106.58,107.12,83.7631785361019,530516,0,1
2013-05-22,107.2,107.43,106.22,106.27,83.0985155249398,1797341,0,1
2013-05-23,106.61,106.64,106.13,106.38,83.184530738149,950087,0,1
2013-05-24,106.5,106.68,106.36,106.42,83.2158089974978,349704,0,1
2013-05-28,106.08,106.15,105.15,105.17,82.2383633928476,1156914,0,1
2013-05-29,105.25,105.6,105.19,105.6,82.5746046808473,1588360,0,1
2013-05-30,105.57,105.75,105.41,105.61,82.5824242456845,577958,0,1
2013-05-31,105.71,105.75,104.83,105.32,82.3556568654056,1639397,0,1
2013-06-03,104.98,105.84,104.22,105.33,82.4741717539912,3269163,0.1416,1
2013-06-04,105.09,105.32,105.01,105.06,82.2627597500647,1235037,0,1
2013-06-05,105.29,105.61,105.25,105.57,82.6620935352592,1298866,0,1
2013-06-06,105.48,106.33,105.3,105.7,82.7638845001127,2471852,0,1
2013-06-07,105.35,105.55,104.88,104.88,82.1218184141137,652213,0,1
2013-06-10,104.68,104.81,104.47,104.62,81.9182364844067,694550,0,1
2013-06-11,104.25,104.88,104.19,104.88,82.1218184141137,756033,0,1
2013-06-12,104.49,104.95,104.41,104.41,81.7538049257972,528606,0,1
2013-06-13,104.67,105.32,104.66,105.2,82.3723807891377,1180064,0,1
2013-06-14,105.41,105.64,105.27,105.34,82.4820018282107,599639,0,1
2013-06-17,105.46,105.48,105.02,105.09,82.2862499727232,478333,0,1
2013-06-18,104.85,105.12,104.79,105.03,82.2392695274062,428938,0,1
2013-06-19,105.09,107.59,103.48,103.59,81.1117388397983,1281500,0,1
2013-06-20,103.22,103.43,102.81,103.12,80.7437253514818,1982451,0,1
2013-06-21,102.91,103,102.02,102.03,79.8902472615563,1777107,0,1
2013-06-24,101.26,102.2,101.25,101.78,79.6944954060688,2731500,0,1
2013-06-25,102.06,102.12,101.56,101.66,79.6005345154348,771942,0,1
2013-06-26,102.24,102.31,101.76,102.07,79.9215675584343,1015250,0,1
2013-06-27,102.49,102.66,102.22,102.62,80.3522216405068,948969,0,1
2013-06-28,102.13,102.56,101.97,102.5,80.2582607498728,1017616,0,1
2013-07-01,102.21,102.48,102.03,102.4,80.289017281407,1127006,0.1393,1
2013-07-02,102.42,102.57,102.28,102.44,80.3203801787825,385324,0,1
2013-07-03,102.45,102.65,102.23,102.24,80.1635656919048,1233114,0,1
2013-07-05,100.89,100.93,100.45,100.52,78.8149611047562,924080,0,1
2013-07-08,100.86,101.19,100.84,101.11,79.2775638410455,1137124,0,1
2013-07-09,101.28,101.39,101.2,101.28,79.4108561548916,558359,0,1
2013-07-10,101.24,101.38,100.9,100.92,79.1285900785117,1005458,0,1
2013-07-11,101.66,101.93,101.57,101.93,79.9205032372443,818616,0,1
2013-07-12,102.21,102.31,101.68,101.85,79.8577774424932,1919501,0,1
2013-07-15,101.97,102.17,101.94,102.17,80.1086806214976,563656,0,1
2013-07-16,102.16,102.32,102.1,102.22,80.147884243217,713288,0,1
2013-07-17,102.81,102.85,102.52,102.67,80.500716838692,696268,0,1
2013-07-18,102.64,102.64,102.19,102.19,80.1243620701854,717802,0,1
2013-07-19,102.45,102.76,102.44,102.75,80.5634426334431,459444,0,1
2013-07-22,102.74,102.86,102.67,102.74,80.5556019090992,450264,0,1
2013-07-23,102.51,102.65,102.39,102.62,80.4615132169725,13316436,0,1
2013-07-24,102,102.11,101.65,101.93,79.9205032372443,837325,0,1
2013-07-25,101.62,102.09,101.6,102.08,80.0381141024026,712225,0,1
2013-07-26,102.18,102.24,102.06,102.17,80.1086806214976,544817,0,1
2013-07-29,102.04,102.09,101.85,101.96,79.9440254102759,420285,0,1
2013-07-30,102.06,102.1,101.81,101.93,79.9205032372443,306826,0,1
2013-07-31,101.22,102.08,101.14,102,79.9753883076515,930522,0,1
2013-08-01,101.49,101.53,100.86,100.96,79.2703088188101,1177282,0.1407,1
2013-08-02,101.48,101.82,101.42,101.82,79.9455511482889,4335468,0,1
2013-08-05,101.61,101.65,101.41,101.5,79.6942981884828,390419,0,1
2013-08-06,101.44,101.59,101.39,101.53,79.7178531534647,256991,0,1
2013-08-07,101.65,101.96,101.63,101.9,80.0083643882404,493155,0,1
2013-08-08,102.04,102.15,101.93,102.05,80.1261392131495,804948,0,1
2013-08-09,101.9,102.13,101.88,102.12,80.1811007981071,557561,0,1
2013-08-12,102.27,102.27,101.88,101.92,80.0240676982283,400377,0,1
2013-08-13,101.3,101.3,100.92,101,79.3017154387859,566473,0,1
2013-08-14,101,101.15,100.97,101.09,79.3723803337313,1672265,0,1
2013-08-15,100.53,100.86,100.3,100.53,78.9326876540707,15452300,0,1
2013-08-16,100.56,100.56,99.85,100.14,78.6264731093071,1066939,0,1
2013-08-19,99.86,99.92,99.61,99.71,78.2888519445677,892200,0,1
2013-08-20,100.07,100.27,100.05,100.25,78.7128413142404,1221527,0,1
2013-08-21,100,100.25,99.58,99.62,78.2181870496223,945051,0,1
2013-08-22,99.54,99.75,99.33,99.58,78.1867804296465,755097,0,1
2013-08-23,99.5,100.21,99.41,100.14,78.6264731093071,991033,0,1
2013-08-26,100.36,100.39,100.15,100.34,78.7835062091859,512576,0,1
2013-08-27,100.68,100.97,100.53,100.91,79.2310505438404,532434,0,1
2013-08-28,100.62,100.65,100.3,100.5,78.9091326890889,761737,0,1
2013-08-29,100.21,100.73,100.16,100.6,78.9876492390283,470922,0,1
2013-08-30,100.67,100.72,100.41,100.41,78.8384677941435,1038187,0,1
2013-09-03,99.83,99.92,99.27,99.69,78.3916144051284,796008,0.1509,1
2013-09-04,99.75,99.79,99.29,99.36,78.1321176376122,824430,0,1
2013-09-05,99.03,99.11,98.6,98.6,77.5344887184839,1722670,0,1
2013-09-06,99.31,99.59,99.04,99.2,78.0063010230589,1033869,0,1
2013-09-09,99.59,99.63,99.35,99.4,78.1635717912505,764266,0,1
2013-09-10,99.05,99.27,98.94,98.94,77.8018490244097,1895265,0,1
2013-09-11,99.26,99.46,99,99.44,78.1950259448888,885295,0,1
2013-09-12,99.72,99.82,99.41,99.45,78.2028894832984,796759,0,1
2013-09-13,99.47,99.69,99.45,99.58,78.305115482623,1166470,0,1
2013-09-16,100.48,100.5,99.76,99.8,78.4781133276338,1872208,0,1
2013-09-17,100.05,100.06,99.8,100,78.6353840958255,943341,0,1
2013-09-18,99.9,101.49,99.59,101.24,79.6104628586137,1341855,0,1
2013-09-19,101.23,101.23,100,100.89,79.3352390142783,1592798,0,1
2013-09-20,100.96,101.15,100.83,100.99,79.4138743983741,300589,0,1
2013-09-23,101.09,101.38,101.09,101.37,79.7126888579383,2003224,0,1
2013-09-24,101.46,101.8,101.41,101.74,80.0036397790928,1149757,0,1
2013-09-25,101.7,102.04,101.67,102.02,80.2238188545611,569921,0,1
2013-09-26,101.77,101.87,101.67,101.8,80.0508210095503,568141,0,1
2013-09-27,101.84,102.15,101.84,101.94,80.1609105472845,2349356,0,1
2013-09-30,102.06,102.11,101.84,102.11,80.2945907002474,3785186,0,1
2013-10-01,101.85,101.89,101.66,101.73,80.1163463024097,1937015,0.1533,1
2013-10-02,101.87,102.15,101.86,101.9,80.250227938814,799925,0,1
2013-10-03,101.83,102.28,101.78,102.04,80.3604834040881,651818,0,1
2013-10-04,101.92,101.96,101.64,101.76,80.1399724735399,1160884,0,1
2013-10-07,102.06,102.08,101.81,101.85,80.2108509869304,454426,0,1
2013-10-08,101.8,102,101.7,101.8,80.1714740350468,818146,0,1
2013-10-09,101.79,101.83,101.54,101.62,80.0297170082657,506463,0,1
2013-10-10,101.27,101.48,101.19,101.4,79.8564584199778,649080,0,1
2013-10-11,101.69,101.83,101.5,101.55,79.9745892756287,850097,0,1
2013-10-14,101.55,101.69,101.13,101.21,79.7068260028201,183164,0,1
2013-10-15,101.41,101.46,101.17,101.23,79.7225767835735,368081,0,1
2013-10-16,101.13,101.73,101,101.72,80.108470912033,2339581,0,1
2013-10-17,102.1,102.41,102.04,102.3,80.5652435538829,2950481,0,1
2013-10-18,102.43,102.46,102.28,102.31,80.5731189442597,582640,0,1
2013-10-21,102.28,102.29,102.11,102.24,80.5179912116226,321723,0,1
2013-10-22,102.75,102.97,102.72,102.95,81.07714392837,484738,0,1
2013-10-23,103.02,103.31,103.02,103.13,81.218900955151,280833,0,1
2013-10-24,103.21,103.23,102.91,102.92,81.0535177572398,591230,0,1
2013-10-25,103.01,103.14,102.98,103.1,81.1952747840208,552797,0,1
2013-10-28,103,103.12,102.96,103,81.1165208802536,600763,0,1
2013-10-29,102.91,103.14,102.88,103.14,81.2267763455277,274652,0,1
2013-10-30,103.2,103.4,102.76,102.87,81.0141408053562,1753061,0,1
2013-10-31,103.11,103.13,102.56,102.75,80.9196361208355,892970,0,1
2013-11-01,102.38,102.42,101.99,102.02,80.4718878888182,680147,0.1615,1
2013-11-04,102.21,102.32,102.17,102.22,80.6296449715252,436966,0,1
2013-11-05,101.93,101.99,101.67,101.76,80.2668036812992,656898,0,1
2013-11-06,101.92,102.11,101.92,102.07,80.511327159495,692718,0,1
2013-11-07,102.16,102.42,102.13,102.34,80.7242992211494,415047,0,1
2013-11-08,101.33,101.4,101.16,101.19,79.8171959955844,2497682,0,1
2013-11-11,101.25,101.26,101.14,101.14,79.7777567249076,144017,0,1
2013-11-12,101.09,101.25,100.98,101.05,79.7067660376895,1052053,0,1
2013-11-13,101.36,101.52,101.32,101.47,80.0380559113741,1122723,0,1
2013-11-14,101.55,101.99,101.55,101.96,80.4245607640061,694120,0,1
2013-11-15,101.97,101.99,101.79,101.88,80.3614579309234,359182,0,1
2013-11-18,101.94,102.27,101.94,102.24,80.6454206797959,2852978,0,1
2013-11-19,102.04,102.1,101.83,101.86,80.3456822226527,559234,0,1
2013-11-20,101.88,102.11,101.26,101.3,79.9039623910732,1562671,0,1
2013-11-21,101.09,101.44,100.96,101.39,79.9749530782913,804750,0,1
2013-11-22,101.49,101.71,101.45,101.68,80.2037008482164,807891,0,1
2013-11-25,101.63,101.84,101.61,101.76,80.2668036812992,487423,0,1
2013-11-26,101.85,102.08,101.81,101.98,80.4403364722768,425383,0,1
2013-11-27,101.94,101.95,101.5,101.75,80.2589158271638,476918,0,1
2013-11-29,101.56,101.77,101.55,101.69,80.2115887023517,652134,0,1
2013-12-02,101.3,101.33,101.01,101.09,79.8677389985274,2912226,0.1641,1
2013-12-03,101.35,101.44,101.23,101.27,80.0099508198721,477170,0,1
2013-12-04,100.77,100.93,100.71,100.81,79.646520609769,943640,0,1
2013-12-05,100.65,100.78,100.51,100.56,79.4490041912347,374085,0,1
2013-12-06,100.5,100.81,100.46,100.65,79.5201101019071,415617,0,1
2013-12-09,100.71,100.85,100.65,100.77,79.6149179828035,541801,0,1
2013-12-10,101.1,101.23,100.97,101.19,79.9467455659411,334707,0,1
2013-12-11,101.03,101.11,100.8,100.8,79.6386199530276,372409,0,1
2013-12-12,100.61,100.69,100.48,100.51,79.4095009075279,1156175,0,1
2013-12-13,100.66,100.72,100.55,100.66,79.5280107586484,433981,0,1
2013-12-16,100.86,100.87,100.52,100.61,79.4885074749416,572401,0,1
2013-12-17,100.6,100.93,100.6,100.93,79.7413284906655,694771,0,1
2013-12-18,100.65,101.04,100.15,100.55,79.4411035344933,1997675,0,1
2013-12-19,100.11,100.22,100,100.13,79.1092759513557,978694,0,1
2013-12-20,100.26,100.46,100.18,100.44,79.3541963103383,510517,0,1
2013-12-23,100.28,100.38,100.1,100.12,79.1013752946144,5238449,0,1
2013-12-24,99.84,99.91,99.7,99.73,78.7932496817009,770627,0,1
2013-12-26,99.49,99.56,99.43,99.48,78.7251483907873,787533,0.1638,1
2013-12-27,99.47,99.6,99.38,99.42,78.6776663953766,640448,0,1
2013-12-30,99.55,99.7,99.54,99.69,78.8913353747244,1327970,0,1
2013-12-31,99.51,99.63,99.18,99.24,78.5352204091448,1553552,0,1
2014-01-02,99.39,99.68,99.38,99.63,78.8438533793138,1161835,0,1
2014-01-03,99.51,99.74,99.48,99.57,78.7963713839031,637503,0,1
2014-01-06,99.66,99.97,99.66,99.85,79.0179540291527,666232,0,1
2014-01-07,99.92,100.05,99.85,100.01,79.1445726835809,1055741,0,1
2014-01-08,99.68,99.74,99.46,99.52,78.7568030543943,1216749,0,1
2014-01-09,99.67,99.83,99.5,99.78,78.9625583678403,806054,0,1
2014-01-10,100.3,100.67,100.29,100.62,79.6273063035888,713276,0,1
2014-01-13,100.72,100.97,100.7,100.91,79.8568026147401,581594,0,1
2014-01-14,100.7,100.78,100.51,100.53,79.5560833104729,366741,0,1
2014-01-15,100.26,100.49,100.23,100.44,79.484860317357,997318,0,1
2014-01-16,100.68,100.77,100.61,100.72,79.7064429626065,333253,0,1
2014-01-17,100.7,100.96,100.61,100.96,79.8963709442489,754409,0,1
2014-01-21,100.8,100.92,100.78,100.85,79.8093206193295,1927071,0,1
2014-01-22,100.62,100.73,100.55,100.57,79.5877379740799,1150924,0,1
2014-01-23,100.9,101.38,100.9,101.25,80.1258672554002,1080180,0,1
2014-01-24,101.6,101.75,101.45,101.66,80.4503275573726,565168,0,1
2014-01-27,101.49,101.69,101.33,101.35,80.2050039144178,2196710,0,1
2014-01-28,101.49,101.51,101.31,101.5,80.3237089029444,452693,0,1
2014-01-29,101.81,102.13,101.62,101.98,80.7035648662292,1422751,0,1
2014-01-30,101.74,101.91,101.64,101.88,80.6244282072116,685359,0,1
2014-01-31,102.21,102.28,102.05,102.28,80.9409748432823,670547,0,1
2014-02-03,101.96,102.67,101.86,102.66,81.3803803511113,4629823,0.1752,1
2014-02-04,102.32,102.39,102.24,102.35,81.1346379206725,2617260,0,1
2014-02-05,102.21,102.25,101.98,101.98,80.8413324391811,817640,0,1
2014-02-06,101.86,101.88,101.71,101.79,80.6907161108477,885868,0,1
2014-02-07,101.88,102.21,101.86,102.06,80.9047498405847,1066979,0,1
2014-02-10,101.95,102.14,101.95,102.11,80.9443857164619,589339,0,1
2014-02-11,101.75,101.82,101.61,101.66,80.5876628335669,625810,0,1
2014-02-12,101.52,101.52,101.28,101.42,80.3974106293562,743461,0,1
2014-02-13,101.79,101.92,101.73,101.9,80.7779150377776,941357,0,1
2014-02-14,101.85,101.9,101.72,101.83,80.7224248115494,467560,0,1
2014-02-18,101.98,102.17,101.93,102.08,80.9206041909355,1003572,0,1
2014-02-19,102.29,102.31,101.83,101.88,80.7620606874267,907240,0,1
2014-02-20,101.76,101.94,101.57,101.77,80.6748617604968,842910,0,1
2014-02-21,101.66,101.91,101.64,101.9,80.7779150377776,405010,0,1
2014-02-24,101.9,101.91,101.65,101.8,80.6986432860231,1531085,0,1
2014-02-25,101.99,102.17,101.95,102.15,80.9760944171637,402686,0,1
2014-02-26,102.15,102.45,102.11,102.45,81.213909672427,485968,0,1
2014-02-27,102.51,102.64,102.48,102.57,81.3090357745323,559426,0,1
2014-02-28,102.38,102.56,102.16,102.47,81.2297640227779,609946,0,1
2014-03-03,102.6,102.83,102.43,102.81,81.6307173722818,2540544,0.1658,1
2014-03-04,102.44,102.44,102,102.02,81.0034606197859,1080165,0,1
2014-03-05,101.88,102.14,101.81,102.13,81.0908001676018,614733,0,1
2014-03-06,101.69,101.81,101.61,101.69,80.7414419763382,534665,0,1
2014-03-07,101.17,101.37,101.15,101.25,80.3920837850747,645122,0,1
2014-03-10,101.28,101.43,101.25,101.36,80.4794233328906,1013910,0,1
2014-03-11,101.32,101.54,101.23,101.46,80.5588229218141,1571017,0,1
2014-03-12,101.77,101.92,101.69,101.86,80.8764212775082,818978,0,1
2014-03-13,101.59,102.47,101.58,102.46,81.3528188110494,1638946,0,1
2014-03-14,102.6,102.61,102.29,102.47,81.3607587699418,1314375,0,1
2014-03-17,102.26,102.33,102.04,102.06,81.0352204553553,1085414,0,1
2014-03-18,102.08,102.31,102.06,102.31,81.2337194276641,861229,0,1
2014-03-19,102.16,102.22,101.21,101.36,80.4794233328906,1355491,0,1
2014-03-20,101.32,101.46,101.23,101.38,80.4953032506753,1748137,0,1
2014-03-21,101.37,101.6,101.36,101.57,80.64616246963,466504,0,1
2014-03-24,101.32,101.71,101.31,101.61,80.6779223051994,1222569,0,1
2014-03-25,101.53,101.71,101.45,101.55,80.6302825518453,739413,0,1
2014-03-26,101.59,101.98,101.58,101.98,80.9717007842165,830041,0,1
2014-03-27,101.84,102.19,101.84,102.08,81.05110037314,303608,0,1
2014-03-28,101.98,102.03,101.64,101.72,80.7652618530153,661639,0,1
2014-03-31,101.45,101.76,101.38,101.73,80.7732018119077,1982886,0,1
2014-04-01,101.4,101.42,101.26,101.33,80.6061506347838,2562647,0.1896,1
2014-04-02,101.05,101.08,100.86,100.89,80.2561387303201,806757,0,1
2014-04-03,100.97,101.12,100.91,100.96,80.3118224423938,297969,0,1
2014-04-04,101.25,101.63,101.25,101.58,80.8050210350472,731943,0,1
2014-04-07,101.74,101.92,101.72,101.82,80.9959366193001,1751691,0,1
2014-04-08,101.8,102,101.66,101.96,81.1073040434477,666143,0,1
2014-04-09,101.72,102.07,101.63,101.93,81.0834395954161,1350474,0,1
2014-04-10,102,102.59,102,102.36,81.4254966838692,1056611,0,1
2014-04-11,102.62,102.65,102.44,102.57,81.5925478200905,918534,0,1
2014-04-14,102.44,102.53,102.3,102.41,81.4652707639219,1468605,0,1
2014-04-15,102.33,102.74,102.26,102.53,81.5607285560484,614336,0,1
2014-04-16,102.28,102.43,102.25,102.37,81.4334514998798,1405493,0,1
2014-04-17,102.31,102.31,101.65,101.79,80.9720721712685,584580,0,1
2014-04-21,101.88,101.96,101.71,101.77,80.9561625392474,1021113,0,1
2014-04-22,101.61,101.75,101.52,101.73,80.9243432752053,482827,0,1
2014-04-23,101.88,102.07,101.84,101.99,81.1311684914793,306422,0,1
2014-04-24,101.76,102.04,101.75,101.96,81.1073040434477,345676,0,1
2014-04-25,102.13,102.34,102.08,102.1,81.2186714675952,388912,0,1
2014-04-28,102.07,102.17,101.81,101.95,81.0993492274371,574919,0,1
2014-04-29,101.79,102.04,101.76,102.04,81.170942571532,760073,0,1
2014-04-30,102.18,102.36,102,102.31,81.3857226038165,544748,0,1
2014-05-01,102.18,102.61,102.11,102.41,81.6196562420912,21829478,0.1941,1
2014-05-02,102.11,102.74,102,102.56,81.7392046107692,1343722,0,1
2014-05-05,102.71,102.71,102.42,102.5,81.691385263298,929438,0,1
2014-05-06,102.52,102.65,102.45,102.62,81.7870239582404,566302,0,1
2014-05-07,102.56,102.77,102.42,102.7,81.850783088202,1107574,0,1
2014-05-08,102.8,102.98,102.65,102.81,81.9384518918992,1444338,0,1
2014-05-09,102.64,102.8,102.64,102.73,81.8746927619376,354499,0,1
2014-05-12,102.54,102.61,102.41,102.46,81.6595056983172,759591,0,1
2014-05-13,102.72,102.86,102.68,102.86,81.9783013481252,603732,0,1
2014-05-14,103.11,103.48,103.07,103.33,82.3528862366496,635401,0,1
2014-05-15,103.5,103.89,103.33,103.7,82.647772212722,1347309,0,1
2014-05-16,103.53,103.67,103.46,103.48,82.4724346053276,452558,0,1
2014-05-19,103.61,103.74,103.35,103.35,82.36882601914,325447,0,1
2014-05-20,103.39,103.76,103.39,103.65,82.607922756496,34764383,0,1
2014-05-21,103.41,103.51,103.28,103.49,82.4804044965728,881734,0,1
2014-05-22,103.43,103.48,103.28,103.38,82.3927356928756,678759,0,1
2014-05-23,103.53,103.62,103.47,103.59,82.5601034090248,486751,0,1
2014-05-27,103.5,103.64,103.34,103.62,82.5840130827604,996974,0,1
2014-05-28,103.96,104.26,103.94,104.19,83.0382968837368,968209,0,1
2014-05-29,104.31,104.53,104.06,104.06,82.9346882975492,753119,0,1
2014-05-30,103.91,104.1,103.77,103.98,82.8709291675876,902363,0,1
2014-06-02,103.53,103.68,103.23,103.33,82.4926980538185,2032826,0.1754,1
2014-06-03,103.18,103.18,102.8,102.81,82.0775601172272,1563563,0,1
2014-06-04,102.91,102.92,102.67,102.73,82.013692742367,1566687,0,1
2014-06-05,102.68,103,102.68,102.88,82.1334440702298,1585817,0,1
2014-06-06,103.1,103.2,102.77,102.8,82.0695766953696,940583,0,1
2014-06-09,102.69,102.71,102.55,102.65,81.9498253675067,816477,0,1
2014-06-10,102.53,102.56,102.4,102.47,81.8061237740713,1207106,0,1
2014-06-11,102.57,102.7,102.47,102.61,81.9178916800766,814849,0,1
2014-06-12,102.65,103.06,102.56,103.01,82.2372285543777,1319453,0,1
2014-06-13,102.54,102.94,102.53,102.81,82.0775601172272,752876,0,1
2014-06-16,102.82,102.95,102.74,102.81,82.0775601172272,1401009,0,1
2014-06-17,102.62,102.66,102.36,102.38,81.7342729773535,33268450,0,1
2014-06-18,102.63,102.92,102.42,102.92,82.16537775766,1472226,0,1
2014-06-19,103.08,103.16,102.56,102.66,81.9578087893643,1054979,0,1
2014-06-20,102.57,102.79,102.53,102.78,82.0536098516546,576996,0,1
2014-06-23,102.92,102.96,102.71,102.71,81.9977258986519,764168,0,1
2014-06-24,102.98,103.13,102.79,103.13,82.333029616668,443836,0,1
2014-06-25,103.4,103.47,103.2,103.23,82.4128638352433,977518,0,1
2014-06-26,103.42,103.62,103.4,103.5,82.6284162253965,822279,0,1
2014-06-27,103.62,103.73,103.5,103.5,82.6284162253965,933197,0,1
2014-06-30,103.61,103.68,103.43,103.58,82.6922836002567,1268936,0,1
2014-07-01,103.14,103.26,103.03,103.05,82.4225525160096,17393004,0.1921,1
2014-07-02,102.84,102.85,102.6,102.63,82.0866236265702,1779105,0,1
2014-07-03,102.22,102.46,102.2,102.42,81.9186591818506,1079879,0,1
2014-07-07,102.54,102.74,102.54,102.67,82.1186168541359,1030967,0,1
2014-07-08,102.99,103.19,102.95,103.14,82.4945372780323,491522,0,1
2014-07-09,103.05,103.28,102.8,103.16,82.5105338918151,1113908,0,1
2014-07-10,103.52,103.64,103.34,103.38,82.6864966434262,728625,0,1
2014-07-11,103.5,103.65,103.46,103.55,82.8224678605802,688616,0,1
2014-07-14,103.47,103.47,103.29,103.32,82.6385068020777,974825,0,1
2014-07-15,103.29,103.56,103.13,103.23,82.566522040055,933535,0,1
2014-07-16,103.26,103.42,103.2,103.38,82.6864966434262,15784261,0,1
2014-07-17,103.7,104.05,103.54,103.98,83.166395056911,1367376,0,1
2014-07-18,103.88,103.93,103.63,103.77,82.9984306121913,386901,0,1
2014-07-21,103.84,104.04,103.8,103.8,83.0224255328655,339554,0,1
2014-07-22,103.84,103.93,103.68,103.93,83.1264035224539,484228,0,1
2014-07-23,104.03,104.05,103.89,103.92,83.1184052155625,523575,0,1
2014-07-24,103.61,103.65,103.49,103.5,82.7824763261231,600871,0,1
2014-07-25,103.77,103.93,103.7,103.9,83.1024086017797,781404,0,1
2014-07-28,103.78,103.9,103.64,103.78,83.0064289190827,1447951,0,1
2014-07-29,103.9,103.95,103.72,103.92,83.1184052155625,465685,0,1
2014-07-30,103.49,103.5,103.1,103.19,82.5345288124893,1067455,0,1
2014-07-31,102.93,103.3,102.88,103.16,82.5105338918151,1506542,0,1
2014-08-01,103.27,103.67,103.05,103.57,82.9948897617305,3466780,0.1956,1
2014-08-04,103.67,103.77,103.59,103.63,83.042970223116,1672554,0,1
2014-08-05,103.5,103.77,103.36,103.68,83.0830372742707,1012986,0,1
2014-08-06,103.99,103.99,103.74,103.77,83.155157966349,1139133,0,1
2014-08-07,103.82,104.24,103.69,104.24,83.5317882472027,1386143,0,1
2014-08-08,104.41,104.57,104.11,104.15,83.4596675551243,913851,0,1
2014-08-11,104.18,104.23,104.01,104.1,83.4196005039697,419771,0,1
2014-08-12,104.14,104.2,103.95,103.95,83.2993993505058,416308,0,1
2014-08-13,104.11,104.34,104.06,104.29,83.5718552983573,732402,0,1
2014-08-14,104.49,104.55,104.31,104.5,83.7401369132069,638830,0,1
2014-08-15,104.49,105.23,104.45,104.92,84.0767001429059,1570686,0,1
2014-08-18,104.69,104.74,104.54,104.59,83.8122576052852,13822301,0,1
2014-08-19,104.81,104.81,104.43,104.48,83.724110092745,769934,0,1
2014-08-20,104.41,104.46,104.12,104.17,83.4756943755862,1052181,0,1
2014-08-21,104.19,104.44,104.19,104.39,83.6519894006666,630263,0,1
2014-08-22,104.36,104.46,104.07,104.4,83.6600028108976,1393446,0,1
2014-08-25,104.4,104.5,104.3,104.48,83.724110092745,837545,0,1
2014-08-26,104.61,104.63,104.43,104.46,83.7080832722831,590238,0,1
2014-08-27,104.64,104.76,104.54,104.75,83.9404721689801,881302,0,1
2014-08-28,105.02,105.04,104.81,104.89,84.0526599122131,938408,0,1
2014-08-29,104.87,105.04,104.81,104.9,84.060673322444,1407082,0,1
2014-09-02,104.3,104.31,104.05,104.05,83.5245369122847,2058613,0.181,1
2014-09-03,103.93,104.24,103.87,104.2,83.6449471048541,1456922,0,1
2014-09-04,104.08,104.16,103.77,103.83,83.3479352965163,1994374,0,1
2014-09-05,104.18,104.24,103.81,103.86,83.3720173350302,1098413,0,1
2014-09-08,104.13,104.18,103.67,103.75,83.283716527146,1340947,0,1
2014-09-09,103.53,103.65,103.46,103.51,83.091060219035,1205876,0,1
2014-09-10,103.33,103.38,103.23,103.25,82.8823492185814,1311766,0,1
2014-09-11,103.4,103.46,103.1,103.12,82.7779937183546,1224819,0,1
2014-09-12,102.88,102.94,102.68,102.73,82.4649272176743,2178437,0,1
2014-09-15,102.87,102.97,102.83,102.92,82.6174467949288,1505415,0,1
2014-09-16,103.04,103.15,102.87,102.89,82.5933647564149,24978403,0,1
2014-09-17,103.05,103.27,102.62,102.63,82.3846537559614,2704650,0,1
2014-09-18,102.63,102.65,102.45,102.56,82.3284623327623,556773,0,1
2014-09-19,102.73,102.98,102.58,102.95,82.6415288334427,920620,0,1
2014-09-22,103.05,103.23,102.99,103.17,82.8181304492111,1932572,0,1
2014-09-23,103.26,103.39,103.17,103.39,82.9947320649795,963683,0,1
2014-09-24,103.33,103.41,103.07,103.1,82.761939026012,485276,0,1
2014-09-25,103.25,103.61,103.25,103.6,83.1633063345766,398972,0,1
2014-09-26,103.48,103.49,103.26,103.38,82.9867047188082,716145,0,1
2014-09-29,103.73,103.78,103.64,103.71,83.2516071424608,2344479,0,1
2014-09-30,103.6,103.77,103.54,103.62,83.1793610269192,1544639,0,1
2014-10-01,103.84,104.31,103.84,104.3,83.8768820205158,3345973,0.1889,1
2014-10-02,104.25,104.38,103.97,103.99,83.6275835217012,2084114,0,1
2014-10-03,103.73,103.97,103.61,103.96,83.6034578605256,1159143,0,1
2014-10-06,103.97,104.26,103.88,104.13,83.7401699405207,1201687,0,1
2014-10-07,104.46,104.78,104.34,104.74,84.2307250510913,1429765,0,1
2014-10-08,104.81,105.13,104.49,105.11,84.5282748722571,2701865,0,1
2014-10-09,105.04,105.18,104.91,104.93,84.3835209052035,5847965,0,1
2014-10-10,105.1,105.39,105.03,105.34,84.7132382746034,4675298,0,1
2014-10-13,105.52,105.94,105.44,105.89,85.1555420628228,1562153,0,1
2014-10-14,105.91,106.13,105.77,106.1,85.324421691052,2196710,0,1
2014-10-15,107.5,108.8818,106.45,106.7,85.8069349145641,2196784,0,1
2014-10-16,107.24,107.32,106.25,106.41,85.5737201898666,1786694,0,1
2014-10-17,106.14,106.26,105.88,106.1,85.324421691052,1143342,0,1
2014-10-20,106.39,106.42,106.11,106.25,85.4450499969301,1562153,0,1
2014-10-21,106,106.2,105.91,105.96,85.2118352722325,1973187,0,1
2014-10-22,105.84,105.96,105.72,105.93,85.187709611057,951841,0,1
2014-10-23,105.63,105.68,105.31,105.49,84.8338665804814,1281658,0,1
2014-10-24,105.6,105.82,105.52,105.58,84.9062435640082,678828,0,1
2014-10-27,105.55,105.79,105.55,105.69,84.9947043216521,872518,0,1
2014-10-28,105.58,105.61,105.37,105.43,84.7856152581302,771574,0,1
2014-10-29,105.29,105.35,104.74,105.08,84.5041492110815,1453066,0,1
2014-10-30,105.28,105.44,105.14,105.19,84.5926099687254,1220836,0,1
2014-10-31,105.12,105.16,104.89,105.02,84.4558978887303,886915,0,1
2014-11-03,104.7,104.85,104.45,104.8,84.4241485186232,2348858,0.1805,1
2014-11-04,104.88,105.05,104.75,104.79,84.4160927792608,3854700,0,1
2014-11-05,104.64,104.83,104.62,104.82,84.4402599973482,1079746,0,1
2014-11-06,104.62,104.79,104.49,104.5,84.1824763377493,1026060,0,1
2014-11-07,104.77,105.18,104.76,105.17,84.7222108750344,994243,0,1
2014-11-10,105.16,105.16,104.73,104.74,84.3758140824484,1427893,0,1
2014-11-11,104.74,104.77,104.62,104.75,84.3838698218109,1220836,0,1
2014-11-12,104.99,105.06,104.68,104.71,84.351646864361,658278,0,1
2014-11-13,104.84,104.95,104.72,104.88,84.4885944335229,743426,0,1
2014-11-14,104.75,105.16,104.7,105.1,84.6658206994971,629808,0,1
2014-11-17,105.25,105.25,104.91,104.98,84.5691518271476,496483,0,1
2014-11-18,105.01,105.13,104.98,105.1,84.6658206994971,510094,0,1
2014-11-19,104.82,105.11,104.77,104.82,84.4402599973482,559979,0,1
2014-11-20,105.22,105.22,104.89,105.01,84.593319045235,811479,0,1
2014-11-21,105.04,105.22,105.01,105.22,84.7624895718467,855816,0,1
2014-11-24,105.04,105.35,104.99,105.34,84.8591584441963,13802443,0,1
2014-11-25,105.29,105.63,105.25,105.6,85.0686076676203,1244619,0,1
2014-11-26,105.82,105.9,105.74,105.78,85.2136109761447,523280,0,1
2014-11-28,106.07,106.2,106,106.19,85.5438962900057,367286,0,1
2014-12-01,106.31,106.37,105.75,105.75,85.3344333718247,2063355,0.18,1
2014-12-02,105.43,105.5,105.26,105.28,84.9551692235055,990589,0,1
2014-12-03,105.22,105.35,105.15,105.32,84.9874470233625,851948,0,1
2014-12-04,105.34,105.69,105.26,105.69,85.2860166720393,968328,0,1
2014-12-05,105.28,105.31,104.93,105.1,84.8099191241492,1035865,0,1
2014-12-08,105.1,105.63,105.09,105.45,85.0923498728976,858327,0,1
2014-12-09,105.92,106.12,105.74,105.84,85.4070584215029,945943,0,1
2014-12-10,105.79,106.37,105.79,106.32,85.7943920197863,996836,0,1
2014-12-11,106.1,106.25,105.91,106.14,85.64914192043,15223612,0,1
2014-12-12,106.62,107.02,106.47,107.01,86.3511840673188,7233693,0,1
2014-12-15,106.63,106.95,106.5,106.62,86.0364755187135,1248068,0,1
2014-12-16,107.28,107.28,106.76,107.16,86.4722258167824,10633799,0,1
2014-12-17,106.98,107.2,106.39,106.42,85.8750865194287,2086053,0,1
2014-12-18,105.86,105.95,105.73,105.82,85.3909195215744,4833264,0,1
2014-12-19,105.99,106.21,105.91,106.21,85.7056280701797,847776,0,1
2014-12-22,106.12,106.3,106.05,106.21,85.7056280701797,2366655,0,1
2014-12-23,105.91,105.98,105.32,105.33,84.9955164733267,1360300,0,1
2014-12-24,105.03,105.28,104.94,105.25,85.0564763261365,1098170,0.1555,1
2014-12-26,105.44,105.44,105.25,105.39,85.1696155820573,373621,0,1
2014-12-29,105.58,105.83,105.56,105.75,85.4605450972821,2447338,0,1
2014-12-30,106.01,106.08,105.81,105.87,85.557521602357,1194705,0,1
2014-12-31,105.94,106.08,105.93,105.99,85.6544981074319,1010401,0,1
2015-01-02,106.09,106.66,106.06,106.53,86.0908923802691,2028645,0,1
2015-01-05,106.71,107.25,106.66,107.18,86.6161817827583,1521651,0,1
2015-01-06,107.63,108.47,107.53,107.9,87.1980408132079,1890219,0,1
2015-01-07,107.59,108.01,107.46,107.88,87.1818780623621,1558017,0,1
2015-01-08,107.53,107.57,107.31,107.44,86.826297543754,1670991,0,1
2015-01-09,107.57,108.1,107.46,107.97,87.2546104411683,1107814,0,1
2015-01-12,108.08,108.44,108.02,108.35,87.5617027072389,2700938,0,1
2015-01-13,108.23,108.64,108.12,108.45,87.642516461468,1038763,0,1
2015-01-14,109.2,109.35,108.89,108.95,88.0465852326136,1545786,0,1
2015-01-15,109.01,109.9,108.94,109.88,88.7981531469443,1374118,0,1
2015-01-16,109.64,109.74,109.06,109.07,88.1435617376885,1689143,0,1
2015-01-20,109.29,109.66,109.16,109.32,88.3455961232613,1346249,0,1
2015-01-21,109.39,109.53,108.75,108.8,87.9253646012699,2298220,0,1
2015-01-22,109.07,109.1,108.4,108.53,87.7071674648513,1330757,0,1
2015-01-23,108.93,109.28,108.93,109.24,88.280945119878,1248213,0,1
2015-01-26,109.16,109.27,108.9,108.99,88.0789107343052,1546243,0,1
2015-01-27,109.59,109.71,109.02,109.14,88.2001313656489,863258,0,1
2015-01-28,109.18,110.13,109.18,109.98,88.8789669011734,3346336,0,1
2015-01-29,109.67,109.8,109.42,109.59,88.5637932596799,1393398,0,1
2015-01-30,110.52,110.59,110.07,110.55,89.3396053002793,2219816,0,1
2015-02-02,109.95,110.4,109.93,110.23,89.2280281742278,11544681,0.1819,1
2015-02-03,109.73,109.74,109.29,109.3,88.4752198080658,1465234,0,1
2015-02-04,108.96,109.54,108.88,109.48,88.6209246531294,1655499,0,1
2015-02-05,109.23,109.27,108.97,109.08,88.2971361085437,1392746,0,1
2015-02-06,108.37,108.47,107.85,107.86,87.309581047557,2016707,0,1
2015-02-09,108.2,108.21,107.8,107.81,87.2691074794838,1599871,0,1
2015-02-10,107.63,107.74,107.46,107.54,87.0505502118884,1244524,0,1
2015-02-11,107.65,107.75,107.32,107.5,87.0181713574298,1286060,0,1
2015-02-12,107.48,107.81,107.46,107.54,87.0505502118884,1845161,0,1
2015-02-13,107.5,107.55,107.17,107.18,86.7591405217612,1302374,0,1
2015-02-17,107.06,107.15,106.25,106.42,86.1439422870482,2170133,0,1
2015-02-18,106.5,107.21,106.4,106.93,86.5567726813951,8204563,0,1
2015-02-19,106.83,107.06,106.56,106.66,86.3382154137997,1459483,0,1
2015-02-20,107.03,107.21,106.39,106.6,86.2896471321118,1893037,0,1
2015-02-23,106.89,107.12,106.85,107.09,86.6862880992294,818228,0,1
2015-02-24,106.94,107.81,106.71,107.8,87.2610127658691,1180930,0,1
2015-02-25,107.78,107.95,107.63,107.9,87.3419599020156,595307,0,1
2015-02-26,107.74,107.86,107.25,107.26,86.8238982306783,865919,0,1
2015-02-27,107.51,107.68,107.23,107.64,87.1314973480348,2901730,0,1
2015-03-02,107.38,107.41,106.65,106.67,86.4839720650304,10270838,0.1701,1
2015-03-03,106.64,106.81,106.4,106.44,86.2974968276163,1224366,0,1
2015-03-04,106.63,106.72,106.37,106.52,86.3623577797604,1871140,0,1
2015-03-05,106.54,106.75,106.36,106.58,86.4110034938684,2253247,0,1
2015-03-06,105.84,105.86,105.44,105.49,85.5272730209061,1734018,0,1
2015-03-09,105.9,105.98,105.75,105.98,85.9245463527882,1218142,0,1
2015-03-10,106.45,106.59,106.29,106.43,86.2893892085983,1309240,0,1
2015-03-11,106.39,106.71,106.33,106.62,86.4434339699404,945718,0,1
2015-03-12,107.01,107.06,106.55,106.72,86.5245101601204,916832,0,1
2015-03-13,106.61,106.93,106.5,106.56,86.3947882558324,846871,0,1
2015-03-16,106.96,107.1,106.75,106.93,86.6947701594985,639357,0,1
2015-03-17,107.17,107.2,107.02,107.15,86.8731377778945,768475,0,1
2015-03-18,107.45,108.48,107.13,108.38,87.8703749171088,1963573,0,1
2015-03-19,108.13,108.29,107.73,107.87,87.4568863471907,985624,0,1
2015-03-20,108.23,108.31,108.12,108.31,87.8136215839828,1194754,0,1
2015-03-23,108.41,108.5,108.2,108.45,87.9271282502348,795140,0,1
2015-03-24,108.46,108.78,108.37,108.78,88.1946796778289,584474,0,1
2015-03-25,108.79,108.84,108.31,108.31,87.8136215839828,1240161,0,1
2015-03-26,108.14,108.15,107.61,107.7,87.3190568238846,928335,0,1
2015-03-27,107.91,108.2,107.91,108.12,87.6595768226407,2492527,0,1
2015-03-30,108.16,108.24,107.97,108.11,87.6514692036227,2017697,0,1
2015-03-31,108.1,108.4,108.02,108.39,87.8784825361268,2137197,0,1
2015-04-01,108.55,108.85,108.53,108.73,88.2958846537449,2570114,0.1748,1
2015-04-02,108.71,108.73,108.39,108.42,88.0441443406513,1126377,0,1
2015-04-06,108.95,109.04,108.49,108.56,88.1578335143065,1268498,0,1
2015-04-07,108.43,108.69,108.32,108.65,88.2309194116562,750727,0,1
2015-04-08,108.67,108.69,108.33,108.55,88.1497128590454,886446,0,1
2015-04-09,108.48,108.49,108.01,108.11,87.7924040275578,890636,0,1
2015-04-10,108.32,108.38,108.06,108.08,87.7680420617746,789682,0,1
2015-04-13,108.14,108.37,108.12,108.3,87.9466964775184,624751,0,1
2015-04-14,108.8,108.97,108.53,108.62,88.206557445873,825393,0,1
2015-04-15,108.79,108.85,108.63,108.68,88.2552813774395,566363,0,1
2015-04-16,108.74,108.9,108.43,108.76,88.3202466195281,903307,0,1
2015-04-17,108.67,109.12,108.6,108.98,88.4989010352719,1945689,0,1
2015-04-20,108.93,108.96,108.65,108.78,88.3364879300503,878102,0,1
2015-04-21,108.7,108.72,108.5,108.55,88.1497128590454,810963,0,1
2015-04-22,108.48,108.48,107.9,107.92,87.6381115775972,725115,0,1
2015-04-23,107.99,108.38,107.93,108.25,87.906093201213,918703,0,1
2015-04-24,108.42,108.66,108.41,108.63,88.2146781011341,739100,0,1
2015-04-27,108.51,108.62,108.3,108.46,88.0766269616957,854431,0,1
2015-04-28,108.2,108.44,107.92,107.96,87.6705941986416,1101126,0,1
2015-04-29,107.45,107.73,107.31,107.56,87.3457679881983,1117974,0,1
2015-04-30,107.18,107.62,106.96,107.53,87.321406022415,2650580,0,1
2015-05-01,107.05,107.16,106.7,106.78,86.8449143939882,1854335,0.1632,1
2015-05-04,106.87,107.02,106.55,106.56,86.6659868685463,2784879,0,1
2015-05-05,106.62,106.62,106.12,106.38,86.5195916204576,2050766,0,1
2015-05-06,106.2,106.27,105.74,105.86,86.0966720148678,1802121,0,1
2015-05-07,106.05,106.42,105.97,106.31,86.4626601350897,2201276,0,1
2015-05-08,106.96,107.04,106.6,106.72,86.7961159779586,1004275,0,1
2015-05-11,106.39,106.39,105.64,105.67,85.9421436974408,1324415,0,1
2015-05-12,105.5,105.97,105.4,105.75,86.0072082521469,1431025,0,1
2015-05-13,106.15,106.15,105.56,105.61,85.8933452814112,1221195,0,1
2015-05-14,105.75,106.08,105.75,105.97,86.1861357775887,617522,0,1
2015-05-15,106.28,106.8,106.23,106.73,86.8042490472968,854920,0,1
2015-05-18,106.3,106.39,105.99,106.01,86.2186680549418,1000353,0,1
2015-05-19,105.53,105.98,105.42,105.54,85.8364137960434,1240363,0,1
2015-05-20,105.8,106.07,105.62,105.77,86.0234743908235,1682632,0,1
2015-05-21,106.1,106.42,106.03,106.4,86.5358577591341,836720,0,1
2015-05-22,106.2,106.28,105.94,106.16,86.3406640950158,852271,0,1
2015-05-26,106.21,106.82,106.17,106.82,86.8774466713412,1925632,0,1
2015-05-27,106.68,106.84,106.46,106.76,86.8286482553116,1015002,0,1
2015-05-28,106.75,106.95,106.66,106.86,86.9099789486943,1068213,0,1
2015-05-29,107.05,107.19,106.91,106.92,86.9587773647239,1148489,0,1
2015-06-01,106.73,106.81,106.15,106.28,86.5757813699018,2161689,0.1691,1
2015-06-02,105.88,105.91,105.47,105.54,85.9729767197915,1484536,0,1
2015-06-03,105.14,105.14,104.58,104.64,85.2398359291167,1703421,0,1
2015-06-04,104.86,105.3,104.86,105.15,85.6552823771657,1594759,0,1
2015-06-05,104.41,104.71,104.21,104.39,85.0361857094848,1384897,0,1
2015-06-08,104.66,104.74,104.53,104.54,85.158375841264,877795,0,1
2015-06-09,104.45,104.49,104.08,104.2,84.8814115425646,822405,0,1
2015-06-10,104.03,104.09,103.76,103.8,84.5555711911536,967016,0,1
2015-06-11,104.16,104.63,104.02,104.61,85.2153979027609,3069681,0,1
2015-06-12,104.44,104.99,104.42,104.56,85.1746678588345,1578061,0,1
2015-06-15,105.09,105.15,104.71,104.81,85.3783180784664,1478756,0,1
2015-06-16,105.04,105.24,104.89,105.21,85.7041584298774,778955,0,1
2015-06-17,105.06,105.38,104.58,105.27,85.753034482589,1994007,0,1
2015-06-18,105.13,105.29,104.79,105.19,85.6878664123068,1481643,0,1
2015-06-19,105.58,105.78,105.51,105.75,86.1440429042822,1849557,0,1
2015-06-22,105.28,105.32,104.82,104.86,85.4190481223928,860294,0,1
2015-06-23,104.48,104.91,104.43,104.54,85.158375841264,925000,0,1
2015-06-24,104.72,104.9,104.53,104.85,85.4109021136075,1176460,0,1
2015-06-25,104.59,104.77,104.43,104.59,85.1991058851903,919781,0,1
2015-06-26,104.19,104.29,103.97,104.09,84.7918054459266,1441467,0,1
2015-06-29,104.75,105.4,104.61,105.3,85.7774725089449,1500935,0,1
2015-06-30,104.85,105.37,104.85,105.01,85.5412382541719,1599431,0,1
2015-07-01,104.4,104.51,104.15,104.3,85.0952165767482,3738762,0.1625,1
2015-07-02,104.66,104.86,104.59,104.67,85.3970883901077,1924562,0,1
2015-07-06,105.46,105.56,105.02,105.41,86.0008320168267,1723334,0,1
2015-07-07,105.98,106.31,105.64,105.69,86.229275551261,2083920,0,1
2015-07-08,105.9,106.24,105.79,106.11,86.5719408529123,1991178,0,1
2015-07-09,105.59,105.72,105.35,105.37,85.9681972261933,1206892,0,1
2015-07-10,104.69,104.97,104.46,104.64,85.3726122971326,3719864,0,1
2015-07-13,104.18,104.59,104.18,104.36,85.1441687626984,1322259,0,1
2015-07-14,104.64,104.72,104.54,104.69,85.4134057854244,1321618,0,1
2015-07-15,104.57,105.17,104.56,105.09,85.739753691759,1239457,0,1
2015-07-16,104.82,105.17,104.75,105.05,85.7071189011256,811424,0,1
2015-07-17,104.95,105.16,104.94,105.06,85.715277598784,881337,0,1
2015-07-20,104.88,104.92,104.67,104.85,85.5439449479583,842512,0,1
2015-07-21,104.74,105.19,104.7,105.14,85.7805471800509,676589,0,1
2015-07-22,105.17,105.43,105.16,105.27,85.8866102496096,523796,0,1
2015-07-23,105.17,105.7,105.14,105.7,86.2374342489193,1064779,0,1
2015-07-24,105.78,105.85,105.61,105.8,86.319021225503,1098407,0,1
2015-07-27,106.18,106.23,106,106.15,86.6045756435458,1392598,0,1
2015-07-28,105.89,105.99,105.8,105.85,86.3598147137948,6205216,0,1
2015-07-29,105.75,106.09,105.55,105.7,86.2374342489193,2107317,0,1
2015-07-30,105.63,105.85,105.56,105.82,86.3353386208197,683203,0,1
2015-07-31,106.35,106.52,106.24,106.44,86.8411778756383,1112962,0,1
2015-08-03,106.3,106.7,106.26,106.6,87.1056901965504,2627739,0.1642,1
2015-08-04,106.45,106.5,105.99,106.05,86.656270594223,1035970,0,1
2015-08-05,105.8,105.82,105.49,105.64,86.3212487088517,1283304,0,1
2015-08-06,105.8,106.06,105.75,106.01,86.6235855322356,731689,0,1
2015-08-07,106.1,106.46,106.04,106.43,86.9667786831038,1533727,0,1
2015-08-10,106.08,106.19,105.87,105.99,86.6072430012418,1123860,0,1
2015-08-11,106.56,106.93,106.55,106.69,87.1792315860222,2263757,0,1
2015-08-12,106.86,107.22,106.64,106.65,87.1465465240347,1765673,0,1
2015-08-13,106.41,106.64,106.28,106.37,86.9177510901226,1626459,0,1
2015-08-14,106.18,106.44,106.08,106.26,86.8278671696571,612489,0,1
2015-08-17,106.62,106.7,106.43,106.45,86.9831212140975,905284,0,1
2015-08-18,106.27,106.49,106.24,106.28,86.8442097006509,690422,0,1
2015-08-19,106.07,107.01,106.06,106.93,87.3753419579469,1444456,0,1
2015-08-20,107.09,107.31,107.01,107.22,87.6123086573559,1933290,0,1
2015-08-21,107.37,107.71,107.25,107.65,87.963673073721,2123585,0,1
2015-08-24,108.5,108.76,107.58,107.83,88.1107558526645,3074757,0,1
2015-08-25,107.41,107.42,106.85,107.24,87.6286511883496,2925477,0,1
2015-08-26,106.75,107.23,106.49,106.58,87.0893476655567,3512937,0,1
2015-08-27,106.43,106.71,106.33,106.52,87.0403200725755,1414053,0,1
2015-08-28,106.95,107.03,106.46,106.54,87.0566626035693,1998020,0,1
2015-08-31,106.92,106.95,106.33,106.36,86.9095798246258,5431550,0,1
2015-09-01,106.49,106.7,106.38,106.67,87.2994349871138,3749727,0.1671,1
2015-09-02,106.43,106.67,106.33,106.38,87.0620970650526,2441745,0,1
2015-09-03,106.64,106.69,106.37,106.64,87.2748827882799,1791281,0,1
2015-09-04,106.84,107.08,106.62,106.97,87.5449569754529,1421259,0,1
2015-09-08,106.52,106.63,106.42,106.5,87.1603058603883,1583452,0,1
2015-09-09,106.09,106.68,106.06,106.54,87.1930421255002,1397242,0,1
2015-09-10,106.45,106.46,106.17,106.3,86.9966245348289,1601595,0,1
2015-09-11,106.52,106.71,106.48,106.58,87.2257783906121,1069031,0,1
2015-09-14,106.8,106.81,106.56,106.68,87.3076190533918,897453,0,1
2015-09-15,106.47,106.51,105.82,105.84,86.6201574860422,1902966,0,1
2015-09-16,105.78,106.02,105.7,105.81,86.5956052872083,1305302,0,1
2015-09-17,105.76,106.7,105.76,106.69,87.3158031196697,2394260,0,1
2015-09-18,106.97,107.21,106.85,107.19,87.7250064335683,2074189,0,1
2015-09-21,106.8,107.19,106.48,106.58,87.2257783906121,1591722,0,1
2015-09-22,106.99,107.3,106.91,107.11,87.6595339033445,1395531,0,1
2015-09-23,107.03,107.12,106.85,106.99,87.5613251080089,1364258,0,1
2015-09-24,107.43,107.54,107.12,107.15,87.6922701684564,1393007,0,1
2015-09-25,106.83,106.96,106.71,106.87,87.4631163126732,1563955,0,1
2015-09-28,107.02,107.48,106.97,107.48,87.9623443556294,1925986,0,1
2015-09-29,107.57,107.93,107.48,107.85,88.2651548079143,2460864,0,1
2015-09-30,107.62,107.9,107.59,107.87,88.2815229404703,2676042,0,1
2015-10-01,107.9,108.05,107.75,107.79,88.3505146191936,10101258,0.1643,1
2015-10-02,108.75,108.97,108.13,108.31,88.7767347472387,3320214,0,1
2015-10-05,108.08,108.08,107.67,107.71,88.284942291802,3034855,0,1
2015-10-06,107.63,107.98,107.59,107.93,88.4652661921288,2104009,0,1
2015-10-07,107.67,107.81,107.52,107.66,88.2439595871823,2337984,0,1
2015-10-08,107.7,107.79,107.28,107.38,88.0144564413119,2176753,0,1
2015-10-09,107.33,107.53,107.28,107.44,88.0636356868555,1069416,0,1
2015-10-12,107.65,107.82,107.56,107.8,88.3587111601175,1336282,0,1
2015-10-13,107.88,107.94,107.62,107.9,88.440676569357,1849725,0,1
2015-10-14,108.28,108.51,108.06,108.49,88.9242724838697,1359562,0,1
2015-10-15,108.31,108.34,108.05,108.12,88.6210004696837,1075494,0,1
2015-10-16,108.23,108.23,107.97,108.03,88.5472316013682,1772972,0,1
2015-10-19,108.03,108.05,107.75,107.98,88.5062488967485,1744458,0,1
2015-10-20,107.67,107.73,107.56,107.61,88.2029768825626,1134472,0,1
2015-10-21,107.81,108.05,107.81,107.98,88.5062488967485,6576472,0,1
2015-10-22,108.03,108.2,107.85,108.09,88.5964108469119,2411351,0,1
2015-10-23,107.62,107.62,107.45,107.48,88.0964218505513,2029608,0,1
2015-10-26,107.66,107.8,107.63,107.76,88.3259249964217,3131479,0,1
2015-10-27,108,108.19,107.94,108.03,88.5472316013682,1373143,0,1
2015-10-28,107.98,108,107.33,107.47,88.0882253096274,2058238,0,1
2015-10-29,107.21,107.22,106.79,106.81,87.5472536086471,1772374,0,1
2015-10-30,106.89,107.08,106.85,107.02,87.7193809680499,3424763,0,1
2015-11-02,106.63,106.7,106.52,106.55,87.4677537189175,5313463,0.163,1
2015-11-03,106.46,106.52,106.22,106.27,87.2378994623122,1941748,0,1
2015-11-04,106.3,106.47,106.06,106.16,87.1475995757887,1933175,0,1
2015-11-05,106.16,106.19,105.93,106.09,87.0901360116374,1554567,0,1
2015-11-06,105.44,105.52,105.23,105.37,86.499082208938,2968599,0,1
2015-11-09,105.04,105.35,105.02,105.19,86.3513187582631,3223859,0,1
2015-11-10,105.36,105.58,105.25,105.39,86.5155003701241,1467928,0,1
2015-11-11,105.29,105.39,105.25,105.34,86.4744549671588,1638103,0,1
2015-11-12,105.35,105.58,105.35,105.4,86.5237094507171,2399121,0,1
2015-11-13,105.62,105.83,105.62,105.8,86.852072674439,2665321,0,1
2015-11-16,105.99,106.09,105.82,105.94,86.9669998027417,1412794,0,1
2015-11-17,105.62,106.06,105.54,105.91,86.9423725609625,1180042,0,1
2015-11-18,105.79,105.97,105.68,105.86,86.9013271579973,941502,0,1
2015-11-19,106.12,106.2,106.03,106.09,87.0901360116374,1967208,0,1
2015-11-20,106.15,106.23,105.95,105.95,86.9752088833347,1287915,0,1
2015-11-23,105.89,106.18,105.85,106.09,87.0901360116374,1377063,0,1
2015-11-24,106.15,106.32,106.12,106.19,87.1722268175679,1094521,0,1
2015-11-25,106.25,106.32,106.09,106.25,87.2214813011261,752373,0,1
2015-11-27,106.35,106.44,106.34,106.36,87.3117811876497,759634,0,1
2015-11-30,106.35,106.42,106.34,106.4,87.3446175100218,2266947,0,1
2015-12-01,106.24,106.81,106.24,106.8,87.8084469816902,2805943,0.165,1
2015-12-02,106.56,106.63,106.36,106.5,87.5617940407304,1579083,0,1
2015-12-03,106.03,106.04,105.17,105.38,86.6409563944805,2750561,0,1
2015-12-04,105.59,105.88,105.49,105.77,86.9616052177282,2232462,0,1
2015-12-07,105.83,106.35,105.8,106.11,87.2411452174827,1954043,0,1
2015-12-08,106.37,106.37,106.05,106.17,87.2904758056746,1519925,0,1
2015-12-09,106.11,106.46,105.87,106.33,87.4220240408532,3711095,0,1
2015-12-10,106.37,106.38,106.09,106.1,87.232923452784,1545241,0,1
2015-12-11,106.61,107.09,106.58,106.95,87.9317734521701,3353194,0,1
2015-12-14,106.5,106.64,106.16,106.16,87.282254040976,2204444,0,1
2015-12-15,105.76,105.99,105.72,105.89,87.0602663941121,1591016,0,1
2015-12-16,105.69,105.98,105.4,105.61,86.8300569825496,1911925,0,1
2015-12-17,105.76,106.11,105.76,106.05,87.1918146292907,1202613,0,1
2015-12-18,106.3,106.54,106.21,106.43,87.5042416878398,4396745,0,1
2015-12-21,106.39,106.61,106.39,106.48,87.5453505113331,1603188,0,1
2015-12-22,106.3,106.36,106.08,106.18,87.2986975703733,1411761,0,1
2015-12-23,105.9,105.99,105.8,105.94,87.1013752176054,1380840,0,1
2015-12-24,105.86,105.97,105.78,105.97,87.2605272055833,654226,0.1636,1
2015-12-28,105.94,106.16,105.88,105.99,87.2769961170121,2198303,0,1
2015-12-29,105.88,105.88,105.35,105.43,86.8158665970052,1752471,0,1
2015-12-30,105.35,105.59,105.28,105.47,86.8488044198629,1358076,0,1
2015-12-31,105.64,105.79,105.5,105.59,86.9476178884358,1906042,0,1
2016-01-04,106.09,106.4,105.99,106.04,87.3181683955841,6183691,0,1
2016-01-05,105.97,106.2,105.83,106.01,87.2934650284409,2122790,0,1
2016-01-06,106.46,106.67,106.37,106.65,87.820470194163,1906133,0,1
2016-01-07,106.79,106.88,106.42,106.88,88.0098626755944,3105959,0,1
2016-01-08,106.78,107.2,106.69,107.15,88.2321929798835,1783361,0,1
2016-01-11,106.78,107.05,106.7,106.81,87.9522214855936,4816069,0,1
2016-01-12,106.77,107.53,106.7,107.29,88.3474753598852,8962479,0,1
2016-01-13,107.22,107.86,107.13,107.71,88.6933224998903,2664067,0,1
2016-01-14,107.6,107.8,107.24,107.49,88.5121644741733,2597273,0,1
2016-01-15,108.17,108.19,107.89,107.99,88.9238872598937,4334263,0,1
2016-01-19,107.82,108.09,107.72,107.85,88.808604879892,4896453,0,1
2016-01-20,108.37,108.78,108.3,108.38,89.2450310327556,4949141,0,1
2016-01-21,108.52,108.63,108.04,108.11,89.0227007284666,2385705,0,1
2016-01-22,107.75,107.96,107.62,107.87,88.8250737913208,1735976,0,1
2016-01-25,108.11,108.24,108,108.23,89.1215141970395,1190886,0,1
2016-01-26,108.23,108.43,108.13,108.31,89.1873898427548,1288089,0,1
2016-01-27,108.23,108.42,107.85,108.39,89.25326548847,1802330,0,1
2016-01-28,108.23,108.59,108.18,108.53,89.3685478684718,2222908,0,1
2016-01-29,108.91,109.18,108.78,109.11,89.8461462999074,3805520,0,1
2016-02-01,108.81,108.95,108.56,108.7,89.6395981534407,6812969,0.1592,1
2016-02-02,109.22,109.55,109.21,109.47,90.2745796674991,4141629,0,1
2016-02-03,109.37,110.07,109.32,109.35,90.175621509464,12145045,0,1
2016-02-04,109.48,109.65,109.29,109.61,90.3900308518733,2431129,0,1
2016-02-05,109.4,109.82,109.31,109.75,90.5054820362476,1440225,0,1
2016-02-08,110.14,110.65,110.08,110.57,91.1816961161539,2824825,0,1
2016-02-09,110.92,110.92,110.49,110.59,91.1981891424931,2679616,0,1
2016-02-10,110.57,110.96,110.31,110.92,91.4703240770896,2027201,0,1
2016-02-11,111.74,112.01,111.3,111.43,91.8908962487387,3743031,0,1
2016-02-12,110.94,111.09,110.38,110.58,91.1899426293235,3258702,0,1
2016-02-16,110.38,110.4,110.11,110.25,90.9178076947271,2816846,0,1
2016-02-17,110.02,110.04,109.67,109.98,90.6951518391481,4856453,0,1
2016-02-18,109.88,110.54,109.88,110.49,91.1157240107972,3125792,0,1
2016-02-19,110.39,110.63,110.29,110.49,91.1157240107972,1340004,0,1
2016-02-22,110.38,110.47,110.3,110.38,91.0250123659317,1012216,0,1
2016-02-23,110.09,110.7,110.04,110.6,91.2064356556627,2257761,0,1
2016-02-24,111.02,111.39,110.49,110.6,91.2064356556627,2947905,0,1
2016-02-25,110.92,111.16,110.7,110.93,91.4785705902592,1983585,0,1
2016-02-26,110.35,110.5,110.23,110.39,91.0332588791013,2957945,0,1
2016-02-29,110.4,110.63,110.34,110.57,91.1816961161539,3861617,0,1
2016-03-01,110.54,110.54,109.5,109.55,90.470325501303,5901215,0.1574,1
2016-03-02,109.27,109.4,109.16,109.36,90.313416675696,3011187,0,1
2016-03-03,109.34,109.62,109.25,109.49,90.4207753458481,2092991,0,1
2016-03-04,109.27,109.44,108.93,109.12,90.1152160538766,1781243,0,1
2016-03-07,108.95,108.98,108.81,108.9,89.9335321505422,2349425,0,1
2016-03-08,109.54,109.75,109.46,109.53,90.453808782818,1747706,0,1
2016-03-09,109.19,109.32,108.98,109.1,90.0986993353916,1537962,0,1
2016-03-10,109.11,109.24,108.54,108.71,89.7766233249352,2798658,0,1
2016-03-11,108.73,108.73,108.31,108.4,89.5206141884185,1785107,0,1
2016-03-14,108.54,108.69,108.43,108.48,89.5866810623583,2662203,0,1
2016-03-15,108.71,108.8,108.43,108.46,89.5701643438733,2960772,0,1
2016-03-16,108.31,110.96,108.2,109.03,90.0408908206943,2052518,0,1
2016-03-17,109.15,109.27,109.07,109.15,90.139991131604,2745539,0,1
2016-03-18,109.3,109.47,109.21,109.34,90.296899957211,2434715,0,1
2016-03-21,109.1,109.18,108.99,109.03,90.0408908206943,1725040,0,1
2016-03-22,109.28,109.3,108.77,108.8,89.8509485581174,1437662,0,1
2016-03-23,108.92,109.4,108.92,109.3,90.2638665202411,1405403,0,1
2016-03-24,109.48,109.58,109.01,109.19,90.1730245685739,1548217,0,1
2016-03-28,109.31,109.52,109.23,109.35,90.3051583164535,1291403,0,1
2016-03-29,109.6,110.09,109.53,110.09,90.9162769003966,2980968,0,1
2016-03-30,109.84,110.02,109.61,109.94,90.7924015117595,2808816,0,1
2016-03-31,110.07,110.44,109.92,110.34,91.1227358814584,3759192,0,1
2016-04-01,110.18,110.31,109.91,110.14,91.0965866127531,5489061,0.1683,1
2016-04-04,110.25,110.34,110.11,110.27,91.2041093679706,3035621,0,1
2016-04-05,110.68,110.76,110.55,110.71,91.568032539476,1951521,0,1
2016-04-06,110.57,110.66,110.33,110.47,91.3695289913822,1646006,0,1
2016-04-07,110.78,111.09,110.74,111.04,91.8409749181051,2069775,0,1
2016-04-08,110.81,110.89,110.68,110.87,91.7003682382053,1309765,0,1
2016-04-11,110.6,110.92,110.57,110.85,91.6838262758641,879562,0,1
2016-04-12,110.54,110.66,110.33,110.41,91.3199031043587,1363334,0,1
2016-04-13,110.25,110.56,110.22,110.49,91.3860709537233,1466429,0,1
2016-04-14,110.27,110.42,110.14,110.23,91.1710254432883,1403933,0,1
2016-04-15,110.35,110.66,110.31,110.56,91.4439678219174,1657759,0,1
2016-04-18,110.48,110.48,110.28,110.45,91.352987029041,1297792,0,1
2016-04-19,110.3,110.39,110.13,110.27,91.2041093679706,1219611,0,1
2016-04-20,110.28,110.45,109.68,109.71,90.7409344224182,1939831,0,1
2016-04-21,109.47,109.66,109.4,109.53,90.5920567613478,1636622,0,1
2016-04-22,109.53,109.59,109.34,109.41,90.4928049873008,952119,0,1
2016-04-25,109.36,109.5,109.28,109.29,90.3935532132539,1416250,0,1
2016-04-26,109.24,109.25,109,109.06,90.2033206463306,1127133,0,1
2016-04-27,109.35,109.76,109.19,109.66,90.6995795165653,1734041,0,1
2016-04-28,109.68,110.07,109.63,110.04,91.0138768010473,2807314,0,1
2016-04-29,109.82,110.1,109.72,110,90.980792876365,2858518,0,1
2016-05-02,109.66,109.79,109.51,109.52,90.7170891837034,2226803,0.1612,1
2016-05-03,110.14,110.27,110.08,110.17,91.2554941140303,2331240,0,1
2016-05-04,110.19,110.39,110,110.37,91.4211571695156,1176898,0,1
2016-05-05,110.33,110.67,110.14,110.67,91.6696517527434,1257480,0,1
2016-05-06,110.59,110.64,110.29,110.41,91.4542897806126,1675657,0,1
2016-05-09,110.55,110.63,110.46,110.62,91.6282359888721,1459864,0,1
2016-05-10,110.57,110.65,110.48,110.6,91.6116696833235,1506878,0,1
2016-05-11,110.55,110.89,110.49,110.77,91.752483280486,1606832,0,1
2016-05-12,110.44,110.6,110.36,110.47,91.5039886972582,1261487,0,1
2016-05-13,110.54,110.92,110.49,110.89,91.8518811137771,5007347,0,1
2016-05-16,110.62,110.62,110.45,110.49,91.5205550028067,1708120,0,1
2016-05-17,110.41,110.57,110.33,110.34,91.3963077111928,1158742,0,1
2016-05-18,110.1,110.12,109.32,109.45,90.6591071142836,2946529,0,1
2016-05-19,109.57,109.73,109.51,109.56,90.7502217948004,1345048,0,1
2016-05-20,109.58,109.74,109.48,109.63,90.8082038642202,1059416,0,1
2016-05-23,109.72,109.8,109.57,109.7,90.8661859336401,892284,0,1
2016-05-24,109.51,109.63,109.36,109.52,90.7170891837034,965245,0,1
2016-05-25,109.49,109.63,109.42,109.47,90.6756734198321,890348,0,1
2016-05-26,109.65,109.9,109.58,109.81,90.9573006141569,998294,0,1
2016-05-27,109.85,109.89,109.47,109.6,90.7833544058975,1995252,0,1
2016-05-31,109.33,109.84,109.33,109.73,90.8910353919629,1734699,0,1
2016-06-01,109.85,109.9,109.48,109.53,90.860754670366,2786439,0.1634,1
2016-06-02,109.7,109.95,109.7,109.87,91.1428021147915,5038509,0,1
2016-06-03,110.72,110.91,110.69,110.89,91.988944448068,1971287,0,1
2016-06-06,110.66,110.81,110.57,110.6,91.7483745689992,1715717,0,1
2016-06-07,110.81,110.89,110.75,110.76,91.8811027781406,2672900,0,1
2016-06-08,110.84,110.94,110.79,110.89,91.988944448068,1284240,0,1
2016-06-09,111.21,111.25,111.05,111.06,92.1299681702807,1328404,0,1
2016-06-10,111.39,111.58,111.27,111.45,92.4534931800629,1878863,0,1
2016-06-13,111.65,111.75,111.48,111.67,92.6359944676323,1029082,0,1
2016-06-14,111.96,111.96,111.61,111.64,92.6111079284183,1390551,0,1
2016-06-15,111.64,112.1,111.64,111.98,92.8931553728438,2377888,0,1
2016-06-16,112.28,112.53,111.99,112.1,92.9927015296999,3088659,0,1
2016-06-17,112,112,111.64,111.72,92.677472032989,3140885,0,1
2016-06-20,111.23,111.31,111.16,111.24,92.2792874055648,1956482,0,1
2016-06-21,111.22,111.36,110.97,110.99,92.0718995787813,1494543,0,1
2016-06-22,110.99,111.23,110.96,111.21,92.2544008663508,1378658,0,1
2016-06-23,110.75,110.98,110.65,110.68,91.8147386735699,1714958,0,1
2016-06-24,112.47,112.48,112.09,112.21,93.0839521734846,4390000,0,1
2016-06-27,112.96,113.24,112.9,113.18,93.8886169414044,4647465,0,1
2016-06-28,113.15,113.23,112.95,113.16,93.8720259152617,1799745,0,1
2016-06-29,113.07,113.16,112.69,112.7,93.4904323139802,2670874,0,1
2016-06-30,112.88,113.2,112.72,112.95,93.6978201407636,5690785,0,1
2016-07-01,113.3,113.32,112.87,113.09,93.9446191205977,5292310,0.1575,1
2016-07-05,113.51,113.91,113.47,113.71,94.4596572659224,2926289,0,1
2016-07-06,113.82,113.84,113.55,113.73,94.4762713996425,1921629,0,1
2016-07-07,113.52,113.77,113.32,113.58,94.3516653967414,1323041,0,1
2016-07-08,113.59,113.83,113.42,113.8,94.5344208676631,2097922,0,1
2016-07-11,113.48,113.58,113.2,113.2,94.0359968560585,2728822,0,1
2016-07-12,112.74,112.83,112.38,112.53,93.4794233764334,4116208,0,1
2016-07-13,112.86,113.02,112.78,112.82,93.7203283153756,3077240,0,1
2016-07-14,112.2,112.49,112.18,112.35,93.3298961729521,2761898,0,1
2016-07-15,112.03,112.1,111.8,111.92,92.9726922979688,2811557,0,1
2016-07-18,112.1,112.2,111.78,111.89,92.9477710973886,4173485,0,1
2016-07-19,112.16,112.29,112.06,112.19,93.1969831031909,4171875,0,1
2016-07-20,112.03,112.03,111.85,111.96,93.0059205654091,2213705,0,1
2016-07-21,111.68,112.25,111.66,112.21,93.213597236911,1944709,0,1
2016-07-22,111.96,112.32,111.92,112.12,93.1388336351703,1139960,0,1
2016-07-25,112.09,112.23,112.01,112.03,93.0640700334296,889058,0,1
2016-07-26,112.2,112.2,111.89,112.1,93.1222195014502,1694108,0,1
2016-07-27,112.24,112.58,112.11,112.58,93.5209587107338,1962723,0,1
2016-07-28,112.4,112.74,112.36,112.64,93.5708011118943,1220157,0,1
2016-07-29,112.85,113.1,112.76,113.07,93.9280049868775,2386779,0,1
2016-08-01,112.56,112.77,112.48,112.52,93.6026279771553,2479094,0.1583,1
2016-08-02,112.02,112.4799,112.02,112.25,93.3780216000327,2920532,0,1
2016-08-03,112.32,112.35,112.02,112.31,93.4279341282822,1148604,0,1
2016-08-04,112.55,112.8,112.54,112.58,93.6525405054047,1064986,0,1
2016-08-05,112.26,112.36,111.87,111.88,93.0702276758277,2368063,0,1
2016-08-08,111.75,111.985,111.64,111.82,93.0203151475782,1304009,0,1
2016-08-09,111.95,112.2564,111.89,112.22,93.353065335908,1817007,0,1
2016-08-10,112.28,112.6,112.26,112.52,93.6026279771553,1262456,0,1
2016-08-11,112.43,112.5,111.87,111.98,93.1534152229101,1823551,0,1
2016-08-12,112.54,112.6978,112.35,112.38,93.4861654112399,1377100,0,1
2016-08-15,112.21,112.2765,112.03,112.05,93.2116465058678,1031766,0,1
2016-08-16,111.95,112.05,111.77,111.86,93.0535901664112,1433536,0,1
2016-08-17,111.89,112.19,111.75,112.04,93.2033277511596,1733883,0,1
2016-08-18,112.12,112.32,111.95,112.24,93.3697028453245,1245617,0,1
2016-08-19,111.93,112.04,111.72,111.86,93.0535901664112,1396706,0,1
2016-08-22,112.11,112.2,111.99,112.11,93.2615590341173,1084588,0,1
2016-08-23,112.19,112.3,112,112.1,93.2532402794091,939879,0,1
2016-08-24,112.19,112.22,111.97,112.06,93.2199652605761,1345582,0,1
2016-08-25,111.96,112.08,111.8636,111.88,93.0702276758277,1037657,0,1
2016-08-26,112.05,112.32,111.37,111.45,92.7125212233732,1988295,0,1
2016-08-29,111.65,111.9765,111.64,111.91,93.0951839399524,1497350,0,1
2016-08-30,111.96,112,111.84,111.9,93.0868651852442,2498392,0,1
2016-08-31,111.91,112.045,111.77,111.77,92.978721374037,2008099,0,1
2016-09-01,111.33,111.82,111.27,111.79,93.1246755891441,1775923,0.1555,1
2016-09-02,111.58,111.67,111.31,111.5,92.8830962357059,1550068,0,1
2016-09-06,111.47,112.095,111.42,112.02,93.3162730073881,1283994,0,1
2016-09-07,112.18,112.26,112.02,112.08,93.3662549425822,836835,0,1
2016-09-08,111.87,111.97,111.4,111.53,92.908087203303,1287292,0,1
2016-09-09,111.13,111.15,110.95,111,92.4665801090884,1701089,0,1
2016-09-12,110.88,111.19,110.84,111.1,92.5498833344119,1446579,0,1
2016-09-13,111.18,111.19,110.44,110.69,92.2083401105856,1993657,0,1
2016-09-14,110.71,111.085,110.71,110.94,92.4165981738943,1062133,0,1
2016-09-15,110.88,111.05,110.67,110.97,92.4415891414914,1004149,0,1
2016-09-16,111.1,111.17,110.9493,111.09,92.5415530118796,833637,0,1
2016-09-19,110.99,111.08,110.895,110.9,92.3832768837649,490368,0,1
2016-09-20,111.03,111.22,110.99,111.07,92.5248923668149,1177840,0,1
2016-09-21,110.95,111.3,110.83,111.25,92.6748381723972,1108272,0,1
2016-09-22,111.44,111.71,111.41,111.58,92.9497388159647,1012327,0,1
2016-09-23,111.53,111.7,111.5,111.63,92.9913904286265,952522,0,1
2016-09-26,111.78,112.05,111.76,111.95,93.2579607496617,763981,0,1
2016-09-27,112.27,112.27,112.03,112.14,93.4162368777763,1583705,0,1
2016-09-28,112.19,112.3,112.05,112.09,93.3745852651146,594824,0,1
2016-09-29,111.89,112.3289,111.82,112.16,93.432897522841,1123912,0,1
2016-09-30,112.17,112.2,111.7175,111.88,93.1996484919352,1774642,0,1
2016-10-03,111.7,111.73,111.45,111.47,92.9829809680301,3111965,0.1499,1
2016-10-04,111.33,111.43,110.95,110.96,92.5575631848265,3949586,0,1
2016-10-05,110.91,110.95,110.59,110.71,92.3490250558052,1490557,0,1
2016-10-06,110.59,110.7725,110.46,110.48,92.1571699771056,1577439,0,1
2016-10-07,110.58,110.7243,110.38,110.64,92.2906343796792,1601117,0,1
2016-10-10,110.4,110.4,110.179,110.35,92.0487301500145,1066969,0,1
2016-10-11,110.33,110.51,110.2,110.32,92.0237055745319,1942561,0,1
2016-10-12,110.23,110.3243,110.1,110.32,92.0237055745319,1037763,0,1
2016-10-13,110.51,110.69,110.505,110.55,92.2155606532316,1188430,0,1
2016-10-14,110.27,110.57,110.18,110.21,91.9319487977626,2105250,0,1
2016-10-17,110.32,110.55,110.32,110.45,92.132145401623,1490764,0,1
2016-10-18,110.31,110.67,110.3,110.67,92.3156589551618,1484419,0,1
2016-10-19,110.51,110.8,110.51,110.72,92.3573665809661,1264235,0,1
2016-10-20,110.88,110.88,110.5801,110.62,92.2739513293575,979921,0,1
2016-10-21,110.78,110.782,110.5865,110.74,92.3740496312878,571103,0,1
2016-10-24,110.81,110.81,110.46,110.59,92.248926753875,900791,0,1
2016-10-25,110.45,110.74,110.4269,110.57,92.2322437035533,735149,0,1
2016-10-26,110.41,110.46,110.29,110.33,92.0320470996928,1136638,0,1
2016-10-27,109.95,110,109.72,109.95,91.7150691435804,3668510,0,1
2016-10-28,109.85,110.06,109.8,109.97,91.7317521939021,1313186,0,1
2016-10-31,110.1,110.135,109.96,110.06,91.8068259203498,4413948,0,1
2016-11-01,109.59,110.12,109.53,109.91,91.8099197920319,2003985,0.1537,1
2016-11-02,110.11,110.4311,110.031,110.24,92.0855750875589,1455945,0,1
2016-11-03,110.08,110.2258,110.01,110.17,92.0271027521441,686575,0,1
2016-11-04,110.3,110.5555,110.28,110.51,92.3111112384446,1699819,0,1
2016-11-07,110.1,110.17,110.01,110.05,91.9268644628616,2617928,0,1
2016-11-08,110.07,110.105,109.61,109.66,91.6010900226933,1182225,0,1
2016-11-09,109.16,109.16,107.91,107.99,90.2061071635113,6381291,0,1
2016-11-10,107.67,108.03,107.32,107.34,89.6631497632309,5445300,0,1
2016-11-11,107.55,107.64,107.08,107.12,89.4793795662129,2482857,0,1
2016-11-14,106.5,106.9,106.275,106.5,88.9614817382531,3753800,0,1
2016-11-15,106.42,106.69,106.42,106.5,88.9614817382531,1391672,0,1
2016-11-16,106.27,106.67,106.27,106.6,89.0450136459886,2765740,0,1
2016-11-17,106.42,106.48,106.05,106.13,88.652413679632,2499174,0,1
2016-11-18,106.1,106.21,105.555,105.66,88.2598137132754,4093685,0,1
2016-11-21,105.74,105.89,105.625,105.75,88.3349924302373,1364254,0,1
2016-11-22,105.89,106.08,105.75,105.85,88.4185243379727,1744666,0,1
2016-11-23,105.25,105.59,105,105.47,88.101103088578,4607052,0,1
2016-11-25,105.51,105.56,105.24,105.38,88.0259243716161,948163,0,1
2016-11-28,105.73,105.9,105.62,105.86,88.4268775287463,2474776,0,1
2016-11-29,105.68,106,105.61,105.97,88.5187626272553,1744963,0,1
2016-11-30,105.29,105.525,105.165,105.26,87.9256860823336,3362465,0,1
2016-12-01,104.62,104.81,104.31,104.71,87.591063942498,3467554,0.1494,1
2016-12-02,104.93,105.32,104.93,105.18,87.9842240996269,1660411,0,1
2016-12-05,104.83,105.4011,104.705,105.14,87.9507636607223,2281609,0,1
2016-12-06,105.17,105.28,105.08,105.18,87.9842240996269,989350,0,1
2016-12-07,105.37,105.58,105.355,105.53,88.2770029400421,1237567,0,1
2016-12-08,105.19,105.26,105.03,105.13,87.9423985509962,1357500,0,1
2016-12-09,105.08,105.195,104.5441,104.59,87.4906826257842,3260969,0,1
2016-12-12,104.52,104.72,104.37,104.61,87.5074128452365,1538223,0,1
2016-12-13,104.79,104.86,104.48,104.67,87.5576035035934,1993545,0,1
2016-12-14,105.02,105.1,103.78,103.8,86.8298389574185,3941008,0,1
2016-12-15,103.78,103.8235,103.43,103.51,86.5872507753602,1999188,0,1
2016-12-16,103.69,103.96,103.46,103.64,86.6959972018001,1811758,0,1
2016-12-19,104,104.17,103.88,104.12,87.0975224686552,1691826,0,1
2016-12-20,103.75,103.9582,103.675,103.9,86.91349005468,969438,0,1
2016-12-21,104,104.13,103.942,104.07,87.0556969200245,1870467,0,1
2016-12-22,103.79,103.9464,103.71,103.86,87.0178238857394,1872109,0.1647,1
2016-12-23,103.97,104.08,103.94,103.96,87.1016076560896,830422,0,1
2016-12-27,103.71,103.81,103.7,103.81,86.9759320005643,1148774,0,1
2016-12-28,103.86,104.2966,103.79,104.19,87.2943103278951,1369835,0,1
2016-12-29,104.36,104.66,104.36,104.51,87.5624183930158,1328572,0,1
2016-12-30,104.56,104.96,104.53,104.82,87.8221480811015,2439455,0,1
2017-01-03,104.35,104.8856,104.29,104.77,87.7802561959264,3230548,0,1
2017-01-04,104.73,104.935,104.615,104.89,87.8807967203466,1522962,0,1
2017-01-05,105.1,105.68,105.03,105.57,88.4505263587281,3344376,0,1
2017-01-06,105.18,105.375,105.0441,105.09,88.0483642610471,1601433,0,1
2017-01-09,105.47,105.53,105.355,105.49,88.383499342448,1275042,0,1
2017-01-10,105.44,105.6,105.385,105.44,88.3416074572729,1352734,0,1
2017-01-11,105.5,105.93,105.31,105.56,88.4421479816931,1833735,0,1
2017-01-12,105.82,106.025,105.59,105.62,88.4924182439033,1544660,0,1
2017-01-13,105.37,105.5576,105.05,105.39,88.2997155720977,1833203,0,1
2017-01-17,105.97,106.0301,105.7343,105.92,88.7437695549539,1656782,0,1
2017-01-18,105.6,105.69,105.13,105.17,88.1153912773273,3640392,0,1
2017-01-19,104.83,104.885,104.5644,104.77,87.7802561959264,1839952,0,1
2017-01-20,104.64,104.9159,104.48,104.82,87.8221480811015,1306421,0,1
2017-01-23,105.01,105.57,104.84,105.37,88.2829588180277,1720212,0,1
2017-01-24,105.14,105.28,104.825,104.97,87.9478237366268,1343970,0,1
2017-01-25,104.55,104.675,104.31,104.45,87.5121481308057,1815965,0,1
2017-01-26,104.41,104.62,104.18,104.59,87.629445409296,2212910,0,1
2017-01-27,104.65,104.8,104.64,104.72,87.7383643107513,2285159,0,1
2017-01-30,104.74,104.945,104.69,104.69,87.7132291796462,1909335,0,1
2017-01-31,104.79,105.22,104.79,105.05,88.014850752907,1411700,0,1
2017-02-01,104.56,104.85,104.385,104.69,87.8466816447354,2055086,0.1593,1
2017-02-02,105.03,105.1,104.72,104.73,87.8802461424505,1423492,0,1
2017-02-03,105,105.22,104.62,104.81,87.9473751378806,1711147,0,1
2017-02-06,105.24,105.4062,104.9961,105.31,88.3669313593188,1500484,0,1
2017-02-07,105.25,105.69,105.18,105.5,88.5263627234654,1540579,0,1
2017-02-08,105.74,106,105.66,105.93,88.8871810739022,3182186,0,1
2017-02-09,105.71,105.73,105.28,105.3,88.3585402348901,1530153,0,1
2017-02-10,105.07,105.31,105.07,105.23,88.2998023638887,1646365,0,1
2017-02-13,105,105.08,104.88,105.07,88.1655443730285,1045207,0,1
2017-02-14,105.02,105.1,104.4615,104.69,87.8466816447354,2318128,0,1
2017-02-15,104.33,104.56,104.32,104.49,87.6788591561601,2750913,0,1
2017-02-16,104.6,105.01,104.6,104.91,88.0312863821682,2459817,0,1
2017-02-17,105.2,105.315,105.12,105.19,88.2662378661737,2237724,0,1
2017-02-21,104.94,105.2799,104.92,105.14,88.2242822440298,2832683,0,1
2017-02-22,105.36,105.42,104.96,105.31,88.3669313593188,2812755,0,1
2017-02-23,105.5,105.59,105.4334,105.59,88.6018828433242,1842686,0,1
2017-02-24,105.94,106.16,105.82,106.08,89.0130479403337,2676980,0,1
2017-02-27,105.99,106,105.64,105.7,88.6941852120406,3292633,0,1
2017-02-28,105.75,105.91,105.63,105.65,88.6522295898968,2482544,0,1
2017-03-01,104.71,104.795,104.65,104.77,88.0353426517171,2249019,0.1448,1
2017-03-02,104.56,104.6,104.3316,104.47,87.7832609222572,2023327,0,1
2017-03-03,104.5,104.58,104.26,104.57,87.8672881654105,2509000,0,1
2017-03-06,104.59,104.6,104.4349,104.55,87.8504827167798,1401721,0,1
2017-03-07,104.43,104.48,104.3533,104.4,87.7244418520499,1596283,0,1
2017-03-08,103.92,104.15,103.9,104.05,87.4303465010133,2392776,0,1
2017-03-09,103.94,103.975,103.7,103.76,87.1866674958687,2322915,0,1
2017-03-10,103.98,104.01,103.7537,103.98,87.371527430806,1332989,0,1
2017-03-13,103.81,103.92,103.692,103.72,87.1530565986074,1342568,0,1
2017-03-14,103.77,103.9386,103.75,103.83,87.245486566076,864637,0,1
2017-03-15,103.99,104.74,103.92,104.74,88.0101344787711,3701856,0,1
2017-03-16,104.49,104.62,104.42,104.45,87.7664554736265,2749919,0,1
2017-03-17,104.58,104.82,104.56,104.73,88.0017317544558,1186685,0,1
2017-03-20,104.75,105.01,104.75,104.9877,88.2182699600619,1362724,0,1
2017-03-21,104.91,105.368,104.91,105.33,88.5058952133756,1406989,0,1
2017-03-22,105.53,105.73,105.445,105.53,88.6739496996822,2231348,0,1
2017-03-23,105.59,105.64,105.239,105.42,88.5815197322136,2584684,0,1
2017-03-24,105.39,105.61,105.35,105.48,88.6319360781056,2540044,0,1
2017-03-27,105.92,105.96,105.67,105.74,88.8504069103042,2614005,0,1
2017-03-28,105.86,105.86,105.3735,105.38,88.5479088349523,1356809,0,1
2017-03-29,105.56,105.72,105.56,105.68,88.7999905644122,1860381,0,1
2017-03-30,105.63,105.64,105.36,105.38,88.5479088349523,1487784,0,1
2017-03-31,105.53,105.63,105.45,105.59,88.7243660455742,1698488,0,1
2017-04-03,105.56,106,105.53,105.95,89.1602119947207,4175518,0.1587,1
2017-04-04,105.92,106.015,105.8,105.8,89.0339823411179,1319595,0,1
2017-04-05,105.67,106.1022,105.6201,106,89.2022885459216,2551140,0,1
2017-04-06,106.03,106.1,105.7967,105.93,89.1433813742403,1496344,0,1
2017-04-07,106.19,106.315,105.61,105.61,88.8740914465545,1185411,0,1
2017-04-10,105.75,105.9184,105.7,105.8,89.0339823411179,1752459,0,1
2017-04-11,106.05,106.395,106.03,106.29,89.4463325428868,2219221,0,1
2017-04-12,106.37,106.68,106.29,106.62,89.7240377808128,2273640,0,1
2017-04-13,106.8,107.01,106.61,106.94,89.9933277084986,1868187,0,1
2017-04-17,106.95,107.04,106.675,106.77,89.8502674344155,1110547,0,1
2017-04-18,107.06,107.47,107,107.38,90.3636013590666,1678639,0,1
2017-04-19,107.12,107.17,106.985,107.1,90.1279726723415,1749970,0,1
2017-04-20,106.93,107.01,106.72,106.86,89.9260052265772,1695070,0,1
2017-04-21,106.96,107.12,106.8757,106.91,89.9680817777781,2792479,0,1
2017-04-24,106.43,106.69,106.37,106.69,89.7829449524941,3557972,0,1
2017-04-25,106.35,106.465,106.09,106.14,89.3201028892841,1985745,0,1
2017-04-26,106.14,106.42,106.12,106.42,89.5557315760092,1314388,0,1
2017-04-27,106.38,106.62,106.33,106.49,89.6146387476905,1988199,0,1
2017-04-28,106.32,106.65,106.27,106.6,89.7072071603324,5490008,0,1
2017-05-01,106.32,106.4874,106.05,106.21,89.5138982272742,2044444,0.1603,1
2017-05-02,106.16,106.4885,106.14,106.43,89.6993144555955,1585337,0,1
2017-05-03,106.45,106.49,106.145,106.21,89.5138982272742,1861314,0,1
2017-05-04,105.85,105.99,105.82,105.97,89.3116259781965,1237107,0,1
2017-05-05,105.98,106.02,105.8,105.99,89.328481998953,980046,0,1
2017-05-08,105.89,105.89,105.67,105.73,89.1093537291188,4887359,0,1
2017-05-09,105.59,105.66,105.4701,105.61,89.0082176045799,1457894,0,1
2017-05-10,105.84,105.859,105.5,105.57,88.974505563067,995492,0,1
2017-05-11,105.41,105.7,105.41,105.65,89.0419296460929,1088840,0,1
2017-05-12,106.06,106.2776,106.06,106.19,89.4970422065178,2005629,0,1
2017-05-15,106.14,106.17,106.05,106.12,89.4380461338701,672599,0,1
2017-05-16,106.11,106.41,106.11,106.26,89.5560382791654,1314453,0,1
2017-05-17,106.8,107.17,106.73,107.11,90.2724191613157,5644708,0,1
2017-05-18,107.2,107.25,106.97,107.08,90.247135130181,1715184,0,1
2017-05-19,106.97,107.065,106.8,107.05,90.2218510990463,3503125,0,1
2017-05-22,106.93,107.01,106.88,106.93,90.1207149745074,1425968,0,1
2017-05-23,107.05,107.05,106.6,106.65,89.8847306839167,2984685,0,1
2017-05-24,106.65,106.925,106.55,106.87,90.070146912238,1777633,0,1
2017-05-25,106.93,106.98,106.8,106.93,90.1207149745074,1361051,0,1
2017-05-26,107.03,107.0789,106.9433,107,90.1797110471551,1016635,0,1
2017-05-30,107.18,107.27,107.095,107.27,90.4072673273675,2335245,0,1
2017-05-31,107.22,107.4,107.16,107.32,90.4494073792587,1752336,0,1
2017-06-01,106.94,107.12,106.901,107.1,90.4019113267722,1769262,0.1636,1
2017-06-02,107.5,107.69,107.41,107.57,90.7986330664882,1803226,0,1
2017-06-05,107.4,107.49,107.37,107.39,90.646697081065,1414885,0,1
2017-06-06,107.78,107.83,107.66,107.73,90.9336872757532,2078866,0,1
2017-06-07,107.62,107.71,107.43,107.53,90.7648695141719,1795753,0,1
2017-06-08,107.43,107.43,107.17,107.36,90.6213744168278,3863040,0,1
2017-06-09,107.15,107.34,107.105,107.26,90.5369655360372,1203352,0,1
2017-06-12,107.12,107.45,107.12,107.24,90.5200837598791,767315,0,1
2017-06-13,107.14,107.32,107.14,107.28,90.5538473121953,682259,0,1
2017-06-14,107.92,108.17,107.71,107.84,91.0265370446229,3712120,0,1
2017-06-15,107.69,107.72,107.565,107.65,90.8661601711207,2000386,0,1
2017-06-16,107.67,107.83,107.665,107.71,90.9168054995951,3460258,0,1
2017-06-19,107.59,107.6299,107.41,107.41,90.6635788572232,1105933,0,1
2017-06-20,107.5,107.7592,107.5,107.68,90.8914828353579,1252005,0,1
2017-06-21,107.56,107.75,107.535,107.67,90.8830419472788,1159752,0,1
2017-06-22,107.83,107.86,107.64,107.77,90.9674508280695,1160060,0,1
2017-06-23,107.72,107.8407,107.67,107.8,90.9927734923066,1581035,0,1
2017-06-26,107.9,108.01,107.88,107.89,91.0687414850182,3625014,0,1
2017-06-27,107.52,107.545,107.255,107.36,90.6213744168278,1755165,0,1
2017-06-28,107.31,107.31,107.09,107.26,90.5369655360372,1530861,0,1
2017-06-29,106.7,106.97,106.635,106.86,90.1993300128747,1997169,0,1
2017-06-30,106.84,106.84,106.535,106.61,89.9883078108981,1909608,0,1
2017-07-03,106.45,106.46,106.01,106.06,89.6585071200505,1255303,0.1593,1
2017-07-05,106.04,106.26,105.98,106.14,89.726135637584,10478207,0,1
2017-07-06,105.94,105.97,105.7338,105.94,89.5570643437502,1794925,0,1
2017-07-07,105.81,105.89,105.72,105.77,89.4133537439915,1800258,0,1
2017-07-10,105.84,106.01,105.83,105.91,89.5317036496752,1247671,0,1
2017-07-11,105.87,106.08,105.835,106.05,89.6500535553588,1112561,0,1
2017-07-12,106.45,106.51,106.32,106.36,89.9121140608012,2451669,0,1
2017-07-13,106.35,106.35,106.05,106.25,89.8191248491926,2095899,0,1
2017-07-14,106.69,106.74,106.38,106.4,89.9459283195679,1260438,0,1
2017-07-17,106.46,106.6143,106.4,106.53,90.0558246605599,1289466,0,1
2017-07-18,106.87,106.97,106.78,106.92,90.3855136835357,1776163,0,1
2017-07-19,106.93,107.01,106.85,106.92,90.3855136835357,2465997,0,1
2017-07-20,107.1,107.1568,106.91,106.95,90.4108743776108,2317152,0,1
2017-07-21,107.15,107.27,107.12,107.14,90.5714921067529,1815645,0,1
2017-07-24,107.08,107.149,106.99,107.07,90.5123171539111,2342674,0,1
2017-07-25,106.7,106.7,106.44,106.47,90.0051032724098,2513574,0,1
2017-07-26,106.47,106.92,106.4147,106.81,90.2925244719272,3010356,0,1
2017-07-27,106.6,106.73,106.52,106.64,90.1488138721685,1852967,0,1
2017-07-28,106.63,106.85,106.5973,106.82,90.3009780366188,1001633,0,1
2017-07-31,106.76,106.86,106.69,106.85,90.3263387306939,921801,0,1
2017-08-01,106.52,106.99,106.4674,106.95,90.5505746062798,1958311,0.1653,1
2017-08-02,106.9,107.0499,106.84,106.85,90.4659083373632,516107,0,1
2017-08-03,107.07,107.2477,106.98,107.22,90.7791735323545,1576242,0,1
2017-08-04,106.97,106.97,106.7,106.93,90.5336413524965,1266056,0,1
2017-08-07,106.88,107.0013,106.82,106.99,90.5844411138464,554119,0,1
2017-08-08,106.95,106.96,106.73,106.9,90.5082414718215,1277754,0,1
2017-08-09,107.29,107.3169,107.03,107.03,90.618307621413,1268046,0,1
2017-08-10,107.24,107.465,107.22,107.43,90.9569726970794,1412024,0,1
2017-08-11,107.37,107.62,107.32,107.55,91.0585722197792,911001,0,1
2017-08-14,107.34,107.45,107.25,107.29,90.8384399205961,1386134,0,1
2017-08-15,106.86,107.06,106.83,106.97,90.5675078600631,1146255,0,1
2017-08-16,106.87,107.33,106.85,107.17,90.7368403978962,2160123,0,1
2017-08-17,107.21,107.585,107.17,107.55,91.0585722197792,1637387,0,1
2017-08-18,107.74,107.81,107.41,107.57,91.0755054735625,1235736,0,1
2017-08-21,107.6,107.71,107.56,107.64,91.1347718618042,719196,0,1
2017-08-22,107.54,107.54,107.37,107.43,90.9569726970794,984522,0,1
2017-08-23,107.66,107.8,107.57,107.8,91.2702378920707,1246079,0,1
2017-08-24,107.63,107.75,107.5742,107.63,91.1263052349125,2520936,0,1
2017-08-25,107.64,107.8699,107.57,107.81,91.2787045189623,1007501,0,1
2017-08-28,107.76,107.92,107.7211,107.91,91.3633707878789,921695,0,1
2017-08-29,108.41,108.43,108.04,108.16,91.5750364601704,1590227,0,1
2017-08-30,107.99,108.13,107.99,108.07,91.4988368181454,1299930,0,1
2017-08-31,108.08,108.25,108.07,108.24,91.6427694753036,1023622,0,1
2017-09-01,107.96,107.99,107.7,107.76,91.3739159716725,3459956,0.1625,1
2017-09-05,108.16,108.52,108.13,108.51,92.0098702866201,3055580,0,1
2017-09-06,108.48,108.55,108.13,108.25,91.7894061241049,1601483,0,1
2017-09-07,108.35,108.805,108.35,108.72,92.1879374948054,4292486,0,1
2017-09-08,108.68,108.68,108.5,108.64,92.1201023678777,1249118,0,1
2017-09-11,108.2,108.24,108.02,108.02,91.5943801341876,2206172,0,1
2017-09-12,107.85,107.85,107.66,107.76,91.3739159716725,3167779,0,1
2017-09-13,107.78,107.78,107.52,107.54,91.1873693726212,1590908,0,1
2017-09-14,107.43,107.58,107.4,107.56,91.2043281543531,1377491,0,1
2017-09-15,107.57,107.69,107.38,107.69,91.3145602356107,1477009,0,1
2017-09-18,107.26,107.3598,107.17,107.27,90.95842581924,3032494,0,1
2017-09-19,107.3,107.35,107.1163,107.15,90.8566731288484,673332,0,1
2017-09-20,107.25,107.265,106.77,106.94,90.6786059206631,2397540,0,1
2017-09-21,106.99,107.13,106.8,106.8,90.5598944485395,2389979,0,1
2017-09-22,107.14,107.16,106.96,106.99,90.7210028749929,826550,0,1
2017-09-25,107.11,107.39,107,107.31,90.9923433827039,1927429,0,1
2017-09-26,107.21,107.28,107.12,107.22,90.9160288649102,1061020,0,1
2017-09-27,106.69,106.83,106.64,106.67,90.449662367282,4039061,0,1
2017-09-28,106.54,106.73,106.479,106.65,90.43270358555,1873291,0,1
2017-09-29,106.76,106.7666,106.46,106.52,90.3224715042924,2037845,0,1
2017-10-02,106.42,106.465,106.24,106.24,90.2197453798294,3221576,0.1589,1
2017-10-03,106.27,106.425,106.24,106.39,90.3471264209342,2521976,0,1
2017-10-04,106.49,106.49,106.26,106.36,90.3216502127132,2198286,0,1
2017-10-05,106.4,106.46,106.1901,106.25,90.2282374492364,1779946,0,1
2017-10-06,105.97,106.2434,105.85,106.12,90.1178405469456,2350567,0,1
2017-10-09,106.21,106.28,106.14,106.24,90.2197453798294,893051,0,1
2017-10-10,106.3,106.53,106.25,106.28,90.2537136574573,1123071,0,1
2017-10-11,106.43,106.44,106.28,106.4,90.3556184903412,2841184,0,1
2017-10-12,106.47,106.54,106.36,106.5,90.4405391844111,1349324,0,1
2017-10-13,106.82,106.92,106.69,106.86,90.7462536830626,1521715,0,1
2017-10-16,106.67,106.79,106.57,106.68,90.5933964337368,1666058,0,1
2017-10-17,106.52,106.675,106.5,106.64,90.5594281561089,673763,0,1
2017-10-18,106.31,106.4062,106.265,106.37,90.3301422821202,1788509,0,1
2017-10-19,106.66,106.7,106.41,106.48,90.4235550455971,1518714,0,1
2017-10-20,106.14,106.21,105.995,106.04,90.0499039916897,2651796,0,1
2017-10-23,106.09,106.2099,106.085,106.14,90.1348246857595,709754,0,1
2017-10-24,105.88,105.96,105.76,105.82,89.8630784647359,1605637,0,1
2017-10-25,105.47,105.74,105.47,105.65,89.7187132848172,1838778,0,1
2017-10-26,105.75,105.77,105.5,105.51,89.5998243131194,2062421,0,1
2017-10-27,105.62,105.8552,105.54,105.85,89.8885546729569,1315009,0,1
2017-10-30,106.09,106.24,106.03,106.23,90.2112533104224,1692730,0,1
2017-10-31,106.24,106.245,106.14,106.16,90.1518088245735,1178008,0,1
2017-11-01,105.92,106.22,105.915,106.06,90.2064170768951,1321452,0.1643,1
2017-11-02,106.18,106.35,106.12,106.2,90.3254902278546,1997931,0,1
2017-11-03,106.34,106.4,106.15,106.37,90.4700790540197,2532355,0,1
2017-11-06,106.47,106.555,106.4,106.5,90.5806469799107,858413,0,1
2017-11-07,106.52,106.62,106.46,106.54,90.6146678801849,734803,0,1
2017-11-08,106.59,106.63,106.38,106.41,90.5040999542939,935476,0,1
2017-11-09,106.27,106.4644,106.23,106.37,90.4700790540197,926347,0,1
2017-11-10,106,106.0307,105.79,105.83,90.0107969003188,1861954,0,1
2017-11-13,105.91,105.96,105.77,105.78,89.9682707749761,868580,0,1
2017-11-14,105.81,106,105.79,105.93,90.0958491510042,1629226,0,1
2017-11-15,106.28,106.35,106.085,106.31,90.4190477036085,1933134,0,1
2017-11-16,106.14,106.2,106.02,106.04,90.1894066267581,1749220,0,1
2017-11-17,106.23,106.28,106.1,106.18,90.3084797777176,941512,0,1
2017-11-20,106.05,106.15,105.95,106.01,90.1638909515524,1153378,0,1
2017-11-21,106.18,106.23,105.95,106.03,90.1809014016895,835610,0,1
2017-11-22,106.14,106.42,106.1,106.37,90.4700790540197,1657908,0,1
2017-11-24,106.27,106.34,106.235,106.28,90.3935320284029,614375,0,1
2017-11-27,106.33,106.4236,106.19,106.35,90.4530686038827,1927505,0,1
2017-11-28,106.51,106.545,106.28,106.37,90.4700790540197,1386944,0,1
2017-11-29,106.02,106.08,105.88,106.03,90.1809014016895,3193599,0,1
2017-11-30,105.96,106.01,105.59,105.7,89.9002289744278,3306445,0,1
2017-12-01,105.7,106.34,105.5,105.93,90.2316699406461,4341543,0.1597,1
2017-12-04,105.65,105.88,105.64,105.88,90.1890797065573,2356429,0,1
2017-12-05,105.71,105.99,105.69,105.96,90.2572240810994,1586008,0,1
2017-12-06,106.2,106.31,106.16,106.18,90.4446211110904,1459045,0,1
2017-12-07,106.18,106.265,105.8634,105.99,90.2827782215527,1953408,0,1
2017-12-08,105.97,106.02,105.83,105.91,90.2146338470106,2519666,0,1
2017-12-11,105.97,106.02,105.81,105.84,90.1550075192862,702208,0,1
2017-12-12,105.74,105.76,105.6,105.75,90.0783450979263,2557740,0,1
2017-12-13,105.9,106.22,105.79,106.18,90.4446211110904,1477764,0,1
2017-12-14,105.99,106.23,105.86,106.14,90.4105489238193,982369,0,1
2017-12-15,105.98,106.17,105.92,106.12,90.3935128301838,1845221,0,1
2017-12-18,106.03,106.06,105.84,105.88,90.1890797065573,1610297,0,1
2017-12-19,105.62,105.63,105.25,105.4,89.7802134593043,4535080,0,1
2017-12-20,105.1,105.29,105.04,105.09,89.5161540079534,3026981,0,1
2017-12-21,104.94,105.01,104.87,105,89.579307658865,2098847,0.1641,1
2017-12-22,104.99,105.04,104.95,105.04,89.6134331094017,696874,0,1
2017-12-26,105.05,105.2,105.03,105.08,89.6475585599384,2584778,0,1
2017-12-27,105.23,105.57,105.23,105.53,90.0314698784764,2291488,0,1
2017-12-28,105.43,105.48,105.34,105.4,89.9205621642321,1540546,0,1
2017-12-29,105.47,105.64,105.46,105.57,90.0655953290131,1849555,0,1
2018-01-02,105.44,105.47,105.09,105.22,89.7669976368169,3902185,0,1
2018-01-03,105.35,105.41,105.22,105.33,89.8608426257929,2135976,0,1
2018-01-04,105.1,105.29,105.02,105.28,89.818185812622,2430030,0,1
2018-01-05,105.28,105.32,105.06,105.15,89.7072780983777,2163587,0,1
2018-01-08,105.2,105.22,105.01,105.1,89.6646212852068,2450624,0,1
2018-01-09,104.92,104.92,104.58,104.6,89.2380531534979,5924200,0,1
2018-01-10,104.29,104.62,104.23,104.57,89.2124590655954,2142476,0,1
2018-01-11,104.52,104.73,104.42,104.64,89.2721786040346,1798688,0,1
2018-01-12,104.42,104.61,104.4,104.57,89.2124590655954,1430710,0,1
2018-01-16,104.74,104.76,104.48,104.62,89.2551158787663,5927505,0,1
2018-01-17,104.46,104.63,104.32,104.39,89.0588945381802,2186145,0,1
2018-01-18,104.11,104.21,103.98,104.06,88.7773595712523,3326215,0,1
2018-01-19,104,104,103.73,103.79,88.5470127801295,2921631,0,1
2018-01-22,103.87,103.95,103.67,103.75,88.5128873295928,8047404,0,1
2018-01-23,103.99,104.11,103.9,104.05,88.7688282086181,1780075,0,1
2018-01-24,103.87,103.95,103.73,103.85,88.5982009559346,1952198,0,1
2018-01-25,103.74,104.09,103.62,104.08,88.7944222965207,3341952,0,1
2018-01-26,103.96,103.96,103.66,103.77,88.5299500548612,3324858,0,1
2018-01-29,103.5,103.55,103.31,103.51,88.3081346263725,2328244,0,1
2018-01-30,103.42,103.48,103.22,103.27,88.1033819231523,2346906,0,1
2018-01-31,103.44,103.49,103.02,103.3,88.1289760110548,2966405,0,1
2018-02-01,103.1,103.1,102.57,102.6,87.6748865566243,8958312,0.1677,1
2018-02-02,102.29,102.37,102.11,102.22,87.3501647545628,5753531,0,1
2018-02-05,102.25,103.31,102.09,103.06,88.0679708433305,6901979,0,1
2018-02-06,102.95,103.04,102.61,102.61,87.6834318672049,5382882,0,1
2018-02-07,102.75,102.77,102.19,102.31,87.4270725497879,4773709,0,1
2018-02-08,102.03,102.53,101.89,102.4,87.503980345013,5685261,0,1
2018-02-09,102.11,102.81,102.11,102.22,87.3501647545628,4376918,0,1
2018-02-12,102.22,102.36,102.08,102.19,87.3245288228211,2836265,0,1
2018-02-13,102.27,102.39,102.18,102.36,87.4697991026907,2698089,0,1
2018-02-14,102.06,102.06,101.63,101.74,86.9399898466955,4141940,0,1
2018-02-15,101.76,101.96,101.74,101.77,86.9656257784372,3057291,0,1
2018-02-16,102.09,102.18,101.96,102.01,87.1707132323709,2277771,0,1
2018-02-20,101.81,101.96,101.72,101.9,87.0767148159846,2138272,0,1
2018-02-21,102,102,101.47,101.6,86.8203554985676,2253855,0,1
2018-02-22,101.76,101.87,101.7001,101.74,86.9399898466955,4412008,0,1
2018-02-23,102.01,102.21,101.98,102.13,87.2732569593377,4484674,0,1
2018-02-26,102.36,102.45,102.2,102.25,87.3758006863045,2725643,0,1
2018-02-27,102.29,102.33,101.74,101.93,87.1023507477263,3308886,0,1
2018-02-28,102.05,102.19,101.97,102.17,87.3074382016599,2521402,0,1
2018-03-01,102.16,102.61,102.03,102.45,87.6828490770233,5352579,0.1593,1
2018-03-02,102.32,102.33,102.01,102.07,87.3576223064106,2140780,0,1
2018-03-05,102.35,102.35,101.82,101.94,87.2463605164642,2059342,0,1
2018-03-06,101.97,102.15,101.92,101.93,87.2378019172375,2331340,0,1
2018-03-07,102.16,102.22,101.92,101.93,87.2378019172375,1258112,0,1
2018-03-08,102.07,102.24,102.02,102.14,87.4175325009972,1637019,0,1
2018-03-09,101.89,102,101.77,101.92,87.2292433180109,1604478,0,1
2018-03-12,102,102.17,101.94,102.16,87.4346496994505,1885719,0,1
2018-03-13,102.32,102.38,102.13,102.33,87.5801458863035,1742071,0,1
2018-03-14,102.27,102.66,102.25,102.53,87.7513178708365,2598905,0,1
2018-03-15,102.51,102.62,102.39,102.49,87.7170834739299,2757956,0,1
2018-03-16,102.36,102.39,102.24,102.37,87.6143802832101,3595261,0,1
2018-03-19,102.15,102.46,102.14,102.27,87.5287942909436,2824964,0,1
2018-03-20,102.09,102.16,102.04,102.07,87.3576223064106,2600627,0,1
2018-03-21,101.94,102.22,101.68,102.14,87.4175325009972,3365609,0,1
2018-03-22,102.52,102.77,102.39,102.56,87.7769936685165,5026477,0,1
2018-03-23,102.46,102.75,102.46,102.7,87.8968140576895,2518958,0,1
2018-03-26,102.52,102.65,102.39,102.42,87.6571732793434,4185089,0,1
2018-03-27,102.53,103.05,102.52,103,88.153572034489,3495878,0,1
2018-03-28,103.21,103.26,102.89,102.98,88.1364548360357,2762514,0,1
2018-03-29,103.01,103.31,103.01,103.19,88.3161854197954,2572109,0,1
2018-04-02,102.94,103.34,102.89,103.12,88.4060806667725,2748781,0.175,1
2018-04-03,102.96,103,102.75,102.79,88.1231674916364,4229566,0,1
2018-04-04,103,103,102.68,102.73,88.0717287325207,2216873,0,1
2018-04-05,102.57,102.61,102.43,102.47,87.8488274430195,1789294,0,1
2018-04-06,102.8,102.96,102.66,102.92,88.234618136387,2651185,0,1
2018-04-09,102.74,102.94,102.65,102.94,88.2517643894255,2071118,0,1
2018-04-10,102.81,102.87,102.68,102.76,88.0974481120785,1622794,0,1
2018-04-11,102.96,103,102.76,102.86,88.1831793772713,2521033,0,1
2018-04-12,102.72,102.73,102.46,102.49,87.8659736960581,2188647,0,1
2018-04-13,102.4,102.63,102.4,102.58,87.9431318347316,2937674,0,1
2018-04-16,102.33,102.55,102.31,102.53,87.9002662021352,1637379,0,1
2018-04-17,102.48,102.66,102.44,102.59,87.9517049612509,1301847,0,1
2018-04-18,102.38,102.5,102.19,102.19,87.6087799004798,2127606,0,1
2018-04-19,101.95,102.02,101.79,101.91,87.3687323579401,3181502,0,1
2018-04-20,101.78,101.84,101.57,101.57,87.0772460562847,2309432,0,1
2018-04-23,101.48,101.53,101.34,101.47,86.991514791092,5022804,0,1
2018-04-24,101.33,101.45,101.26,101.35,86.8886372728606,3179197,0,1
2018-04-25,101.19,101.25,101.06,101.13,86.7000284894366,3295766,0,1
2018-04-26,101.37,101.46,101.31,101.42,86.9486491584956,1989519,0,1
2018-04-27,101.51,101.65,101.5,101.59,87.0943923093233,2409325,0,1
2018-04-30,101.64,101.81,101.62,101.7,87.1886967010353,3504377,0,1
2018-05-01,101.5,101.5,101.31,101.35,87.0525391629688,1893967,0.1912,1
2018-05-02,101.39,101.51,101.3,101.37,87.0697177597449,3852560,0,1
2018-05-03,101.58,101.77,101.56,101.63,87.2930395178344,6027127,0,1
2018-05-04,101.75,101.79,101.49,101.64,87.3016288162225,2370639,0,1
2018-05-07,101.63,101.66,101.54,101.59,87.2586823242822,1854923,0,1
2018-05-08,101.43,101.52,101.32,101.42,87.1126642516852,1654562,0,1
2018-05-09,101.19,101.3,101.16,101.19,86.9151103887599,2838373,0,1
2018-05-10,101.43,101.48,101.3,101.4,87.0954856549091,4183730,0,1
2018-05-11,101.47,101.47,101.3,101.41,87.1040749532972,2816308,0,1
2018-05-14,101.25,101.28,101.18,101.19,86.9151103887599,4761961,0,1
2018-05-15,100.8,100.8,100.49,100.63,86.4341096790286,6812535,0,1
2018-05-16,100.5,100.7,100.42,100.42,86.2537344128794,4784233,0,1
2018-05-17,100.46,100.52,100.33,100.36,86.2021986225511,1702645,0,1
2018-05-18,100.55,100.81,100.55,100.75,86.5371812596853,2642316,0,1
2018-05-21,100.7,100.83,100.64,100.82,86.5973063484017,2845114,0,1
2018-05-22,100.82,100.83,100.69,100.78,86.5629491548495,1976999,0,1
2018-05-23,101.09,101.3,101.07,101.24,86.9580568807002,5102523,0,1
2018-05-24,101.47,101.64,101.43,101.5,87.1813786387897,2994068,0,1
2018-05-25,101.81,101.91,101.76,101.9,87.524950574312,2838422,0,1
2018-05-29,102.35,103.2,102.24,103,88.4697733969984,11256244,0,1
2018-05-30,102.57,102.72,102.38,102.56,88.0918442679238,4512176,0,1
2018-05-31,102.57,102.74,102.34,102.51,88.0488977759836,5321715,0,1
2018-06-01,101.85,102.09,101.77,101.93,87.724222296915,7891390,0.202,1
2018-06-04,101.82,101.83,101.57,101.57,87.414394767955,3131829,0,1
2018-06-05,101.84,101.97,101.72,101.83,87.6381590944261,4305593,0,1
2018-06-06,101.56,101.59,101.36,101.42,87.2852999642217,3910489,0,1
2018-06-07,101.42,102.13,101.39,101.85,87.6553717349239,4400363,0,1
2018-06-08,101.74,101.86,101.68,101.71,87.5348832514394,7342793,0,1
2018-06-11,101.53,101.64,101.51,101.61,87.4488200489506,1875769,0,1
2018-06-12,101.47,101.6,101.45,101.55,87.3971821274572,1664843,0,1
2018-06-13,101.58,101.65,101.16,101.43,87.2939062844706,3294672,0,1
2018-06-14,101.62,101.76,101.54,101.75,87.569308532435,3626405,0,1
2018-06-15,101.97,102.1,101.8,101.83,87.6381590944261,5826513,0,1
2018-06-18,101.96,101.98,101.8,101.88,87.6811906956705,4601074,0,1
2018-06-19,102.18,102.28,102.09,102.15,87.9135613423905,4172900,0,1
2018-06-20,102.11,102.13,101.81,101.82,87.6295527741772,3058959,0,1
2018-06-21,101.98,102.17,101.98,102.09,87.8619234208972,2680469,0,1
2018-06-22,101.96,102.16,101.95,102.11,87.8791360613949,2309933,0,1
2018-06-25,102.22,102.4,102.21,102.25,87.9996245448794,8111232,0,1
2018-06-26,102.27,102.36,102.21,102.3,88.0426561461238,3873192,0,1
2018-06-27,102.56,102.73,102.48,102.69,88.3783026358305,3044183,0,1
2018-06-28,102.68,102.71,102.51,102.59,88.2922394333416,3705643,0,1
2018-06-29,102.58,102.68,102.5,102.51,88.2233888713505,2721230,0,1
2018-07-02,102.42,102.45,102.22,102.25,88.1628502934557,3911496,0.1897,1
2018-07-03,102.29,102.51,102.28,102.51,88.3870296682851,1463832,0,1
2018-07-05,102.48,102.64,102.46,102.52,88.3956519519323,1682545,0,1
2018-07-06,102.64,102.71,102.52,102.61,88.4732525047579,3206616,0,1
2018-07-09,102.37,102.44,102.33,102.35,88.2490731299285,2258773,0,1
2018-07-10,102.25,102.36,102.21,102.27,88.1800948607503,4461056,0,1
2018-07-11,102.46,102.51,102.32,102.48,88.3611628173432,2198695,0,1
2018-07-12,102.35,102.48,102.33,102.44,88.3266736827541,1385932,0,1
2018-07-13,102.55,102.64,102.48,102.61,88.4732525047579,2892476,0,1
2018-07-16,102.39,102.48,102.26,102.44,88.3266736827541,1782641,0,1
2018-07-17,102.5,102.5,102.35,102.38,88.2749399808704,1034701,0,1
2018-07-18,102.43,102.45,102.27,102.3,88.2059617116921,1355277,0,1
2018-07-19,102.37,102.67,102.35,102.58,88.447385653816,4201724,0,1
2018-07-20,102.46,102.46,102.18,102.22,88.1369834425139,3363165,0,1
2018-07-23,102.1,102.11,101.7,101.72,87.7058692601498,5285683,0,1
2018-07-24,101.7,101.84,101.63,101.79,87.7662252456808,3293839,0,1
2018-07-25,101.91,101.98,101.66,101.72,87.7058692601498,2408954,0,1
2018-07-26,101.82,101.87,101.59,101.61,87.6110241400297,2598215,0,1
2018-07-27,101.84,101.84,101.68,101.77,87.7489806783862,1435099,0,1
2018-07-30,101.57,101.76,101.56,101.64,87.6368909909716,3832706,0,1
2018-07-31,101.8,101.83,101.71,101.78,87.7576029620335,3053579,0,1
2018-08-01,101.26,101.41,101.19,101.34,87.5505862428041,5366771,0.1999,1
2018-08-02,101.41,101.48,101.32,101.46,87.6542577481241,3370763,0,1
2018-08-03,101.54,101.75,101.53,101.72,87.8788793429843,2174780,0,1
2018-08-06,101.79,101.95,101.76,101.77,87.9220758035343,3867205,0,1
2018-08-07,101.71,101.71,101.54,101.56,87.7406506692242,2181388,0,1
2018-08-08,101.59,101.71,101.58,101.65,87.8184042982143,2780441,0,1
2018-08-09,101.81,101.93,101.79,101.93,88.0603044772945,4318009,0,1
2018-08-10,102.2,102.5,102.17,102.37,88.4404333301347,4327822,0,1
2018-08-13,102.31,102.46,102.23,102.34,88.4145154538047,1764670,0,1
2018-08-14,102.32,102.33,102.19,102.24,88.3281225327046,2487598,0,1
2018-08-15,102.46,102.68,102.43,102.49,88.5441048354548,4810823,0,1
2018-08-16,102.51,102.52,102.28,102.46,88.5181869591248,2594433,0,1
2018-08-17,102.55,102.64,102.4,102.5,88.5527441275648,3043399,0,1
2018-08-20,102.7,102.86,102.68,102.82,88.829201475085,2901051,0,1
2018-08-21,102.73,102.73,102.61,102.68,88.7082513855449,2516672,0,1
2018-08-22,102.96,102.96,102.77,102.87,88.872397935635,2396765,0,1
2018-08-23,102.91,102.95,102.83,102.86,88.863758643525,871043,0,1
2018-08-24,102.68,102.91,102.64,102.89,88.889676519855,1296659,0,1
2018-08-27,102.75,102.78,102.64,102.66,88.6909728013249,1852217,0,1
2018-08-28,102.48,102.52,102.39,102.43,88.4922690827948,1506723,0,1
2018-08-29,102.46,102.47,102.3,102.4,88.4663512064647,1420391,0,1
2018-08-30,102.54,102.68,102.51,102.59,88.6304977565549,2780914,0,1
2018-08-31,102.82,102.83,102.6,102.61,88.6477763407749,2132150,0,1
2018-09-04,102.26,102.32,102.12,102.17,88.4453819166553,3419538,0.2057,1
2018-09-05,102.15,102.23,102.05,102.16,88.4367252285946,1332312,0,1
2018-09-06,102.22,102.45,102.21,102.37,88.6185156778703,1656715,0,1
2018-09-07,102.01,102.04,101.87,101.91,88.2203080270759,4404950,0,1
2018-09-10,101.89,102.01,101.89,101.97,88.2722481554404,3110962,0,1
2018-09-11,101.77,101.8,101.6,101.6,87.9519506971927,3360533,0,1
2018-09-12,101.76,101.81,101.72,101.72,88.0558309539217,1398928,0,1
2018-09-13,101.86,101.86,101.69,101.71,88.0471742658609,1281586,0,1
2018-09-14,101.51,101.62,101.46,101.52,87.8826971927067,3749860,0,1
2018-09-17,101.41,101.58,101.38,101.54,87.9000105688283,3808368,0,1
2018-09-18,101.41,101.42,101.09,101.12,87.5364296702769,4972854,0,1
2018-09-19,101.06,101.07,100.8,100.95,87.3892659732442,5515879,0,1
2018-09-20,100.83,101.06,100.8,100.96,87.3979226613049,2973763,0,1
2018-09-21,100.9,101.06,100.9,101,87.4325494135479,1024338,0,1
2018-09-24,100.85,101.01,100.84,100.89,87.3373258448797,2389846,0,1
2018-09-25,100.77,100.81,100.68,100.79,87.2507589642722,2878702,0,1
2018-09-26,100.89,101.14,100.84,101.12,87.5364296702769,2502900,0,1
2018-09-27,101.05,101.15,100.99,101.12,87.5364296702769,6342756,0,1
2018-09-28,101.29,101.3,101.13,101.17,87.5797131105806,3931040,0,1
2018-10-01,100.83,100.89,100.71,100.71,87.3582984030444,6408018,0.2042,1
2018-10-02,100.86,101.04,100.86,100.97,87.5838287136868,2914994,0,1
2018-10-03,100.78,100.79,100.09,100.22,86.9332605099108,6612700,0,1
2018-10-04,99.98,100.13,99.88,99.96,86.7077301992684,6427458,0,1
2018-10-05,99.82,99.91,99.6,99.72,86.4995483740601,5676607,0,1
2018-10-08,99.82,99.86,99.74,99.76,86.5342453449281,1947785,0,1
2018-10-09,99.79,99.95,99.76,99.95,86.6990559565514,3066265,0,1
2018-10-10,99.71,100.03,99.67,100,86.7424271701365,3001929,0,1
2018-10-11,100.22,100.55,100.09,100.41,87.098071121534,5821540,0,1
2018-10-12,100.29,100.53,100.24,100.29,86.9939802089299,2647915,0,1
2018-10-15,100.39,100.44,100.26,100.35,87.0460256652319,1859965,0,1
2018-10-16,100.27,100.35,100.2,100.34,87.0373514225149,2704240,0,1
2018-10-17,100.32,100.42,100.05,100.05,86.7857983837215,3336192,0,1
2018-10-18,100,100.4,99.95,100.23,86.9419347526278,2587666,0,1
2018-10-19,100.22,100.24,100.03,100.11,86.8378438400236,5531932,0,1
2018-10-22,100.22,100.26,100.12,100.13,86.8551923254576,1690101,0,1
2018-10-23,100.65,100.79,100.34,100.39,87.0807226361,4420115,0,1
2018-10-24,100.67,100.96,100.6,100.93,87.5491317428187,4881155,0,1
2018-10-25,100.75,100.82,100.6,100.69,87.3409499176104,3559921,0,1
2018-10-26,101.07,101.3,101.04,101.14,87.731290839876,4220756,0,1
2018-10-29,101.01,101.24,100.85,101.13,87.722616597159,3766926,0,1
2018-10-30,100.94,101.06,100.87,100.91,87.5317832573847,5746643,0,1
2018-10-31,100.61,100.74,100.55,100.66,87.3149271894594,3956743,0,1
2018-11-01,100.36,100.57,100.33,100.53,87.3896436465266,4834317,0.2161,1
2018-11-02,100.29,100.32,99.93,99.97,86.9028416924626,5250949,0,1
2018-11-05,100.16,100.2,100.03,100.03,86.9549990446838,2446666,0,1
2018-11-06,100.1,100.1,99.91,99.92,86.8593772322783,2456739,0,1
2018-11-07,100.09,100.17,99.91,99.92,86.8593772322783,3297630,0,1
2018-11-08,100,100.02,99.75,99.78,86.7376767437623,2188899,0,1
2018-11-09,99.93,100.22,99.92,100.17,87.0766995331998,2772679,0,1
2018-11-12,100.38,100.51,100.33,100.47,87.3374862943055,3704933,0,1
2018-11-13,100.42,100.58,100.35,100.55,87.4070294306003,3265009,0,1
2018-11-14,100.43,100.96,100.39,100.76,87.5895801633744,4626422,0,1
2018-11-15,101.01,101.06,100.71,100.83,87.6504304076323,2621253,0,1
2018-11-16,101.06,101.18,100.98,101.14,87.9199100607749,7226698,0,1
2018-11-19,101.06,101.32,101.06,101.29,88.0503034413278,3447829,0,1
2018-11-20,101.32,101.42,101.23,101.27,88.0329176572541,3658623,0,1
2018-11-21,101.18,101.25,101.07,101.25,88.0155318731804,1896977,0,1
2018-11-23,101.46,101.465,101.31,101.31,88.0676892254015,531238,0,1
2018-11-26,101.19,101.23,101.13,101.23,87.9981460891066,2345621,0,1
2018-11-27,101.2,101.4,101.19,101.33,88.0850750094752,2334393,0,1
2018-11-28,101.25,101.46,101.17,101.32,88.0763821174383,3582510,0,1
2018-11-29,101.59,101.73,101.46,101.58,88.3023973103966,4313021,0,1
2018-11-30,101.73,101.82,101.66,101.78,88.4762551511338,3069684,0,1
2018-12-03,101.44,101.79,101.41,101.79,88.669505964716,6004914,0.2123,1
2018-12-04,101.97,102.46,101.94,102.26,89.0789240588649,7748767,0,1
2018-12-06,102.65,102.965,102.5,102.52,89.3054106641387,9429900,0,1
2018-12-07,102.49,102.86,102.36,102.82,89.5667413625316,7319120,0,1
2018-12-10,102.84,103.04,102.71,102.88,89.6190075022102,9045691,0,1
2018-12-11,102.64,102.85,102.5,102.62,89.3925208969364,5290089,0,1
2018-12-12,102.45,102.5,102.31,102.34,89.148612245103,3727166,0,1
2018-12-13,102.46,102.5,102.34,102.4,89.2008783847816,4116029,0,1
2018-12-14,102.57,102.72,102.52,102.56,89.3402547572578,3529993,0,1
2018-12-17,102.66,102.93,102.65,102.86,89.6015854556507,7626952,0,1
2018-12-18,102.75,102.95,102.68,102.9,89.8216276459022,4461364,0.2126,1
2018-12-19,103.01,103.48,102.78,103.26,90.1358724073456,7710856,0,1
2018-12-20,103.45,103.47,103.09,103.13,90.0223951323799,9245162,0,1
2018-12-21,103.2,103.23,103.06,103.22,90.1009563227408,4918611,0,1
2018-12-24,103.38,103.49,103.26,103.48,90.3279108726721,6372964,0,1
2018-12-26,103.47,103.62,102.95,102.99,89.900188836263,5478030,0,1
2018-12-27,103.43,103.63,103.23,103.25,90.1271433861944,4602088,0,1
2018-12-28,103.42,103.82,103.385,103.81,90.6159685706619,4542620,0,1
2018-12-31,103.69,104.66,103.63,104.2,90.9564003955589,7227495,0,1
2019-01-02,104.31,104.43,104.18,104.42,91.1484388608854,18668725,0,1
2019-01-03,104.46,105.315,104.44,105.25,91.8729476164354,10616683,0,1
2019-01-04,104.55,104.59,104.27,104.4,91.130980818583,6616730,0,1
2019-01-07,104.52,104.57,104.07,104.11,90.877839205198,5459196,0,1
2019-01-08,104,104.09,103.85,103.85,90.6508846552667,6879507,0,1
2019-01-09,103.84,103.99,103.77,103.91,90.7032587821739,3248650,0,1
2019-01-10,104.07,104.14,103.79,103.86,90.6596136764179,14412994,0,1
2019-01-11,104.14,104.26,104.07,104.17,90.9302133321053,3825731,0,1
2019-01-14,104.21,104.29,104.05,104.11,90.877839205198,3090149,0,1
2019-01-15,104.29,104.29,103.97,104.01,90.790548993686,4148048,0,1
2019-01-16,103.89,104,103.81,103.95,90.7381748667787,4820794,0,1
2019-01-17,103.9,103.95,103.68,103.76,90.5723234649058,5328050,0,1
2019-01-18,103.61,103.72,103.35,103.43,90.2842657669161,6617519,0,1
2019-01-22,103.72,103.91,103.67,103.79,90.5985105283595,5814417,0,1
2019-01-23,103.61,103.85,103.58,103.74,90.5548654226034,3507319,0,1
2019-01-24,104.06,104.18,103.98,104.07,90.8429231205932,6030700,0,1
2019-01-25,103.89,103.94,103.73,103.83,90.6334266129643,2763332,0,1
2019-01-28,103.79,103.98,103.79,103.86,90.6596136764179,3116096,0,1
2019-01-29,103.94,104.16,103.93,104.16,90.921484310954,2836679,0,1
2019-01-30,104.05,104.43,103.96,104.4,91.130980818583,5788342,0,1
2019-01-31,104.64,104.93,104.61,104.88,91.5499738338408,10206451,0,1
2019-02-01,104.47,104.49,104.09,104.1,91.0612211002489,9191931,0.2201,1
2019-02-04,103.97,103.97,103.81,103.87,90.8600291612186,7283506,0,1
2019-02-05,104,104.18,103.99,104.05,91.0174837221988,3331094,0,1
2019-02-06,104.28,104.29,104.07,104.13,91.0874635270789,3489763,0,1
2019-02-07,104.42,104.55,104.35,104.47,91.3848776978194,6937372,0,1
2019-02-08,104.63,104.73,104.59,104.61,91.5073423563596,2602723,0,1
2019-02-11,104.45,104.54,104.37,104.45,91.3673827465994,2637191,0,1
2019-02-12,104.38,104.39,104.22,104.31,91.2449180880592,3305304,0,1
2019-02-13,104.07,104.17,104,104.05,91.0174837221988,3772135,0,1
2019-02-14,104.61,104.62,104.41,104.54,91.4461100270895,10568669,0,1
2019-02-15,104.35,104.47,104.34,104.44,91.3586352709894,6878987,0,1
2019-02-19,104.63,104.695,104.55,104.62,91.5160898319697,8557378,0,1
2019-02-20,104.62,104.7,104.52,104.6,91.4985948807496,4751098,0,1
2019-02-21,104.3,104.34,104.22,104.29,91.2274231368392,4140206,0,1
2019-02-22,104.5,104.715,104.46,104.6,91.4985948807496,3351041,0,1
2019-02-25,104.43,104.5,104.36,104.44,91.3586352709894,2849605,0,1
2019-02-26,104.75,104.79,104.6,104.75,91.6298070148998,2647726,0,1
2019-02-27,104.57,104.58,104.3,104.38,91.3061504173293,2530612,0,1
2019-02-28,104.34,104.35,104.06,104.11,91.0699685758589,4950133,0,1
2019-03-01,103.74,103.85,103.57,103.57,90.7717260191782,9003040,0.1991,1
2019-03-04,103.73,103.95,103.66,103.89,91.0521832203574,3506592,0,1
2019-03-05,103.77,103.96,103.7,103.95,91.1047689455786,2112204,0,1
2019-03-06,103.99,104.29,103.99,104.24,91.3589332841473,2401598,0,1
2019-03-07,104.44,104.67,104.43,104.59,91.6656833479371,4822864,0,1
2019-03-08,104.69,104.83,104.58,104.74,91.7971476609899,5211967,0,1
2019-03-11,104.73,104.73,104.57,104.66,91.7270333606951,4654143,0,1
2019-03-12,104.74,105,104.7,104.95,91.9811976992638,4942779,0,1
2019-03-13,104.84,104.94,104.8,104.91,91.9461405491164,1714980,0,1
2019-03-14,104.86,104.91,104.65,104.76,91.8146762360636,2514684,0,1
2019-03-15,105.08,105.17,104.97,105.09,92.1038977247797,7844642,0,1
2019-03-18,104.99,105.08,104.94,104.95,91.9811976992638,4166201,0,1
2019-03-19,104.78,104.99,104.75,104.88,91.9198476865058,2138001,0,1
2019-03-20,105.03,105.64,105.01,105.61,92.559640676696,8061698,0,1
2019-03-21,105.73,105.75,105.48,105.56,92.5158192390118,4633505,0,1
2019-03-22,106.09,106.51,106.04,106.34,93.1994336668863,4721870,0,1
2019-03-25,106.34,106.86,106.25,106.61,93.4360694303813,7829000,0,1
2019-03-26,106.39,106.69,106.34,106.52,93.3571908425496,7483688,0,1
2019-03-27,106.81,107.08,106.75,106.83,93.628883756192,3555914,0,1
2019-03-28,106.8,106.91,106.66,106.84,93.6376480437289,3769846,0,1
2019-03-29,106.47,106.68,106.44,106.67,93.4886551556024,2748915,0,1
2019-04-01,106.1,106.13,105.68,105.72,92.8469813493067,9430394,0.2179,1
2019-04-02,105.82,105.92,105.76,105.9,93.0050636104009,7318597,0,1
2019-04-03,105.57,105.69,105.52,105.57,92.7152461317283,5207253,0,1
2019-04-04,105.62,105.72,105.55,105.68,92.8118519579525,2293705,0,1
2019-04-05,105.6,105.8,105.59,105.73,92.8557636971453,1749909,0,1
2019-04-08,105.71,105.76,105.56,105.56,92.7064637838897,3591492,0,1
2019-04-09,105.82,105.88,105.72,105.75,92.8733283928224,3210636,0,1
2019-04-10,105.92,106.07,105.91,106,93.0928870887866,2059767,0,1
2019-04-11,105.83,105.87,105.72,105.76,92.882110740661,1547544,0,1
2019-04-12,105.39,105.45,105.27,105.27,92.4517756965713,6032092,0,1
2019-04-15,105.29,105.42,105.29,105.41,92.5747285663112,2410736,0,1
2019-04-16,105.19,105.245,105.03,105.05,92.2585640441229,5003641,0,1
2019-04-17,105,105.18,105,105.07,92.2761287398,2348848,0,1
2019-04-18,105.33,105.46,105.29,105.32,92.4956874357642,4893179,0,1
2019-04-22,105.26,105.27,105.12,105.17,92.3639522181857,3630010,0,1
2019-04-23,105.32,105.39,105.28,105.36,92.5308168271184,2462055,0,1
2019-04-24,105.66,105.77,105.64,105.76,92.882110740661,3266709,0,1
2019-04-25,105.73,105.79,105.59,105.63,92.7679402187597,1457640,0,1
2019-04-26,105.97,105.99,105.85,105.91,93.0138459582395,2156291,0,1
2019-04-29,105.72,105.77,105.61,105.69,92.820634305791,2715003,0,1
2019-04-30,105.63,105.93,105.62,105.9,93.0050636104009,3621942,0,1
2019-05-01,105.7,106.11,105.55,105.64,92.9624797622013,6870719,0.2115,1
2019-05-02,105.53,105.57,105.27,105.34,92.6984818075566,3126155,0,1
2019-05-03,105.46,105.62,105.43,105.48,92.8216808530575,2625249,0,1
2019-05-06,105.88,105.92,105.73,105.75,93.0592790122376,3370060,0,1
2019-05-07,106.01,106.19,105.96,106.11,93.3760765578112,3965829,0,1
2019-05-08,106.21,106.25,105.86,105.91,93.2000779213814,4226574,0,1
2019-05-09,106.3,106.43,106.05,106.19,93.4464760123831,4224160,0,1
2019-05-10,106.24,106.42,106.05,106.12,93.3848764896327,2855374,0,1
2019-05-13,106.57,106.74,106.52,106.65,93.8512728761716,5653357,0,1
2019-05-14,106.57,106.62,106.44,106.55,93.7632735579567,2573186,0,1
2019-05-15,106.94,106.97,106.74,106.89,94.0624712398873,5512288,0,1
2019-05-16,106.65,106.72,106.55,106.68,93.877672671636,3898355,0,1
2019-05-17,106.91,106.91,106.62,106.73,93.9216723307435,2128424,0,1
2019-05-20,106.75,106.84,106.53,106.55,93.7632735579567,2439557,0,1
2019-05-21,106.48,106.52,106.34,106.43,93.6576743760988,2675307,0,1
2019-05-22,106.6,106.8,106.57,106.75,93.9392721943865,3561928,0,1
2019-05-23,107.01,107.56,107.01,107.4,94.5112677627832,6184489,0,1
2019-05-24,107.33,107.37,107.23,107.37,94.4848679673187,2422769,0,1
2019-05-28,107.62,107.84,107.53,107.84,94.8984647629287,7038954,0,1
2019-05-29,108.09,108.24,107.78,107.8,94.8632650356427,5251806,0,1
2019-05-30,107.86,108.24,107.72,108.19,95.2064623766808,3461100,0,1
2019-05-31,108.56,108.95,108.49,108.91,95.8400574678279,6020621,0,1
2019-06-03,108.88,109.34,108.77,109.22,96.2998688653848,23830907,0.2125,1
2019-06-04,108.76,108.99,108.595,108.82,95.9471866867897,5503215,0,1
2019-06-05,108.96,109.13,108.76,108.82,95.9471866867897,7712307,0,1
2019-06-06,108.91,109.1,108.73,108.8,95.9295525778599,2392398,0,1
2019-06-07,109.4,109.42,109.14,109.23,96.3086859198496,2805926,0,1
2019-06-10,108.86,108.88,108.675,108.685,95.8281564515138,6071237,0,1
2019-06-11,108.62,108.77,108.58,108.69,95.8325649787463,2735811,0,1
2019-06-12,108.77,108.99,108.76,108.97,96.0794425037628,2062847,0,1
2019-06-13,109.07,109.33,109.05,109.24,96.3175029743145,1684700,0,1
2019-06-14,109.16,109.38,109.15,109.32,96.3880394100335,3880735,0,1
2019-06-17,109.3,109.38,109.17,109.3,96.3704053011038,3038808,0,1
2019-06-18,109.75,109.8,109.41,109.51,96.5555634448662,4564921,0,1
2019-06-19,109.28,109.9,109.205,109.81,96.8200750788125,4541492,0,1
2019-06-20,110.04,110.28,109.965,109.99,96.9787820591803,4575008,0,1
2019-06-21,109.73,109.77,109.45,109.54,96.5820146082608,4305194,0,1
2019-06-24,109.74,109.94,109.71,109.92,96.9170626779261,3046256,0,1
2019-06-25,110.03,110.23,109.95,110.09,97.066952603829,5251008,0,1
2019-06-26,109.95,109.95,109.6,109.64,96.6701851529096,6674975,0,1
2019-06-27,109.77,110.03,109.68,109.97,96.9611479502505,2538362,0,1
2019-06-28,109.87,110.11,109.81,110.02,97.0052332225749,4341481,0,1
2019-07-01,109.82,109.87,109.5,109.69,96.8838118021282,8191473,0.1923,1
2019-07-02,109.81,110.15,109.79,110.08,97.2282797263039,3117098,0,1
2019-07-03,110.21,110.4,110.2,110.29,97.4137624547062,2607009,0,1
2019-07-05,109.65,109.65,109.34,109.59,96.7954866933652,3664100,0,1
2019-07-08,109.75,109.82,109.48,109.48,96.6983290737259,3254286,0,1
2019-07-09,109.49,109.5,109.34,109.41,96.6365014975918,2061782,0,1
2019-07-10,109.51,109.62,109.34,109.47,96.6894965628496,4343742,0,1
2019-07-11,109.33,109.4,108.88,108.93,96.2125409755294,4769826,0,1
2019-07-12,108.92,109.17,108.89,109.05,96.318531106045,4141939,0,1
2019-07-15,109.14,109.28,109.07,109.28,96.5216788561999,1753174,0,1
2019-07-16,108.93,109.08,108.83,109.04,96.3096985951687,2766110,0,1
2019-07-17,109.23,109.56,109.22,109.55,96.76015664986,2624401,0,1
2019-07-18,109.43,109.89,109.4,109.82,96.9986344435201,2386673,0,1
2019-07-19,109.59,109.73,109.51,109.62,96.8219842259941,1728139,0,1
2019-07-22,109.79,109.8,109.63,109.67,96.8661467803756,1629798,0,1
2019-07-23,109.55,109.66,109.42,109.49,96.7071615846022,2329832,0,1
2019-07-24,109.64,109.75,109.56,109.65,96.848481758623,2268628,0,1
2019-07-25,109.52,109.53,109.23,109.46,96.6806640519733,3172045,0,1
2019-07-26,109.5,109.51,109.32,109.44,96.6629990302207,3004070,0,1
2019-07-29,109.62,109.66,109.52,109.54,96.7513241389837,2505561,0,1
2019-07-30,109.63,109.67,109.445,109.59,96.7954866933652,2514764,0,1
2019-07-31,109.56,109.99,109.39,109.87,97.0427969979016,6669714,0,1
2019-08-01,109.84,110.92,109.79,110.92,98.1411568219151,16938729,0.1935,1
2019-08-02,110.94,111.2,110.84,111.15,98.3446590403522,8503301,0,1
2019-08-05,111.82,112.2,111.76,112.11,99.1940596042634,7626211,0,1
2019-08-06,111.88,112.3,111.79,112.29,99.3533222099968,6462448,0,1
2019-08-07,113.07,113.27,112.17,112.29,99.3533222099968,9665348,0,1
2019-08-08,111.99,112.41,111.66,112.3,99.3621701325375,5178767,0,1
2019-08-09,112.38,112.6,112.06,112.13,99.2117554493449,2868961,0,1
2019-08-12,112.54,112.98,112.51,112.84,99.8399579497376,4739934,0,1
2019-08-13,112.86,112.89,112.15,112.44,99.4860410481079,6005831,0,1
2019-08-14,113.09,113.29,113,113.19,100.149635238664,8124271,0,1
2019-08-15,113.34,114.17,113.28,113.91,100.786685661597,5240208,0,1
2019-08-16,113.51,113.67,113.17,113.61,100.521247985375,4976230,0,1
2019-08-19,113.04,113.26,113.01,113.07,100.043460168175,3693085,0,1
2019-08-20,113.52,113.66,113.46,113.57,100.485856295212,3161828,0,1
2019-08-21,113.27,113.57,113.21,113.27,100.22041861899,4921730,0,1
2019-08-22,113.05,113.37,113,113.02,99.999220555471,5860399,0,1
2019-08-23,113.13,113.94,113.01,113.78,100.671662668567,8222680,0,1
2019-08-26,113.73,113.93,113.58,113.67,100.574335520619,7581565,0,1
2019-08-27,113.81,114.19,113.81,114.16,101.007883725116,3267443,0,1
2019-08-28,114.35,114.39,114.12,114.2,101.043275415279,2505433,0,1
2019-08-29,114.1,114.1,113.69,113.98,100.848621119382,4232371,0,1
2019-08-30,113.78,114.05,113.74,114.01,100.875164887005,3651077,0,1
2019-09-03,113.88,114.44,113.7,114.07,101.096604498808,11753968,0.1903,1
2019-09-04,113.95,114.3,113.95,114.25,101.256132760488,3447044,0,1
2019-09-05,113.59,113.62,113.08,113.33,100.440766089681,4597847,0,1
2019-09-06,113.34,113.53,113.27,113.4,100.502804858112,3111001,0,1
2019-09-09,112.86,112.94,112.69,112.7,99.882417173803,4818705,0,1
2019-09-10,112.53,112.63,111.88,111.88,99.1556773150406,4797360,0,1
2019-09-11,111.78,111.97,111.75,111.77,99.058187821792,4736967,0,1
2019-09-12,112.1,112.16,111.35,111.52,98.8366207916816,8612525,0,1
2019-09-13,111.1,111.21,110.5,110.5,97.9326273088308,24188076,0,1
2019-09-16,110.9,111.1,110.75,110.98,98.3580360066429,5388257,0,1
2019-09-17,111.04,111.38,110.94,111.27,98.6150537615711,8255568,0,1
2019-09-18,111.57,111.8,111.2,111.31,98.6505044863888,5209854,0,1
2019-09-19,111.58,111.59,111.32,111.36,98.6948178924109,7148212,0,1
2019-09-20,111.54,112.02,111.48,112,99.2620294894937,9915042,0,1
2019-09-23,112.14,112.48,112.06,112.16,99.4038323887644,13163943,0,1
2019-09-24,112.22,112.82,112.21,112.72,99.9001425362119,10525344,0,1
2019-09-25,112.59,112.69,111.9,111.98,99.2443041270848,8430899,0,1
2019-09-26,112.25,112.43,112.16,112.22,99.4570084759909,4234168,0,1
2019-09-27,112.23,112.49,112.19,112.38,99.5988113752616,4546123,0,1
2019-09-30,112.21,112.51,112.17,112.47,99.6785755061014,2806200,0,1
2019-10-01,111.85,112.86,111.81,112.61,99.9539629403619,8555112,0.1707,1
2019-10-02,112.73,113.18,112.71,113,100.300131535928,3909055,0,1
2019-10-03,113.16,113.88,113.14,113.59,100.823822488196,6128950,0,1
2019-10-04,113.58,113.89,113.51,113.81,101.019097080566,4707644,0,1
2019-10-07,113.56,113.68,113.4,113.43,100.681804602835,3193609,0,1
2019-10-08,113.82,113.87,113.48,113.67,100.894831430876,4305746,0,1
2019-10-09,113.55,113.55,113.2,113.38,100.63742401366,3337579,0,1
2019-10-10,113.06,113.08,112.56,112.67,100.007219647372,3924427,0,1
2019-10-11,112.13,112.18,111.72,111.9,99.3237585740742,8685279,0,1
2019-10-14,112.25,112.29,112.16,112.21,99.5989182269604,1932167,0,1
2019-10-15,112.16,112.24,111.64,111.67,99.1196078638684,6639548,0,1
2019-10-16,111.84,112.02,111.75,111.89,99.3148824562392,2755766,0,1
2019-10-17,111.8,112.09,111.72,111.85,99.279377984899,3191143,0,1
2019-10-18,111.92,112.12,111.87,111.95,99.3681391632494,2406526,0,1
2019-10-21,111.66,111.79,111.51,111.54,99.0042183320129,1735260,0,1
2019-10-22,111.81,111.85,111.5,111.8,99.2349973957239,3334545,0,1
2019-10-23,112.02,112.07,111.79,111.84,99.270501867064,3305797,0,1
2019-10-24,111.89,112.07,111.78,111.82,99.2527496313939,2654666,0,1
2019-10-25,111.9,111.92,111.42,111.58,99.039722803353,2387370,0,1
2019-10-28,111.19,111.22,111.05,111.16,98.6669258542814,5838011,0,1
2019-10-29,111.3,111.35,111.15,111.26,98.7556870326318,2200186,0,1
2019-10-30,111.35,111.81,111.31,111.8,99.2349973957239,5452549,0,1
2019-10-31,112.11,112.58,112.07,112.51,99.8652017620116,5594462,0,1
2019-11-01,112.18,112.42,111.88,112.13,99.6770910843454,8159807,0.1681,1
2019-11-04,111.63,111.69,111.5,111.56,99.1703940191703,4147334,0,1
2019-11-05,111.13,111.17,110.85,110.96,98.6370286874071,7068841,0,1
2019-11-06,111.19,111.39,110.98,111.28,98.9214901976809,4129788,0,1
2019-11-07,110.71,110.71,109.98,110.39,98.1303316222321,5890165,0,1
2019-11-08,110.29,110.64,110.24,110.24,97.9969902892913,3042004,0,1
2019-11-11,110.49,110.52,110.24,110.36,98.1036633556439,1569260,0,1
2019-11-12,110.35,110.5,110.18,110.41,98.1481104666242,4446349,0,1
2019-11-13,110.82,110.86,110.63,110.71,98.4147931325058,2475151,0,1
2019-11-14,111.19,111.4,111.14,111.27,98.9126007754848,3189644,0,1
2019-11-15,111.09,111.29,111.08,111.18,98.8325959757203,2104540,0,1
2019-11-18,111.36,111.49,111.33,111.37,99.0014949974453,2222406,0,1
2019-11-19,111.39,111.62,111.39,111.58,99.1881728635624,8306976,0,1
2019-11-20,111.8,112.02,111.72,111.99,99.5526391736006,3838072,0,1
2019-11-21,111.72,111.83,111.57,111.71,99.3037353521111,3054910,0,1
2019-11-22,111.77,111.81,111.6,111.69,99.285956507719,1879667,0,1
2019-11-25,111.7,111.78,111.68,111.74,99.3304036186993,3573142,0,1
2019-11-26,111.91,111.99,111.85,111.95,99.5170814848164,3579371,0,1
2019-11-27,111.72,111.77,111.61,111.66,99.2592882411309,2351809,0,1
2019-11-29,111.62,111.63,111.44,111.57,99.1792834413664,2882264,0,1
2019-12-02,110.87,111.12,110.81,111.01,98.8238461174528,6826437,0.1602,1
2019-12-03,111.58,112.17,111.57,112,99.7051685898091,6562321,0,1
2019-12-04,111.77,111.86,111.39,111.57,99.3223719604018,2072415,0,1
2019-12-05,111.15,111.42,111.14,111.31,99.0909135333183,3061985,0,1
2019-12-06,110.88,111.19,110.83,110.97,98.7882371286707,2717408,0,1
2019-12-09,111.21,111.22,111.04,111.06,98.8683573534303,2304461,0,1
2019-12-10,111.15,111.19,110.91,110.93,98.7526281398886,1707068,0,1
2019-12-11,111.1,111.47,111.08,111.39,99.1621315108825,2462555,0,1
2019-12-12,111.28,111.3,110.31,110.51,98.3787337576768,5490568,0,1
2019-12-13,110.81,111.23,110.48,111.16,98.9573798253855,4162002,0,1
2019-12-16,110.88,110.88,110.57,110.64,98.4944629712186,3028541,0,1
2019-12-17,110.77,110.82,110.58,110.65,98.5033652184141,3471397,0,1
2019-12-18,110.58,110.61,110.23,110.35,98.2362978025485,2249532,0,1
2019-12-19,110.12,110.42,110.08,110.28,98.3132185596661,1962689,0.1564,1
2019-12-20,110.11,110.3,110.08,110.28,98.3132185596661,4660471,0,1
2019-12-23,110.31,110.38,110.09,110.18,98.224069830468,1809420,0,1
2019-12-24,110.04,110.41,110.04,110.37,98.3934524159444,857562,0,1
2019-12-26,110.41,110.53,110.27,110.53,98.5360903826614,1385096,0,1
2019-12-27,110.62,110.73,110.62,110.69,98.6787283493783,1771062,0,1
2019-12-30,110.31,110.62,110.24,110.62,98.6163242389397,2035351,0,1
2019-12-31,110.44,110.49,110.21,110.22,98.2597293221473,2801670,0,1
2020-01-02,110.69,110.95,110.63,110.73,98.7143878410576,4022281,0,1
2020-01-03,111.15,111.49,111.04,111.47,99.3740884371235,3839615,0,1
2020-01-06,111.66,111.67,111.26,111.35,99.2671099620858,2714330,0,1
2020-01-07,111.33,111.43,111.19,111.19,99.1244719953688,2038875,0,1
2020-01-08,111.29,111.42,110.79,110.93,98.8926852994538,5081221,0,1
2020-01-09,110.68,111.04,110.63,111.01,98.9640042828123,3680578,0,1
2020-01-10,111.09,111.32,111.09,111.25,99.1779612328877,2600035,0,1
2020-01-13,111.11,111.14,110.98,111.12,99.0620678849302,2672631,0,1
2020-01-14,111.18,111.36,111.16,111.34,99.258195089166,2376297,0,1
2020-01-15,111.55,111.62,111.43,111.62,99.5078115309207,2734780,0,1
2020-01-16,111.45,111.51,111.3,111.39,99.302769453765,2200468,0,1
2020-01-17,111.13,111.3,111.09,111.3,99.2225355974867,2627007,0,1
2020-01-21,111.55,111.78,111.54,111.74,99.6147900059584,2355576,0,1
2020-01-22,111.74,111.82,111.68,111.76,99.632619751798,1787630,0,1
2020-01-23,112.03,112.24,111.99,112.04,99.8822361935527,1891281,0,1
2020-01-24,112.18,112.61,112.16,112.44,100.238831110345,7932638,0,1
2020-01-27,113.19,113.21,113.03,113.2,100.916361452251,3824613,0,1
2020-01-28,113.09,113.12,112.78,112.82,100.577596281298,1923770,0,1
2020-01-29,112.97,113.41,112.97,113.36,101.058999418968,2429680,0,1
2020-01-30,113.55,113.83,113.4,113.47,101.157063021086,4405548,0,1
2020-01-31,113.72,114.12,113.69,114.04,101.665210777515,9764519,0,1
2020-02-03,113.61,113.84,113.32,113.79,101.578996824482,5722177,0.1533,1
2020-02-04,113.24,113.25,112.96,113.13,100.989822574511,2569656,0,1
2020-02-05,112.71,112.8693,112.62,112.64,100.552405328321,9027593,0,1
2020-02-06,112.61,112.8,112.56,112.72,100.623820388923,1697175,0,1
2020-02-07,113.18,113.36,113.09,113.26,101.10587204799,6177908,0,1
2020-02-10,113.5,113.62,113.37,113.48,101.302263464647,1909108,0,1
2020-02-11,113.33,113.37,113.14,113.21,101.061237635114,1657144,0,1
2020-02-12,112.97,112.99,112.83,112.92,100.80235804043,1473750,0,1
2020-02-13,112.98,113.14,112.94,113.02,100.891626866183,1868002,0,1
2020-02-14,113.27,113.37,113.21,113.3,101.141579578291,2043632,0,1
2020-02-18,113.45,113.65,113.35,113.48,101.302263464647,8412898,0,1
2020-02-19,113.36,113.51,113.3,113.46,101.284409699496,1681788,0,1
2020-02-20,113.63,113.94,113.62,113.79,101.578996824482,3453027,0,1
2020-02-21,114.09,114.53,114.08,114.25,101.989633422946,5381018,0,1
2020-02-24,115.2,115.29,115.02,115.14,102.784125972149,6803649,0,1
2020-02-25,115.11,115.71,115.08,115.46,103.069786214559,10014347,0,1
2020-02-26,115.21,115.79,115.09,115.4,103.016224919107,19649403,0,1
2020-02-27,116.14,116.34,115.58,115.96,103.516130343325,8630137,0,1
2020-02-28,116.89,117.45,116.76,117.26,104.676625078115,13437146,0,1
2020-03-02,117.55,117.94,116.97,117.04,104.605468004419,19402100,0.1403,1
2020-03-03,117.16,119.29,117.03,118.4,105.820979252591,11462348,0,1
2020-03-04,118.57,118.91,118.05,118.14,105.588602102205,7627290,0,1
2020-03-05,119,119.32,118.92,119.19,106.527048286455,5284214,0,1
2020-03-06,120.98,121.31,120.09,120.4,107.60849579402,11614849,0,1
2020-03-09,123.25,123.41,121.45,121.48,108.573754726391,24791745,0,1
2020-03-10,120.88,121.76,119.25,119.25,106.580673782698,15073114,0,1
2020-03-11,120.27,120.59,117.6,118.06,105.517101440548,13316516,0,1
2020-03-12,120.15,120.77,114.4,118.12,105.570726936791,10671552,0,1
2020-03-13,117.8,118.98,117.01,117.35,104.882533068341,8697570,0,1
2020-03-16,120.03,120.68,119,120.45,107.653183707555,6971755,0,1
2020-03-17,119.91,120.29,117.42,117.43,104.954033729998,5680276,0,1
2020-03-18,116.6,117.8,115.34,115.8,103.497207748733,13256274,0,1
2020-03-19,116.14,117.63,115.92,116.18,103.836835891605,6702952,0,1
2020-03-20,117.64,119.88,117.41,119.14,106.48236037292,9641930,0,1
2020-03-23,119.45,121.06,119.45,120.55,107.742559534627,12234746,0,1
2020-03-24,119.52,119.97,119.26,119.73,107.009677752641,5235484,0,1
2020-03-25,119.76,120.26,119.4,119.8,107.072240831591,5527552,0,1
2020-03-26,120.19,120.5,119.91,120.09,107.331430730098,3384495,0,1
2020-03-27,120.81,121.39,120.68,120.98,108.126875591034,5282367,0,1
2020-03-30,121.79,122.09,121.18,121.26,108.377127906834,4649568,0,1
2020-03-31,121.45,121.81,121.31,121.48,108.573754726391,6356537,0,1
2020-04-01,122.13,122.26,121.73,121.83,109.015285612257,9256441,0.144,1
2020-04-02,122.17,122.22,121.67,121.85,109.033181908015,4789361,0,1
2020-04-03,122.04,122.29,121.82,121.94,109.113715238928,3441297,0,1
2020-04-06,121.53,121.6,121.28,121.39,108.621567105572,4697597,0,1
2020-04-07,120.55,120.89,120.27,120.85,108.138367120095,9340613,0,1
2020-04-08,120.6,120.87,120.46,120.7,108.004144901907,3341022,0,1
2020-04-09,120.64,121.11,120.53,120.96,108.236796746766,4543678,0,1
2020-04-13,120.85,121.015,120.67,120.7,108.004144901907,2103215,0,1
2020-04-14,120.84,121.05,120.8,120.86,108.147315267975,2180063,0,1
2020-04-15,121.52,122.03,121.48,121.94,109.113715238928,3137391,0,1
2020-04-16,122.11,122.25,121.99,122.07,109.230041161357,1901687,0,1
2020-04-17,121.97,122.3,121.64,121.75,108.943700429223,2375086,0,1
2020-04-20,121.98,122.08,121.79,122.07,109.230041161357,4230725,0,1
2020-04-21,122.57,122.69,122.3,122.41,109.53427818925,3287659,0,1
2020-04-22,122.13,122.25,121.81,122.03,109.194248569841,3168690,0,1
2020-04-23,121.97,122.14,121.87,122.11,109.265833752874,2346265,0,1
2020-04-24,121.89,122.15,121.88,122.14,109.292678196512,2373519,0,1
2020-04-27,121.85,121.88,121.46,121.49,108.711048584364,2508138,0,1
2020-04-28,121.75,122.09,121.74,122.02,109.185300421961,2847637,0,1
2020-04-29,122.03,122.21,121.71,121.96,109.131611534686,2600232,0,1
2020-04-30,122.05,122.26,121.67,121.67,108.872115246189,5371506,0,1
2020-05-01,121.79,121.91,121.57,121.71,109.022428918709,8357730,0.128,1
2020-05-04,121.68,121.82,121.55,121.73,109.040344033148,3580519,0,1
2020-05-05,121.45,121.68,121.37,121.64,108.959726018172,3487668,0,1
2020-05-06,120.99,121.28,120.85,121.19,108.556635943294,3279454,0,1
2020-05-07,121.3,121.98,121.26,121.93,109.219495177538,3252814,0,1
2020-05-08,121.62,121.98,121.44,121.53,108.861192888757,3486806,0,1
2020-05-11,121.51,121.58,121.09,121.19,108.556635943294,4569358,0,1
2020-05-12,121.13,121.63,121.11,121.59,108.914938232074,4267731,0,1
2020-05-13,121.74,121.99,121.65,121.84,109.138877162562,2615782,0,1
2020-05-14,122.05,122.21,121.98,122.03,109.309070749733,2257568,0,1
2020-05-15,122.2,122.23,121.86,121.95,109.237410291977,1828945,0,1
2020-05-18,121.66,121.67,121.06,121.2,108.565593500513,3091234,0,1
2020-05-19,121.17,121.56,121.17,121.54,108.870150445977,1941703,0,1
2020-05-20,121.37,121.71,121.28,121.57,108.897023117635,2366730,0,1
2020-05-21,121.69,121.85,121.6,121.65,108.968683575392,2059502,0,1
2020-05-22,121.71,121.88,121.69,121.88,109.17470739144,1352411,0,1
2020-05-26,121.5,121.63,121.39,121.56,108.888065560416,3485014,0,1
2020-05-27,121.49,121.84,121.48,121.66,108.977641132611,2559220,0,1
2020-05-28,121.44,121.61,121.37,121.55,108.879108003196,3873877,0,1
2020-05-29,121.75,121.99,121.63,121.94,109.228452734757,2993843,0,1
2020-06-01,121.62,121.77,121.49,121.77,109.185652630607,8531709,0.1222,1
2020-06-02,121.63,121.74,121.49,121.57,109.006321674492,4711832,0,1
2020-06-03,121.17,121.19,120.75,120.85,108.360730232478,4226754,0,1
2020-06-04,120.66,120.67,120.31,120.37,107.930335937802,4744064,0,1
2020-06-05,119.6,119.81,119.35,119.77,107.392343069457,10611679,0,1
2020-06-08,119.67,120.01,119.66,119.9,107.508908190932,3314691,0,1
2020-06-09,120.37,120.53,120.25,120.33,107.894469746579,3238558,0,1
2020-06-10,120.61,121.23,120.55,121.23,108.701459049096,4945029,0,1
2020-06-11,121.68,121.85,121.59,121.66,109.087020604744,6365781,0,1
2020-06-12,121.44,121.66,121.33,121.39,108.844923813988,3050997,0,1
2020-06-15,121.66,121.74,121.29,121.29,108.755258335931,2658046,0,1
2020-06-16,120.84,121.27,120.73,121.04,108.531094640787,5252003,0,1
2020-06-17,121.16,121.27,120.97,121.23,108.701459049096,2308253,0,1
2020-06-18,121.51,121.56,121.42,121.5,108.943555839852,1694622,0,1
2020-06-19,121.23,121.61,121.23,121.54,108.979422031075,2033246,0,1
2020-06-22,121.66,121.71,121.37,121.43,108.880790005211,2285080,0,1
2020-06-23,121.31,121.43,121.24,121.39,108.844923813988,2010572,0,1
2020-06-24,121.29,121.66,121.29,121.62,109.051154413521,2310651,0,1
2020-06-25,121.8,121.83,121.61,121.64,109.069087509132,1650931,0,1
2020-06-26,121.8,122.07,121.78,121.97,109.364983586722,3413933,0,1
2020-06-29,121.93,122.14,121.92,122.09,109.472582160391,28632379,0,1
2020-06-30,122.15,122.19,121.79,121.87,109.275318108664,4126714,0,1
2020-07-01,121.53,121.66,121.35,121.57,109.105000326404,10853826,0.1101,1
2020-07-02,121.44,121.74,121.35,121.72,109.239620298839,3054157,0,1
2020-07-06,121.41,121.56,121.29,121.54,109.078076331917,2822124,0,1
2020-07-07,121.63,121.94,121.57,121.93,109.428088260248,2920400,0,1
2020-07-08,121.72,121.87,121.61,121.74,109.257569628497,2096713,0,1
2020-07-09,121.77,122.24,121.76,122.13,109.607581556829,2769427,0,1
2020-07-10,122.25,122.29,121.85,121.89,109.392189600932,1938964,0,1
2020-07-13,121.71,122.04,121.68,122.02,109.50886024371,2051108,0,1
2020-07-14,122.18,122.23,121.99,122.01,109.499885578881,1721871,0,1
2020-07-15,121.83,122.09,121.82,121.97,109.463986919565,2085411,0,1
2020-07-16,122.16,122.25,122.06,122.06,109.544758903026,1907115,0,1
2020-07-17,122.12,122.15,121.97,122.03,109.517834908539,2405306,0,1
2020-07-20,122.2,122.22,122.02,122.11,109.589632227171,2695915,0,1
2020-07-21,122.16,122.28,122.12,122.24,109.706302869948,3228374,0,1
2020-07-22,122.39,122.39,122.2358,122.28,109.742201529264,2431512,0,1
2020-07-23,122.43,122.45,122.29,122.4,109.849897507212,2006539,0,1
2020-07-24,122.3,122.43,122.273,122.34,109.796049518238,3395588,0,1
2020-07-27,122.44,122.4579,122.12,122.15,109.625530886487,1976555,0,1
2020-07-28,122.3,122.47,122.26,122.44,109.885796166529,1870313,0,1
2020-07-29,122.45,122.6,122.31,122.6,110.029390803793,1874214,0,1
2020-07-30,122.75,122.78,122.67,122.765,110.177472773472,28331985,0,1
2020-07-31,122.64,122.89,122.585,122.8,110.208884100373,4039242,0,1
2020-08-03,122.52,122.65,122.46,122.64,110.154924825555,6596161,0.0999,1
2020-08-04,122.83,123.09,122.79,123.06,110.532167718793,3841988,0,1
2020-08-05,122.75,122.78,122.61,122.65,110.163906799204,2423684,0,1
2020-08-06,122.89,123.06,122.73,122.79,110.289654430283,2286565,0,1
2020-08-07,122.83,122.9,122.49,122.53,110.056123115421,2363363,0,1
2020-08-10,122.7,122.72,122.4,122.4,109.939357457991,1994937,0,1
2020-08-11,121.96,122.04,121.69,121.98,109.562114564752,7166529,0,1
2020-08-12,121.65,121.76,121.465,121.62,109.238763513405,5538087,0,1
2020-08-13,121.6,121.705,121.25,121.37,109.014214172192,5748364,0,1
2020-08-14,121.48,121.59,121.42,121.43,109.068106014083,2722804,0,1
2020-08-17,121.69,121.83,121.6,121.63,109.247745487054,3356248,0,1
2020-08-18,121.76,121.915,121.685,121.84,109.436366933673,1853657,0,1
2020-08-19,121.9,121.97,121.65,121.68,109.292655355297,4493782,0,1
2020-08-20,122.05,122.08,121.945,122.03,109.607024432995,2880331,0,1
2020-08-21,122.11,122.1484,121.92,122.12,109.687862195832,2103655,0,1
2020-08-24,122.09,122.21,121.93,121.95,109.535168643807,1974858,0,1
2020-08-25,121.555,121.72,121.39,121.655,109.270200421175,3562796,0,1
2020-08-26,121.54,121.67,121.38,121.61,109.229781539757,3337406,0,1
2020-08-27,121.87,121.87,121.18,121.18,108.84355667287,4672917,0,1
2020-08-28,121.41,121.53,121.26,121.38,109.023196145841,2277244,0,1
2020-08-31,121.4,121.71,121.38,121.51,109.139961803272,3273267,0,1
2020-09-01,121.4,121.82,121.3,121.82,109.497451540062,4623121,0.088,1
2020-09-02,121.72,122.04,121.7,121.99,109.650255404467,3013408,0,1
2020-09-03,122.08,122.39,122.02,122.15,109.79407080626,5750484,0,1
2020-09-04,121.83,121.92,121.38,121.47,109.18285534864,7512838,0,1
2020-09-08,121.74,121.92,121.7,121.73,109.416555376553,3442807,0,1
2020-09-09,121.76,121.83,121.54,121.67,109.362624600881,3964260,0,1
2020-09-10,121.51,121.84,121.435,121.82,109.497451540062,3164227,0,1
2020-09-11,121.88,122.01,121.835,122.01,109.668232329691,4905064,0,1
2020-09-14,122.02,122.0966,121.83,121.9,109.569359240958,1797058,0,1
2020-09-15,121.83,121.9,121.76,121.84,109.515428465286,2897554,0,1
2020-09-16,122,122,121.66,121.77,109.452509227002,4015681,0,1
2020-09-17,122.05,122.05,121.77,121.805,109.483968846144,3426757,0,1
2020-09-18,121.85,121.88,121.7,121.7,109.389589988717,5606923,0,1
2020-09-21,122.01,122.145,121.895,121.92,109.587336166182,5838125,0,1
2020-09-22,121.92,122.03,121.88,121.92,109.587336166182,3387887,0,1
2020-09-23,121.92,121.955,121.76,121.92,109.587336166182,3172041,0,1
2020-09-24,121.97,122.02,121.91,121.98,109.641266941855,2866854,0,1
2020-09-25,122.06,122.12,122,122.08,109.731151567975,2187387,0,1
2020-09-28,122.04,122.075,121.995,122.06,109.713174642751,4167167,0,1
2020-09-29,122.13,122.22,122.093,122.15,109.79407080626,2577127,0,1
2020-09-30,122.03,122.03,121.66,121.82,109.497451540062,4276361,0,1
2020-10-01,121.53,121.8989,121.43,121.81,109.559702036728,8733786,0.0793,1
2020-10-02,121.91,121.93,121.595,121.685,109.447273149489,7509877,0,1
2020-10-05,121.35,121.36,120.92,120.92,108.759208359586,6132188,0,1
2020-10-06,120.945,121.4,120.87,121.2,109.011049067001,8516442,0,1
2020-10-07,120.97,121.1,120.78,120.85,108.696248182732,7116752,0,1
2020-10-08,120.99,121.09,120.94,121.07,108.894123024273,3499030,0,1
2020-10-09,120.97,121.13,120.78,121.01,108.840157158398,4358483,0,1
2020-10-12,121.06,121.14,120.99,121.14,108.957083201127,3287885,0,1
2020-10-13,121.27,121.43,121.27,121.41,109.199929597563,6346629,0,1
2020-10-14,121.48,121.55,121.4,121.45,109.235906841479,5202303,0,1
2020-10-15,121.575,121.6,121.29,121.32,109.118980798751,3839185,0,1
2020-10-16,121.315,121.46,121.21,121.25,109.056020621897,2726171,0,1
2020-10-19,121.02,121.13,120.9,121.05,108.876134402314,3635834,0,1
2020-10-20,120.9,120.98,120.75,120.79,108.642282316857,6129693,0,1
2020-10-21,120.64,120.76,120.56,120.63,108.498373341191,6425296,0,1
2020-10-22,120.525,120.57,120.2,120.21,108.120612280068,6748978,0,1
2020-10-23,120.19,120.49,120.18,120.38,108.273515566713,5049865,0,1
2020-10-26,120.64,120.8301,120.59,120.7,108.561333518045,4817785,0,1
2020-10-27,120.87,121.01,120.82,120.97,108.804179914481,3620054,0,1
2020-10-28,121.15,121.18,120.88,120.96,108.795185603502,5586552,0,1
2020-10-29,120.92,120.94,120.37,120.45,108.336475743567,7505127,0,1
2020-10-30,120.4,120.45,120.06,120.06,107.985697615381,7247160,0,1
2020-11-02,120.34,120.42,120.13,120.19,108.170929153978,7674317,0.0759,1
2020-11-03,120.01,120.03,119.825,119.92,107.92792931313,8040549,0,1
2020-11-04,120.93,121.06,120.775,120.93,108.836928717785,14922303,0,1
2020-11-05,120.98,121.0183,120.77,120.91,108.818928729574,6250703,0,1
2020-11-06,120.53,120.59,120.362,120.5,108.449928971249,10402195,0,1
2020-11-09,119.59,119.63,119.19,119.61,107.64892949586,11195824,0,1
2020-11-10,119.22,119.5,119.2052,119.27,107.342929696273,4810487,0,1
2020-11-11,119.28,119.51,119.26,119.46,107.513929584277,1699858,0,1
2020-11-12,119.82,120.15,119.78,120.14,108.125929183451,6323952,0,1
2020-11-13,120.09,120.13,119.96,119.98,107.981929277763,6766022,0,1
2020-11-16,119.9,119.995,119.88,119.89,107.900929330813,3911408,0,1
2020-11-17,120.12,120.245,120.093,120.2,108.179929148084,4707856,0,1
2020-11-18,120.28,120.28,119.9898,120.16,108.143929171662,7931213,0,1
2020-11-19,120.29,120.41,120.25,120.29,108.260929095033,9323009,0,1
2020-11-20,120.35,120.52,120.33,120.5,108.449928971249,16772166,0,1
2020-11-23,120.34,120.36,120.2007,120.26,108.233929112717,2511919,0,1
2020-11-24,120.17,120.185,120.005,120.07,108.062929224712,4349272,0,1
2020-11-25,120.16,120.325,120.1,120.11,108.098929201134,2125740,0,1
2020-11-27,120.305,120.47,120.3,120.47,108.422928988932,2988074,0,1
2020-11-30,120.42,120.51,120.3501,120.39,108.350929036088,2390943,0,1
2020-12-01,119.97,120.0089,119.53,119.67,107.774705313483,13894513,0.0798,1
2020-12-02,119.56,119.58,119.295,119.47,107.594585475072,5578528,0,1
2020-12-03,119.65,119.9,119.6,119.79,107.88277721653,4484897,0,1
2020-12-04,119.41,119.44,119.2,119.32,107.459495596263,4709144,0,1
2020-12-07,119.61,119.7587,119.59,119.69,107.792717297324,4345415,0,1
2020-12-08,119.91,120.035,119.8,119.81,107.900789200371,4735809,0,1
2020-12-09,119.59,119.77,119.465,119.64,107.747687337722,3444104,0,1
2020-12-10,119.74,119.95,119.64,119.91,107.990849119577,3557613,0,1
2020-12-11,120.08,120.27,120.05,120.15,108.206992925671,4336658,0,1
2020-12-14,119.84,120.155,119.78,120.08,108.143950982227,2870627,0,1
2020-12-15,119.93,120.025,119.835,119.96,108.03587907918,2889166,0,1
2020-12-16,119.69,119.995,119.64,119.86,107.945819159974,5058448,0,1
2020-12-17,119.99,120.0712,119.6189,119.7,107.867048251641,3233158,0.0725,1
2020-12-18,119.79,119.85,119.58,119.6,107.776933758532,3189453,0,1
2020-12-21,119.79,119.83,119.58,119.68,107.849025353019,2850543,0,1
2020-12-22,119.83,119.8989,119.71,119.88,108.029254339237,3931860,0,1
2020-12-23,119.65,119.66,119.42,119.63,107.803968106464,3047122,0,1
2020-12-24,119.74,119.8,119.71,119.8,107.95716274475,1529337,0,1
2020-12-28,119.6078,119.81,119.537,119.81,107.966174194061,3651587,0,1
2020-12-29,119.64,119.8264,119.635,119.79,107.948151295439,2157281,0,1
2020-12-30,119.74,119.87,119.73,119.87,108.020242889926,2549055,0,1
2020-12-31,119.85,120,119.845,119.95,108.092334484414,2626214,0,1
2021-01-04,119.68,120.06,119.645,119.98,108.119368832346,5498999,0,1
2021-01-05,119.87,119.89,119.58,119.7,107.867048251641,5004393,0,1
2021-01-06,119.12,119.12,118.7712,119,107.236246799877,10039301,0,1
2021-01-07,118.5764,118.655,118.4755,118.58,106.857765928818,7751650,0,1
2021-01-08,118.35,118.43,118.13,118.24,106.551376652247,8378652,0,1
2021-01-11,118.15,118.155,117.985,118.01,106.344113318096,6142879,0,1
2021-01-12,117.765,118.0436,117.57,117.99,106.326090419475,6516164,0,1
2021-01-13,118.1669,118.545,118.14,118.4,106.695559841222,7562855,0,1
2021-01-14,118.39,118.47,118.03,118.13,106.452250709827,7731084,0,1
2021-01-15,118.38,118.53,118.21,118.45,106.740617087777,5978356,0,1
2021-01-19,118.28,118.52,118.23,118.52,106.803697232953,4035753,0,1
2021-01-20,118.39,118.57,118.36,118.57,106.848754479508,4277708,0,1
2021-01-21,118.37,118.48,118.3,118.4,106.695559841222,4254502,0,1
2021-01-22,118.5,118.595,118.435,118.58,106.857765928818,4706189,0,1
2021-01-25,118.75,119.06,118.71,119.06,107.290315495742,5689167,0,1
2021-01-26,118.94,119.06,118.92,119.02,107.254269698499,4257174,0,1
2021-01-27,119.22,119.34,119.12,119.16,107.380429988851,5764713,0,1
2021-01-28,119,119.01,118.715,118.85,107.101075060213,5394284,0,1
2021-01-29,118.505,118.79,118.47,118.64,106.911834624684,7952081,0,1
2021-02-01,118.57,118.77,118.53,118.71,107.044801262701,3640712,0.0776,1
2021-02-02,118.34,118.46,118.3,118.41,106.774281168532,3609728,0,1
2021-02-03,118.25,118.31,118.1,118.12,106.512778410835,3844215,0,1
2021-02-04,117.98,118.13,117.89,118.08,106.476709064946,2146031,0,1
2021-02-05,118.05,118.1753,117.83,117.83,106.251275653139,5498036,0,1
2021-02-08,117.81,118.04,117.735,117.88,106.2963623355,2861325,0,1
2021-02-09,118.01,118.13,117.92,117.97,106.377518363751,4458480,0,1
2021-02-10,118.1,118.27,118.085,118.27,106.64803845792,6651912,0,1
2021-02-11,118.27,118.3089,118.125,118.18,106.566882429669,5949889,0,1
2021-02-12,117.89,118.02,117.7541,117.79,106.215206307249,8802378,0,1
2021-02-16,117.265,117.38,116.86,116.94,105.448732707104,8909021,0,1
2021-02-17,117.02,117.1681,116.88,117.02,105.520871398882,4789709,0,1
2021-02-18,116.83,117.1001,116.74,117.01,105.51185406241,4469927,0,1
2021-02-19,116.66,116.77,116.37,116.54,105.088039248212,5851819,0,1
2021-02-22,116.45,116.67,116.26,116.35,104.916709855238,3811680,0,1
2021-02-23,116.27,116.58,116.17,116.44,104.997865883489,7344886,0,1
2021-02-24,115.86,116.34,115.79,116.28,104.853588499932,7133845,0,1
2021-02-25,115.61,115.72,114.1,114.73,103.455901346725,35655358,0,1
2021-02-26,115.14,115.81,114.71,115.76,104.384687003372,28186569,0,1
2021-03-01,115.47,115.69,115.25,115.56,104.267345305592,9616518,0.0699,1
2021-03-02,115.46,115.78,115.41,115.77,104.456823866635,6270980,0,1
2021-03-03,115.22,115.24,114.93,115.15,103.897410972126,8377310,0,1
2021-03-04,115.14,115.27,114.41,114.58,103.383112020723,12327872,0,1
2021-03-05,114.12,114.57,114.0214,114.42,103.238747402785,8634646,0,1
2021-03-08,114.15,114.175,113.93,113.97,102.832721914835,7416384,0,1
2021-03-09,114.47,114.605,114.29,114.51,103.319952500375,7035036,0,1
2021-03-10,114.51,114.8565,114.45,114.75,103.536499427281,5683125,0,1
2021-03-11,114.74,114.87,114.54,114.71,103.500408272797,7576486,0,1
2021-03-12,113.9814,113.99,113.76,113.88,102.751516817245,7332703,0,1
2021-03-15,113.95,114.13,113.9219,114.02,102.87783585794,4465502,0,1
2021-03-16,114.15,114.235,113.87,114,102.859790280698,5479507,0,1
2021-03-17,113.57,114.05,113.36,113.81,102.688357296897,8975911,0,1
2021-03-18,112.9,113.23,112.7899,113.1,102.047739304798,8281398,0,1
2021-03-19,112.86,113.2,112.83,113.03,101.98457978445,8748137,0,1
2021-03-22,113.32,113.46,113.23,113.4,102.318422963431,4679826,0,1
2021-03-23,113.65,113.98,113.568,113.96,102.823699126213,7544012,0,1
2021-03-24,113.73,114.125,113.7,114.11,102.95904095553,14634872,0,1
2021-03-25,114.17,114.24,113.79,113.96,102.823699126213,10573821,0,1
2021-03-26,113.65,113.885,113.565,113.58,102.480833158611,6409729,0,1
2021-03-29,113.68,113.69,113.09,113.19,102.128944402388,6298024,0,1
2021-03-30,112.88,113.16,112.78,113.09,102.038716516177,5784914,0,1
2021-03-31,113.06,113.185,112.79,112.93,101.894351898239,8619995,0,1
2021-04-01,113.21,113.42,113.13,113.36,102.345231472982,8535311,0.0697,1
2021-04-05,112.97,113.129,112.8,113.04,102.056324679833,9944534,0,1
2021-04-06,113.28,113.61,113.24,113.59,102.552883230558,8765168,0,1
2021-04-07,113.565,113.795,113.48,113.52,102.489684869557,6316843,0,1
2021-04-08,113.72,113.92,113.7,113.91,102.841790023707,6334848,0,1
2021-04-09,113.54,113.815,113.44,113.61,102.57093990513,5887437,0,1
2021-04-12,113.52,113.57,113.42,113.54,102.507741544128,5465972,0,1
2021-04-13,113.57,114.01,113.54,114.01,102.932073396566,7663913,0,1
2021-04-14,113.82,113.91,113.72,113.87,102.805676674563,4876940,0,1
2021-04-15,114.23,114.765,114.225,114.6,103.464745296434,9958454,0,1
2021-04-16,114.26,114.465,114.23,114.29,103.184866840571,7334909,0,1
2021-04-19,114.1,114.36,114.04,114.17,103.07652679314,5738590,0,1
2021-04-20,114.14,114.59,114.14,114.51,103.383490260861,6468328,0,1
2021-04-21,114.5,114.625,114.34,114.57,103.437660284576,7976519,0,1
2021-04-22,114.56,114.687,114.285,114.66,103.518915320149,7681357,0,1
2021-04-23,114.64,114.65,114.33,114.51,103.383490260861,5510142,0,1
2021-04-26,114.46,114.55,114.39,114.39,103.27515021343,7145282,0,1
2021-04-27,114.23,114.33,113.935,113.94,102.868875035564,7720506,0,1
2021-04-28,113.95,114.11,113.66,114.09,103.004300094853,8692915,0,1
2021-04-29,113.55,113.9,113.4434,113.89,102.823733349135,5547845,0,1
2021-04-30,113.94,114.03,113.77,113.99,102.914016721994,5160017,0,1
2021-05-03,113.96,114.35,113.92,114.11,103.089591700027,8593296,0.0745,1
2021-05-04,114.34,114.56,114.2,114.26,103.225105141049,11171036,0,1
2021-05-05,114.1423,114.43,114.1423,114.4,103.351584352669,6810046,0,1
2021-05-06,114.32,114.5784,114.3,114.45,103.396755499676,6546203,0,1
2021-05-07,114.72,114.9499,114.39,114.49,103.432892417282,10657714,0,1
2021-05-10,114.535,114.63,114.21,114.26,103.225105141049,5906790,0,1
2021-05-11,114.09,114.165,114.02,114.07,103.053454782421,6591325,0,1
2021-05-12,113.65,113.73,113.47,113.52,102.556572165341,14510084,0,1
2021-05-13,113.6571,113.94,113.59,113.9,102.899872882596,8242729,0,1
2021-05-14,114.07,114.19,113.95,114.15,103.125728617632,7943181,0,1
2021-05-17,114.07,114.12,113.99,114.04,103.026352094216,6711083,0,1
2021-05-18,114.03,114.09,113.92,114.04,103.026352094216,4319572,0,1
2021-05-19,114.02,114.25,113.595,113.7,102.719188294567,13156479,0,1
2021-05-20,113.9,114.18,113.87,114.17,103.143797076435,8412730,0,1
2021-05-21,114.28,114.31,114.08,114.21,103.179933994041,6648700,0,1
2021-05-24,114.27,114.43,114.215,114.32,103.279310517457,4825983,0,1
2021-05-25,114.44,114.76,114.44,114.74,103.658748152318,5748228,0,1
2021-05-26,114.66,114.81,114.56,114.61,103.541303170099,4501561,0,1
2021-05-27,114.36,114.41,114.2,114.41,103.36061858207,5998122,0,1
2021-05-28,114.36,114.64,114.36,114.4,103.351584352669,5575688,0,1
2021-06-01,114.1934,114.32,114.0471,114.3,103.332264653094,9498089,0.0786,1
2021-06-02,114.42,114.51,114.37,114.43,103.449790413417,4269904,0,1
2021-06-03,114.33,114.33,114.09,114.14,103.187617563466,3591204,0,1
2021-06-04,114.43,114.78,114.41,114.77,103.757165478877,6326118,0,1
2021-06-07,114.63,114.72,114.6,114.68,103.675801490961,3068480,0,1
2021-06-08,115.04,115.0699,114.96,115.01,103.974136113319,4760524,0,1
2021-06-09,115.42,115.55,115.215,115.37,104.299592064982,5679344,0,1
2021-06-10,115.12,115.79,115.07,115.78,104.670250232154,6494799,0,1
2021-06-11,115.7,115.72,115.505,115.61,104.516562699424,3914239,0,1
2021-06-14,115.49,115.5,115.195,115.25,104.191106747761,3730876,0,1
2021-06-15,115.19,115.29,115.13,115.27,104.209187633964,4212729,0,1
2021-06-16,115.32,115.38,114.31,114.48,103.494992628926,13528605,0,1
2021-06-17,114.66,115.26,114.58,114.89,103.865650796098,8838138,0,1
2021-06-18,115.04,115.58,114.81,115.54,104.453279597712,13434961,0,1
2021-06-21,115.26,115.35,115.075,115.17,104.118783202947,6460007,0,1
2021-06-22,115.04,115.41,115.01,115.38,104.308632508084,5459704,0,1
2021-06-23,115.25,115.37,115.095,115.15,104.100702316743,5429843,0,1
2021-06-24,115.15,115.28,115.08,115.13,104.08262143054,3631724,0,1
2021-06-25,115.21,115.245,114.69,114.89,103.865650796098,6716861,0,1
2021-06-28,115.11,115.36,115.1,115.25,104.191106747761,4968856,0,1
2021-06-29,115.1,115.32,115.09,115.31,104.245349406371,3373184,0,1
2021-06-30,115.48,115.66,115.46,115.49,104.408077382203,6572875,0,1
2021-07-01,115.38,115.45,115.17,115.33,104.332799420583,11966217,0.0767,1
2021-07-02,115.47,115.75,115.44,115.75,104.712750654058,5071881,0,1
2021-07-06,115.89,116.44,115.885,116.36,105.264584588391,9095292,0,1
2021-07-07,116.58,116.91,116.47,116.7,105.572164158346,7456447,0,1
2021-07-08,116.915,117.19,116.82,117,105.843557896543,7367979,0,1
2021-07-09,116.52,116.54,116.395,116.41,105.30981687809,5531190,0,1
2021-07-12,116.51,116.56,116.2599,116.35,105.255538130451,3867702,0,1
2021-07-13,116.41,116.53,115.89,115.99,104.929865644615,6926475,0,1
2021-07-14,116.305,116.52,116.21,116.49,105.382188541609,6029153,0,1
2021-07-15,116.79,117.04,116.53,116.98,105.825464980663,5704529,0,1
2021-07-16,116.67,116.98,116.66,116.96,105.807372064783,3577861,0,1
2021-07-19,117.74,118.11,117.68,117.96,106.712017858771,20557530,0,1
2021-07-20,118.47,118.52,117.71,117.81,106.576320989672,8728991,0,1
2021-07-21,117.33,117.41,117.02,117.13,105.961161849761,7438310,0,1
2021-07-22,117.13,117.64,117.12,117.4,106.205416214138,6363507,0,1
2021-07-23,116.98,117.25,116.97,117.22,106.04257997122,6804597,0,1
2021-07-26,117.4,117.4181,117.12,117.14,105.970208307701,6179619,0,1
2021-07-27,117.62,117.71,117.51,117.64,106.422531204695,8621186,0,1
2021-07-28,117.42,117.75,117.255,117.74,106.512995784093,11533484,0,1
2021-07-29,117.31,117.53,117.28,117.38,106.187323298258,6203785,0,1
2021-07-30,117.58,117.78,117.57,117.71,106.485856410274,5656386,0,1
2021-08-02,117.82,118.38,117.71,118.15,106.952761292821,19495776,0.0761,1
2021-08-03,118.18,118.365,118.12,118.18,106.97991815138,6627309,0,1
2021-08-04,118.53,118.63,117.78,118.15,106.952761292821,7545049,0,1
2021-08-05,117.9,117.96,117.64,117.72,106.563512986804,5164636,0,1
2021-08-06,117.14,117.25,117,117.03,105.938905239939,7807589,0,1
2021-08-09,117.198,117.31,116.78,116.78,105.712598085278,10842533,0,1
2021-08-10,116.87,116.88,116.55,116.56,105.513447789176,7192420,0,1
2021-08-11,116.64,116.99,116.44,116.69,105.6311275096,7254257,0,1
2021-08-12,116.57,116.6954,116.43,116.57,105.522500075363,6932215,0,1
2021-08-13,116.745,117.24,116.73,117.24,106.129003249855,6896277,0,1
2021-08-16,117.55,117.82,117.5,117.5,106.364362690702,6928097,0,1
2021-08-17,117.48,117.7,117.415,117.44,106.310048973583,7785495,0,1
2021-08-18,117.385,117.49,117.13,117.38,106.255735256465,7025808,0,1
2021-08-19,117.63,117.7166,117.53,117.64,106.491094697312,6242714,0,1
2021-08-20,117.64,117.705,117.41,117.53,106.391519549261,6510301,0,1
2021-08-23,117.5,117.575,117.4,117.56,106.418676407821,3958480,0,1
2021-08-24,117.41,117.51,117.205,117.24,106.129003249855,3649651,0,1
2021-08-25,117.2,117.24,116.72,116.78,105.712598085278,5874659,0,1
2021-08-26,116.72,116.83,116.59,116.78,105.712598085278,6850643,0,1
2021-08-27,116.78,117.16,116.63,117.16,106.056584960363,6360684,0,1
2021-08-30,117.14,117.4,117.1041,117.39,106.264787542651,6546248,0,1
2021-08-31,117.33,117.49,117.12,117.17,106.065637246549,7418428,0,1
2021-09-01,117.245,117.29,117.04,117.14,106.111270726444,11908628,0.0804,1
2021-09-02,117.27,117.28,117.14,117.28,106.238089728507,2976276,0,1
2021-09-03,117.01,117.05,116.875,117,105.984451724381,4988870,0,1
2021-09-07,116.59,116.68,116.435,116.54,105.567760717601,7098564,0,1
2021-09-08,116.7,116.94,116.63,116.86,105.857632722317,6046209,0,1
2021-09-09,116.91,117.32,116.81,117.19,106.156563227181,7009653,0,1
2021-09-10,116.93,117.03,116.71,116.82,105.821398721728,8147133,0,1
2021-09-13,116.93,117.06,116.905,116.96,105.948217723791,4269332,0,1
2021-09-14,117.16,117.52,117.1,117.4,106.346791730276,6991031,0,1
2021-09-15,117.33,117.35,117.0033,117.2,106.165621727328,5108919,0,1
2021-09-16,116.785,117.01,116.68,116.83,105.830457221875,5682695,0,1
2021-09-17,116.535,116.57,116.38,116.49,105.522468216864,7611738,0,1
2021-09-20,116.91,117.21,116.82,117.08,106.05691972556,8781617,0,1
2021-09-21,117.115,117.15,116.94,117.01,105.993510224528,4867948,0,1
2021-09-22,117.01,117.22,116.79,117.12,106.093153726149,10966436,0,1
2021-09-23,116.58,116.61,116.06,116.06,105.132952710527,10650128,0,1
2021-09-24,115.9,115.91,115.64,115.71,104.815905205368,10528001,0,1
2021-09-27,115.4,115.6,115.37,115.4,104.535091700799,6742092,0,1
2021-09-28,114.98,115.2181,114.725,114.96,104.136517694314,10295459,0,1
2021-09-29,115.2,115.355,114.865,115.08,104.245219696083,8363964,0,1
2021-09-30,114.97,115.26,114.92,115.22,104.372038698146,7307937,0,1
2021-10-01,115.355,115.66,115.26,115.61,104.797967563376,19830112,0.0802,1
2021-10-04,115.41,115.665,115.26,115.47,104.671060587692,7691837,0,1
2021-10-05,115.29,115.32,114.99,115.11,104.344728364503,6861931,0,1
2021-10-06,115.15,115.26,115.05,115.14,104.371922716436,7473541,0,1
2021-10-07,114.875,114.91,114.67,114.68,103.954942653473,8160204,0,1
2021-10-08,114.62,114.62,114.3,114.43,103.728323054036,9455115,0,1
2021-10-11,114.23,114.32,114.13,114.15,103.474509102668,2261278,0,1
2021-10-12,114.35,114.71,114.28,114.67,103.945877869495,7938421,0,1
2021-10-13,114.74,115.05,114.68,114.89,104.145303116999,11662372,0,1
2021-10-14,115.02,115.205,114.895,115.16,104.390052284391,9518151,0,1
2021-10-15,114.74,114.77,114.53,114.59,103.873359597676,8689690,0,1
2021-10-18,114.25,114.52,114.07,114.43,103.728323054036,8703263,0,1
2021-10-19,114.27,114.315,114,114.02,103.356666910961,7445439,0,1
2021-10-20,114.02,114.21,113.94,113.97,103.311342991073,6229997,0,1
2021-10-21,113.9,113.95,113.63,113.67,103.03939947175,7104090,0,1
2021-10-22,113.78,114.05,113.67,113.96,103.302278207096,10204559,0,1
2021-10-25,113.98,114.22,113.98,114.1,103.42918518278,4835094,0,1
2021-10-26,114.12,114.24,113.9,114.24,103.556092158465,5603077,0,1
2021-10-27,114.64,115.06,114.32,114.88,104.136238333022,16140262,0,1
2021-10-28,114.76,114.91,114.46,114.58,103.864294813698,9940418,0,1
2021-10-29,114.27,114.86,114.19,114.63,103.909618733586,11254318,0,1
2021-11-01,114.22,114.63,114.19,114.54,103.901855652587,14476744,0.0814,1
2021-11-02,114.67,114.96,114.66,114.82,104.155850061376,12191000,0,1
2021-11-03,114.84,114.88,114.27,114.46,103.829285821505,17031092,0,1
2021-11-04,114.66,115.17,114.66,115.08,104.391702012395,12665429,0,1
2021-11-05,115.335,115.81,115.22,115.71,104.963189432171,12955126,0,1
2021-11-08,115.52,115.52,115.16,115.21,104.509627987904,7404312,0,1
2021-11-09,115.695,115.98,115.65,115.74,104.990403118827,12276897,0,1
2021-11-10,115.54,115.57,114.54,114.75,104.092351459179,19425106,0,1
2021-11-11,114.75,114.8,114.38,114.38,103.756715990422,3746050,0,1
2021-11-12,114.8,114.94,114.52,114.62,103.97442548367,10443929,0,1
2021-11-15,114.55,114.5786,114.13,114.17,103.56622018383,8021394,0,1
2021-11-16,114.18,114.4,114.05,114.07,103.475507894977,6573729,0,1
2021-11-17,114.07,114.49,114.05,114.48,103.847428279275,10006203,0,1
2021-11-18,114.31,114.58,114.29,114.55,103.910926881473,10183373,0,1
2021-11-19,114.92,115.11,114.79,114.86,104.192134976918,10731615,0,1
2021-11-22,114.33,114.435,113.945,114.02,103.43015175055,10876186,0,1
2021-11-23,113.82,113.88,113.55,113.55,103.003803992939,11543695,0,1
2021-11-24,113.57,113.92,113.5,113.9,103.321297003926,8322907,0,1
2021-11-26,114.98,115.39,114.92,115.37,104.65476765007,13878532,0,1
2021-11-29,114.692,115.195,114.66,115.11,104.418915699051,13908211,0,1
2021-11-30,115.82,116.145,115.22,115.8,105.044830492139,19416785,0,1
2021-12-01,115.298,115.93,115.155,115.93,105.242315680587,24991559,0.0877,1
2021-12-02,115.9,115.95,115.41,115.68,105.015363391101,11448862,0,1
2021-12-03,115.49,116.64,115.39,116.36,105.632673618504,19790959,0,1
2021-12-06,116.19,116.28,115.65,115.78,105.106144306895,9863270,0,1
2021-12-07,115.46,115.7,115.255,115.34,104.706708277399,7678396,0,1
2021-12-08,115.17,115.2,114.815,114.97,104.37081888896,11126597,0,1
2021-12-09,115.25,115.44,115.1,115.26,104.634083544764,9198395,0,1
2021-12-10,115.44,115.655,115.28,115.34,104.706708277399,5051553,0,1
2021-12-13,115.63,115.985,115.61,115.89,105.206003314269,5706947,0,1
2021-12-14,115.65,115.805,115.4305,115.69,105.02444148268,4749517,0,1
2021-12-15,115.41,115.73,115.28,115.52,104.87011392583,8428019,0,1
2021-12-16,115.58,115.905,115.5584,115.75,105.17500798619,9085402,0.1059,1
2021-12-17,116.12,116.335,115.94,116.01,105.411254224431,7933070,0,1
2021-12-20,116.2,116.35,115.88,115.91,105.320390286646,13772094,0,1
2021-12-21,115.49,115.54,115.23,115.45,104.902416172834,7672779,0,1
2021-12-22,115.63,115.64,115.335,115.56,105.002366504398,5538181,0,1
2021-12-23,115.48,115.49,115.18,115.32,104.784293053714,7209701,0,1
2021-12-27,115.28,115.42,115.25,115.36,104.820638628828,3472284,0,1
2021-12-28,115.55,115.58,115.28,115.34,104.802465841271,8314510,0,1
2021-12-29,114.97,115.07,114.665,114.75,104.266368608339,11879908,0,1
2021-12-30,114.98,115.14,114.79,115.13,104.611651571922,10296001,0,1
2021-12-31,115.16,115.31,115,115,104.493528452802,7582458,0,1
2022-01-03,114.37,114.41,113.93,113.93,103.521284318502,27744658,0,1
2022-01-04,113.67,113.89,113.58,113.87,103.466765955831,15911819,0,1
2022-01-05,113.89,113.9,113.31,113.39,103.030619054463,13715713,0,1
2022-01-06,113.13,113.2078,112.98,113.11,102.776200028664,10957421,0,1
2022-01-07,112.96,113,112.47,112.74,102.44000345886,13318194,0,1
2022-01-10,112.45,112.75,112.38,112.71,102.412744277524,8430717,0,1
2022-01-11,112.66,112.99,112.5601,112.98,102.658076909544,8082910,0,1
2022-01-12,113.17,113.43,112.98,113,102.676249697101,7996516,0,1
2022-01-13,113.07,113.4,112.975,113.36,103.003359873127,8431067,0,1
2022-01-14,113.07,113.09,112.545,112.58,102.294621158404,10595678,0,1
2022-01-18,112.1,112.195,111.69,111.73,101.522277687231,10092123,0,1
2022-01-19,111.91,112.2152,111.8448,112,101.76761031925,10258508,0,1
2022-01-20,112.175,112.24,112.03,112.24,101.985683769934,8297375,0,1
2022-01-21,112.87,113.05,112.65,112.89,102.576299365537,13250059,0,1
2022-01-24,113.24,113.285,112.77,112.79,102.485435427752,22377388,0,1
2022-01-25,112.89,113.085,112.5737,112.64,102.349139521075,13533984,0,1
2022-01-26,112.66,112.7614,111.84,111.84,101.622228018794,12694733,0,1
2022-01-27,112.11,112.52,112.09,112.31,102.049288526384,11609494,0,1
2022-01-28,112.15,112.66,112.12,112.57,102.285534764625,6713486,0,1
2022-01-31,112.36,112.65,112.29,112.57,102.285534764625,8258562,0,1
2022-02-01,112.5,112.54,112.13,112.31,102.147536067753,16338723,0.1081,1
2022-02-02,112.4,112.813,112.4,112.54,102.356724326106,5997130,0,1
2022-02-03,112.04,112.16,111.92,112.06,101.920157526066,8032554,0,1
2022-02-04,111.42,111.45,111.09,111.2,101.13797534266,8616554,0,1
2022-02-07,111.23,111.345,111.09,111.23,101.165260767663,10294742,0,1
2022-02-08,110.93,110.99,110.81,110.87,100.837835667633,8111521,0,1
2022-02-09,111.13,111.37,110.98,111.02,100.974262792645,10113533,0,1
2022-02-10,110.612,110.68,109.96,110,100.04655834256,16633869,0,1
2022-02-11,110.47,111.23,109.92,111.14,101.083404492655,18315575,0,1
2022-02-14,110.54,110.83,110.2099,110.37,100.383078584257,11090025,0,1
2022-02-15,110.05,110.2363,109.96,110.04,100.08293890923,8490464,0,1
2022-02-16,110.32,110.344,109.94,110.27,100.292127167582,9007650,0,1
2022-02-17,110.53,110.9,110.52,110.86,100.828740525965,8749505,0,1
2022-02-18,111.04,111.23,110.965,111.22,101.156165625995,8486765,0,1
2022-02-22,110.97,111.22,110.84,111.21,101.147070484328,8392495,0,1
2022-02-23,110.8,110.9,110.51,110.63,100.619552267613,7941866,0,1
2022-02-24,111.52,111.545,110.73,110.89,100.856025950968,19162076,0,1
2022-02-25,110.72,110.88,110.48,110.86,100.828740525965,8101899,0,1
2022-02-28,111.62,112.14,111.58,112.12,101.974728376071,12291797,0,1
2022-03-01,112.6,113.485,112.55,113.11,102.967007422482,28285721,0.101,1
2022-03-02,112.46,112.56,111.39,111.41,101.41945271805,12303859,0,1
2022-03-03,111.685,112.1,111.49,111.89,101.856409340478,12247433,0,1
2022-03-04,112.88,113.3,112.765,113,102.866871529842,20102298,0,1
2022-03-07,112.465,113.08,112.44,112.52,102.429914907414,13633207,0,1
2022-03-08,111.87,112.07,111.645,111.79,101.765376710806,10819364,0,1
2022-03-09,111.33,111.43,110.98,111.1,101.137251566066,7932293,0,1
2022-03-10,110.72,110.8302,110.36,110.59,100.672985154736,11100080,0,1
2022-03-11,110.47,110.7,110.35,110.56,100.645675365835,5567585,0,1
2022-03-14,109.67,109.74,109.16,109.16,99.3712185504207,8622452,0,1
2022-03-15,109.74,109.8,109.03,109.11,99.3257022355845,9294415,0,1
2022-03-16,109,109.12,108.245,108.96,99.1891532910758,12847338,0,1
2022-03-17,109.03,109.24,108.55,108.75,98.9979847687637,7215919,0,1
2022-03-18,108.93,109.22,108.93,109.07,99.2892891837155,7506596,0,1
2022-03-21,108.28,108.445,107.5705,107.65,97.9966258423671,11003540,0,1
2022-03-22,107.2,107.24,106.97,107.06,97.4595333272997,7464140,0,1
2022-03-23,107.32,107.78,107.09,107.78,98.1149682609412,11222703,0,1
2022-03-24,107.15,107.5,107.11,107.18,97.5687724829067,11112424,0,1
2022-03-25,106.69,106.7,105.97,106.08,96.5674135565099,8806265,0,1
2022-03-28,106.25,106.695,106.122,106.32,96.7858918677238,12858522,0,1
2022-03-29,106.58,106.98,106.35,106.85,97.2683648049876,7539944,0,1
2022-03-30,106.63,107.3,106.56,107.27,97.6507018496118,6430112,0,1
2022-03-31,107.43,107.62,107.27,107.47,97.8327671089567,9147177,0,1
2022-04-01,106.31,107.01,106.2001,106.65,97.1968513917696,10237026,0.1214,1
2022-04-04,106.76,106.78,106.38,106.58,97.1330559900122,7372066,0,1
2022-04-05,106.27,106.29,105.2,105.31,95.975625129557,9597392,0,1
2022-04-06,104.65,105.315,104.65,104.94,95.6384208631252,9054356,0,1
2022-04-07,104.68,104.97,104.46,104.68,95.4014665137406,5518941,0,1
2022-04-08,104.08,104.42,103.995,104.15,94.9184441861491,8091848,0,1
2022-04-11,103.78,103.9,103.52,103.65,94.462762745025,7356350,0,1
2022-04-12,104.19,104.585,104.025,104.15,94.9184441861491,12211017,0,1
2022-04-13,104.44,104.91,104.31,104.38,95.1280576490662,6346090,0,1
2022-04-14,104.23,104.27,103.32,103.44,94.2713765397529,6158698,0,1
2022-04-18,103.53,103.545,103.11,103.14,93.9979676750784,4591539,0,1
2022-04-19,102.74,102.93,102.39,102.46,93.3782409151496,7004936,0,1
2022-04-20,102.88,103.42,102.76,103.26,94.1073312209482,7471538,0,1
2022-04-21,102.97,102.98,102.27,102.69,93.5878543780667,9137476,0,1
2022-04-22,102.43,103.02,102.38,102.74,93.6334225221791,5451645,0,1
2022-04-25,103.55,103.975,103.34,103.4,94.234922024463,8617430,0,1
2022-04-26,104.098,104.27,103.763,104.09,94.8637624132142,9553043,0,1
2022-04-27,104.03,104.125,103.46,103.51,94.3351719415103,7908948,0,1
2022-04-28,103.16,103.39,102.96,103.36,94.198467509173,6943626,0,1
2022-04-29,102.6,103.21,102.55,102.81,93.6972179239365,10012545,0,1
2022-05-02,102.15,102.22,101.82,101.92,93.0001292143852,11326980,0.1251,1
2022-05-03,102.52,102.6,102.015,102.04,93.1096270117334,8129054,0,1
2022-05-04,102,102.78,101.805,102.7,93.7118648971484,11932936,0,1
2022-05-05,101.89,102.03,101.1543,101.67,92.7720088032432,11675656,0,1
2022-05-06,101.15,101.605,100.99,101.09,92.2427694493937,12538483,0,1
2022-05-09,101.14,101.89,101.09,101.84,92.9271306828198,7301184,0,1
2022-05-10,102.31,102.575,102.115,102.18,93.2373744419729,8054607,0,1
2022-05-11,101.93,102.85,101.7939,102.81,93.8122378780509,7168081,0,1
2022-05-12,103.12,103.57,103.0065,103.15,94.122481637204,8132398,0,1
2022-05-13,102.87,102.94,102.5533,102.61,93.6297415491372,6016939,0,1
2022-05-16,102.98,103.325,102.87,103.04,94.0221086563016,3315594,0,1
2022-05-17,102.35,102.65,102.23,102.26,93.3103729735384,4286767,0,1
2022-05-18,102.26,103.1,102.1909,102.99,93.9764845740731,4465536,0,1
2022-05-19,103.9,103.93,103.28,103.36,94.3141027825634,5137634,0,1
2022-05-20,103.3,103.9899,103.27,103.84,94.7520939719561,5908822,0,1
2022-05-23,103.57,103.77,103.2,103.21,94.1772305358781,5720619,0,1
2022-05-24,103.74,104.4701,103.71,104.1,94.9893391995438,6786630,0,1
2022-05-25,104.47,104.47,104.065,104.31,95.1809603449031,4274490,0,1
2022-05-26,104.365,104.41,103.875,104.26,95.1353362626747,3478872,0,1
2022-05-27,104.45,104.59,104.22,104.41,95.2722085093599,2508247,0,1
2022-05-31,103.615,103.63,103.15,103.32,94.2776035167806,6773169,0,1
2022-06-01,103.265,103.37,102.42,102.61,93.7476925764407,5555956,0.1293,1
2022-06-02,102.91,102.92,102.515,102.76,93.8847372493426,3014275,0,1
2022-06-03,102.36,102.65,102.33,102.56,93.7020110188068,2687752,0,1
2022-06-06,102.31,102.405,101.73,101.79,92.9985150312436,4800608,0,1
2022-06-07,102.055,102.43,102.0392,102.2,93.3731038038421,3229975,0,1
2022-06-08,102.01,102.17,101.805,101.82,93.0259239658239,2917888,0,1
2022-06-09,101.69,101.94,101.51,101.73,92.9436971620828,4178574,0,1
2022-06-10,101.21,101.31,100.595,100.73,92.0300660094033,4443384,0,1
2022-06-13,99.66,99.8,98.42,98.94,90.3946662461071,9200783,0,1
2022-06-14,99.16,99.295,97.985,98.15,89.6728976354903,7829774,0,1
2022-06-15,98.95,99.56,98.4,99.52,90.9245723146611,10256225,0,1
2022-06-16,98.55,100.22,98.425,100.17,91.5184325639028,9168800,0,1
2022-06-17,100.26,100.46,99.55,100.2,91.5458414984832,7029837,0,1
2022-06-21,99.66,99.945,99.5548,99.68,91.0707532990899,10342133,0,1
2022-06-22,100.84,101.12,100.71,100.94,92.221928551466,9501917,0,1
2022-06-23,101.56,102.17,101.395,101.51,92.7426983084933,9247185,0,1
2022-06-24,101.38,101.76,101.07,101.15,92.4137910935287,5127019,0,1
2022-06-27,100.57,101.02,100.45,100.58,91.8930213365014,5439411,0,1
2022-06-28,100.47,100.7403,100.325,100.71,92.0117933863497,3763301,0,1
2022-06-29,100.88,101.52,100.79,101.52,92.7518346200201,3559628,0,1
2022-06-30,102.1,102.54,102.01,102.3,93.4644669191101,5409539,0,1
2022-07-01,103.12,103.97,102.98,103.24,94.4652292475583,63222909,0.1554,1
2022-07-05,103.75,104.02,103.44,103.62,94.8129315636574,6651364,0,1
2022-07-06,104,104.01,102.72,102.74,94.0077262000595,4754749,0,1
2022-07-07,102.77,102.77,102.03,102.11,93.431272360211,4058159,0,1
2022-07-08,101.83,101.84,101.3674,101.49,92.8639685813124,3664901,0,1
2022-07-11,102.03,102.455,101.975,102.29,93.5959734573105,2765728,0,1
2022-07-12,102.83,103.03,102.45,102.53,93.81557492011,3669155,0,1
2022-07-13,101.91,103.0514,101.775,102.97,94.2181776019089,6809436,0,1
2022-07-14,102.2,102.64,101.93,102.4,93.6966241277603,5370365,0,1
2022-07-15,102.47,102.99,102.44,102.75,94.0168762610095,3833968,0,1
2022-07-18,102.42,102.6031,102.03,102.45,93.7423744325102,3150744,0,1
2022-07-19,102.32,102.41,101.88,101.98,93.3123215678613,2996099,0,1
2022-07-20,102.48,102.49,101.8,101.88,93.2208209583615,53057458,0,1
2022-07-21,102.29,103.04,102.19,103.04,94.2822280285588,5344313,0,1
2022-07-22,104,104.46,103.82,104.22,95.361935220656,7747077,0,1
2022-07-25,103.58,103.9,103.55,103.85,95.0233829655069,2994530,0,1
2022-07-26,104.55,104.695,103.85,103.89,95.0599832093068,4736256,0,1
2022-07-27,104.14,104.61,104.02,104.1,95.2521344892563,7475304,0,1
2022-07-28,105.1,105.32,104.745,105.13,96.1945907671039,5768201,0,1
2022-07-29,104.92,105.575,104.81,105.17,96.2311910109038,5961106,0,1
2022-08-01,105.29,105.67,105.13,105.6,96.7930514185432,9672404,0.1841,1
2022-08-02,105.56,105.745,104.07,104.14,95.4548141546126,9269682,0,1
2022-08-03,103.975,104.58,103.425,104.57,95.8489525268661,7829524,0,1
2022-08-04,104.68,105.125,104.53,105.1,96.3347509856902,9873247,0,1
2022-08-05,103.73,103.765,103.35,103.58,94.9415176698173,10047167,0,1
2022-08-08,104,104.2375,103.91,104.19,95.5006441978979,6681347,0,1
2022-08-09,103.9,104.079,103.78,103.88,95.216497929529,3814754,0,1
2022-08-10,104.35,104.71,103.93,103.94,95.2714939814714,7260376,0,1
2022-08-11,104.18,104.29,103.14,103.25,94.6390393841343,8309720,0,1
2022-08-12,103.65,103.695,103.32,103.66,95.0148457390737,4128621,0,1
2022-08-15,104.17,104.325,103.95,103.99,95.3173240247567,3441062,0,1
2022-08-16,103.79,103.91,103.39,103.87,95.207331920872,3241813,0,1
2022-08-17,103.31,103.36,102.96,103.17,94.5657113148779,6366714,0,1
2022-08-18,103.445,103.73,103.28,103.37,94.749031488019,3709246,0,1
2022-08-19,102.62,102.685,102.36,102.48,93.9332567175408,6678038,0,1
2022-08-22,102.4,102.45,101.975,102.03,93.5207863279731,4125859,0,1
2022-08-23,101.86,102.49,101.71,101.78,93.2916361115467,7754962,0,1
2022-08-24,101.54,101.64,101.29,101.44,92.9799918172067,3504616,0,1
2022-08-25,101.52,102.13,101.39,102.09,93.5757823799155,6645347,0,1
2022-08-26,101.86,102.23,101.62,101.97,93.4657902760308,5535934,0,1
2022-08-29,101.58,101.58,101.25,101.39,92.9341617739214,3761944,0,1
2022-08-30,101.385,101.72,101.02,101.36,92.9066637479502,4474194,0,1
2022-08-31,101.21,101.44,100.77,100.94,92.5216913843537,5797640,0,1
2022-09-01,100.09,100.31,99.73,99.96,91.7875179225458,10324195,0.179,1
2022-09-02,100.36,100.79,100.22,100.52,92.3017337092267,5741927,0,1
2022-09-06,99.905,99.935,99.35,99.4,91.2733021358649,6766649,0,1
2022-09-07,99.79,100.165,99.74,100.05,91.8701597454052,7169671,0,1
2022-09-08,100.04,100.26,99.68,99.68,91.5304100292053,5773615,0,1
2022-09-09,99.9,100.09,99.57,99.69,91.5395924539675,5780565,0,1
2022-09-12,99.97,100.05,99.27,99.45,91.3192142596756,4034248,0,1
2022-09-13,98.76,98.95,98.645,98.89,90.8049984729947,5100569,0,1
2022-09-14,98.74,99.18,98.69,98.94,90.8509105968055,3866587,0,1
2022-09-15,98.67,98.79,98.495,98.6,90.5387081548921,4622779,0,1
2022-09-16,98.515,98.99,98.45,98.68,90.6121675529894,4718232,0,1
2022-09-19,98.31,98.605,98.24,98.4,90.3550596596489,3879134,0,1
2022-09-20,97.7,98.04,97.535,97.79,89.7949317491572,4869090,0,1
2022-09-21,97.96,98.28,97.295,98.18,90.1530463148814,5414996,0,1
2022-09-22,97.16,97.22,96.585,96.7,88.7940474500818,6660435,0,1
2022-09-23,96.66,96.97,96.28,96.82,88.9042365472277,7630610,0,1
2022-09-26,96.29,96.3,95.07,95.21,87.42586616052,8015481,0,1
2022-09-27,95.24,95.3478,94.51,94.56,86.8290085509797,8668410,0,1
2022-09-28,95.9,96.795,95.52,96.69,88.7848650253196,8471718,0,1
2022-09-29,95.98,96.58,95.89,96.24,88.3716559110225,6056493,0,1
2022-09-30,96.66,96.88,95.66,95.99,88.1420952919685,8847218,0,1
2022-10-03,96.72,97.65,96.49,96.94,89.1857384701913,10579877,0.1866,1
2022-10-04,97.33,97.695,96.96,97.14,89.3697404063791,7361532,0,1
2022-10-05,96.555,96.59,95.98,96.22,88.5233314999155,8603709,0,1
2022-10-06,96.06,96.185,95.56,95.69,88.035726369018,11298413,0,1
2022-10-07,95.19,95.53,95.07,95.22,87.6033218189769,5085329,0,1
2022-10-10,95.08,95.14,94.32,94.66,87.0881163976512,3829094,0,1
2022-10-11,94.98,95.43,94.64,94.9,87.3089187210765,5498458,0,1
2022-10-12,94.77,95.335,94.71,95.21,87.5941217221675,5847436,0,1
2022-10-13,93.98,95.24,93.97,94.81,87.226117849792,6220120,0,1
2022-10-14,95.32,95.33,94.23,94.28,86.7385127188946,5887204,0,1
2022-10-17,94.96,95.1101,94.325,94.38,86.8305136869884,3215298,0,1
2022-10-18,94.63,94.8,94.07,94.62,87.0513160104137,4006711,0,1
2022-10-19,93.88,94.0727,93.56,93.63,86.1405064262844,5762580,0,1
2022-10-20,93.41,93.65,92.855,92.93,85.4964996496274,5738416,0,1
2022-10-21,92.6,93.325,92.48,93.14,85.6897016826245,7528699,0,1
2022-10-24,93.11,93.43,92.69,93.02,85.5793005209119,6210821,0,1
2022-10-25,94.04,94.44,93.96,94.18,86.6465117508007,6301456,0,1
2022-10-26,94.41,94.82,94.4,94.66,87.0881163976512,6692729,0,1
2022-10-27,94.96,95.465,94.67,95.33,87.7045228838801,7238058,0,1
2022-10-28,94.72,95.19,94.575,94.84,87.2537181402202,5659890,0,1
2022-10-31,94.43,94.56,94.01,94.41,86.8581139774166,4586910,0,1
2022-11-01,94.96,94.99,94.03,94.19,86.8422668106624,6066392,0.2028,1
2022-11-02,94.31,94.8701,93.79,94.03,86.6947483618918,7582847,0,1
2022-11-03,93.19,93.7935,93.18,93.62,86.316732336917,8403863,0,1
2022-11-04,93.64,93.95,93.4,93.42,86.1323342759537,5286954,0,1
2022-11-07,93.535,93.59,93.07,93.09,85.8280774753643,4289404,0,1
2022-11-08,93.35,93.88,93.32,93.71,86.3997114643505,4679234,0,1
2022-11-09,93.605,94.09,93.54,94.03,86.6947483618918,3658160,0,1
2022-11-10,95.43,96.18,95.43,96.14,88.6401479050545,9608306,0,1
2022-11-11,95.7,96.0599,95.65,95.94,88.4557498440912,2840252,0,1
2022-11-14,95.84,95.845,95.53,95.71,88.2436920739834,4130820,0,1
2022-11-15,96.18,96.49,95.94,96.42,88.8983051904031,6841567,0,1
2022-11-16,96.87,97.225,96.64,97.13,89.5529183068228,6140320,0,1
2022-11-17,96.53,96.63,96.26,96.47,88.9444047056439,5987899,0,1
2022-11-18,96.47,96.59,96.105,96.13,88.6309280020063,3102083,0,1
2022-11-21,96.54,96.605,96.04,96.07,88.5756085837173,4477700,0,1
2022-11-22,96.48,96.715,96.375,96.62,89.0827032513664,5532830,0,1
2022-11-23,96.75,97.18,96.65,97.14,89.562138209871,5236519,0,1
2022-11-25,96.87,97.12,96.845,97.11,89.5344785007265,1345415,0,1
2022-11-28,97.22,97.35,97.01,97.15,89.5713581129191,4218401,0,1
2022-11-29,96.76,97.075,96.705,96.74,89.1933420879444,3356557,0,1
2022-11-30,96.57,97.61,96.4,97.61,89.9954736531347,7127202,0,1
2022-12-01,97.6,98.5,97.57,98.48,90.9764971531879,17629333,0.194,1
2022-12-02,97.92,98.69,97.61,98.68,91.161258520274,5783829,0,1
2022-12-05,98.09,98.13,97.63,97.68,90.2374516848436,6295805,0,1
2022-12-06,97.93,98.41,97.845,98.28,90.7917357861019,5745527,0,1
2022-12-07,98.68,99.25,98.62,99.14,91.586209664572,5386178,0,1
2022-12-08,98.62,98.875,98.45,98.58,91.068877836731,5325780,0,1
2022-12-09,98.29,98.37,97.85,97.85,90.3944988468668,4343137,0,1
2022-12-12,98.3,98.39,97.5841,97.71,90.2651658899065,5192157,0,1
2022-12-13,99.14,99.26,98.495,98.59,91.0781159050853,7856616,0,1
2022-12-14,98.65,98.99,98.205,98.86,91.3275437506515,6533229,0,1
2022-12-15,98.81,99.01,98.55,98.86,91.5047456064033,4344188,0.1918,1
2022-12-16,98.17,98.79,98.07,98.61,91.2733457844166,4432835,0,1
2022-12-19,98.05,98.06,97.73,97.81,90.5328663540593,3951062,0,1
2022-12-20,97.08,97.31,96.99,97.1,89.8756908596172,4199794,0,1
2022-12-21,97.5,97.54,97.0852,97.22,89.9867627741708,4406708,0,1
2022-12-22,97.24,97.48,97.14,97.19,89.9589947955324,2143083,0,1
2022-12-23,96.73,96.95,96.69,96.75,89.5517311088359,3164920,0,1
2022-12-27,96.22,96.41,95.9,95.94,88.8019956855991,4780840,0,1
2022-12-28,96.08,96.16,95.69,95.71,88.5891078493714,3161308,0,1
2022-12-29,95.97,96.265,95.915,96.18,89.0241395147063,4021775,0,1
2022-12-30,95.86,96.27,95.615,95.78,88.6538997995277,5043765,0,1
2023-01-03,96.91,96.995,96.34,96.53,89.3480992654876,6808415,0,1
2023-01-04,97.34,97.42,96.99,97.27,90.0330427385681,7800088,0,1
2023-01-05,96.7,97.22,96.5697,97.13,89.9034588382556,3177933,0,1
2023-01-06,97.17,98.43,97.08,98.38,91.0604579481889,6807822,0,1
2023-01-09,98.26,98.81,98.2,98.63,91.2918577701755,4988013,0,1
2023-01-10,98.22,98.33,97.825,98.01,90.7179862116486,4027039,0,1
2023-01-11,98.3,98.66,98.24,98.64,91.301113763055,7118680,0,1
2023-01-12,98.96,99.52,98.48,99.52,92.115641136448,5767999,0,1
2023-01-13,99.26,99.5,98.86,98.99,91.6250735138363,5573709,0,1
2023-01-17,98.66,99.0247,98.64,98.68,91.3381377345729,3708960,0,1
2023-01-18,99.87,100.06,99.55,100.02,92.5784407804213,7926409,0,1
2023-01-19,99.82,99.978,99.63,99.83,92.4025769157115,4234128,0,1
2023-01-20,99.32,99.445,99.06,99.17,91.7916813856667,8822676,0,1
2023-01-23,98.84,99.14,98.805,98.85,91.4954896135238,4334933,0,1
2023-01-24,98.98,99.435,98.65,99.42,92.0230812076534,3540326,0,1
2023-01-25,99.49,99.73,99.21,99.53,92.1248971293275,2924706,0,1
2023-01-26,99.34,99.525,99.0301,99.17,91.7916813856667,2875361,0,1
2023-01-27,98.8,99.02,98.77,99.02,91.6528414924747,5524111,0,1
2023-01-30,98.74,98.95,98.6579,98.71,91.3659057132113,2584607,0,1
2023-01-31,99.16,99.25,98.74,99.21,91.8287053571846,4856456,0,1
2023-02-01,99.2,99.77,98.83,99.71,92.4878968068758,20159128,0.2122,1
2023-02-02,100.02,100.205,99.6445,99.67,92.4507940501586,5822979,0,1
2023-02-03,98.81,99,98.47,98.6,91.4582953079727,5267001,0,1
2023-02-06,97.9,98.04,97.7,97.75,90.6698617277315,5500522,0,1
2023-02-07,97.65,98.13,97.46,97.51,90.4472451874282,5678915,0,1
2023-02-08,97.61,97.88,97.4,97.87,90.7811699978832,6137619,0,1
2023-02-09,98.12,98.14,97.32,97.43,90.3730396739937,7358257,0,1
2023-02-10,97.35,97.38,96.89,96.96,89.9370822825662,5290058,0,1
2023-02-13,96.97,97.24,96.95,97.19,90.1504231336903,17262290,0,1
2023-02-14,96.89,97.1161,96.49,96.75,89.7422928098008,7133647,0,1
2023-02-15,96.58,96.795,96.33,96.46,89.4732978236009,4964758,0,1
2023-02-16,96.23,96.43,96.05,96.14,89.176475769863,27126361,0,1
2023-02-17,95.925,96.435,95.8999,96.41,89.4269193777043,4540507,0,1
2023-02-21,95.75,95.83,95.335,95.36,88.452972013877,11382104,0,1
2023-02-22,95.64,95.81,95.48,95.53,88.6106587299253,30136619,0,1
2023-02-23,95.56,96,95.51,95.9,88.9538592295596,7059763,0,1
2023-02-24,95.29,95.45,95.11,95.32,88.4158692571598,10757151,0,1
2023-02-27,95.66,95.76,95.45,95.61,88.6848642433597,3693234,0,1
2023-02-28,95.32,95.79,95.195,95.76,88.8239995810493,4690209,0,1
2023-03-01,95.135,95.3,94.75,94.8,88.1155289345163,8328617,0.1962,1
2023-03-02,94.29,94.49,94.21,94.41,87.7530283407983,12952838,0,1
2023-03-03,94.91,95.17,94.63,95.17,88.4594397541974,5696994,0,1
2023-03-06,95.39,95.42,94.9343,95,88.3014266748844,3766424,0,1
2023-03-07,95.17,95.29,94.78,95.01,88.3107215619029,5053288,0,1
2023-03-08,95.38,95.56,94.86,94.98,88.2828369008476,5163480,0,1
2023-03-09,95.14,95.72,95.08,95.57,88.8312352349337,12498892,0,1
2023-03-10,96.81,97.415,96.67,97.33,90.4671353501737,11041267,0,1
2023-03-13,98.95,99.415,98.14,98.51,91.563932018346,23930587,0,1
2023-03-14,98.09,98.18,97.38,97.58,90.6995075256339,47886756,0,1
2023-03-15,99.255,99.78,98.52,98.99,92.0100865952296,25157366,0,1
2023-03-16,99.53,99.76,97.98,98.1,91.1828416505912,14243234,0,1
2023-03-17,98.86,99.625,98.77,99.26,92.2610485447266,12293849,0,1
2023-03-20,99.42,99.43,98.63,98.86,91.8892530639903,7982461,0,1
2023-03-21,98.18,98.455,97.86,98,91.0898927804071,9851679,0,1
2023-03-22,97.83,99.37,97.7499,99.29,92.2889332057819,10705182,0,1
2023-03-23,99.13,99.94,98.98,99.86,92.8187417658312,7118827,0,1
2023-03-24,100.44,100.58,99.76,99.89,92.8466264268864,9135980,0,1
2023-03-27,98.94,99.14,98.625,98.66,91.7033553236221,8284356,0,1
2023-03-28,98.452,98.745,98.36,98.6,91.6475860015116,13324802,0,1
2023-03-29,98.23,98.62,98.19,98.43,91.4895729221987,13404761,0,1
2023-03-30,98.34,98.67,98.31,98.58,91.6289962274748,4157547,0,1
2023-03-31,98.74,99.185,98.58,99.12,92.1309201264689,6330052,0,1
2023-04-03,98.81,99.56,98.735,99.39,92.5640460602188,7226622,0.196,1
2023-04-04,98.97,100.14,98.95,100.03,93.1600918342257,6763202,0,1
2023-04-05,100.4,100.765,100.3001,100.45,93.5512468734176,6257056,0,1
2023-04-06,100.49,100.72,100.46,100.48,93.5791865190742,4264689,0,1
2023-04-10,99.69,99.755,99.37,99.49,92.6571782124074,6025074,0,1
2023-04-11,99.565,99.58,99.22,99.45,92.6199253515319,5458997,0,1
2023-04-12,99.91,99.95,99.29,99.74,92.8900085928788,5857167,0,1
2023-04-13,99.9,100.065,99.33,99.41,92.5826724906565,39858222,0,1
2023-04-14,99.08,99.1,98.79,98.92,92.1263249449325,4968542,0,1
2023-04-17,98.54,98.6,98.26,98.29,91.5395923861445,4866898,0,1
2023-04-18,98.32,98.67,98.3,98.45,91.6886038296463,5061415,0,1
2023-04-19,98.22,98.31,97.98,98.24,91.4930263100503,4648100,0,1
2023-04-20,98.78,98.8874,98.68,98.81,92.0238795775251,4607978,0,1
2023-04-21,99.02,99.1,98.49,98.57,91.8003624122725,5948165,0,1
2023-04-24,98.84,99.07,98.77,99.05,92.2473967427777,5143745,0,1
2023-04-25,99.61,100.07,99.59,100.03,93.1600918342257,13076805,0,1
2023-04-26,100.01,100.13,99.485,99.64,92.7968764406902,5859259,0,1
2023-04-27,99.23,99.28,98.88,98.99,92.1915174514645,5065839,0,1
2023-04-28,99.59,99.74,99.37,99.73,92.8806953776599,8525911,0,1
2023-05-01,99.11,99.17,98.19,98.32,91.7897351023863,17442068,0.2386,1
2023-05-02,98.66,99.63,98.6,99.6,92.9847194487152,8540678,0,1
2023-05-03,99.87,100.28,99.6935,100.25,93.5915474370853,9534804,0,1
2023-05-04,99.98,100.8,99.96,100.23,93.5728758066739,12014124,0,1
2023-05-05,99.65,99.73,99.44,99.69,93.0687417855664,11254376,0,1
2023-05-08,99.07,99.29,99.03,99.08,92.4992570580191,7022484,0,1
2023-05-09,99.07,99.165,98.9424,98.96,92.3872272755507,7317240,0,1
2023-05-10,99.41,99.78,99.4,99.7,93.0780776007721,9930757,0,1
2023-05-11,100.29,100.41,99.96,100.07,93.4235027633828,5979642,0,1
2023-05-12,99.99,100.07,99.44,99.47,92.8633538510411,5107312,0,1
2023-05-15,99.19,99.25,99.12,99.25,92.6579659165159,4459070,0,1
2023-05-16,98.865,98.995,98.65,98.93,92.3592198299337,7194048,0,1
2023-05-17,98.99,99.02,98.49,98.61,92.0604737433514,5542595,0,1
2023-05-18,98.25,98.26,97.96,98,91.4909890158041,9448919,0,1
2023-05-19,97.65,98.1,97.455,97.63,91.1455638531934,12923496,0,1
2023-05-22,97.65,97.895,97.4,97.45,90.9775191794909,7034752,0,1
2023-05-23,97.31,97.73,97.23,97.61,91.126892222782,8264266,0,1
2023-05-24,97.725,97.77,97.31,97.36,90.8934968426396,7415494,0,1
2023-05-25,97.18,97.26,96.67,96.75,90.3240121150923,11647754,0,1
2023-05-26,96.6,96.93,96.39,96.93,90.4920567887948,7408900,0,1
2023-05-30,97.22,97.69,97.145,97.69,91.2015787444276,7882984,0,1
2023-05-31,97.75,98.205,97.615,98.06,91.5470039070382,10749843,0,1
2023-06-01,98.115,98.38,97.9732,98.1,91.8005599801173,18161559,0.2316,1
2023-06-02,97.93,97.96,97.24,97.32,91.0706472707953,7585448,0,1
2023-06-05,96.92,97.56,96.82,97.29,91.0425737050521,6243050,0,1
2023-06-06,97.33,97.375,97.06,97.35,91.0987208365384,3986269,0,1
2023-06-07,97.215,97.32,96.54,96.64,90.4343131139504,8226649,0,1
2023-06-08,96.81,97.31,96.77,97.29,91.0425737050521,5841899,0,1
2023-06-09,96.96,97.08,96.77,96.94,90.715048771382,6421876,0,1
2023-06-12,97.09,97.115,96.67,97.1,90.8647744553455,5261660,0,1
2023-06-13,97.25,97.32,96.26,96.41,90.2190824432529,9173507,0,1
2023-06-14,96.7,96.83,96.175,96.54,90.3407345614732,7704389,0,1
2023-06-15,97.11,97.36,96.98,97.29,91.0425737050521,5959311,0,1
2023-06-16,96.81,97.05,96.59,96.87,90.6495437846479,6538076,0,1
2023-06-20,97.05,97.39,97.05,97.16,90.9209215868318,5477521,0,1
2023-06-21,96.9,97.33,96.75,97.25,91.0051422840612,5119647,0,1
2023-06-22,96.96,97.125,96.6278,96.7,90.4904602454367,4102148,0,1
2023-06-23,97.465,97.5,96.975,97.1,90.8647744553455,4112143,0,1
2023-06-26,97.35,97.4255,97.16,97.34,91.0893629812907,2976587,0,1
2023-06-27,97.32,97.495,96.8694,97,90.7711959028683,4752458,0,1
2023-06-28,97.14,97.43,96.95,97.39,91.1361522575293,5257355,0,1
2023-06-29,96.505,96.58,96.22,96.39,90.2003667327575,8268789,0,1
2023-06-30,96.42,96.655,96.305,96.6,90.3968816929595,7450786,0,1
2023-07-03,96.315,96.62,95.95,95.95,90.0055867189183,4687135,0.2319,1
2023-07-05,95.95,96,95.37,95.49,89.5740852088537,10186202,0,1
2023-07-06,94.76,94.86,94.36,94.71,88.8424087352658,9285229,0,1
2023-07-07,94.575,94.945,94.54,94.59,88.7298431239446,6577624,0,1
2023-07-10,94.74,95.22,94.73,95.08,89.1894860368395,6622657,0,1
2023-07-11,95.26,95.42,95.13,95.28,89.3770953890415,6327171,0,1
2023-07-12,95.91,96.34,95.77,96.21,90.2494788767809,8255066,0,1
2023-07-13,96.675,97.07,96.575,97.01,90.999916285589,9742728,0,1
2023-07-14,96.8,96.915,96.4925,96.53,90.5496538403042,7491062,0,1
2023-07-17,96.6,96.775,96.48,96.69,90.6997413220658,3182374,0,1
2023-07-18,97,97.12,96.7401,96.8,90.8029264657769,3626466,0,1
2023-07-19,96.975,97.19,96.79,97.13,91.1124818969102,5059394,0,1
2023-07-20,96.63,96.67,96.19,96.36,90.3901858909324,9486701,0,1
2023-07-21,96.57,96.66,96.41,96.44,90.4652296318132,4560175,0,1
2023-07-24,96.61,96.71,96.17,96.21,90.2494788767809,7451172,0,1
2023-07-25,95.83,96.0855,95.82,96.03,90.0806304597991,4079509,0,1
2023-07-26,96.25,96.41,95.97,96.36,90.3901858909324,4880153,0,1
2023-07-27,95.99,96.1,95.175,95.31,89.4052367918718,8522842,0,1
2023-07-28,95.53,95.74,95.44,95.62,89.696031287785,5794206,0,1
2023-07-31,95.58,95.905,95.57,95.74,89.8085968991062,6347597,0,1
2023-08-01,95.04,95.18,94.78,94.94,89.2847353049525,7714495,0.2415,1
2023-08-02,94.66,94.785,94.36,94.75,89.1060529823494,8009186,0,1
2023-08-03,94.11,94.245,93.9602,94.05,88.4477496885484,11058189,0,1
2023-08-04,94.4,95.13,94.4,95.05,89.3881829654069,10190058,0,1
2023-08-07,94.93,94.98,94.7122,94.82,89.1718833117295,4007413,0,1
2023-08-08,95.31,95.54,95.19,95.3,89.6232912846216,5401492,0,1
2023-08-09,95.3,95.5156,95.26,95.36,89.6797172812331,5317352,0,1
2023-08-10,95.36,95.538,94.62,94.63,88.9932009891263,8462102,0,1
2023-08-11,94.24,94.5621,94.09,94.13,88.522984350697,5915033,0,1
2023-08-14,93.98,94.2553,93.775,93.98,88.3819193591683,6218447,0,1
2023-08-15,93.88,94.1755,93.75,93.8,88.2126413693337,9602560,0,1
2023-08-16,93.775,94,93.3732,93.44,87.8740853896646,7199622,0,1
2023-08-17,93.405,93.47,93.0637,93.32,87.7612333964416,9858385,0,1
2023-08-18,93.49,93.81,93.44,93.6,88.024554713962,7510525,0,1
2023-08-21,93.16,93.2,92.91,93.02,87.479103413384,10863981,0,1
2023-08-22,92.94,93.16,92.845,93.06,87.5167207444584,6331000,0,1
2023-08-23,93.625,94.07,93.595,94.07,88.4665583540855,8550555,0,1
2023-08-24,93.78,94.05,93.694,93.72,88.137406707185,5735830,0,1
2023-08-25,93.59,93.93,93.34,93.69,88.1091937088793,7895753,0,1
2023-08-28,93.91,93.98,93.71,93.95,88.3537063608625,3301686,0,1
2023-08-29,93.73,94.66,93.711,94.62,88.9837966563578,7064217,0,1
2023-08-30,94.74,94.79,94.5545,94.61,88.9743923235892,6346718,0,1
2023-08-31,94.72,94.94,94.63,94.8,89.1530746461923,6167266,0,1
2023-09-01,94.57,94.58,93.86,93.98,88.6092709847154,7746609,0.2418,1
2023-09-05,93.71,93.72,93.37,93.41,88.0718451019607,4993448,0,1
2023-09-06,93.57,93.585,93.1204,93.17,87.8455605197482,7344118,0,1
2023-09-07,93.39,93.53,93.29,93.49,88.1472732960315,7137513,0,1
2023-09-08,93.72,93.86,93.465,93.51,88.1661303445492,4648504,0,1
2023-09-11,93.31,93.435,93.24,93.35,88.0152739564075,4321699,0,1
2023-09-12,93.38,93.495,93.27,93.48,88.1378447717726,4998480,0,1
2023-09-13,93.335,93.72,93.3155,93.59,88.2415585386201,6675435,0,1
2023-09-14,93.66,93.74,93.32,93.38,88.0435595291841,6421038,0,1
2023-09-15,93.225,93.285,93.021,93.09,87.7701323256773,9367838,0,1
2023-09-18,92.97,93.245,92.97,93.18,87.854989044007,4622245,0,1
2023-09-19,92.97,93.14,92.8,92.84,87.534419219206,7537027,0,1
2023-09-20,93.1,93.2353,92.75,92.77,87.468419549394,10752258,0,1
2023-09-21,92.13,92.22,92.0201,92.08,86.817851375533,8707579,0,1
2023-09-22,92.17,92.52,92.095,92.44,87.1572782488518,8637839,0,1
2023-09-25,91.85,92.02,91.7246,91.76,86.5161385992497,11712012,0,1
2023-09-26,91.93,91.99,91.6237,91.73,86.4878530264731,8281800,0,1
2023-09-27,91.97,92.01,91.075,91.32,86.10128353186,10586298,0,1
2023-09-28,91.11,91.59,90.853,91.57,86.3369966383314,11654610,0,1
2023-09-29,91.95,92.04,91.45,91.59,86.3558536868491,13488328,0,1
2023-10-02,90.89,90.99,90.495,90.61,85.6571264967788,21010030,0.2389,1
2023-10-03,90.42,90.59,89.81,89.86,84.9481225802951,21364802,0,1
2023-10-04,90.135,90.48,89.9328,90.43,85.4869655568227,14054039,0,1
2023-10-05,90.64,90.66,90.414,90.6,85.6476731112257,11315857,0,1
2023-10-06,89.77,90.355,89.685,90.07,85.1466436769106,12257095,0,1
2023-10-09,90.75,91.22,90.605,91.22,86.2337830155188,5816713,0,1
2023-10-10,90.76,91.29,90.65,91.04,86.0636220755628,11508310,0,1
2023-10-11,91.4,91.6,91.2,91.54,86.5362913532185,14815774,0,1
2023-10-12,91.34,91.39,90.545,90.66,85.7043934245444,12856109,0,1
2023-10-13,91.32,91.355,91.06,91.24,86.2526897866251,9873609,0,1
2023-10-16,90.705,90.77,90.58,90.7,85.7422069667568,7248036,0,1
2023-10-17,89.9,90.04,89.645,89.81,84.9008556525296,11191779,0,1
2023-10-18,89.56,89.69,89.235,89.39,84.5038134592987,13794270,0,1
2023-10-19,89.14,89.5,88.855,88.95,84.0878644949617,27116685,0,1
2023-10-20,89.27,89.6,89.25,89.465,84.5747138509471,12587091,0,1
2023-10-23,89.15,90,89.01,89.89,84.9764827369545,12365028,0,1
2023-10-24,89.82,90.06,89.61,90.05,85.1277369058043,10906208,0,1
2023-10-25,89.58,89.61,89.15,89.26,84.3809194471082,15170223,0,1
2023-10-26,89.35,89.9754,89.33,89.94,85.0237496647201,15901250,0,1
2023-10-27,89.87,90.085,89.705,90.08,85.1560970624637,11628236,0,1
2023-10-30,89.64,89.93,89.48,89.78,84.8724954958702,11022495,0,1
2023-10-31,89.83,90.02,89.57,89.59,84.692881170361,11574736,0,1
2023-11-01,89.6,90.42,89.555,90.37,85.6654227879402,22448889,0.2488,1
2023-11-02,91.06,91.22,90.725,90.93,86.196269714589,14046259,0,1
2023-11-03,92.04,92.24,91.62,91.63,86.8598283728999,23133728,0,1
2023-11-06,91.29,91.32,90.995,91.1,86.3574196744645,11246676,0,1
2023-11-07,91.39,91.815,91.39,91.62,86.8503489634954,13189643,0,1
2023-11-08,91.64,92.075,91.63,91.99,87.2010871114598,11117613,0,1
2023-11-09,91.83,91.84,91.025,91.08,86.3384608556556,17067909,0,1
2023-11-10,91.46,91.475,91.08,91.18,86.4332549497,10675216,0,1
2023-11-13,90.83,91.1558,90.685,91.13,86.3858579026778,8930210,0,1
2023-11-14,92.43,92.565,92.28,92.5,87.6845369910863,14313577,0,1
2023-11-15,92.05,92.06,91.695,91.78,87.0020195139665,12969426,0,1
2023-11-16,92.32,92.61,92.31,92.47,87.656098762873,10375699,0,1
2023-11-17,92.58,92.63,92.345,92.53,87.7129752192996,8462016,0,1
2023-11-20,92.34,92.7201,92.3101,92.66,87.8362075415574,7481261,0,1
2023-11-21,92.77,92.91,92.54,92.78,87.9499604544107,9153441,0,1
2023-11-22,92.92,92.99,92.52,92.75,87.9215222261974,7255180,0,1
2023-11-24,92.35,92.42,92.255,92.27,87.4665105747842,4125818,0,1
2023-11-27,92.55,92.975,92.485,92.97,88.1300692330951,9539761,0,1
2023-11-28,92.86,93.4099,92.81,93.38,88.5187250186772,13563432,0,1
2023-11-29,93.72,93.97,93.585,93.87,88.9832160794948,19075498,0,1
2023-11-30,93.52,93.55,93.215,93.41,88.5471632468905,18446650,0,1
2023-12-01,93.139,94.09,93.11,94.04,89.380354040612,21393328,0.2489,1
2023-12-04,93.68,93.89,93.45,93.65,89.0096783911454,16402188,0,1
2023-12-05,94.05,94.41,93.99,94.31,89.6369756440889,25452146,0,1
2023-12-06,94.52,94.79,94.41,94.7,90.0076512935555,13995963,0,1
2023-12-07,94.5,94.855,94.46,94.56,89.8745882399008,13730101,0,1
2023-12-08,94.03,94.15,93.73,93.95,89.2948135061197,13825359,0,1
2023-12-11,93.75,94,93.56,93.96,89.3043180099522,10484727,0,1
2023-12-12,93.95,94.2197,93.856,94.16,89.4944080866017,7247977,0,1
2023-12-13,94.44,95.68,94.37,95.56,90.8250386231485,16155209,0,1
2023-12-14,95.77,96.265,95.72,96.07,91.5774208492297,32373192,0.2816,1
2023-12-15,95.89,96.145,95.84,95.99,91.5011619373119,9407065,0,1
2023-12-18,95.805,95.82,95.625,95.78,91.3009822935278,8634148,0,1
2023-12-19,95.94,96.14,95.8921,95.96,91.4725648453428,9045433,0,1
2023-12-20,96.18,96.49,95.98,96.43,91.9205859528596,12659133,0,1
2023-12-21,96.64,96.7,96.15,96.28,91.7776004930138,8939694,0,1
2023-12-22,96.46,96.475,96.05,96.19,91.6918092171063,4956413,0,1
2023-12-26,96.15,96.34,96.13,96.25,91.7490034010446,3342500,0,1
2023-12-27,96.66,97.04,96.585,97,92.4639307002735,7360951,0,1
2023-12-28,96.8,96.96,96.53,96.63,92.1112332326539,4858494,0,1
2023-12-29,96.35,96.64,96.29,96.39,91.8824564969007,7820460,0,1
2024-01-02,95.935,96.145,95.92,96.03,91.5392913932708,9443974,0,1
2024-01-03,95.61,96.335,95.525,96.26,91.7585357650343,11040475,0,1
2024-01-04,95.69,95.83,95.58,95.68,91.2056586536306,7354776,0,1
2024-01-05,95.33,96.0161,95.26,95.33,90.8720259139905,9961423,0,1
2024-01-08,95.39,95.96,95.355,95.65,91.1770615616615,7044680,0,1
2024-01-09,95.52,95.75,95.52,95.61,91.1389321057026,7360798,0,1
2024-01-10,95.79,95.86,95.44,95.46,90.9959466458568,9212705,0,1
2024-01-11,95.6,96.035,95.475,95.97,91.4820972093325,10305461,0,1
2024-01-12,96.23,96.48,96.0243,96.23,91.7299386730652,8469577,0,1
2024-01-16,95.84,95.96,95.315,95.45,90.9864142818671,9847101,0,1
2024-01-17,95.17,95.23,94.95,95.14,90.6909109981858,9170738,0,1
2024-01-18,95.1,95.17,94.83,94.93,90.4907313544017,8910077,0,1
2024-01-19,94.78,94.955,94.54,94.94,90.5002637183914,17711102,0,1
2024-01-22,95.28,95.39,95.15,95.23,90.7767022740933,9831545,0,1
2024-01-23,95,95.0199,94.87,94.99,90.54792553834,6428563,0,1
2024-01-24,95.34,95.37,94.66,94.72,90.2905517106176,9662601,0,1
2024-01-25,95.05,95.16,94.9,95.13,90.6813786341961,11588120,0,1
2024-01-26,95.05,95.05,94.84,94.96,90.5193284463709,9134648,0,1
2024-01-29,95.25,95.62,95.18,95.53,91.0626731937848,6947475,0,1
2024-01-30,95.69,95.74,95.15,95.66,91.1865939256512,7265771,0,1
2024-01-31,96.09,96.475,95.99,96.46,91.9491830448287,15778341,0,1
2024-02-01,96.6,97.1071,96.34,96.82,92.5172004099573,33372968,0.2359,1
2024-02-02,95.74,95.9,95.38,95.56,91.3131963558719,13809169,0,1
2024-02-05,94.9,94.99,94.525,94.63,90.4245266969041,12147893,0,1
2024-02-06,94.74,95.23,94.71,95.14,90.9118616711768,9327124,0,1
2024-02-07,94.97,95.35,94.935,94.97,90.7494166797526,8619805,0,1
2024-02-08,94.76,94.84,94.57,94.66,90.4531934600966,7808042,0,1
2024-02-09,94.43,94.57,94.4,94.49,90.2907484686724,8492535,0,1
2024-02-12,94.57,94.685,94.4,94.58,90.3767487582499,7023605,0,1
2024-02-13,93.88,93.965,93.52,93.54,89.382967634243,11978410,0,1
2024-02-14,93.64,94.055,93.64,93.89,89.7174132048222,8979561,0,1
2024-02-15,94.3,94.4,94.025,94.15,89.965858485824,6788279,0,1
2024-02-16,93.6,93.785,93.55,93.74,89.5740793888597,7147413,0,1
2024-02-20,93.93,94.12,93.89,93.9,89.7269687925531,8286331,0,1
2024-02-21,93.97,94.02,93.54,93.6,89.440301160628,6448768,0,1
2024-02-22,93.57,93.79,93.44,93.61,89.4498567483588,8688496,0,1
2024-02-23,93.64,94.11,93.64,94.04,89.8607470207848,6426659,0,1
2024-02-26,94.05,94.06,93.68,93.9,89.7269687925531,6417187,0,1
2024-02-27,93.76,93.92,93.625,93.69,89.5263014502055,7540612,0,1
2024-02-28,93.8,94.03,93.74,94.03,89.8511914330539,5293604,0,1
2024-02-29,94.1,94.33,94.08,94.22,90.0327475999398,11919151,0,1
2024-03-01,93.845,94.46,93.6229,94.4,90.4429250255211,11857244,0.2493,1
2024-03-04,94.08,94.29,94.07,94.19,90.2417278406126,6641557,0,1
2024-03-05,94.67,94.94,94.56,94.77,90.7974153036931,7673106,0,1
2024-03-06,94.94,95.19,94.89,95,91.0177741252595,9499167,0,1
2024-03-07,95.19,95.22,94.92,95.16,91.1710672185231,8420940,0,1
2024-03-08,95.32,95.39,95.1501,95.23,91.238132946826,8103627,0,1
2024-03-11,95.26,95.29,95.02,95.11,91.1231631268783,5563265,0,1
2024-03-12,94.84,94.8746,94.605,94.72,90.7495112120482,6556440,0,1
2024-03-13,94.58,94.65,94.47,94.51,90.5483140271398,9705919,0,1
2024-03-14,94.16,94.165,93.79,93.81,89.8776567441115,9910854,0,1
2024-03-15,93.74,93.815,93.63,93.65,89.724363650848,6591431,0,1
2024-03-18,93.62,93.7,93.45,93.54,89.6189746492292,5319684,0,1
2024-03-19,93.73,93.935,93.67,93.81,89.8776567441115,5470272,0,1
2024-03-20,93.91,94.35,93.7,94.03,90.088434747349,10190766,0,1
2024-03-21,94.21,94.28,93.96,94.04,90.098015565678,8271232,0,1
2024-03-22,94.56,94.56,94.41,94.5,90.5387332088108,6119779,0,1
2024-03-25,94.41,94.41,94.19,94.25,90.2992127505864,4488900,0,1
2024-03-26,94.22,94.41,94.11,94.39,90.4333442071921,5477636,0,1
2024-03-27,94.5,94.79,94.485,94.75,90.7782536670352,4838589,0,1
2024-03-28,94.54,94.765,94.475,94.66,90.6920263020744,7561418,0,1
2024-04-01,93.99,93.99,93.455,93.53,89.873674956014,10449244,0.2758,1
2024-04-02,93.11,93.37,93.015,93.33,89.6814934635389,7214583,0,1
2024-04-03,92.95,93.44,92.86,93.44,89.7871932844002,12894907,0,1
2024-04-04,93.64,93.78,93.38,93.76,90.0946836723605,6945963,0,1
2024-04-05,93.25,93.5404,93.13,93.14,89.4989210456875,6302315,0,1
2024-04-08,92.91,93.055,92.81,92.93,89.2971304785885,7113661,0,1
2024-04-09,93.2,93.375,93.2,93.3,89.6526662396676,5139649,0,1
2024-04-10,92.51,92.57,91.92,92.06,88.4611409863215,14993738,0,1
2024-04-11,92.23,92.2696,91.81,91.93,88.3362230162127,9371359,0,1
2024-04-12,92.41,92.56,92.305,92.31,88.7013678519155,11675565,0,1
2024-04-15,91.68,91.74,91.35,91.72,88.1344324491137,12315347,0,1
2024-04-16,91.32,91.5304,91.18,91.36,87.7885057626584,12027205,0,1
2024-04-17,91.69,92.01,91.54,91.94,88.3458320908364,10515435,0,1
2024-04-18,91.85,91.85,91.5,91.62,88.0383417028762,6964571,0,1
2024-04-19,91.84,91.86,91.641,91.74,88.1536505983612,6125766,0,1
2024-04-22,91.57,91.815,91.55,91.75,88.163259672985,4002877,0,1
2024-04-23,91.63,92.0999,91.54,91.87,88.2785685684701,8319796,0,1
2024-04-24,91.66,91.6879,91.435,91.59,88.0095144790049,7567420,0,1
2024-04-25,91.09,91.325,91.02,91.24,87.6731968671733,5784322,0,1
2024-04-26,91.45,91.63,91.415,91.49,87.9134237327673,5432628,0,1
2024-04-29,91.7,91.88,91.62,91.86,88.2689594938464,4846458,0,1
2024-04-30,91.51,91.65,91.35,91.43,87.8557692850247,7516694,0,1
2024-05-01,91.43,91.86,91.19,91.52,88.2025223518977,12392506,0.2709,1
2024-05-02,91.52,92.01,91.45,91.95,88.6169354267591,8661622,0,1
2024-05-03,92.61,92.7,92.2201,92.46,89.1084486085715,8501120,0,1
2024-05-06,92.5,92.64,92.41,92.54,89.1855487155224,4043450,0,1
2024-05-07,92.87,93.02,92.7,92.78,89.4168490363753,7776341,0,1
2024-05-08,92.58,92.66,92.51,92.52,89.1662736887847,9024132,0,1
2024-05-09,92.5,92.865,92.47,92.8,89.436124063113,9625255,0,1
2024-05-10,92.6,92.635,92.45,92.5,89.1469986620469,3204980,0,1
2024-05-13,92.74,92.765,92.595,92.61,89.2530113091045,3228752,0,1
2024-05-14,92.79,92.92,92.69,92.88,89.513224170064,4688884,0,1
2024-05-15,93.42,93.645,93.295,93.58,90.1878501058849,11384537,0,1
2024-05-16,93.61,93.61,93.37,93.4,90.0143748652452,4278520,0,1
2024-05-17,93.25,93.33,93.09,93.11,89.734886977548,3883918,0,1
2024-05-20,92.98,93.06,92.935,92.97,89.5999617903838,4575850,0,1
2024-05-21,93.25,93.29,93.16,93.21,89.8312621112367,2669720,0,1
2024-05-22,92.98,93.2,92.97,93.09,89.7156119508103,3616386,0,1
2024-05-23,93.13,93.14,92.62,92.76,89.3975740096376,6005628,0,1
2024-05-24,92.67,92.89,92.64,92.88,89.513224170064,3926449,0,1
2024-05-28,92.96,92.98,92.335,92.36,89.0120734748828,8761441,0,1
2024-05-29,92.13,92.135,91.72,91.91,88.5783853732836,10126801,0,1
2024-05-30,92.22,92.39,92.17,92.37,89.0217109882516,5069737,0,1
2024-05-31,92.65,92.815,92.61,92.8,89.436124063113,4807468,0,1
2024-06-03,92.65,93.18,92.65,93.13,90.0205766050981,7675927,0.2764,1
2024-06-04,93.44,93.73,93.38,93.64,90.5135487308213,8752020,0,1
2024-06-05,93.76,93.99,93.4901,93.98,90.8421968146368,6466820,0,1
2024-06-06,93.82,94.03,93.79,93.94,90.8035323341879,5849418,0,1
2024-06-07,93.14,93.16,92.94,92.95,89.8465864430782,7125085,0,1
2024-06-10,92.78,92.84,92.6601,92.75,89.6532640408338,3938887,0,1
2024-06-11,92.91,93.26,92.82,93.24,90.1269039263325,3954681,0,1
2024-06-12,94.08,94.32,93.74,93.76,90.6295421721679,9243216,0,1
2024-06-13,94.18,94.52,94.075,94.38,91.2288416191255,6529902,0,1
2024-06-14,94.51,94.69,94.46,94.6,91.4414962615943,5424633,0,1
2024-06-17,94.14,94.22,94.025,94.16,91.0161869766567,4957159,0,1
2024-06-18,94.32,94.68,94.28,94.57,91.4124979012577,5232579,0,1
2024-06-20,94.1,94.36,94.05,94.33,91.1805110185644,3573117,0,1
2024-06-21,94.51,94.6,94.18,94.35,91.1998432587888,7041996,0,1
2024-06-24,94.37,94.43,94.225,94.43,91.2771722196866,5276005,0,1
2024-06-25,94.37,94.55,94.325,94.51,91.3545011805844,3791592,0,1
2024-06-26,94.02,94.09,93.915,93.94,90.8035323341879,4196548,0,1
2024-06-27,94.12,94.24,94.11,94.15,91.0065208565445,4946574,0,1
2024-06-28,94.36,94.38,93.645,93.65,90.5232148509335,6032414,0,1
2024-07-01,92.84,93.11,92.58,92.67,89.8514948988711,13662769,0.2851,1
2024-07-02,93.06,93.13,92.875,93.02,90.1908498488507,8195754,0,1
2024-07-03,93.25,93.6799,93.2,93.64,90.7919929031002,3860957,0,1
2024-07-05,93.97,94.22,93.845,94.16,91.2961774002126,5111502,0,1
2024-07-08,94.13,94.2562,93.99,94.19,91.3252649673537,5294604,0,1
2024-07-09,94.035,94.17,93.83,94.06,91.1992188430756,3006938,0,1
2024-07-10,94.14,94.1981,94.005,94.15,91.2864815444989,4076787,0,1
2024-07-11,94.82,94.98,94.71,94.75,91.868232887321,9658543,0,1
2024-07-12,94.77,94.95,94.705,94.95,92.062150001595,4304749,0,1
2024-07-15,94.71,94.83,94.57,94.65,91.771274330184,3754450,0,1
2024-07-16,94.82,95.08,94.725,95.07,92.1785002701595,4705760,0,1
2024-07-17,94.93,95.21,94.84,95.15,92.2560671158691,5113487,0,1
2024-07-18,94.94,95.145,94.815,94.88,91.9942790115991,8640596,0,1
2024-07-19,94.63,94.7,94.53,94.58,91.7034033401881,5274384,0,1
2024-07-22,94.69,94.7562,94.335,94.49,91.6161406387648,3869786,0,1
2024-07-23,94.62,94.75,94.545,94.56,91.6840116287607,5095642,0,1
2024-07-24,94.73,94.88,94.335,94.35,91.480398658773,4733695,0,1
2024-07-25,94.54,94.875,94.49,94.56,91.6840116287607,4335687,0,1
2024-07-26,94.96,95.04,94.87,95.01,92.1203251358773,5217511,0,1
2024-07-29,95.25,95.26,95.08,95.17,92.2754588272965,6165648,0,1
2024-07-30,95.28,95.47,95.1099,95.37,92.4693759415705,4419228,0,1
2024-07-31,95.65,96.08,95.445,96.07,93.1480858415296,10983116,0,1
2024-08-01,96,96.43,95.98,96.19,93.544748146705,10492587,0.2891,1
2024-08-02,97.19,97.75,97.13,97.68,94.9937727307427,18286540,0,1
2024-08-05,98.39,98.58,97.4021,97.78,95.0910227028258,19098200,0,1
2024-08-06,97.54,97.575,96.84,96.91,94.2449479457031,9506980,0,1
2024-08-07,96.63,96.727,96.375,96.56,93.9045730434124,8419746,0,1
2024-08-08,96.16,96.34,96.065,96.27,93.6225481243714,4856150,0,1
2024-08-09,96.78,96.7899,96.58,96.66,94.0018230154954,5174878,0,1
2024-08-12,96.54,96.975,96.475,96.93,94.2643979401197,4166444,0,1
2024-08-13,97.329,97.36,97.19,97.36,94.6825728200769,6458880,0,1
2024-08-14,97.32,97.625,97.3,97.49,94.8089977837849,4275696,0,1
2024-08-15,96.7,96.88,96.62,96.88,94.2157729540782,5507025,0,1
2024-08-16,97.08,97.09,96.81,97.07,94.400547901036,4437050,0,1
2024-08-19,97.04,97.31,97.02,97.2,94.526972864744,4437676,0,1
2024-08-20,97.44,97.625,97.355,97.59,94.906247755868,4885998,0,1
2024-08-21,97.69,98.0148,97.46,97.79,95.1007477000341,5386005,0,1
2024-08-22,97.55,97.57,97.2,97.34,94.6631228256603,4819522,0,1
2024-08-23,97.54,97.86,97.425,97.79,95.1007477000341,5475416,0,1
2024-08-26,97.96,97.97,97.665,97.67,94.9840477335344,3062577,0,1
2024-08-27,97.405,97.695,97.36,97.63,94.9451477447012,4433681,0,1
2024-08-28,97.65,97.73,97.54,97.58,94.8965227586597,8147052,0,1
2024-08-29,97.36,97.45,97.26,97.41,94.7311978061185,6199798,0,1
2024-08-30,97.43,97.5527,97.045,97.07,94.400547901036,4802608,0,1
2024-09-03,97.31,97.57,97.245,97.42,95.0211913878718,8232797,0.2882,1
2024-09-04,97.53,98.04,97.502,97.99,95.5771560675176,9871995,0,1
2024-09-05,98.25,98.3,97.91,98.22,95.8014926926378,33635018,0,1
2024-09-06,98.26,98.85,98.02,98.36,95.9380454209718,17777566,0,1
2024-09-09,98.3,98.57,98.18,98.5,96.0745981493059,8532472,0,1
2024-09-10,98.51,98.97,98.49,98.92,96.484256334308,7921368,0,1
2024-09-11,98.72,99.15,98.66,98.85,96.4159799701409,7286225,0,1
2024-09-12,98.77,98.88,98.505,98.69,96.2599197091878,5931331,0,1
2024-09-13,98.96,99,98.76,98.88,96.4452412690697,5305485,0,1
2024-09-16,98.99,99.18,98.869,99.14,96.6988391931186,6666977,0,1
2024-09-17,99.08,99.14,98.8901,98.96,96.5232713995463,7807027,0,1
2024-09-18,98.73,99.045,98.48,98.53,96.1038594482346,8584465,0,1
2024-09-19,98.26,98.465,98.22,98.45,96.025829317758,16770780,0,1
2024-09-20,98.31,98.55,98.18,98.42,95.9965680188293,6580582,0,1
2024-09-23,98.22,98.45,97.985,98.36,95.9380454209718,7491882,0,1
2024-09-24,98.09,98.5,98.0118,98.47,96.0453368503771,6580863,0,1
2024-09-25,98.27,98.27,98.07,98.07,95.6551861979942,10455101,0,1
2024-09-26,98.15,98.2,97.835,98,95.5869098338271,8026728,0,1
2024-09-27,98.23,98.435,98.15,98.39,95.9673067199005,6207730,0,1
2024-09-30,98.315,98.345,97.96,98.12,95.703955029542,8902750,0,1
2024-10-01,98.17,98.47,98.0847,98.19,96.0511101046558,11665727,0.2859,1
2024-10-02,97.75,97.945,97.635,97.91,95.7772093934906,7742082,0,1
2024-10-03,97.65,97.72,97.38,97.41,95.2881009806958,11556106,0,1
2024-10-04,96.57,96.78,96.42,96.47,94.3685771646414,8890868,0,1
2024-10-07,96.11,96.27,96.07,96.12,94.026201275685,10152572,0,1
2024-10-08,95.97,96.2,95.93,96.2,94.1044586217322,5975421,0,1
2024-10-09,96.03,96.08,95.79,95.84,93.7523005645199,6769233,0,1
2024-10-10,95.77,95.88,95.53,95.83,93.742518396264,5958980,0,1
2024-10-11,95.73,95.9546,95.68,95.86,93.7718649010317,5394064,0,1
2024-10-14,95.46,95.69,95.405,95.69,93.6055680406814,3850877,0,1
2024-10-15,96.06,96.22,96.005,96.18,94.0848942852204,7736909,0,1
2024-10-16,96.36,96.46,96.27,96.33,94.2316268090589,5041122,0,1
2024-10-17,95.91,95.95,95.745,95.83,93.742518396264,5460202,0,1
2024-10-18,95.99,96.045,95.92,95.94,93.8501222470789,5174808,0,1
2024-10-21,95.57,95.6,95.19,95.2,93.1262417961425,6633578,0,1
2024-10-22,95.32,95.375,95.031,95.11,93.0382022818394,5434026,0,1
2024-10-23,94.83,94.995,94.74,94.89,92.8229945802097,6914586,0,1
2024-10-24,94.98,95.2599,94.87,95.1,93.0284201135835,5486308,0,1
2024-10-25,95.31,95.32,94.82,94.89,92.8229945802097,6455354,0,1
2024-10-28,94.91,94.92,94.49,94.67,92.6077868785799,5447530,0,1
2024-10-29,94.27,94.725,94.222,94.71,92.6469155516035,8475405,0,1
2024-10-30,94.93,95.165,94.53,94.57,92.5099651960209,6341348,0,1
2024-10-31,94.42,94.7011,94.215,94.52,92.4610543547414,8662882,0,1
2024-11-01,94.365,94.46,93.64,93.67,91.9148014496461,15659471,0.2916,1
2024-11-04,94.32,94.4371,93.9918,94.17,92.4054323957849,8179254,0,1
2024-11-05,94.05,94.335,93.735,94.22,92.4544954903988,8118519,0,1
2024-11-06,93.04,93.5101,93.01,93.25,91.5026714548895,15261496,0,1
2024-11-07,93.63,94.1699,93.58,94,92.2386178740977,15674129,0,1
2024-11-08,94.2,94.475,94.09,94.2,92.4348702525533,12335278,0,1
2024-11-11,93.92,93.9551,93.775,93.94,92.1797421605611,3980201,0,1
2024-11-12,93.57,93.76,93.235,93.35,91.6007976441173,8037912,0,1
2024-11-13,93.77,93.78,93.17,93.29,91.5419219305806,6662247,0,1
2024-11-14,93.44,93.66,93.17,93.28,91.5321093116578,7510284,0,1
2024-11-15,93.1,93.63,92.9,93.32,91.5713597873489,16794163,0,1
2024-11-18,93.28,93.59,93.173471,93.53,91.7774247847272,4788179,0,1
2024-11-19,93.82,93.88,93.685,93.73,91.9736771631828,4951585,0,1
2024-11-20,93.47,93.76,93.44,93.59,91.8363004982639,5752958,0,1
2024-11-21,93.66,93.83,93.42,93.54,91.78723740365,5098247,0,1
2024-11-22,93.67,93.725,93.5,93.6,91.8461131171867,5373879,0,1
2024-11-25,94.46,94.635,94.315,94.61,92.8371876283871,7716050,0,1
2024-11-26,94.41,94.44,94.2201,94.41,92.6409352499316,5093056,0,1
2024-11-27,94.79,94.92,94.595,94.79,93.0138147689971,5587567,0,1
2024-11-29,95.13,95.2,95,95.19,93.4063195259081,5136170,0,1
2024-12-02,94.61,95.01,94.5,94.89,93.3984821871745,5950784,0.292,1
2024-12-03,94.99,95.025,94.56,94.62,93.1327261518648,5364829,0,1
2024-12-04,94.38,95.01,94.345,94.98,93.4870675322777,5908784,0,1
2024-12-05,94.7,95.03,94.7,94.97,93.4772247161551,5210320,0,1
2024-12-06,95.36,95.42,95.065,95.27,93.7725091998326,6880169,0,1
2024-12-09,95.145,95.16,94.94,94.94,93.4476962677874,4303131,0,1
2024-12-10,94.74,94.84,94.65,94.77,93.2803683937035,3543387,0,1
2024-12-11,94.91,95,94.46,94.49,93.0047695422712,6453019,0,1
2024-12-12,94.38,94.457,94.1,94.13,92.6504281618583,4518093,0,1
2024-12-13,93.98,94.005,93.6438,93.69,92.2173442524647,5230061,0,1
2024-12-16,93.86,93.8713,93.62,93.72,92.2468727008325,4607858,0,1
2024-12-17,93.7,93.87,93.67,93.72,92.2468727008325,4881129,0,1
2024-12-18,93.4,93.52,92.62,92.69,91.5357459687634,11553909,0.3075,1
2024-12-19,92.38,92.44,92.115,92.27,91.1209761628849,9273761,0,1
2024-12-20,92.75,92.9,92.59,92.61,91.4567421962151,6070886,0,1
2024-12-23,92.54,92.58,92.13,92.2,91.0518478619051,5954541,0,1
2024-12-24,92.01,92.26,91.97,92.25,91.1012252197478,3076139,0,1
2024-12-26,91.96,92.36,91.925,92.32,91.1703535207275,3703370,0,1
2024-12-27,92.26,92.385,92.06,92.08,90.9333422030827,3752547,0,1
2024-12-30,92.53,92.67,92.515,92.62,91.4666176677837,4797651,0,1
2024-12-31,92.75,92.816,92.375,92.45,91.2987346511185,5856386,0,1
2025-01-02,92.65,92.775,92.31,92.5,91.3481120089612,5035296,0,1
2025-01-03,92.6,92.665,92.3201,92.35,91.1999799354331,2863727,0,1
2025-01-06,92.24,92.3298,92.06,92.26,91.1111006913163,3894803,0,1
2025-01-07,92.14,92.21,91.75,91.84,90.6963308854378,5524502,0,1
2025-01-08,91.71,92.02,91.685,92,90.8543384305344,6403066,0,1
2025-01-10,91.455,91.63,91.23,91.33,90.1926818354425,8210906,0,1
2025-01-13,91.28,91.3099,91.08,91.17,90.0346742903459,5094333,0,1
2025-01-14,91.21,91.28,91.08,91.2,90.0643007050515,4365899,0,1
2025-01-15,92.13,92.23,91.975,92.16,91.012345975631,7846600,0,1
2025-01-16,92.08,92.58,91.95,92.38,91.2296063501388,7550852,0,1
2025-01-17,92.52,92.58,92.355,92.45,91.2987346511185,3912840,0,1
2025-01-21,92.75,92.825,92.61,92.76,91.6048742697431,4431278,0,1
2025-01-22,92.72,92.7299,92.41,92.52,91.3678629520983,3656353,0,1
2025-01-23,92.13,92.3499,92.13,92.28,91.1308516344534,4861149,0,1
2025-01-24,92.25,92.5763,92.195,92.47,91.3184855942556,4468718,0,1
2025-01-27,93.08,93.15,92.865,93.07,91.9110138883678,4297112,0,1
2025-01-28,92.84,93.1,92.775,93.08,91.9208893599363,3906811,0,1
2025-01-29,93.18,93.25,92.7,92.97,91.8122591726824,4918428,0,1
2025-01-30,93.17,93.3151,93.08,93.17,92.0097686040531,4365657,0,1
2025-01-31,93.2,93.34,92.81,93.02,91.8616365305251,6277534,0,1
2025-02-03,92.99,93.28,92.655,92.79,91.9271671972125,8294195,0.2964,1
2025-02-04,92.6,93.02,92.595,93.02,92.1550284802748,6742390,0,1
2025-02-05,93.4,93.73,93.37,93.56,92.6900071448561,6576344,0,1
2025-02-06,93.46,93.58,93.31,93.45,92.5810300094784,5268575,0,1
2025-02-07,93.15,93.225,92.98,93.14,92.2739126279596,4565352,0,1
2025-02-10,93.24,93.37,93.065,93.12,92.2540986033454,3229142,0,1
2025-02-11,92.89,92.96,92.82,92.88,92.016330307976,3379547,0,1
2025-02-12,92.26,92.32,92.08,92.24,91.3822815203241,7280368,0,1
2025-02-13,92.715,93,92.7,92.93,92.0658653695113,6122009,0,1
2025-02-14,93.365,93.51,93.28,93.32,92.4522388494866,5157925,0,1
2025-02-18,93.03,93.125,92.81,92.82,91.9568882341336,4484271,0,1
2025-02-19,92.77,93.01,92.765,92.97,92.1054934187395,4607048,0,1
2025-02-20,93.12,93.255,93.11,93.16,92.2937266525737,7545412,0,1
2025-02-21,93.28,93.83,93.265,93.71,92.838612329462,6156516,0,1
2025-02-24,93.62,93.9659,93.59,93.91,93.0367525756032,4109676,0,1
2025-02-25,94.5,94.6999,94.42,94.65,93.7698714863257,7697169,0,1
2025-02-26,94.61,94.97,94.485,94.91,94.0274538063092,7380204,0,1
2025-02-27,94.59,94.83,94.5525,94.8,93.9184766709316,5907872,0,1
2025-02-28,95.09,95.36,94.9,95.32,94.4336413108987,11831519,0,1
2025-03-03,94.72,95.45,94.71,95.39,94.7757978135452,9637437,0.2754,1
2025-03-04,95.54,95.78,94.93,95.09,94.4777294694414,12745454,0,1
2025-03-05,95.11,95.235,94.53,94.56,93.9511420615246,15590008,0,1
2025-03-06,94.51,94.69,94.16,94.51,93.901464004174,9318861,0,1
2025-03-07,94.98,95.02,94.295,94.39,93.7822366665324,9210206,0,1
2025-03-10,94.94,95.2,94.85,95.05,94.4379870235608,7691773,0,1
2025-03-11,95.05,95.3099,94.5753,94.71,94.1001762335765,10408648,0,1
2025-03-12,94.41,94.66,94.39,94.43,93.821979112413,7610319,0,1
2025-03-13,94.29,94.846,94.2,94.81,94.1995323482778,6902748,0,1
2025-03-14,94.565,94.653504,94.4497,94.48,93.8716571697636,4390889,0,1
2025-03-17,94.645,94.845,94.455,94.56,93.9511420615246,6733976,0,1
2025-03-18,94.42,94.83,94.405,94.67,94.060433787696,8993542,0,1
2025-03-19,94.59,94.985,94.44,94.96,94.3485665203297,5854692,0,1
2025-03-20,95.47,95.485,94.985,95.1,94.4876650809115,4409137,0,1
2025-03-21,95.25,95.34,94.995,95.02,94.4081801891505,4919587,0,1
2025-03-24,94.755,94.78,94.4427,94.47,93.8617215582935,4823901,0,1
2025-03-25,94.47,94.735,94.45,94.63,94.0206913418155,6825832,0,1
2025-03-26,94.47,94.565,94.325,94.41,93.8021078894727,8281749,0,1
2025-03-27,94.3,94.41,94.2148,94.33,93.7226229977117,5085410,0,1
2025-03-28,94.78,95.1495,94.7499,95.09,94.4777294694414,6224454,0,1
2025-03-31,95.49,95.555,95.09,95.37,94.7559265906049,13255922,0,1
2025-04-01,95.27,95.66,95.265,95.4,95.0874521127733,18128763,0.3037,1
2025-04-02,95.8,95.8,95.005,95.31,94.9977469692707,7635866,0,1
2025-04-03,96.41,96.645,96.1804,96.29,95.9745363096325,18188011,0,1
2025-04-04,97.2,97.515,96.55,96.56,96.2436517401403,27006541,0,1
2025-04-07,96.485,96.66,95.19,95.41,95.0974193509402,68670638,0,1
2025-04-08,94.905,95.585,94.88,94.93,94.6189919189263,19508019,0,1
2025-04-09,94.23,94.68,93.61,94.63,94.3199747739175,24170819,0,1
2025-04-10,94.52,94.78,93.99,94.04,93.7319077220671,12093775,0,1
2025-04-11,93.47,93.73,92.79,93.51,93.2036440992183,55446575,0,1
2025-04-14,93.92,94.355,93.795,94.26,93.9511869617401,12630877,0,1
2025-04-15,94.25,94.7561,94.235,94.54,94.2302696304149,7708183,0,1
2025-04-16,94.66,95.08,94.46,94.95,94.6389263952602,8708379,0,1
2025-04-17,94.9,94.9907,94.59,94.68,94.3698109647523,6987171,0,1
2025-04-21,94.4,94.745,94.15,94.17,93.8614818182375,4901294,0,1
2025-04-22,94.42,94.44,94.2336,94.24,93.9312524854062,5232965,0,1
2025-04-23,95.035,95.22,94.22,94.34,94.0309248670758,8041319,0,1
2025-04-24,94.72,94.875,94.62,94.85,94.5392540135906,7308934,0,1
2025-04-25,95.11,95.275,94.975,95.21,94.8980745876011,5341346,0,1
2025-04-28,95.1,95.62,95.0735,95.59,95.2768296379455,4950526,0,1
2025-04-29,95.54,95.93,95.53,95.92,95.605748497455,5350357,0,1
2025-04-30,95.9,96.1563,95.8,96.07,95.7552570699594,13923349,0,1
2025-05-01,95.88,95.895,95.15,95.34,95.34,13703318,0.3134,1
2025-05-02,94.85,94.99,94.54,94.7,94.7,9331620,0,1
