Date,open,high,low,close,adj_close,volume,dividend,split
1999-11-01,131.5,133.1,130.6,130.8,55.5033610220197,4840900,0,1
1999-11-02,131.5,133.1,130.4,130.9,55.5457947842689,6417400,0,1
1999-11-03,132.8,134.3,132.4,133.5,56.6490726027494,9376300,0,1
1999-11-04,135.4,135.6,133.6,135,57.2855790364882,10024300,0,1
1999-11-05,137.8,138.4,136.4,136.4,57.8796517079777,7567300,0,1
1999-11-08,136.9,139.6,136.4,139.1,59.0253632887074,5445400,0,1
1999-11-09,140.3,140.5,137,138.2,58.6434594284642,7314900,0,1
1999-11-10,138.3,141.2,137.6,140,59.4072671489507,8280500,0,1
1999-11-11,141.5,142.7,140.3,142.5,60.468111205182,9250700,0,1
1999-11-12,143.3,144.5,138.8,144.4,61.2743526879177,14323300,0,1
1999-11-15,144.5,145,143.4,144.1,61.14705140117,5454700,0,1
1999-11-16,144.6,148.4,144,147.8,62.7171006043922,9563200,0,1
1999-11-17,147.8,148.4,145,145.8,61.8684253594072,10841800,0,1
1999-11-18,146.8,150.2,145.9,150.2,63.7355108983742,8869200,0,1
1999-11-19,149.6,151.8,149,151.6,64.3295835698637,8969700,0,1
1999-11-22,151.9,155,149.3,149.3,63.353607038131,9420900,0,1
1999-11-23,152.9,153,148.5,149.9,63.6082096116265,12023800,0,1
1999-11-24,150.4,155.5,148.8,154.9,65.729897724089,9308900,0,1
1999-11-26,156.8,157.6,154.8,155.4,65.9420665353353,4022600,0,1
1999-11-29,155.1,156.4,152.6,152.8,64.8387887168548,10242600,0,1
1999-11-30,153.1,153.4,147.5,148,62.8019681288907,11851200,0,1
1999-12-01,148.6,150.9,147.5,150.2,63.7355108983742,11602900,0,1
1999-12-02,150.8,155.3,150.7,155,65.7723314863383,8614600,0,1
1999-12-03,158.6,160.4,157.8,158.3,67.1726456405635,10722300,0,1
1999-12-06,158.9,161,157.4,159.7,67.766718312053,8009200,0,1
1999-12-07,160.2,160.8,157.7,159.7,67.766718312053,11698500,0,1
1999-12-08,159.7,161,157.4,157.8,66.9604768293173,9781500,0,1
1999-12-09,160,160.9,154.5,158.5,67.257513165062,14222700,0,1
1999-12-10,159.8,160.4,156.3,159.8,67.8091520743023,10214200,0,1
1999-12-13,159.3,162.7,158.6,162,68.7426948437858,8104600,0,1
1999-12-14,161.5,162.4,158,159.1,67.5121157385575,13880100,0,1
1999-12-15,157.3,162.1,155.9,162.1,68.785128606035,15898600,0,1
1999-12-16,164.3,166.5,163.5,166.1,70.4824790960051,13609800,0,1
1999-12-17,169,169.75,166.86,167.56,71.1020120248441,11946200,0,1
1999-12-20,168.8,170.5,167.4,169.8,72.0525282992273,7696000,0,1
1999-12-21,170.3,178.9,169.3,178.9,75.9140006639091,13001900,0,1
1999-12-22,178.4,178.6,174.9,178.3,75.6593980904136,11156800,0,1
1999-12-23,179.7,181.5,178,180.4,76.5505070976479,8771800,0,1
1999-12-27,180.6,180.7,175.8,179.4,76.1261694751554,9640900,0,1
1999-12-28,179.5,181,177.1,178.3,75.6593980904136,7673200,0,1
1999-12-29,180,185,179.8,185,78.5024601611134,8256300,0,1
1999-12-30,187.3,187.5,183,183,77.6537849161284,10943500,0,1
1999-12-31,185.3,186.4,182.8,182.8,77.5689173916299,7232200,0,1
2000-01-03,192.38,192.38,181.5,189.5,80.4119794623297,18172600,0,1
2000-01-04,184,187,175.9,176.5,74.8955903699271,16893300,0,1
2000-01-05,175,178.3,168.5,176.6,74.9380241321764,21248300,0,1
2000-01-06,173.8,176,159.5,160.2,67.9788871232993,18567400,0,1
2000-01-07,165.9,180,165,180,76.3807720486509,14069100,0,1
2000-01-10,182,187.9,179.9,185,78.5024601611134,14837800,0,1
2000-01-11,183.5,185.8,175.3,176.8,75.0228916566749,16273300,0,1
2000-01-12,178,178.5,172,172.1,73.0285048309601,14525000,0,1
2000-01-13,177,183,174.2,182.5,77.4416161048822,12582600,0,1
2000-01-14,186,187.3,184,186.8,79.2662678815999,10949300,0,1
2000-01-18,184.1,188.9,182.9,187.8,79.6906055040924,8376200,0,1
2000-01-19,187,192,184.9,192,81.4728235185609,9503000,0,1
2000-01-20,191,193.8,188,190.1,80.6665820358252,12979000,0,1
2000-01-21,193,193.1,190.1,192.5,81.6849923298072,9349100,0,1
2000-01-24,194.9,195.3,181.9,183.3,77.7810862028762,14170200,0,1
2000-01-25,183.8,188.2,178.8,186,78.9267977836059,16638100,0,1
2000-01-26,186.5,186.6,178,178.5,75.7442656149121,11547800,0,1
2000-01-27,183.5,185,175.3,181.1,76.8475434333926,15369600,0,1
2000-01-28,180,180.9,169.5,172,72.9860710687109,17656900,0,1
2000-01-31,171.8,180,167,179.4,76.1261694751554,18007300,0,1
2000-02-01,179.1,185,176.9,184.2,78.1629900631194,13208800,0,1
2000-02-02,184.5,189.4,184.2,185.8,78.8419302591074,13084600,0,1
2000-02-03,188.6,193.3,184.6,193,81.8971611410535,15289900,0,1
2000-02-04,194,196.5,192.4,194.3,82.4488000502937,13320000,0,1
2000-02-07,194.5,197.3,192.5,197,83.5945116310235,8880500,0,1
2000-02-08,198.8,205.8,198.8,205.3,87.1165138977113,10999700,0,1
2000-02-09,204.1,204.4,197.5,198,84.018849253516,13629100,0,1
2000-02-10,199.6,204.5,197.1,204.5,86.7770437997173,13170800,0,1
2000-02-11,204.1,204.1,196,199.8,84.7826569740025,12438000,0,1
2000-02-14,200,200,195.5,199.5,84.6553556872547,11407300,0,1
2000-02-15,197.9,201.3,191.8,200.9,85.2494283587442,15286400,0,1
2000-02-16,199.8,203.4,198.6,200,84.867524498501,12655300,0,1
2000-02-17,202.4,206.5,199.3,204.3,86.6921762752188,15040100,0,1
2000-02-18,205.3,206,196.9,196.9,83.5520778687742,12635600,0,1
2000-02-22,198,199.9,192.5,197.5,83.8066804422697,18613100,0,1
2000-02-23,199.4,210,198.3,208.5,88.4743942896873,16085400,0,1
2000-02-24,209.8,213.6,204,213,90.3839135909035,24434100,0,1
2000-02-25,212.4,215,207.8,208.1,88.3046592406903,16308800,0,1
2000-02-28,206.5,211.4,201,208,88.262225478441,19108100,0,1
2000-02-29,211.5,214.2,209.9,213.5,90.5960824021498,11989300,0,1
2000-03-01,214.5,217.1,213,215.3,91.3598901226363,12234200,0,1
2000-03-02,216.1,216.4,209.5,210.3,89.2382020101738,16369600,0,1
2000-03-03,216,222.3,214,222.1,94.2453859555853,16008600,0,1
2000-03-06,223.5,226.4,220.5,223.9,95.0091936760719,11634200,0,1
2000-03-07,227.6,227.8,217.5,220.5,93.5664457595973,19735500,0,1
2000-03-08,222,224,212.6,222.5,94.4151210045823,21756300,0,1
2000-03-09,222.4,231,218.2,230,97.5976531732761,15050700,0,1
2000-03-10,229.8,232.9,227,229,97.1733155507836,14875300,0,1
2000-03-13,220,228.3,219.1,223,94.6272898158286,18772100,0,1
2000-03-14,225.5,226.8,210,214.8,91.1477213113901,19553400,0,1
2000-03-15,213,214,203.8,205.8,87.3286827089575,25601300,0,1
2000-03-16,210.8,218.5,202,217.5,92.2934328921198,27641100,0,1
2000-03-17,216,222.1,215.9,221.6,94.0332171443391,15711200,0,1
2000-03-20,111,111.5,106.3,107.7,91.4023238848856,10583600,0,2
2000-03-21,106.1,111.9,103.6,111.8,94.8818923893241,33435100,0,1
2000-03-22,113.5,116,111.1,114,96.7489779282911,24370200,0,1
2000-03-23,114.5,117.8,113.6,116,98.4463284182611,19227400,0,1
2000-03-24,117.48,120.5,115.02,117.56,99.7702618004378,22063000,0,1
2000-03-27,118,119.5,117.1,117.8,99.9739438592342,11752600,0,1
2000-03-28,117,117.8,113.1,114.8,97.4279181242791,18336300,0,1
2000-03-29,115.4,115.4,110,110,93.3542769483511,27189500,0,1
2000-03-30,107.3,112.8,103.5,107.3,91.0628537868916,42328700,0,1
2000-03-31,108.1,110.6,104,109.5,92.9299393258586,31349900,0,1
2000-04-03,107.8,109.1,100.8,102.9,87.3286827089575,31551300,0,1
2000-04-04,103.6,103.9,88.31,101.9,86.4800074639725,66213000,0,1
2000-04-05,97.5,103.9,96.25,100.1,84.9523920229995,37631500,0,1
2000-04-06,102.4,103.9,99.75,102.5,86.9892126109635,30499900,0,1
2000-04-07,104.1,107.4,102.6,106.6,90.4687811154021,20645500,0,1
2000-04-10,107.6,107.7,99.25,99.5,84.4431868760085,26988200,0,1
2000-04-11,97.13,101.5,95.06,97.75,82.9580051972847,34497100,0,1
2000-04-12,97.62,98.75,90.25,92,78.0781225386209,34824400,0,1
2000-04-13,92.81,96,88,88,74.6834215586809,46330500,0,1
2000-04-14,86.06,88.5,78,80.38,68.2165161918951,60851300,0,1
2000-04-17,78.02,90,78,89.63,76.0667622080064,55398500,0,1
2000-04-18,89.48,93,87.38,92,78.0781225386209,36260900,0,1
2000-04-19,92.5,93.63,89.06,89.06,75.583017318365,28082500,0,1
2000-04-20,90.38,90.97,86.06,87.25,74.0469151249421,21255600,0,1
2000-04-24,83.44,85.25,79.88,84.75,71.9252270124796,31190900,0,1
2000-04-25,86.5,90.5,86,90.47,76.7796494137938,28663200,0,1
2000-04-26,90.63,92.42,87.13,87.38,74.1572429067902,25688300,0,1
2000-04-27,84,92.48,82.25,91.25,77.4416161048822,37010400,0,1
2000-04-28,93.56,94.75,92.13,94.75,80.4119794623297,24828400,0,1
2000-05-01,95.75,96.88,94.25,95.63,81.1588136779165,23205700,0,1
2000-05-02,94.88,95.63,89.75,90.13,76.4910998304989,20307900,0,1
2000-05-03,89.5,90.25,85.52,89.13,75.6424245855139,26589700,0,1
2000-05-04,89,90.75,87.63,89.31,75.7951861296112,17750700,0,1
2000-05-05,88.13,92.31,88.03,91.44,77.6028644014293,20571200,0,1
2000-05-08,90.5,90.75,87.75,87.88,74.5815805292827,13903000,0,1
2000-05-09,88.5,89.13,84.31,86,72.9860710687109,19825800,0,1
2000-05-10,84.38,84.98,79.5,79.75,67.6818507875545,34847500,0,1
2000-05-11,82.75,85.25,80.88,84.63,71.8233859830814,24709700,0,1
2000-05-12,85.38,87.56,84,84.63,71.8233859830814,17832000,0,1
2000-05-15,84.81,88.63,82.63,88.31,74.9465108846262,17950800,0,1
2000-05-16,90,91.5,88.06,90.81,77.0681989970887,23758800,0,1
2000-05-17,89.25,90.5,87.75,88.94,75.4811762889668,20339400,0,1
2000-05-18,89,89.36,85.38,85.75,72.7739022574646,19063000,0,1
2000-05-19,83.75,85,81.31,81.69,69.3282807628255,28178100,0,1
2000-05-22,81.63,82.25,75.58,81.63,69.2773602481264,43879800,0,1
2000-05-23,81.38,82.63,74.25,74.81,63.4893950773286,31898500,0,1
2000-05-24,75,79.88,72.25,79.5,67.4696819763083,49476000,0,1
2000-05-25,80.25,82.25,76.5,77.75,65.9845002975845,29632700,0,1
2000-05-26,77.75,79.25,75.75,77.75,65.9845002975845,18203200,0,1
2000-05-30,80,85.94,80,85.56,72.6126539609174,31590400,0,1
2000-05-31,84.47,86.67,83.38,83.5,70.8643829562483,29675400,0,1
2000-06-01,85.19,88.38,84,87.38,74.1572429067902,28993500,0,1
2000-06-02,92.63,93.94,82.5,93.63,79.4614631879465,31677200,0,1
2000-06-05,92.25,95.31,91.88,93.86,79.656658494293,23784300,0,1
2000-06-06,93.19,95,90.88,91.25,77.4416161048822,23200500,0,1
2000-06-07,91.56,94,89.56,93.69,79.5123837026456,22524400,0,1
2000-06-08,94.63,94.88,91.63,93.25,79.1389665948522,19313800,0,1
2000-06-09,94.75,94.75,93,93.75,79.5633042173447,17014600,0,1
2000-06-12,94.31,94.31,90,90.75,77.0172784823896,16484700,0,1
2000-06-13,90.5,94.63,89.36,94.25,79.9876418398372,25187900,0,1
2000-06-14,94.88,94.88,91.5,92.13,78.188450320469,20274500,0,1
2000-06-15,91.88,93.88,90.88,93.75,79.5633042173447,18807800,0,1
2000-06-16,94.75,95.31,93.06,94.25,79.9876418398372,21203400,0,1
2000-06-19,94.02,98.25,92.69,98,83.170174008531,20042500,0,1
2000-06-20,98.25,99.69,97.19,97.63,82.8561641678865,20988300,0,1
2000-06-21,96.81,99.72,96.69,98.88,83.9170082241178,20880600,0,1
2000-06-22,98.63,99,94.5,95.25,80.8363170848222,21526700,0,1
2000-06-23,95,95.5,91.38,91.5,77.6537849161284,24888100,0,1
2000-06-26,93.06,94.42,92,94,79.7754730285909,22169200,0,1
2000-06-27,93.77,95.06,92.38,92.88,78.8249567542077,14786000,0,1
2000-06-28,92.98,95.5,92.5,94,79.7754730285909,19259800,0,1
2000-06-29,92.94,93.38,90.63,91.64,77.7725994504263,21355800,0,1
2000-06-30,91.81,93.95,91.31,93.44,79.3002148913993,15153100,0,1
2000-07-03,93.5,95.25,93.25,95.25,80.8363170848222,5212000,0,1
2000-07-05,93.63,93.97,90.88,91.56,77.7047054308275,16489000,0,1
2000-07-06,91.56,94.75,90.06,94,79.7754730285909,23594700,0,1
2000-07-07,95,97,94.44,95.94,81.4219030038618,16603200,0,1
2000-07-10,94.69,95.88,94,94.48,80.1828371461837,12659400,0,1
2000-07-11,94.06,95.75,92.81,95,80.6241482735759,14374600,0,1
2000-07-12,95.44,97.75,94.63,97.25,82.5336675747922,18252600,0,1
2000-07-13,97.94,99.75,97.13,98.5,83.5945116310235,19566700,0,1
2000-07-14,100.3,101.1,98.81,100.6,85.376729645492,17219400,0,1
2000-07-17,100.9,102.1,99.88,101.8,86.395139939474,13140500,0,1
2000-07-18,100.4,100.8,98.36,99.5,84.4431868760085,20684000,0,1
2000-07-19,98.31,98.94,95.66,97.25,82.5336675747922,21828500,0,1
2000-07-20,97.88,100.5,97.27,100.4,85.206994596495,19521200,0,1
2000-07-21,98.44,99.52,97,97,82.321498763546,14411400,0,1
2000-07-24,97.94,99,94.25,95,80.6241482735759,18579200,0,1
2000-07-25,95.63,97,93.81,95.75,81.2606547073147,19065700,0,1
2000-07-26,95.5,96.13,93.25,95.63,81.1588136779165,20318700,0,1
2000-07-27,93.94,95.06,91.56,91.88,77.9762815092227,26141800,0,1
2000-07-28,92.19,92.88,86,86.88,73.7329052842977,36485600,0,1
2000-07-31,87.63,90.13,85.72,89.44,75.9055139114593,27609900,0,1
2000-08-01,89.81,89.98,87.69,88.25,74.8955903699271,15751800,0,1
2000-08-02,87.88,90.39,86.5,86.69,73.5716569877505,23578200,0,1
2000-08-03,84.25,91.25,83.31,90.44,76.7541891564443,35874700,0,1
2000-08-04,92,92.77,89.13,90.13,76.4910998304989,22283400,0,1
2000-08-07,90.88,93.03,90.25,92.25,78.2902913498672,15103300,0,1
2000-08-08,92.06,94.25,91.5,94.13,79.885800810439,14832300,0,1
2000-08-09,93.69,94.44,91.38,91.63,77.7641126979765,18649800,0,1
2000-08-10,91.81,92.23,89.5,89.81,76.2195237521037,15336200,0,1
2000-08-11,89.25,91.11,87.88,91.06,77.280367808335,21050600,0,1
2000-08-14,91.38,93,90.2,93,78.9267977836059,12539300,0,1
2000-08-15,92.75,93.98,92,93,78.9267977836059,14090300,0,1
2000-08-16,93.44,94.69,92,93.94,79.7245525138918,15245300,0,1
2000-08-17,92.94,95.88,92.88,95.75,81.2606547073147,14492400,0,1
2000-08-18,95.94,96.63,94.69,95.25,80.8363170848222,14706700,0,1
2000-08-21,96,96.86,94.38,95.5,81.0484858960684,13560100,0,1
2000-08-22,96,97.36,95.27,95.5,81.0484858960684,14878200,0,1
2000-08-23,94.69,97.44,93.83,97.06,82.3724192782451,21396400,0,1
2000-08-24,97.44,98.69,96.06,98.56,83.6454321457226,13567700,0,1
2000-08-25,98.48,99.95,97,98.03,83.1956342658805,11764700,0,1
2000-08-28,98.25,99.84,97.94,98.5,83.5945116310235,12314200,0,1
2000-08-29,98.63,99.17,97.86,99,84.018849253516,11162800,0,1
2000-08-30,98.31,99.5,97.77,98.88,83.9170082241178,10545300,0,1
2000-08-31,99.63,102,99.56,102,86.564874988471,15588700,0,1
2000-09-01,103,103.5,101.2,102.6,87.074080135462,14071900,0,1
2000-09-05,101.6,101.8,99.42,99.5,84.4431868760085,16348300,0,1
2000-09-06,99.25,99.48,95.5,96,81.4728235185609,20964900,0,1
2000-09-07,96.81,99.42,96.56,98.13,83.280501790379,16669700,0,1
2000-09-08,97.77,98,94.77,95.13,80.734476055424,23475200,0,1
2000-09-11,94.5,96.13,92,92.81,78.7655494870588,27262100,0,1
2000-09-12,93.5,94.69,90.84,91.38,77.5519438867302,24256000,0,1
2000-09-13,90.25,93.88,90,93.5,79.3511354060984,34093100,0,1
2000-09-14,95.25,95.94,92.64,93,78.9267977836059,28615300,0,1
2000-09-15,93.13,93.63,90.69,91.25,77.4416161048822,24994600,0,1
2000-09-18,91.81,93,88,89.88,76.2789310192527,29218500,0,1
2000-09-19,90.75,93.78,89.88,93.19,79.0880460801531,27568700,0,1
2000-09-20,93.38,95.23,91.31,94.63,80.3101384329315,33123200,0,1
2000-09-21,93.75,94.48,87,87.75,74.4712527474346,25031400,0,1
2000-09-22,87.63,93.25,87.5,92.94,78.8758772689068,33710100,0,1
2000-09-25,93.63,94.25,90,90.47,76.7796494137938,20560800,0,1
2000-09-26,90.77,92.5,88.92,89.44,75.9055139114593,26011200,0,1
2000-09-27,90.63,91.19,88,89.56,76.0073549408575,28482900,0,1
2000-09-28,88.72,93,88.72,91.56,77.7047054308275,29050000,0,1
2000-09-29,92,92.45,88.69,88.75,75.3199279924196,27198800,0,1
2000-10-02,90.25,90.25,86,86.75,73.6225775024496,24968200,0,1
2000-10-03,88.06,88.81,83.27,84,71.2887205787408,35731200,0,1
2000-10-04,83.5,86.86,82.13,85.63,72.6720612280664,37672100,0,1
2000-10-05,85.25,87.19,84.56,85.88,72.8842300393126,23443100,0,1
2000-10-06,85.56,86.56,81.25,83,70.4400453337558,36335800,0,1
2000-10-09,82.56,83.81,79.38,82.63,70.1260354931114,28834600,0,1
2000-10-10,81.81,83.31,77.88,78.31,66.4597584347761,35283200,0,1
2000-10-11,76.88,80.45,76.06,77.06,65.3989143785449,48462600,0,1
2000-10-12,79.25,79.56,74.41,75.13,63.7609711557238,53223600,0,1
2000-10-13,74.69,81.63,74.63,81.25,68.9548636550321,42410200,0,1
2000-10-16,81.13,82.31,79.75,82,69.5913700887708,27644900,0,1
2000-10-17,83.13,83.17,78,78.25,66.408837920077,52101400,0,1
2000-10-18,76.75,81.19,74.56,78,66.1966691088308,64354400,0,1
2000-10-19,82.39,85.11,81.44,85.06,72.1883163384249,44278900,0,1
2000-10-20,84.5,87.88,84.39,86.31,73.2491603946562,40692200,0,1
2000-10-23,86.19,87.5,84.13,86.19,73.147319365258,28989200,0,1
2000-10-24,86.44,87,82.38,82.5,70.0157077112633,31466200,0,1
2000-10-25,81.25,82,76.89,77.88,66.0948280794326,48635400,0,1
2000-10-26,78.19,80,73.63,79.88,67.7921785694026,69991300,0,1
2000-10-27,80.86,81.86,77.48,79.72,67.656390530205,51046400,0,1
2000-10-30,78.19,79.88,75.7,76.77,65.1527985574992,35496700,0,1
2000-10-31,78,82.56,77.88,81.7,69.3367675152753,43863800,0,1
2000-11-01,80.31,82.81,79.19,81,68.7426948437858,45186400,0,1
2000-11-02,82.19,83.25,81.06,82,69.5913700887708,26594300,0,1
2000-11-03,82.88,83.94,81.64,83.06,70.4909658484549,29837100,0,1
2000-11-06,83.63,84.13,82,82.44,69.9647871965642,23485800,0,1
2000-11-07,81.44,82.47,80.25,82.13,69.7016978706189,24334400,0,1
2000-11-08,82.13,82.25,75.63,75.7,64.2447160453653,40338200,0,1
2000-11-09,74.75,76.94,73,75.69,64.2362292929154,64955900,0,1
2000-11-10,74.25,75.69,71.75,71.75,60.8924488276745,49235500,0,1
2000-11-13,70.95,74.19,68.27,71.86,60.9858031046228,75023400,0,1
2000-11-14,73,76,72.75,75.84,64.3635305796631,44829500,0,1
2000-11-15,75.56,78.06,74.8,77.38,65.6704904569401,37760900,0,1
2000-11-16,75.38,77,72.88,72.88,61.8514518545075,33898700,0,1
2000-11-17,73.19,75.19,71,72.83,61.8090180922583,49913800,0,1
2000-11-20,70.94,72.06,69.25,69.86,59.2884526146528,46862300,0,1
2000-11-21,70.19,71.13,68.44,69.75,59.1950983377044,42128600,0,1
2000-11-22,68.44,70.13,66.5,66.63,56.5472315733512,56623700,0,1
2000-11-24,68.38,70.63,68.17,70.44,59.7806842567441,19987900,0,1
2000-11-27,72.56,72.94,68.75,69.56,59.0338500411573,35416600,0,1
2000-11-28,68.94,69.94,65.31,65.45,55.5457947842689,48812700,0,1
2000-11-29,65.81,66.75,62.5,62.94,53.4156199193565,66189300,0,1
2000-11-30,61.75,64.25,60.5,62.98,53.4495669291559,74792600,0,1
2000-12-01,64.06,66.77,62.13,64,54.3152156790406,57112500,0,1
2000-12-04,64.13,65.36,61.75,65,55.1638909240256,49106300,0,1
2000-12-05,66.06,71,65.5,70.69,59.9928530679903,76531800,0,1
2000-12-06,70.59,72.3,67.75,68,57.7099166589807,63352100,0,1
2000-12-07,67,68.98,65.5,66.5,56.4369037915032,41481100,0,1
2000-12-08,71.09,73.5,67.63,68,57.7099166589807,65856900,0,1
2000-12-11,72.06,74.78,70.95,74.38,63.124464721985,51829800,0,1
2000-12-12,73.5,73.88,71.31,71.66,60.8160680556258,31054500,0,1
2000-12-13,73.44,73.5,68.31,68.73,58.3294495878197,51661600,0,1
2000-12-14,68.52,69.69,65.25,65.38,55.4863875171199,41562700,0,1
2000-12-15,64.25,65.63,62.56,63.88,54.2133746496424,59026100,0,1
2000-12-18,65.16,65.97,62.56,64,54.3152156790406,42950000,0,1
2000-12-19,63.45,65.86,58.75,59.13,50.1821672359636,80489200,0,1
2000-12-20,57.31,58.38,54.75,55.73,47.2966714030146,81432100,0,1
2000-12-21,55.02,58.75,54.25,56.06,47.5767342338597,85875600,0,1
2000-12-22,57.63,60.75,57.5,60.5,51.3448523215931,57240000,0,1
2000-12-26,60.59,61.92,58,60.88,51.6673489146874,37082800,0,1
2000-12-27,59.69,61.56,58.94,61.56,52.2444480812772,33955500,0,1
2000-12-28,60.78,62.48,60.25,61.44,52.142607051879,30996900,0,1
2000-12-29,61.56,62.23,58,58.38,49.5456608022249,49191000,0,1
2001-01-02,58.56,58.69,52.44,53.44,45.3532050919989,62514100,0,1
2001-01-03,52.19,65.25,52.16,62.44,52.991282296864,118175700,0,1
2001-01-04,61.63,63.63,60.23,61.31,52.032279270031,58465400,0,1
2001-01-05,61.31,61.31,56,56.63,48.0604791235011,68782000,0,1
2001-01-08,56.31,57.5,53.52,57.25,48.5866577753918,55576500,0,1
2001-01-09,57.75,59.13,56.63,57.25,48.5866577753918,53318900,0,1
2001-01-10,56.13,60.38,55.75,60.19,51.0817629956477,74258300,0,1
2001-01-11,59.27,63.69,59.19,61.94,52.5669446743715,65451700,0,1
2001-01-12,62.75,64.63,61.5,62.73,53.2373981179097,60793900,0,1
2001-01-16,62.56,62.92,60.56,61.98,52.6008916841709,32203300,0,1
2001-01-17,64.5,65.61,63.14,63.88,54.2133746496424,61388800,0,1
2001-01-18,64.13,66.75,62.69,66.56,56.4878243062023,54934700,0,1
2001-01-19,68.14,68.31,65.56,66.31,56.275655494956,56292500,0,1
2001-01-22,65.88,67,64.75,66.38,56.335062762105,35777100,0,1
2001-01-23,65.91,68.41,65.31,67.77,57.5147213526341,49859500,0,1
2001-01-24,68.06,69.13,66.75,67.13,56.9715691958437,53905400,0,1
2001-01-25,66.88,67.67,64.39,64.5,54.7395533015331,57151900,0,1
2001-01-26,63.56,65.94,63,65.55,55.6306623087674,45681400,0,1
2001-01-29,64.75,67.25,64.25,67,56.8612414139957,31514100,0,1
2001-01-30,67.15,67.74,66,66.75,56.6490726027494,42439300,0,1
2001-01-31,67.25,67.99,64.3,64.3,54.5698182525361,59322200,0,1
2001-02-01,64.55,65.61,63.6,65.15,55.2911922107734,45142600,0,1
2001-02-02,64.94,65.3,60,61.55,52.2359613288274,47471000,0,1
2001-02-05,61.19,61.9,60.12,61.5,52.1935275665781,36016300,0,1
2001-02-06,61.49,63.12,61.16,61.6,52.2783950910766,42417700,0,1
2001-02-07,60.51,61.2,58.58,60.6,51.4297198460916,61972200,0,1
2001-02-08,60.9,61.5,58.58,58.79,49.8936176526687,48269500,0,1
2001-02-09,58.25,58.6,56,56.4,47.8652838171546,55385200,0,1
2001-02-12,56.25,57.94,55.62,57.08,48.4423829837444,50540400,0,1
2001-02-13,57.65,59.18,54.98,55.25,46.8893072854218,58914000,0,1
2001-02-14,55.4,57.75,54.12,57.45,48.7563928243888,63048200,0,1
2001-02-15,58.8,60.49,58.3,58.4,49.5626343071246,67801300,0,1
2001-02-16,55.96,56.87,54.53,55.13,46.7874662560236,66779700,0,1
2001-02-20,55.74,55.84,52.3,52.99,44.9713012317557,55298400,0,1
2001-02-21,51.55,54.07,50.92,51.5,43.706775116728,72349000,0,1
2001-02-22,51.45,52.16,48.89,51,43.2824374942355,103855500,0,1
2001-02-23,50.09,51.6,48.23,51.18,43.4351990383328,93337900,0,1
2001-02-26,52.08,52.6,50.25,52.15,44.2584140259683,78342700,0,1
2001-02-27,51.54,52.08,48.9,49,41.5850870042655,66741700,0,1
2001-02-28,49.45,50.21,46.86,47.45,40.2696403745387,102187900,0,1
2001-03-01,46.97,49.2,45.75,48.8,41.4153519552685,101773000,0,1
2001-03-02,47.2,49.63,45.65,46.7,39.6331339408,95927100,0,1
2001-03-05,47.5,48.36,47.09,47.55,40.3545078990372,43888400,0,1
2001-03-06,49.3,50.66,49.1,49.4,41.9245571022595,60828600,0,1
2001-03-07,50.4,50.43,48.97,49.42,41.9415306071592,55215500,0,1
2001-03-08,49.35,49.81,48.1,48.5,41.160749381773,48965200,0,1
2001-03-09,47.25,47.37,44.95,45.1,38.2752535488239,79990900,0,1
2001-03-12,44,44.95,41.8,42.3,35.8989628628659,80674000,0,1
2001-03-13,42.78,44.74,42.13,44.45,37.7236146395837,80024400,0,1
2001-03-14,42.7,45.19,42.31,43.75,37.1295419680942,97190000,0,1
2001-03-15,45.2,45.31,42.05,42.15,35.7716615761182,74135500,0,1
2001-03-16,41.88,42.8,40.56,41.2,34.9654200933824,77784500,0,1
2001-03-19,41.44,43.26,40.75,43.26,36.7136910980515,53248200,0,1
2001-03-20,43.55,43.81,40.2,40.35,34.2440461351451,104796200,0,1
2001-03-21,40.52,41.8,39.71,40.35,34.2440461351451,96200700,0,1
2001-03-22,40.63,42.8,39.49,42.8,36.3233004853584,130208100,0,1
2001-03-23,43.7,43.83,41.5,42.8,36.3233004853584,95277500,0,1
2001-03-26,43.4,43.5,41.55,41.81,35.4831119928233,57666200,0,1
2001-03-27,41.9,43.72,41.42,43.25,36.7052043456017,69945300,0,1
2001-03-28,41.9,42.2,39.68,39.7,33.6924072259049,77863500,0,1
2001-03-29,39.38,40.61,38.4,38.95,33.0559007921661,79654700,0,1
2001-03-30,39.3,39.98,38,39.15,33.2256358411631,63661300,0,1
2001-04-02,39.17,39.85,37.3,37.4,31.7404541624394,69713600,0,1
2001-04-03,37.2,37.75,34.62,34.66,29.4150839911804,89015700,0,1
2001-04-04,34.74,35.81,33.6,34.05,28.8973920917396,76473900,0,1
2001-04-05,36.15,37.96,35.71,37.31,31.6640733903907,87035800,0,1
2001-04-06,36.9,37.1,35.5,36.3,30.8069113929559,86123600,0,1
2001-04-09,36.79,37.39,35.85,37.05,31.4434178266946,51638700,0,1
2001-04-10,37.9,40.46,37.78,39.8,33.7772747504034,94265100,0,1
2001-04-11,42.2,42.5,40.45,41,34.7956850443854,92829500,0,1
2001-04-12,40.3,42.8,40,42.8,36.3233004853584,79531500,0,1
2001-04-16,41.95,42.43,40.06,40.25,34.1591786106466,65229800,0,1
2001-04-17,39.95,42.7,39.9,41.25,35.0078538556317,94694300,0,1
2001-04-18,43.94,51,43.2,45.55,38.6571574090672,128891400,0,1
2001-04-19,46.1,48.75,45.58,48.3,40.991014332776,110467600,0,1
2001-04-20,48.05,49.44,43.05,48.4,41.0758818572745,80598100,0,1
2001-04-23,46.85,47.72,44.89,45.15,38.3176873110732,79317600,0,1
2001-04-24,45.1,46.42,43.75,44.3,37.5963133528359,88888300,0,1
2001-04-25,43.9,45.58,43.1,45.1,38.2752535488239,68418400,0,1
2001-04-26,45.95,46.25,43.87,43.95,37.2992770170912,71110200,0,1
2001-04-27,45.15,45.47,44.24,45.15,38.3176873110732,55580000,0,1
2001-04-30,46.25,47.57,45.3,46.15,39.1663625560582,73859100,0,1
2001-05-01,46.2,48.08,45.4,48.05,40.7788455215297,54498300,0,1
2001-05-02,48.8,49.4,47.5,48.98,41.5681134993658,77566500,0,1
2001-05-03,47.7,47.9,46.2,46.8,39.7180014652985,67124900,0,1
2001-05-04,45.3,48.2,45.11,48.2,40.9061468082775,72673400,0,1
2001-05-07,47.95,48.6,47.1,47.2,40.0574715632925,45561600,0,1
2001-05-08,48.3,48.35,46.99,48.2,40.9061468082775,56970700,0,1
2001-05-09,46.95,47.95,46.44,46.55,39.5058326540522,60984600,0,1
2001-05-10,47.92,48.05,45.72,45.77,38.8438659629639,61130300,0,1
2001-05-11,45.84,46.42,45.09,45.55,38.6571574090672,48760400,0,1
2001-05-14,45.3,45.36,44.11,44.82,38.0376244802281,43108000,0,1
2001-05-15,44.9,46.3,44.58,45.15,38.3176873110732,69007600,0,1
2001-05-16,44.31,47.52,44.06,47.15,40.0150378010432,80110500,0,1
2001-05-17,47.45,48.79,47.26,47.9,40.651544234782,73810700,0,1
2001-05-18,47.64,48.38,47.09,48.04,40.7703587690799,41095100,0,1
2001-05-21,48.17,51.15,47.65,51.05,43.3248712564848,85426900,0,1
2001-05-22,51.31,51.95,50.18,50.9,43.197569969737,77233900,0,1
2001-05-23,50.45,50.45,48.64,48.65,41.2880506685207,65618000,0,1
2001-05-24,48.97,49.99,48.27,49.9,42.348894724752,61792500,0,1
2001-05-25,49.96,50.02,48.02,48.99,41.5766002518156,36191100,0,1
2001-05-29,48.5,48.5,46.1,46.12,39.1409022987087,66609600,0,1
2001-05-30,45.4,45.85,44.08,44.43,37.706641134684,81397400,0,1
2001-05-31,44.56,45.85,44.3,44.73,37.9612437081795,68018300,0,1
2001-06-01,45.55,46.23,44.33,46.05,39.0814950315597,61874300,0,1
2001-06-04,46.29,46.9,45.29,45.83,38.894786477663,41696000,0,1
2001-06-05,46.3,48.36,40.15,47.85,40.6091104725327,68146400,0,1
2001-06-06,48.1,48.89,47.07,47.48,40.2951006318883,61169500,0,1
2001-06-07,47.14,49.49,47.08,48.7,41.33048443077,65400200,0,1
2001-06-08,48.7,48.77,46.95,47.35,40.1847728500402,56391400,0,1
2001-06-11,46.9,48.47,45.49,46.05,39.0814950315597,48809400,0,1
2001-06-12,44.85,46.8,44.23,45.8,38.8693262203134,78450500,0,1
2001-06-13,46.27,46.75,44.52,44.55,37.8084821640822,68535400,0,1
2001-06-14,44,44.4,42,42.25,35.8565291006167,91050300,0,1
2001-06-15,41.8,43.1,41.28,42.6,36.1535654363614,84589400,0,1
2001-06-18,42.65,43.17,41.4,42.03,35.66982054672,63539100,0,1
2001-06-19,43.35,43.56,41.26,41.82,35.4915987452731,73386900,0,1
2001-06-20,41.28,42.97,41.28,42.77,36.2978402280089,83588600,0,1
2001-06-21,42.67,44.23,42.3,43.35,36.7900718701002,67212600,0,1
2001-06-22,43.62,44.2,42.59,43.25,36.7052043456017,51870400,0,1
2001-06-25,43.65,43.8,42.65,43.36,36.79855862255,39212100,0,1
2001-06-26,42.5,43.89,42.48,43.51,36.9258599092978,55155100,0,1
2001-06-27,43.68,44.15,43,43.79,37.1634889778936,53289400,0,1
2001-06-28,44.5,46.36,44.35,44.35,37.6387471150852,89963700,0,1
2001-06-29,45.09,46.52,44.7,45.7,38.784458695815,59719600,0,1
2001-07-02,45.7,46.48,45.19,45.45,38.5722898845687,50884300,0,1
2001-07-03,45.25,45.69,44.8,45.64,38.7335381811159,24758400,0,1
2001-07-05,44.89,45.19,43.45,43.45,36.8749393945987,44409800,0,1
2001-07-06,43,43.11,41.49,41.65,35.3473239536257,53434800,0,1
2001-07-09,41.9,42.69,41.5,42.01,35.6528470418203,45547500,0,1
2001-07-10,42.79,42.88,40.4,40.5,34.3713474218929,58620000,0,1
2001-07-11,40.4,41.1,39.87,41,34.7956850443854,77840200,0,1
2001-07-12,42.65,43.83,42.3,43.6,37.0022406813464,70363300,0,1
2001-07-13,43.38,44.43,42.9,43.15,36.6203368211032,62474200,0,1
2001-07-16,43.37,43.86,41.9,42.35,35.9413966251152,53390800,0,1
2001-07-17,41.83,43.4,41.54,43.3,36.7476381078509,59813000,0,1
2001-07-18,42.25,42.85,41.14,41.65,35.3473239536257,64797200,0,1
2001-07-19,42.45,43.35,41.75,42.64,36.1875124461608,76590200,0,1
2001-07-20,41.49,42.14,41.36,41.65,35.3473239536257,49012800,0,1
2001-07-23,42.28,42.4,40.55,40.61,34.4647016988413,55329400,0,1
2001-07-24,40.38,40.9,39.31,40.15,34.0743110861481,70422900,0,1
2001-07-25,40.14,40.72,39.4,40.5,34.3713474218929,68859600,0,1
2001-07-26,40.45,41.89,39.98,41.1,34.8805525688839,69199300,0,1
2001-07-27,41.65,42.26,40.9,41.95,35.6019265271212,47452900,0,1
2001-07-30,42.15,42.3,41.4,41.7,35.3897577158749,39459400,0,1
2001-07-31,41.84,42.78,41.5,41.76,35.440678230574,55732500,0,1
2001-08-01,42.7,43.5,42.41,43.1,36.5779030588539,53864800,0,1
2001-08-02,43.8,44,42.82,43.91,37.2653300072918,53187300,0,1
2001-08-03,43.52,43.53,42.56,43.18,36.6457970784527,51513700,0,1
2001-08-06,42.53,42.85,42.35,42.5,36.0686979118629,31105700,0,1
2001-08-07,42.22,42.82,41.94,42.28,35.8819893579662,38407500,0,1
2001-08-08,41.85,42.65,40.3,40.5,34.3713474218929,76045200,0,1
2001-08-09,40.45,40.88,39.98,40.67,34.5156222135404,66861400,0,1
2001-08-10,40.43,40.75,39.23,40.28,34.1846388679962,68491900,0,1
2001-08-13,40.59,41.34,40.2,41.1,34.8805525688839,48425700,0,1
2001-08-14,41.49,41.7,40.54,40.6,34.4562149463914,51267600,0,1
2001-08-15,40.62,40.93,39.07,39.1,33.1832020789139,58935300,0,1
2001-08-16,38.65,39.59,38.04,39.56,33.573592691607,68227300,0,1
2001-08-17,38.4,38.8,37.71,37.76,32.045977250634,56649300,0,1
2001-08-20,37.85,38.65,37.52,38.28,32.4872883780262,49921300,0,1
2001-08-21,38.3,38.65,36.65,36.69,31.1378947385,56445600,0,1
2001-08-22,37.45,37.84,36.54,37.69,31.986569983485,65221400,0,1
2001-08-23,37.68,38.46,37.3,37.32,31.6725601428406,54711800,0,1
2001-08-24,37.86,39.39,37.75,39.3,33.3529371279109,58450600,0,1
2001-08-27,39.3,39.9,38.83,39.35,33.3953708901601,50927500,0,1
2001-08-28,39.34,39.44,38.01,38.12,32.3515003388286,65275500,0,1
2001-08-29,38.37,38.45,37.13,37.56,31.876242201637,59060500,0,1
2001-08-30,36.75,37.31,35.75,36.17,30.6965836111078,76105800,0,1
2001-08-31,36.04,37.03,35.94,36.17,30.6965836111078,54309000,0,1
2001-09-04,36.45,37.5,35.35,35.47,30.1025109396183,74073600,0,1
2001-09-05,35.49,35.91,34.15,35.33,29.9836964053204,95461200,0,1
2001-09-06,34.74,35.52,33.78,33.9,28.7700908049918,88701800,0,1
2001-09-07,33.58,35.1,33.35,33.7,28.6003557559948,95528800,0,1
2001-09-10,33.49,34.32,33.34,34.1,28.9398258539888,80371300,0,1
2001-09-17,31.25,32.8,31.09,31.2,26.4786676435323,97700900,0,1
2001-09-18,31.53,32.5,30.37,30.5,25.8845949720428,66285300,0,1
2001-09-19,31,31,28.26,29.97,25.4347970922007,116632800,0,1
2001-09-20,30.09,30.09,28.8,28.97,24.5861218472157,90840200,0,1
2001-09-21,28.97,28.97,27.2,28.19,23.9241551561274,112341900,0,1
2001-09-24,29.08,30,28.59,29.61,25.1292740040061,85696500,0,1
2001-09-25,29.71,30.43,28.95,29.7,25.2056547760548,83860600,0,1
2001-09-26,29.95,30,28.41,28.67,24.3315192737202,59759800,0,1
2001-09-27,28.4,28.79,27.42,28.48,24.1702709771731,70050700,0,1
2001-09-28,28.84,29.92,28.31,28.98,24.5946085996656,84810800,0,1
2001-10-01,28.85,28.98,27.85,28.73,24.3824397884193,53460800,0,1
2001-10-02,28.65,29.41,28.4,28.82,24.458820560468,74133400,0,1
2001-10-03,31.61,31.61,28.33,31,26.3089325945353,136198600,0,1
2001-10-04,33.2,33.2,30.94,31.3,26.5635351680308,127371500,0,1
2001-10-05,31.9,31.9,30.26,31.76,26.9539257807239,96443400,0,1
2001-10-08,32.35,32.35,30.96,31.86,27.0387933052224,67789600,0,1
2001-10-09,32.02,32.02,30.87,31.09,26.385313366584,57564800,0,1
2001-10-10,30.85,32.54,30.75,32.5,27.5819454620128,73840600,0,1
2001-10-11,33.2,35.25,33.14,34.7,29.4490310009798,117232200,0,1
2001-10-12,34.22,34.8,33.14,34.55,29.3217297142321,111901600,0,1
2001-10-15,34.12,34.55,33.66,34.4,29.1944284274843,78322000,0,1
2001-10-16,34.67,35.1,34.07,34.96,29.6696865646759,81346800,0,1
2001-10-17,35.87,36,32.3,32.45,27.5395116997636,141530300,0,1
2001-10-18,32.7,33.54,32.4,33.33,28.2863459153504,94448200,0,1
2001-10-19,32.81,33.75,32,33.55,28.4730544692471,73434200,0,1
2001-10-22,33.37,34.5,33.22,34.45,29.2368621897336,74104900,0,1
2001-10-23,34.83,35.4,34,34.63,29.3896237338309,104062200,0,1
2001-10-24,35.68,35.68,34.32,35.38,30.0261301675697,90171400,0,1
2001-10-25,34.71,36.82,34.23,36.8,31.2312490154484,118551900,0,1
2001-10-26,36.5,37.06,36.01,36.01,30.5607955719102,93823900,0,1
2001-10-29,36,36.16,34.04,34.04,28.8889053392897,92146800,0,1
2001-10-30,34.09,34.09,32.84,33.38,28.3287796775996,96092200,0,1
2001-10-31,34.08,34.96,33.68,33.9,28.7700908049918,106175500,0,1
2001-11-01,34.44,35.56,33.78,35.34,29.9921831577703,92716000,0,1
2001-11-02,35.3,35.85,34.89,35.6,30.2128387214664,64917700,0,1
2001-11-05,36.25,37.16,36.16,36.76,31.197302005649,64473000,0,1
2001-11-06,36.57,38.2,36.39,38.19,32.4109076059775,107214900,0,1
2001-11-07,38.84,38.84,37.5,38.14,32.3684738437283,92562100,0,1
2001-11-08,38.55,39.4,37.25,37.75,32.0374904981841,105916300,0,1
2001-11-09,37.54,38.08,37.12,37.73,32.0205169932844,74121900,0,1
2001-11-12,36.8,38.35,36.3,38,32.2496593094304,112994400,0,1
2001-11-13,39.03,39.5,38.63,39.36,33.40385764261,97931800,0,1
2001-11-14,39.98,40.24,38.74,39.64,33.6414867112058,88660100,0,1
2001-11-15,39.16,40.11,38.95,39.48,33.5056986720082,86349700,0,1
2001-11-16,39.48,39.68,38.92,39.37,33.4123443950598,64035500,0,1
2001-11-19,39.79,40.49,39.49,40.49,34.3628606694431,69196300,0,1
2001-11-20,40.08,40.23,38.48,38.62,32.7758379613211,85176500,0,1
2001-11-21,38.95,38.95,37.98,38.64,32.7928114662208,60867900,0,1
2001-11-23,39.43,39.43,38.57,39.28,33.3359636230112,27046000,0,1
2001-11-26,39.53,40.36,39.01,40.25,34.1591786106466,75267500,0,1
2001-11-27,40.05,40.97,39.2,40.2,34.1167448483974,100289700,0,1
2001-11-28,40.37,40.37,38.69,38.75,32.8861657431691,101568200,0,1
2001-11-29,39.04,40,36.74,39.95,33.9045760371511,83774700,0,1
2001-11-30,39.73,40.04,39.36,39.65,33.6499734636556,66018200,0,1
2001-12-03,39.6,39.6,38.87,38.97,33.0728742970658,60449800,0,1
2001-12-04,39.34,40.84,38.44,40.83,34.651410252738,79378700,0,1
2001-12-05,41.23,43.15,41.12,42.85,36.3657342476077,115773700,0,1
2001-12-06,43.24,43.24,42.36,42.91,36.4166547623068,77702100,0,1
2001-12-07,42.6,42.6,41.14,41.73,35.4152179732245,81632600,0,1
2001-12-10,41.3,42.23,40.88,41,34.7956850443854,69088000,0,1
2001-12-11,41.46,42.26,41.13,41.23,34.990880350732,66056500,0,1
2001-12-12,41.52,41.94,40.6,41.56,35.270943181577,76093400,0,1
2001-12-13,40.71,41,39.76,39.76,33.743327740604,79582600,0,1
2001-12-14,39.87,40.46,39.57,40.11,34.0403640763487,70006300,0,1
2001-12-17,40.02,41.24,40.02,40.8,34.6259499953884,62295500,0,1
2001-12-18,41.16,41.5,40.16,41.26,35.0163406080815,50850400,0,1
2001-12-19,40.5,41.32,40.32,40.51,34.3798341743427,79596200,0,1
2001-12-20,40.12,40.3,38.68,38.79,32.9201127529685,83048800,0,1
2001-12-21,39.45,39.71,39.15,39.48,33.5056986720082,56205000,0,1
2001-12-24,39.54,39.63,39.15,39.32,33.3699106328106,13660400,0,1
2001-12-26,39.37,40.3,39.16,39.69,33.683920473455,37672900,0,1
2001-12-27,40.2,40.2,39.6,40.01,33.9554965518502,34255200,0,1
2001-12-28,40.29,40.8,40.23,40.33,34.2270726302454,38240400,0,1
2001-12-31,40.31,40.45,38.91,38.91,33.0219537823667,46176900,0,1
2002-01-02,39.56,40.15,38.93,40.11,34.0403640763487,61708800,0,1
2002-01-03,40.31,41.55,40.26,41.5,35.2200226668779,85769100,0,1
2002-01-04,42.29,42.29,40.93,41.67,35.3642974585254,86876900,0,1
2002-01-07,42.11,42.22,40.11,41.21,34.9739068458323,75166200,0,1
2002-01-08,41.1,41.77,40.84,41.49,35.2115359144281,66956800,0,1
2002-01-09,42,42.6,40.9,41.11,34.8890393213338,85123000,0,1
2002-01-10,41.17,41.54,40.68,41.38,35.1181816374797,75548000,0,1
2002-01-11,41.31,41.6,40.47,40.85,34.6683837576377,60832900,0,1
2002-01-14,40.47,40.68,39.7,39.96,33.913062789601,71310700,0,1
2002-01-15,40.04,40.75,39.56,40.34,34.2355593826953,66916100,0,1
2002-01-16,39.54,39.94,38.77,38.78,32.9116260005187,90942000,0,1
2002-01-17,39.48,39.98,39.01,39.65,33.6499734636556,75285900,0,1
2002-01-18,38.83,39.45,38.22,38.59,32.7503777039715,81985600,0,1
2002-01-22,39,39.02,37.33,37.4,31.7404541624394,81773800,0,1
2002-01-23,38.69,38.69,37.35,38.43,32.6145896647739,74968800,0,1
2002-01-24,38.94,39.51,38.35,38.94,33.0474140397163,77251200,0,1
2002-01-25,38.47,39.15,38.36,38.83,32.9540597627679,58832100,0,1
2002-01-28,39.39,39.39,38.42,39.05,33.1407683166646,47795900,0,1
2002-01-29,39.13,39.41,37.52,37.98,32.2326858045307,83339800,0,1
2002-01-30,38,38.85,36.85,38.27,32.4788016255763,101385500,0,1
2002-01-31,38.6,38.75,38.02,38.51,32.6824836843727,69655500,0,1
2002-02-01,38.88,38.88,37.7,38.14,32.3684738437283,61207100,0,1
2002-02-04,37.96,38.07,36.61,36.92,31.3330900448466,82763300,0,1
2002-02-05,36.59,37.33,36.19,36.31,30.8153981454057,86853800,0,1
2002-02-06,36.84,36.89,35.7,36.06,30.6032293341595,98507600,0,1
2002-02-07,36,36.55,35,35.19,29.8648818710225,97725900,0,1
2002-02-08,35.46,36.24,34.97,36.17,30.6965836111078,80483100,0,1
2002-02-11,36.14,39.17,35.25,36.63,31.0869742238009,57641200,0,1
2002-02-12,36.27,36.98,36.04,36.33,30.8323716503054,51477700,0,1
2002-02-13,36.72,37.15,36.61,36.95,31.3585503021961,60984700,0,1
2002-02-14,37.15,37.57,36,36.88,31.2991430350472,77482300,0,1
2002-02-15,36.91,36.91,35.64,35.78,30.3656002655637,79719900,0,1
2002-02-19,35.38,35.46,34,34.68,29.4320574960801,72437200,0,1
2002-02-20,35.17,35.17,33.93,35.15,29.8309348612231,106552700,0,1
2002-02-21,34.79,34.95,33.48,33.48,28.4136472020981,109307800,0,1
2002-02-22,33.65,34.2,33.09,33.65,28.5579219937456,99824200,0,1
2002-02-25,34.01,35.25,33.96,35.01,29.7121203269252,88994700,0,1
2002-02-26,35.23,35.43,34.37,34.88,29.6017925450771,94683300,0,1
2002-02-27,35.4,35.51,34.06,34.4,29.1944284274843,95159300,0,1
2002-02-28,34.51,34.97,33.75,33.78,28.6682497755936,95711200,0,1
2002-03-01,34.15,35.75,34.09,35.74,30.3316532557643,86081600,0,1
2002-03-04,35.75,37.23,32.74,37.15,31.5282853511931,105734600,0,1
2002-03-05,36.94,37.87,36.81,37.42,31.7574276673391,91452600,0,1
2002-03-06,37.05,37.95,36.6,37.6,31.9101892114364,86943400,0,1
2002-03-07,38.18,38.33,37.01,37.68,31.9780832310352,85496000,0,1
2002-03-08,38.29,39.03,38.13,38.67,32.8182717235703,84443700,0,1
2002-03-11,38.35,39.19,38.06,38.53,32.6994571892724,71035200,0,1
2002-03-12,38,38,37.32,38,32.2496593094304,82652100,0,1
2002-03-13,37.41,37.66,36,37.08,31.4688780840442,71376200,0,1
2002-03-14,37.4,37.4,36.72,36.86,31.2821695301475,70700500,0,1
2002-03-15,36.9,37.33,36.6,37.23,31.5961793707919,63966500,0,1
2002-03-18,37.64,37.94,37.05,37.44,31.7744011722388,78938300,0,1
2002-03-19,37.6,37.88,37.22,37.38,31.7234806575397,58947600,0,1
2002-03-20,36.88,37.08,36.04,36.06,30.6032293341595,61816500,0,1
2002-03-21,37.14,37.14,35.9,37.02,31.4179575693451,89198800,0,1
2002-03-22,36.94,37.14,36.47,36.68,31.1294079860502,58930100,0,1
2002-03-25,36.69,36.9,35.52,35.56,30.178891711667,87421900,0,1
2002-03-26,35.43,36.42,35.4,35.89,30.458954542512,92457500,0,1
2002-03-27,36,36,35.4,35.61,30.2213254739162,64531800,0,1
2002-03-28,36.02,36.37,35.9,36.06,30.6032293341595,59539400,0,1
2002-04-01,36.9,36.9,35.3,36.75,31.1888152531991,70730500,0,1
2002-04-02,35.99,36.15,35,35.09,29.780014346524,77759800,0,1
2002-04-03,35.3,35.45,34.3,35.03,29.7290938318249,85766400,0,1
2002-04-04,34.51,35.16,34.28,34.76,29.4999515156789,90521500,0,1
2002-04-05,35.01,35.18,34.18,34.37,29.1689681701348,68426000,0,1
2002-04-08,33.48,34.8,33.43,34.8,29.5338985254783,74950700,0,1
2002-04-09,34.78,34.98,33.5,33.59,28.5070014790465,80910200,0,1
2002-04-10,33.76,34.25,33.13,33.84,28.7191702902927,85748700,0,1
2002-04-11,33.66,33.85,32.89,33,28.0062830845053,90665600,0,1
2002-04-12,33.33,33.8,32.95,33.52,28.4475942118975,78360100,0,1
2002-04-15,33.8,33.96,33.2,33.79,28.6767365280435,69306800,0,1
2002-04-16,34.43,35.22,34.42,35.2,29.8733686234723,72064700,0,1
2002-04-17,35.4,35.5,34.45,35.02,29.720607079375,69130100,0,1
2002-04-18,34.79,35.15,34,34.35,29.1519946652351,91086100,0,1
2002-04-19,35.05,35.06,34.38,34.46,29.2453489421834,62286800,0,1
2002-04-22,34.01,34.01,33.25,33.59,28.5070014790465,64625600,0,1
2002-04-23,33.59,33.94,32.7,33.01,28.0147698369552,73070300,0,1
2002-04-24,33.21,33.31,32.2,32.5,27.5819454620128,68953900,0,1
2002-04-25,32.3,32.73,32,32.42,27.514051442414,103073700,0,1
2002-04-26,32.66,32.78,31.01,31.04,26.3428796043347,100193400,0,1
2002-04-29,31.24,31.55,30.56,31.12,26.4107736239335,85326800,0,1
2002-04-30,31.03,32.19,30.94,31.73,26.9284655233744,95357900,0,1
2002-05-01,31.67,31.84,30.58,31.56,26.7841907317269,109975700,0,1
2002-05-02,31.39,31.99,30.46,30.51,25.8930817244927,85852200,0,1
2002-05-03,30.47,30.51,29.48,29.74,25.2396017858542,92103200,0,1
2002-05-06,29.63,29.98,28.85,28.97,24.5861218472157,96491200,0,1
2002-05-07,29.27,29.35,28.42,28.7,24.3569795310698,101954400,0,1
2002-05-08,30.13,31.88,30,31.77,26.9624125331738,129741500,0,1
2002-05-09,31.57,31.89,30.8,30.95,26.2664988322861,106477200,0,1
2002-05-10,31.01,31.09,29.5,29.56,25.0868402417569,112282800,0,1
2002-05-13,29.87,30.98,29.67,30.76,26.1052505357389,93971200,0,1
2002-05-14,32.05,32.65,31.87,32.57,27.6413527291618,107284700,0,1
2002-05-15,32.08,33.63,31.85,32.81,27.8450347879582,150522100,0,1
2002-05-16,32.54,33.05,32.22,32.86,27.8874685502074,89916300,0,1
2002-05-17,33.29,33.41,32.47,32.93,27.9468758173564,82695000,0,1
2002-05-20,32.6,32.7,31.94,32.21,27.3358296409672,78144200,0,1
2002-05-21,32.36,32.59,31,31.33,26.5889954253804,104180000,0,1
2002-05-22,30.97,31.59,30.41,31.4,26.6484026925293,89543100,0,1
2002-05-23,31.63,32.1,30.8,32.03,27.1830680968699,94445800,0,1
2002-05-24,31.59,31.69,31.01,31.24,26.5126146533317,55874600,0,1
2002-05-28,31.47,31.52,30.49,31.1,26.3938001190338,68829400,0,1
2002-05-29,30.66,30.9,30.24,30.28,25.6978864181461,73470200,0,1
2002-05-30,30.01,30.72,29.9,30.54,25.9185419818422,92080500,0,1
2002-05-31,30.76,31.04,30,30.04,25.4942043593497,79907400,0,1
2002-06-03,30,30.25,28.79,28.98,24.5946085996656,77043700,0,1
2002-06-04,28.75,29.68,28.61,29.36,24.9171051927599,98366200,0,1
2002-06-05,29.42,29.8,28.97,29.66,25.1717077662554,95347100,0,1
2002-06-06,29.51,29.51,27.9,28.88,24.5097410751671,91129700,0,1
2002-06-07,27.63,28.79,27.52,28.3,24.0175094330758,106049200,0,1
2002-06-10,28.36,28.75,28.14,28.25,23.9750756708265,73142900,0,1
2002-06-11,28.6,28.69,27.36,27.46,23.3046222272884,84609500,0,1
2002-06-12,27.24,27.96,26.83,27.86,23.6440923252824,152974400,0,1
2002-06-13,27.76,28.21,27.35,27.68,23.4913307811851,97556300,0,1
2002-06-14,26.86,27.72,26.2,27.62,23.440410266486,122106800,0,1
2002-06-17,28,28.75,27.91,28.56,24.2381649967719,87618100,0,1
2002-06-18,28.31,29.15,28.28,29.02,24.628555609465,100513400,0,1
2002-06-19,28.1,28.32,27.25,27.34,23.2027811978902,93507600,0,1
2002-06-20,27.27,27.45,25.67,26.46,22.4559469823034,99913200,0,1
2002-06-21,26.36,26.78,25.65,25.82,21.912794825513,168755100,0,1
2002-06-24,25.45,26.8,25.21,26.33,22.3456192004553,219672100,0,1
2002-06-25,26.58,26.72,25.3,25.46,21.6072717373184,136336400,0,1
2002-06-26,24.43,25.78,24.39,25.65,21.7685200338655,149080300,0,1
2002-06-27,26,26.25,25.02,26.21,22.2437781710571,121371100,0,1
2002-06-28,26.05,26.75,25.85,26.1,22.1504238941088,87842000,0,1
2002-07-01,25.97,26.14,24.78,24.85,21.0895798378775,64753900,0,1
2002-07-02,24.6,24.75,23.09,23.95,20.325772117391,111629600,0,1
2002-07-03,23.85,24.75,23.62,24.75,21.004712313379,101067000,0,1
2002-07-05,25.26,26.39,25.05,26.34,22.3541059529052,56768300,0,1
2002-07-08,26.2,26.55,25.08,25.38,21.5393777177195,97288500,0,1
2002-07-09,25.25,25.48,24.59,24.66,20.9283315413303,91039600,0,1
2002-07-10,24.99,25.03,23.83,23.9,20.2833383551417,115365200,0,1
2002-07-11,23.76,24.89,23.53,24.8,21.0471460756282,170271200,0,1
2002-07-12,25.25,25.52,24.55,24.8,21.0471460756282,130027800,0,1
2002-07-15,24.68,25.64,23.75,25.57,21.7006260142667,140207200,0,1
2002-07-16,25.25,26.02,24.9,25.19,21.3781294211724,148281700,0,1
2002-07-17,26.07,26.44,24.89,25.65,21.7685200338655,157954700,0,1
2002-07-18,25.38,25.57,24.52,24.73,20.9877388084793,114052300,0,1
2002-07-19,24.33,24.71,23.8,23.99,20.3597191271904,124116400,0,1
2002-07-22,23.85,24.5,23.09,23.4,19.8590007326492,150034800,0,1
2002-07-23,23.45,23.75,22.28,22.4,19.0103254876642,150786800,0,1
2002-07-24,21.81,23.66,21.64,23.62,20.0457092865459,186493600,0,1
2002-07-25,23.25,23.4,21.8,22.25,18.8830242009165,153915500,0,1
2002-07-26,22.56,22.84,22.01,22.67,19.2394678038102,96034200,0,1
2002-07-29,23.27,24.12,23.08,23.83,20.2239310879928,96735200,0,1
2002-07-30,23.73,24.69,23.59,24.31,20.6312952055856,117394300,0,1
2002-07-31,24,24.19,23.36,23.85,20.2409045928925,93831300,0,1
2002-08-01,23.74,23.9,22.66,22.73,19.2903883185093,85149700,0,1
2002-08-02,22.78,22.84,21.82,22.25,18.8830242009165,86706000,0,1
2002-08-05,22.11,22.32,21.3,21.44,18.1955972524786,84897800,0,1
2002-08-06,21.8,23.01,21.79,22.5,19.0951930121627,115364600,0,1
2002-08-07,23.2,23.37,21.96,22.8,19.3497955856582,125677100,0,1
2002-08-08,22.75,23.6,22.3,23.57,20.0032755242967,111697900,0,1
2002-08-09,23.2,23.71,22.88,23.33,19.7995934655003,93576900,0,1
2002-08-12,23.05,23.48,22.9,23.4,19.8590007326492,62870900,0,1
2002-08-13,23.23,23.87,22.55,22.6,19.1800605366612,88434400,0,1
2002-08-14,22.67,24.2,22.47,24.04,20.4021528894396,102613500,0,1
2002-08-15,24.24,24.55,23.72,24.53,20.8180037594823,120307800,0,1
2002-08-16,24.13,25,23.73,24.7,20.9622785511297,95853000,0,1
2002-08-19,24.77,25.59,24.68,25.3,21.4714836981207,76015900,0,1
2002-08-20,25.18,25.43,24.85,25.19,21.3781294211724,89981300,0,1
2002-08-21,25.39,25.85,25,25.75,21.853387558364,101365500,0,1
2002-08-22,25.74,26.21,25.42,26.16,22.2013444088079,80345500,0,1
2002-08-23,25.8,25.81,24.95,25.15,21.344182411373,75211200,0,1
2002-08-26,25.3,25.39,24.61,25.25,21.4290499358715,83335400,0,1
2002-08-27,25.43,25.51,24.15,24.37,20.6822157202847,92340400,0,1
2002-08-28,24.02,24.09,23.39,23.48,19.926894752248,115562300,0,1
2002-08-29,23.2,24.22,23.02,23.79,20.1899840781934,97028200,0,1
2002-08-30,23.62,24,23.38,23.49,19.9353815046979,59474900,0,1
2002-09-03,23.06,23.43,22.34,22.64,19.2140075464606,81828100,0,1
2002-09-04,22.5,23.02,22.24,22.73,19.2903883185093,82717600,0,1
2002-09-05,22.4,22.5,21.93,22.17,18.8151301813177,91576600,0,1
2002-09-06,22.66,23.22,22.6,22.85,19.3922293479075,86008800,0,1
2002-09-09,22.67,23.37,22.39,23.08,19.587424654254,72679500,0,1
2002-09-10,23.23,23.67,23.03,23.65,20.0711695438955,74615800,0,1
2002-09-11,24.12,24.35,23.42,23.45,19.9014344948985,73902800,0,1
2002-09-12,23.23,23.26,22.71,22.81,19.3582823381081,70763500,0,1
2002-09-13,22.6,23.08,22.52,22.99,19.5110438822054,79716100,0,1
2002-09-16,22.86,23,22.37,22.66,19.2309810513603,58853600,0,1
2002-09-17,23.05,23.21,22.18,22.18,18.8236169337675,89139700,0,1
2002-09-18,22.01,22.55,21.78,21.93,18.6114481225213,92358300,0,1
2002-09-19,21.7,22.13,21.55,21.58,18.3144117867765,86247700,0,1
2002-09-20,21.83,21.9,21.48,21.67,18.3907925588252,78116900,0,1
2002-09-23,21.45,21.52,20.81,21.02,17.8391536495849,72757500,0,1
2002-09-24,20.68,21.45,20.65,21.03,17.8476404020348,91507300,0,1
2002-09-25,21.35,22.04,21.1,21.87,18.5605276078222,98051900,0,1
2002-09-26,22.16,22.33,21.37,21.6,18.3313852916762,104453500,0,1
2002-09-27,21.55,22.21,21.31,21.31,18.0852694706306,92249700,0,1
2002-09-30,21.07,21.24,20.49,20.72,17.5845510760894,91502500,0,1
2002-10-01,20.91,21.99,20.47,21.98,18.6538818847705,102096000,0,1
2002-10-02,21.51,21.97,20.97,21.25,18.0343489559315,94829700,0,1
2002-10-03,21.06,21.4,20.68,20.74,17.6015245809891,74354800,0,1
2002-10-04,20.94,21.02,20.11,20.35,17.270541235445,81837100,0,1
2002-10-07,20.26,20.59,19.85,20.16,17.1092929388978,79861800,0,1
2002-10-08,20.28,20.61,19.76,20.2,17.1432399486972,94103100,0,1
2002-10-09,19.94,20.53,19.84,20.06,17.0244254143993,103301000,0,1
2002-10-10,20.1,21.21,19.91,21.08,17.890074164284,109610500,0,1
2002-10-11,21.55,22.38,21.42,22.22,18.8575639435669,124777400,0,1
2002-10-14,21.87,22.5,21.78,22.48,19.078219507263,78890300,0,1
2002-10-15,23.44,23.63,23.18,23.56,19.9947887718468,118176000,0,1
2002-10-16,22.71,23.16,22.07,22.78,19.3328220807585,97441900,0,1
2002-10-17,23.6,23.81,22.58,23.55,19.986302019397,95754500,0,1
2002-10-18,23.28,23.85,22.93,23.81,20.2069575830931,84941900,0,1
2002-10-21,23.52,24.45,23.3,24.29,20.6143217006859,85311500,0,1
2002-10-22,23.73,24.34,23.65,24.14,20.4870204139381,89947000,0,1
2002-10-23,23.85,24.63,23.67,24.6,20.8774110266312,88093500,0,1
2002-10-24,24.68,24.86,23.92,23.98,20.3512323747405,88674800,0,1
2002-10-25,23.99,24.75,23.99,24.7,20.9622785511297,71557300,0,1
2002-10-28,25,25.04,24.17,24.49,20.7840567496829,90272000,0,1
2002-10-29,24.31,24.47,23.37,23.92,20.3003118600414,90293800,0,1
2002-10-30,24.06,24.79,23.85,24.56,20.8434640168318,103531100,0,1
2002-10-31,24.66,25.04,24.36,24.55,20.834977264382,81493100,0,1
2002-11-01,24.37,25.4,24.14,25.25,21.4290499358715,86658400,0,1
2002-11-04,26.05,26.82,25.8,25.9,21.9806888451118,110562400,0,1
2002-11-05,25.71,26.17,25.56,26.1,22.1504238941088,79603300,0,1
2002-11-06,26.29,26.61,25.64,26.47,22.4644337347532,116251700,0,1
2002-11-07,25.99,26.1,25.31,25.54,21.6751657569172,82711600,0,1
2002-11-08,25.49,25.87,24.96,25.07,21.2762883917742,76937600,0,1
2002-11-11,24.95,25.02,24.15,24.31,20.6312952055856,74384300,0,1
2002-11-12,24.4,25.4,24.4,24.93,21.1574738574763,88748800,0,1
2002-11-13,24.7,25.7,24.49,25.23,21.4120764309718,119341800,0,1
2002-11-14,25.58,26.42,25.52,26.1,22.1504238941088,85720100,0,1
2002-11-15,25.9,26.45,25.75,26.44,22.4389734774037,69291300,0,1
2002-11-18,26.71,26.77,25.99,26.05,22.1079901318595,76238000,0,1
2002-11-19,25.8,26.05,25.3,25.65,21.7685200338655,88139200,0,1
2002-11-20,25.56,26.75,25.54,26.74,22.6935760508992,75104700,0,1
2002-11-21,26.93,27.84,26.75,27.73,23.5337645434343,105472900,0,1
2002-11-22,27.37,27.94,27.32,27.72,23.5252777909845,73808600,0,1
2002-11-25,27.76,28.2,27.54,27.99,23.7544201071304,72666100,0,1
2002-11-26,27.78,27.87,26.9,27.05,22.9566653768445,80017900,0,1
2002-11-27,27.53,28.2,27.48,27.91,23.6865260875316,73643900,0,1
2002-11-29,28.21,28.29,27.22,27.72,23.5252777909845,34652100,0,1
2002-12-02,28.42,28.79,27.57,28,23.7629068595803,85136000,0,1
2002-12-03,27.55,27.58,26.93,27.17,23.0585064062427,76595500,0,1
2002-12-04,26.56,26.95,26.21,26.57,22.5493012592517,130115900,0,1
2002-12-05,26.95,27,26.13,26.2,22.2352914186073,84933200,0,1
2002-12-06,25.81,26.72,25.74,26.47,22.4644337347532,81727900,0,1
2002-12-09,26.22,26.55,25.2,25.22,21.4035896785219,75855200,0,1
2002-12-10,25.42,25.95,25.35,25.6,21.7260862716163,69578300,0,1
2002-12-11,25.44,26.07,25.32,25.72,21.8279273010145,64237600,0,1
2002-12-12,26,26.69,25.56,25.86,21.9467418353124,62296400,0,1
2002-12-13,25.52,25.57,25.01,25.04,21.2508281344246,72647800,0,1
2002-12-16,25.22,25.96,25.07,25.85,21.9382550828625,60278500,0,1
2002-12-17,25.81,26.2,25.66,25.93,22.0061491024613,62562700,0,1
2002-12-18,25.55,25.6,25.05,25.38,21.5393777177195,67130700,0,1
2002-12-19,25.17,25.78,24.81,25.06,21.2678016393243,95969700,0,1
2002-12-20,25.33,25.45,25.07,25.32,21.4884572030204,65578600,0,1
2002-12-23,25.18,25.76,25.13,25.67,21.7854935387652,45941700,0,1
2002-12-24,25.5,25.73,25.32,25.35,21.51391746037,16772700,0,1
2002-12-26,25.53,25.91,25.17,25.28,21.4545101932211,33795400,0,1
2002-12-27,25.18,25.85,24.75,24.82,21.0641195805279,42490200,0,1
2002-12-30,24.84,24.97,24.36,24.63,20.9028712839808,57396400,0,1
2002-12-31,24.54,24.71,24.28,24.37,20.6822157202847,46015400,0,1
2003-01-02,24.72,25.55,24.45,25.4,21.5563512226192,65903200,0,1
2003-01-03,25.46,25.71,25.28,25.68,21.7939802912151,39059500,0,1
2003-01-06,25.71,26.59,25.2,26.32,22.3371324480055,67223400,0,1
2003-01-07,26.41,26.93,26.25,26.65,22.6171952788505,88726100,0,1
2003-01-08,26.39,26.97,25.84,25.9,21.9806888451118,74989900,0,1
2003-01-09,26.24,26.98,26.22,26.7,22.6596290410998,75391100,0,1
2003-01-10,26.35,27.26,26.22,27.1,22.9990991390938,82594300,0,1
2003-01-13,27.33,27.47,26.73,26.94,22.8633110998962,72870300,0,1
2003-01-14,26.91,27.32,26.85,27.08,22.9821256341941,46993800,0,1
2003-01-15,27.24,27.35,26.58,26.74,22.6935760508992,55131000,0,1
2003-01-16,26.79,26.98,26.25,26.44,22.4389734774037,68740300,0,1
2003-01-17,25.9,25.94,25.27,25.31,21.4799704505706,77289400,0,1
2003-01-21,25.41,25.55,25.02,25.03,21.2423413819748,67729600,0,1
2003-01-22,24.96,25.53,24.87,24.93,21.1574738574763,80020200,0,1
2003-01-23,25.4,25.84,25.11,25.51,21.6497054995676,78471100,0,1
2003-01-24,25.53,25.53,24.64,24.82,21.0641195805279,74519700,0,1
2003-01-27,24.45,25.03,24.37,24.53,20.8180037594823,76561000,0,1
2003-01-28,24.77,25.05,24.42,24.78,21.0301725707285,65217200,0,1
2003-01-29,24.76,25.45,24.34,25.15,21.344182411373,95717500,0,1
2003-01-30,25.32,25.42,24.49,24.5,20.7925435021327,70333800,0,1
2003-01-31,24.06,24.76,24.01,24.44,20.7416229874336,90505600,0,1
2003-02-03,24.52,24.79,24.38,24.49,20.7840567496829,53158800,0,1
2003-02-04,24.18,24.3,23.82,24.19,20.5294541761874,68235700,0,1
2003-02-05,24.33,24.86,24.01,24.08,20.436099899239,80107700,0,1
2003-02-06,24.04,24.35,23.86,24.21,20.5464276810871,103552000,0,1
2003-02-07,24.36,24.45,23.65,23.81,20.2069575830931,72312400,0,1
2003-02-10,23.89,24.25,23.62,24.02,20.3851793845399,67572600,0,1
2003-02-11,24.25,24.61,23.92,24.15,20.495507166388,77823300,0,1
2003-02-12,24.07,24.33,23.78,23.82,20.2154443355429,51753000,0,1
2003-02-13,23.85,23.98,23.32,23.94,20.3172853649411,77387400,0,1
2003-02-14,23.83,24.5,23.62,24.49,20.7840567496829,67510400,0,1
2003-02-18,24.7,25.34,24.68,25.25,21.4290499358715,73976800,0,1
2003-02-19,25.2,25.24,24.71,25.08,21.284775144224,45541400,0,1
2003-02-20,25.15,25.27,24.84,24.98,21.1999076197255,59759800,0,1
2003-02-21,24.93,25.37,24.51,25.17,21.3611559162727,70228500,0,1
2003-02-24,25.13,25.21,24.71,24.74,20.9962255609291,56646600,0,1
2003-02-25,24.45,24.95,24.08,24.77,21.0216858182787,74440700,0,1
2003-02-26,24.68,24.94,24.2,24.22,20.5549144335369,60005600,0,1
2003-02-27,24.42,24.92,24.27,24.77,21.0216858182787,66424000,0,1
2003-02-28,24.81,25.22,24.72,25.16,21.3526691638228,50185800,0,1
2003-03-03,25.27,25.48,24.56,24.65,20.9198447888805,60414400,0,1
2003-03-04,24.66,24.77,24.42,24.5,20.7925435021327,56043500,0,1
2003-03-05,24.4,24.78,24.32,24.55,20.834977264382,69096500,0,1
2003-03-06,24.43,24.68,24.23,24.49,20.7840567496829,59108600,0,1
2003-03-07,24.08,24.69,23.96,24.54,20.8264905119321,73291000,0,1
2003-03-10,24.33,24.45,23.91,24.01,20.3766926320901,55948000,0,1
2003-03-11,24.06,24.24,23.78,23.8,20.1984708306432,54934200,0,1
2003-03-12,23.76,24.24,23.54,24.23,20.5634011859868,77859800,0,1
2003-03-13,24.64,25.65,24.4,25.62,21.743059776516,128537600,0,1
2003-03-14,25.73,25.98,25.36,25.72,21.8279273010145,89794400,0,1
2003-03-17,25.43,26.8,25.35,26.6,22.5747615166013,141040800,0,1
2003-03-18,26.8,26.97,26.42,26.93,22.8548243474463,96548700,0,1
2003-03-19,26.85,26.95,26.33,26.7,22.6596290410998,91315100,0,1
2003-03-20,26.54,27.14,26.17,26.8,22.7444965655983,92789700,0,1
2003-03-21,27.21,27.38,26.2,27.17,23.0585064062427,93304600,0,1
2003-03-24,26.47,26.6,25.97,26.04,22.0995033794097,85244500,0,1
2003-03-25,26.15,26.76,26.01,26.41,22.4135132200541,78731500,0,1
2003-03-26,26.5,26.77,26.36,26.56,22.5408145068019,67880200,0,1
2003-03-27,26.27,26.65,26.1,26.37,22.3795662102547,64113100,0,1
2003-03-28,26.14,26.43,25.95,26.08,22.1334503892091,45374700,0,1
2003-03-31,25.6,25.73,25.21,25.25,21.4290499358715,89345300,0,1
2003-04-01,25.44,25.67,25.25,25.45,21.5987849848685,73159500,0,1
2003-04-02,26.06,26.56,26.03,26.15,22.192857656358,75843800,0,1
2003-04-03,26.64,26.85,26.31,26.48,22.4729204872031,70138200,0,1
2003-04-04,26.57,26.6,25.97,26.05,22.1079901318595,65665700,0,1
2003-04-07,27.11,27.2,26.07,26.09,22.1419371416589,83842700,0,1
2003-04-08,26.15,26.29,25.88,26.06,22.1164768843094,54250600,0,1
2003-04-09,26.1,26.28,25.41,25.46,21.6072717373184,76457100,0,1
2003-04-10,25.46,25.77,25.3,25.77,21.8703610632637,57017500,0,1
2003-04-11,26.02,26.16,25.36,25.51,21.6497054995676,67974500,0,1
2003-04-14,25.6,26.14,25.49,26.03,22.0910166269598,52476200,0,1
2003-04-15,25.97,26.46,25.85,26.28,22.3031854382061,64655700,0,1
2003-04-16,26.65,26.83,26.12,26.22,22.252264923507,70711600,0,1
2003-04-17,26.16,26.98,26.15,26.82,22.761470070498,70179900,0,1
2003-04-21,26.94,27.1,26.62,26.92,22.8463375949965,52729600,0,1
2003-04-22,26.73,27.46,26.65,27.43,23.2791619699388,70757200,0,1
2003-04-23,27.5,27.75,27.26,27.63,23.4488970189358,70327100,0,1
2003-04-24,27.36,27.75,27.27,27.48,23.3215957321881,72383900,0,1
2003-04-25,27.32,27.42,26.86,26.95,22.871797852346,63277900,0,1
2003-04-28,27.05,27.63,26.95,27.48,23.3215957321881,59666200,0,1
2003-04-29,27.64,28.06,27.41,27.73,23.5337645434343,79903800,0,1
2003-04-30,27.65,27.79,27.43,27.45,23.2961354748385,60202100,0,1
2003-05-01,27.44,27.87,27.19,27.69,23.4998175336349,66022600,0,1
2003-05-02,27.61,28.29,27.57,28.28,24.0005359281761,85004100,0,1
2003-05-05,28.33,28.71,28.17,28.25,23.9750756708265,80520300,0,1
2003-05-06,28.22,28.9,28.21,28.61,24.2805987590211,77338300,0,1
2003-05-07,28.41,28.69,28.12,28.29,24.0090226806259,70353200,0,1
2003-05-08,27.85,28.19,27.76,27.77,23.5677115532337,80249100,0,1
2003-05-09,28.04,28.48,28,28.41,24.1108637100241,58528200,0,1
2003-05-12,28.36,28.96,28.17,28.84,24.4757940653677,67487300,0,1
2003-05-13,28.63,28.99,28.54,28.66,24.3230325212704,64934300,0,1
2003-05-14,28.87,28.97,28.36,28.6,24.2721120065713,62181200,0,1
2003-05-15,28.75,28.98,28.56,28.92,24.5436880849665,62232100,0,1
2003-05-16,28.73,28.94,28.48,28.7,24.3569795310698,70590400,0,1
2003-05-19,28.52,28.68,27.61,27.69,23.4998175336349,91334800,0,1
2003-05-20,27.76,27.96,27.41,27.77,23.5677115532337,71817800,0,1
2003-05-21,27.65,27.75,27.44,27.69,23.4998175336349,63648500,0,1
2003-05-22,27.76,28.32,27.62,28.09,23.8392876316289,62401400,0,1
2003-05-23,28.04,28.25,27.95,28.1,23.8477743840788,37922500,0,1
2003-05-27,27.93,29.22,27.9,29.1,24.6964496290638,101422100,0,1
2003-05-28,29.16,29.4,28.96,29.19,24.7728304011124,76290400,0,1
2003-05-29,29.23,29.8,29.16,29.31,24.8746714305106,97336000,0,1
2003-05-30,29.53,29.87,29.45,29.79,25.2820355481034,78093700,0,1
2003-06-02,30.08,30.2,29.31,29.58,25.1038137466566,102937000,0,1
2003-06-03,29.44,29.88,29.33,29.86,25.3414428152524,81672600,0,1
2003-06-04,29.81,30.58,29.72,30.42,25.816700952444,87046100,0,1
2003-06-05,30.13,30.68,29.97,30.64,26.0034095063407,88747900,0,1
2003-06-06,31.21,31.47,30.04,30.13,25.5705851313983,157178100,0,1
2003-06-09,30,30.22,29.53,29.73,25.2311150334043,94941800,0,1
2003-06-10,29.86,30.2,29.68,30.18,25.6130188936476,69660100,0,1
2003-06-11,30.07,30.64,29.8,30.52,25.9015684769425,87338200,0,1
2003-06-12,30.64,30.75,30.26,30.65,26.0118962587906,79450500,0,1
2003-06-13,30.66,30.73,29.86,29.96,25.4263103397509,83353600,0,1
2003-06-16,30.17,30.9,30,30.88,26.2070915651371,71211800,0,1
2003-06-17,31.02,31.11,30.56,30.76,26.1052505357389,67571200,0,1
2003-06-18,30.66,31.23,30.45,30.92,26.2410385749365,80215700,0,1
2003-06-19,30.98,31.24,30.38,30.42,25.816700952444,79467200,0,1
2003-06-20,30.69,30.78,30.25,30.38,25.7827539426446,71512400,0,1
2003-06-23,30.33,30.37,29.56,29.91,25.3838765775016,86509400,0,1
2003-06-24,29.73,30.13,29.53,29.68,25.1886812711551,83004400,0,1
2003-06-25,29.67,30.18,29.47,29.52,25.0528932319575,94255300,0,1
2003-06-26,29.71,30.28,29.61,30.22,25.646965903447,79187500,0,1
2003-06-27,30.25,30.57,29.77,29.83,25.3159825579028,82451900,0,1
2003-06-30,30.16,30.34,29.8,29.95,25.417823587301,72043000,0,1
2003-07-01,29.7,30.38,29.26,30.35,25.757293685295,105852500,0,1
2003-07-02,30.41,30.99,30.38,30.97,26.2834723371858,81972500,0,1
2003-07-03,30.7,31.1,30.47,30.58,25.9524889916416,50050400,0,1
2003-07-07,30.97,31.9,30.96,31.89,27.064253562572,88554600,0,1
2003-07-08,31.78,32.31,31.62,32.28,27.3952369081161,81874500,0,1
2003-07-09,32.18,32.49,31.93,32.2,27.3273428885173,89588400,0,1
2003-07-10,31.85,31.99,31.33,31.6,26.8181377415263,102928700,0,1
2003-07-11,31.65,31.99,31.61,31.84,27.0218198003227,67728100,0,1
2003-07-14,32.34,32.75,32.07,32.22,27.344316393417,84524600,0,1
2003-07-15,32.53,32.65,31.94,32.26,27.3782634032164,75059000,0,1
2003-07-16,32.46,32.5,31.73,32.16,27.2933958787179,80138700,0,1
2003-07-17,31.68,31.84,31.04,31.18,26.4616941386326,116260400,0,1
2003-07-18,31.4,31.55,30.92,31.28,26.5465616631311,80519000,0,1
2003-07-21,31.24,31.3,30.61,30.88,26.2070915651371,111325300,0,1
2003-07-22,31.11,31.5,30.86,31.34,26.5974821778302,91471500,0,1
2003-07-23,31.39,31.64,30.99,31.6,26.8181377415263,69050400,0,1
2003-07-24,31.85,32.02,31.08,31.18,26.4616941386326,82999700,0,1
2003-07-25,31.13,31.84,30.77,31.8,26.9878727905233,82709600,0,1
2003-07-28,31.86,31.99,31.6,31.89,27.064253562572,56180800,0,1
2003-07-29,31.93,32.02,31.24,31.65,26.8605715037756,80560100,0,1
2003-07-30,31.71,31.74,31.33,31.42,26.665376197429,56617300,0,1
2003-07-31,31.79,32.33,31.52,31.8,26.9878727905233,85544100,0,1
2003-08-01,31.69,31.79,31.3,31.46,26.6993232072284,73545400,0,1
2003-08-04,31.42,31.8,30.84,31.45,26.6908364547786,96344600,0,1
2003-08-05,31.41,31.48,30.1,30.21,25.6384791509971,111041800,0,1
2003-08-06,30.36,30.77,30.1,30.19,25.6215056460975,96816000,0,1
2003-08-07,30.22,30.51,30.02,30.31,25.7233466754956,67326600,0,1
2003-08-08,30.43,30.55,29.93,30.07,25.5196646166992,66677100,0,1
2003-08-11,30.08,30.6,30.03,30.4,25.7997274475443,63712200,0,1
2003-08-12,30.51,30.9,30.33,30.86,26.1901180602374,59676100,0,1
2003-08-13,30.98,31.07,30.65,30.87,26.1986048126873,57969700,0,1
2003-08-14,30.88,31.19,30.67,30.9,26.2240650700368,50271500,0,1
2003-08-15,31,31.29,30.93,31.17,26.4532073861828,28116300,0,1
2003-08-18,31.31,32.01,31.23,31.97,27.1321475821708,67224100,0,1
2003-08-19,32.11,32.38,31.85,32.37,27.4716176801648,68205000,0,1
2003-08-20,32.1,32.52,32.02,32.29,27.403723660566,58233500,0,1
2003-08-21,32.59,32.82,32.27,32.64,27.7007599963107,77161400,0,1
2003-08-22,33.26,33.37,32.38,32.44,27.5310249473137,92989800,0,1
2003-08-25,32.36,32.54,32.21,32.51,27.5904322144627,43044700,0,1
2003-08-26,32.28,32.59,31.81,32.54,27.6158924718122,79838500,0,1
2003-08-27,32.49,32.83,32.37,32.8,27.8365480355083,47532100,0,1
2003-08-28,32.94,33.12,32.52,33.09,28.082663856554,55311000,0,1
2003-08-29,33.04,33.46,32.98,33.39,28.3372664300495,53148800,0,1
2003-09-02,33.49,33.89,33.13,33.87,28.7446305476423,80303100,0,1
2003-09-03,34.1,34.2,33.65,33.85,28.7276570427426,85234800,0,1
2003-09-04,33.83,34.22,33.7,34.16,28.9907463686879,63736100,0,1
2003-09-05,33.97,34.34,33.67,33.94,28.8040378147912,91024100,0,1
2003-09-08,34,34.53,33.95,34.5,29.2792959519828,69296000,0,1
2003-09-09,34.32,34.39,33.92,34.09,28.931339101539,87817500,0,1
2003-09-10,33.75,33.89,33.11,33.27,28.2354254006513,111624500,0,1
2003-09-11,33.28,33.78,33.01,33.64,28.5494352412957,96914900,0,1
2003-09-12,33.34,33.84,33.05,33.82,28.702196785393,104963000,0,1
2003-09-15,33.84,33.91,33.44,33.49,28.422133954548,54594200,0,1
2003-09-16,33.52,34.43,33.52,34.4,29.1944284274843,87463800,0,1
2003-09-17,34.33,34.5,34.03,34.26,29.0756138931864,79794700,0,1
2003-09-18,34.17,34.86,34,34.78,29.5169250205786,91469900,0,1
2003-09-19,34.79,34.86,34.36,34.58,29.3471899715816,69796000,0,1
2003-09-22,34.13,34.2,33.77,33.92,28.7870643098915,97477500,0,1
2003-09-23,33.97,34.56,33.91,34.52,29.2962694568825,77826500,0,1
2003-09-24,34.51,34.52,33.17,33.22,28.192991638402,115057400,0,1
2003-09-25,33.38,33.74,32.76,32.79,27.8280612830585,117604800,0,1
2003-09-26,32.89,33.17,32.52,32.58,27.6498394816116,106581000,0,1
2003-09-29,32.76,33.17,32.45,33.14,28.1250976188032,96862800,0,1
2003-09-30,32.92,32.96,32.36,32.42,27.514051442414,119122500,0,1
2003-10-01,32.61,33.23,32.42,33.15,28.1335843712531,106653600,0,1
2003-10-02,33.1,33.43,32.93,33.26,28.2269386482014,83911100,0,1
2003-10-03,33.85,34.47,33.82,34.19,29.0162066260375,112862800,0,1
2003-10-06,34.28,34.45,34.06,34.44,29.2283754372837,49162900,0,1
2003-10-07,34.16,34.65,34.01,34.65,29.4065972387306,80104600,0,1
2003-10-08,34.81,34.84,34.22,34.43,29.2198886848339,71387400,0,1
2003-10-09,34.91,35.27,34.43,34.69,29.44054424853,118216100,0,1
2003-10-10,34.77,35.03,34.64,35.01,29.7121203269252,68356200,0,1
2003-10-13,35.14,35.37,34.92,35.24,29.9073156332718,60919800,0,1
2003-10-14,35.1,35.43,34.96,35.33,29.9836964053204,62274900,0,1
2003-10-15,35.8,35.85,35.03,35.18,29.8563951185726,97045200,0,1
2003-10-16,35.1,35.53,35.06,35.46,30.0940241871685,73955000,0,1
2003-10-17,35.41,35.49,34.6,34.61,29.3726502289312,97794400,0,1
2003-10-20,34.65,35.08,34.5,35.04,29.7375805842747,75544300,0,1
2003-10-21,35.14,35.45,34.94,35.25,29.9158023857216,73455600,0,1
2003-10-22,34.89,34.93,34.44,34.57,29.3387032191318,88141400,0,1
2003-10-23,34.15,34.51,34.05,34.17,28.9992331211378,95409600,0,1
2003-10-24,33.79,34.23,33.49,34.2,29.0246933784873,101778600,0,1
2003-10-27,34.28,34.45,34.04,34.21,29.0331801309372,63604500,0,1
2003-10-28,34.43,35.41,34.37,35.36,30.0091566626699,107375700,0,1
2003-10-29,35.2,35.41,35.07,35.32,29.9752096528706,74075200,0,1
2003-10-30,35.81,36,35.14,35.39,30.0346169200195,95062600,0,1
2003-10-31,35.44,35.49,35.06,35.18,29.8563951185726,55473200,0,1
2003-11-03,35.43,35.98,35.36,35.76,30.348626760664,71141200,0,1
2003-11-04,35.69,35.87,35.45,35.52,30.1449447018676,60033900,0,1
2003-11-05,35.52,35.89,35.15,35.84,30.4165207802628,67412700,0,1
2003-11-06,35.79,35.97,35.34,35.94,30.5013883047613,90567400,0,1
2003-11-07,36.08,36.18,35.6,35.63,30.2382989788159,63505200,0,1
2003-11-10,35.7,35.74,35.09,35.19,29.8648818710225,68896400,0,1
2003-11-11,35.15,35.3,34.85,35.06,29.7545540891744,75607100,0,1
2003-11-12,35.17,35.96,35.14,35.81,30.3910605229132,80364600,0,1
2003-11-13,35.71,35.9,35.55,35.77,30.3571135131138,64243000,0,1
2003-11-14,35.81,36.02,34.95,35.04,29.7375805842747,90932200,0,1
2003-11-17,34.84,34.91,34.26,34.68,29.4320574960801,108063100,0,1
2003-11-18,34.87,34.97,33.82,33.88,28.7531173000921,108588500,0,1
2003-11-19,34.01,34.4,33.88,34.21,29.0331801309372,86320300,0,1
2003-11-20,33.92,34.68,33.81,33.88,28.7531173000921,117324500,0,1
2003-11-21,34.08,34.26,33.73,34.23,29.0501536358369,81787500,0,1
2003-11-24,34.52,35.25,34.47,35.18,29.8563951185726,92057500,0,1
2003-11-25,35.29,35.45,35.09,35.18,29.8563951185726,72519800,0,1
2003-11-26,35.4,35.52,34.81,35.34,29.9921831577703,72842900,0,1
2003-11-28,35.26,35.5,35.21,35.38,30.0261301675697,24802600,0,1
2003-12-01,35.71,36.01,35.47,35.9,30.4674412949619,82767300,0,1
2003-12-02,35.82,36.05,35.58,35.7,30.2977062459649,62504500,0,1
2003-12-03,35.84,36.12,35.25,35.25,29.9158023857216,107568500,0,1
2003-12-04,35.38,35.71,35.08,35.63,30.2382989788159,102334800,0,1
2003-12-05,35.27,35.5,34.96,35.04,29.7375805842747,87490200,0,1
2003-12-08,35.02,35.33,34.78,35.24,29.9073156332718,86961200,0,1
2003-12-09,35.44,35.46,34.35,34.43,29.2198886848339,109949500,0,1
2003-12-10,34.5,34.7,34.13,34.56,29.3302164666819,103504200,0,1
2003-12-11,34.5,35.39,34.49,35.3,29.9582361479708,108374700,0,1
2003-12-12,35.31,35.34,34.9,35.24,29.9073156332718,72189400,0,1
2003-12-15,35.93,35.99,34.65,34.78,29.5169250205786,106091400,0,1
2003-12-16,34.79,35.02,34.42,34.85,29.5763322877276,89854700,0,1
2003-12-17,34.81,35,34.57,34.91,29.6272528024267,68539900,0,1
2003-12-18,34.95,35.64,34.95,35.56,30.178891711667,89978100,0,1
2003-12-19,35.61,35.65,35.2,35.46,30.0940241871685,89762300,0,1
2003-12-22,35.35,35.68,35.29,35.57,30.1873784641168,63580000,0,1
2003-12-23,35.6,36.02,35.53,35.84,30.4165207802628,66999800,0,1
2003-12-24,35.84,36.02,35.8,35.9,30.4789663047887,44840300,0.0136,1
2003-12-26,35.96,36.09,35.82,35.85,30.4365164909938,25497600,0,1
2003-12-29,36.03,36.53,36.02,36.44,30.9374242937744,63296200,0,1
2003-12-30,36.53,36.58,36.3,36.56,31.0393038468824,48249400,0,1
2003-12-31,36.62,36.64,36.25,36.46,30.9544042192924,60494600,0,1
2004-01-02,36.66,36.79,36.22,36.36,30.8695045917025,55234100,0,1
2004-01-05,36.58,37.16,36.56,37.09,31.489271873109,69717900,0,1
2004-01-06,37.08,37.42,36.95,37.34,31.7015209420839,60033000,0,1
2004-01-07,37.28,37.68,37.07,37.68,31.9901796758897,71830000,0,1
2004-01-08,37.85,38,37.6,37.98,32.2448785586595,76800900,0,1
2004-01-09,37.71,38.35,37.59,37.73,32.0326294896847,94296500,0,1
2004-01-12,37.85,38.35,37.68,38.33,32.5420272552243,77668400,0,1
2004-01-13,38.27,38.36,37.6,37.95,32.2194086703825,92973900,0,1
2004-01-14,38.08,38.25,37.75,38.08,32.3297781862495,68122400,0,1
2004-01-15,37.93,38.46,37.63,38.18,32.4146778138394,104427700,0,1
2004-01-16,38.38,38.63,38.17,38.57,32.7457863614402,77324100,0,1
2004-01-20,38.73,39,38.31,38.54,32.7203164731632,81998100,0,1
2004-01-21,38.39,38.66,38,38.38,32.5844770690193,112180300,0,1
2004-01-22,38.55,38.69,38.06,38.15,32.3892079255624,90061900,0,1
2004-01-23,38.21,38.46,37.78,38.01,32.2703484469365,88751300,0,1
2004-01-26,37.98,38.65,37.84,38.59,32.7627662869582,84538000,0,1
2004-01-27,38.51,38.63,37.69,37.74,32.0411194524437,97191600,0,1
2004-01-28,37.94,38.06,37,37.1,31.497761835868,127959700,0,1
2004-01-29,37.24,37.31,36.66,37.24,31.616621314494,143925900,0,1
2004-01-30,37.2,37.44,36.97,37.07,31.4722919475911,84264700,0,1
2004-02-02,37.2,37.48,36.82,36.97,31.3873923200011,94507900,0,1
2004-02-03,36.91,37.24,36.84,36.93,31.3534324689651,73488700,0,1
2004-02-04,36.62,36.86,36.33,36.33,30.8440347034255,109933000,0,1
2004-02-05,36.51,36.71,36.33,36.47,30.9628941820514,96784500,0,1
2004-02-06,36.6,37.28,36.53,37.13,31.523231724145,107174100,0,1
2004-02-09,37.34,37.38,37.05,37.12,31.514741761386,58817700,0,1
2004-02-10,37.06,37.41,37.03,37.18,31.56568153794,65042700,0,1
2004-02-11,37.24,37.67,37.07,37.58,31.9052800482998,92503000,0,1
2004-02-12,37.52,37.7,37.24,37.25,31.6251112772529,70556400,0,1
2004-02-13,37.39,37.97,36.76,36.94,31.3619224317241,90570400,0,1
2004-02-17,37.28,37.62,37.22,37.44,31.7864205696738,69678600,0,1
2004-02-18,37.51,37.67,37.32,37.55,31.8798101600228,70972100,0,1
2004-02-19,37.87,37.9,36.82,36.98,31.3958822827601,100843800,0,1
2004-02-20,37,37.14,36.55,36.86,31.2940027296522,132347600,0,1
2004-02-23,37,37.03,36.11,36.45,30.9459142565334,125199800,0,1
2004-02-24,36.3,36.65,36.1,36.36,30.8695045917025,124521900,0,1
2004-02-25,36.43,36.67,36.33,36.58,31.0562837724003,74457100,0,1
2004-02-26,36.47,36.84,36.31,36.67,31.1326934372313,71327600,0,1
2004-02-27,36.76,36.94,36.27,36.57,31.0477938096414,99383900,0,1
2004-03-01,36.68,37.07,36.47,37.05,31.4553120220731,79700700,0,1
2004-03-02,36.98,37.18,36.61,36.62,31.0902436234363,91536000,0,1
2004-03-03,36.51,36.63,36.21,36.42,30.9204443682564,83938300,0,1
2004-03-04,36.44,36.83,36.39,36.76,31.2091031020622,65905600,0,1
2004-03-05,36.42,37.15,36.36,36.63,31.0987335861953,118107100,0,1
2004-03-08,36.69,36.82,35.73,35.77,30.3685967889218,112599500,0,1
2004-03-09,35.81,35.98,35.52,35.66,30.2752071985729,126140400,0,1
2004-03-10,35.75,36,35.13,35.19,29.8761789489002,134226100,0,1
2004-03-11,35.07,35.53,34.8,34.87,29.6045001406124,152132000,0,1
2004-03-12,35.18,35.59,35.15,35.51,30.147857757188,118369600,0,1
2004-03-15,35.36,35.4,34.81,34.89,29.6214800661303,115813600,0,1
2004-03-16,35.11,35.25,34.63,34.95,29.6724198426843,123265100,0,1
2004-03-17,35.21,35.62,35.18,35.5,30.139367794429,91684700,0,1
2004-03-18,35.37,35.46,34.97,35.34,30.0035283902851,111249700,0,1
2004-03-19,35.28,35.46,34.72,34.75,29.5026205875044,99976700,0,1
2004-03-22,34.53,34.55,34.03,34.31,29.1290622261087,133870400,0,1
2004-03-23,34.59,34.65,34.01,34.03,28.8913432688569,125945800,0,1
2004-03-24,34.15,34.63,34.01,34.42,29.2224518164576,118876800,0,1
2004-03-25,34.65,35.46,34.62,35.34,30.0035283902851,142122000,0,1
2004-03-26,35.3,35.58,35.2,35.22,29.9016488371771,78430800,0,1
2004-03-29,35.51,35.96,35.49,35.79,30.3855767144398,103864000,0,1
2004-03-30,35.67,35.94,35.52,35.91,30.4874562675477,95716500,0,1
2004-03-31,35.92,36,35.61,35.84,30.4280265282348,85993900,0,1
2004-04-01,35.81,36.25,35.78,36.16,30.6997053365226,93048600,0,1
2004-04-02,36.89,37.16,36.52,37.1,31.497761835868,145964000,0,1
2004-04-05,37.01,37.5,36.97,37.45,31.7949105324328,67351600,0,1
2004-04-06,37.16,37.25,36.92,36.98,31.3958822827601,98611400,0,1
2004-04-07,36.99,37.11,36.66,36.94,31.3619224317241,91004900,0,1
2004-04-08,37.35,37.39,36.74,36.94,31.3619224317241,77176300,0,1
2004-04-12,37.02,37.24,36.98,37.17,31.557191575181,55285700,0,1
2004-04-13,37.34,37.36,36.46,36.63,31.0987335861953,100624400,0,1
2004-04-14,36.41,36.95,36.36,36.81,31.2515529158572,113663200,0,1
2004-04-15,36.75,36.86,36.02,36.15,30.6912153737636,123565500,0,1
2004-04-16,36.2,36.32,35.79,36.09,30.6402755972096,110736600,0,1
2004-04-19,36.01,36.59,35.98,36.53,31.0138339586054,85838700,0,1
2004-04-20,36.61,36.79,35.64,35.68,30.2921871240909,119545100,0,1
2004-04-21,35.9,36.11,35.65,35.99,30.5553759696197,117850500,0,1
2004-04-22,36,37.01,35.98,36.92,31.3449425062061,137623300,0,1
2004-04-23,37.08,37.26,36.9,37.21,31.591151426217,91855600,0,1
2004-04-26,37.18,37.29,36.65,36.94,31.3619224317241,74392200,0,1
2004-04-27,36.95,37.19,36.69,36.87,31.3024926924112,87548500,0,1
2004-04-28,36.71,36.72,36.02,36.2,30.7336651875586,111740700,0,1
2004-04-29,36.09,36.34,35.3,35.64,30.2582272730549,156917100,0,1
2004-04-30,35.66,35.8,34.72,34.77,29.5196005130224,150829200,0,1
2004-05-03,35,35.52,34.89,35.1,29.7997692840692,117007200,0,1
2004-05-04,35.21,35.75,35.03,35.25,29.9271187254541,126176000,0,1
2004-05-05,35.42,35.7,35.2,35.53,30.164837682706,97528500,0,1
2004-05-06,35.23,35.44,34.85,35.26,29.9356086882131,102733300,0,1
2004-05-07,35.09,35.64,34.91,34.97,29.6893997682023,137686000,0,1
2004-05-10,34.67,34.9,34.42,34.67,29.4347008854325,156951400,0,1
2004-05-11,34.97,35.38,34.92,35.19,29.8761789489002,120493600,0,1
2004-05-12,35.12,35.29,34.27,35.26,29.9356086882131,197765400,0,1
2004-05-13,35.06,35.45,34.92,35.01,29.7233596192383,137841700,0,1
2004-05-14,35.2,35.31,34.64,34.75,29.5026205875044,133689900,0,1
2004-05-17,34.38,34.66,34.11,34.42,29.2224518164576,150652400,0,1
2004-05-18,34.66,34.9,34.6,34.73,29.4856406619864,96686400,0,1
2004-05-19,35.16,35.51,34.63,34.69,29.4516808109505,141646900,0,1
2004-05-20,34.78,35.02,34.56,34.85,29.5875202150944,94938500,0,1
2004-05-21,35.01,35.17,34.74,35.02,29.7318495819973,111329200,0,1
2004-05-24,35.3,35.46,35,35.26,29.9356086882131,99861800,0,1
2004-05-25,35.15,36.08,34.95,35.96,30.5299060813427,146321400,0,1
2004-05-26,35.86,36.19,35.81,36.19,30.7251752247996,93789700,0,1
2004-05-27,36.29,36.5,36.06,36.42,30.9204443682564,110183400,0,1
2004-05-28,36.38,36.55,36.21,36.55,31.0308138841234,56379500,0,1
2004-06-01,36.27,36.55,36.11,36.5,30.9883640703284,90592700,0,1
2004-06-02,36.56,36.66,36.17,36.42,30.9204443682564,103519800,0,1
2004-06-03,36.3,36.36,35.82,35.98,30.5468860068607,97301400,0,1
2004-06-04,36.34,36.62,36.17,36.19,30.7251752247996,91233200,0,1
2004-06-07,36.44,37.1,36.34,37.05,31.4553120220731,107532600,0,1
2004-06-08,36.9,37.19,36.85,37.1,31.497761835868,72530900,0,1
2004-06-09,36.98,37.05,36.5,36.58,31.0562837724003,98215200,0,1
2004-06-10,36.69,36.84,36.55,36.84,31.2770228041342,57101300,0,1
2004-06-14,36.61,36.61,36.1,36.32,30.8355447406665,85129900,0,1
2004-06-15,36.56,36.99,36.56,36.79,31.2345729903392,91937700,0,1
2004-06-16,36.77,36.9,36.65,36.73,31.1836332137853,64743300,0,1
2004-06-17,36.65,36.66,36.25,36.39,30.8949744799795,77844200,0,1
2004-06-18,36.3,36.84,36.26,36.44,30.9374242937744,78641500,0,1
2004-06-21,36.52,36.63,36.06,36.15,30.6912153737636,65373100,0,1
2004-06-22,36.16,36.7,36.02,36.68,31.1411833999903,101524300,0,1
2004-06-23,36.57,37.19,36.51,37.12,31.514741761386,94393900,0,1
2004-06-24,37.02,37.35,36.92,37.05,31.4553120220731,92343200,0,1
2004-06-25,37,37.39,36.98,37.33,31.6930309793249,81005400,0,1
2004-06-28,37.49,37.52,36.9,37.02,31.4298421337961,94033200,0,1
2004-06-29,37.1,37.59,37.08,37.37,31.7269908303609,68265900,0,1
2004-06-30,37.45,37.9,37.35,37.74,32.0411194524437,97809500,0,1
2004-07-01,37.66,37.66,36.77,37.04,31.4468220593141,122141800,0,1
2004-07-02,37.04,37.05,36.63,36.82,31.2600428786162,74056400,0,1
2004-07-06,36.6,36.6,35.83,36.03,30.5893358206557,130232600,0,1
2004-07-07,35.96,36.29,35.92,36.1,30.6487655599686,95623100,0,1
2004-07-08,35.81,36.13,35.55,35.7,30.3091670496089,108755400,0,1
2004-07-09,35.84,36.04,35.63,35.75,30.3516168634038,86014700,0,1
2004-07-12,35.57,35.69,35.24,35.6,30.2242674220189,81844500,0,1
2004-07-13,35.68,35.81,35.41,35.55,30.181817608224,81222000,0,1
2004-07-14,35.2,35.65,35.05,35.19,29.8761789489002,119489200,0,1
2004-07-15,35.32,35.49,35.06,35.07,29.7742993957922,90405700,0,1
2004-07-16,35.43,35.45,34.62,34.67,29.4347008854325,120387100,0,1
2004-07-19,34.78,34.97,34.47,34.6,29.3752711461195,106387900,0,1
2004-07-20,34.74,35.59,34.71,35.43,30.079938055116,117453700,0,1
2004-07-21,35.57,35.65,34.34,34.4,29.2054718909396,136086800,0,1
2004-07-22,34.48,35.11,34.25,34.87,29.6045001406124,132135800,0,1
2004-07-23,34.62,34.66,34.03,34.21,29.0441625985187,107107100,0,1
2004-07-26,34.24,34.41,33.7,34.06,28.9168131571338,112962200,0,1
2004-07-27,34.19,34.71,34.04,34.53,29.3158414068066,103474700,0,1
2004-07-28,34.41,34.63,33.81,34.38,29.1884919654217,154299800,0,1
2004-07-29,34.71,34.92,34.5,34.78,29.5280904757814,98959800,0,1
2004-07-30,34.76,35.1,34.65,34.89,29.6214800661303,83007800,0,1
2004-08-02,34.61,35.02,34.46,34.96,29.6809098054433,81249000,0,1
2004-08-03,34.84,34.93,34.19,34.23,29.0611425240367,85746500,0,1
2004-08-04,34.15,34.46,34.01,34.24,29.0696324867957,86721000,0,1
2004-08-05,34.35,34.4,33.6,33.6,28.5262748702201,109722900,0,1
2004-08-06,33.4,33.41,32.66,32.72,27.7791581474286,148808600,0,1
2004-08-09,32.81,32.96,32.65,32.8,27.8470778495006,79281900,0,1
2004-08-10,32.96,33.48,32.92,33.21,28.1951663226193,105819800,0,1
2004-08-11,32.85,33.04,32.55,32.92,27.9489574026085,121217700,0,1
2004-08-12,32.69,32.86,32.37,32.47,27.5669090784538,113691800,0,1
2004-08-13,32.65,32.74,32.35,32.52,27.6093588922487,91416100,0,1
2004-08-16,32.61,33.19,32.59,32.89,27.9234875143315,77851300,0,1
2004-08-17,33.12,33.44,32.99,33.26,28.2376161364143,89573100,0,1
2004-08-18,33.06,33.91,33.01,33.85,28.738523939195,106608500,0,1
2004-08-19,33.73,33.85,33.41,33.67,28.5857046095331,104690200,0,1
2004-08-20,33.57,34.14,33.51,34.01,28.8743633433389,91962400,0,1
2004-08-23,34.05,34.27,33.91,34.09,28.9422830454108,83390800,0,1
2004-08-24,34.25,34.31,33.81,34.08,28.9337930826518,86610500,0,1
2004-08-25,34.07,34.6,33.9,34.55,29.3328213323245,88394600,0,1
2004-08-26,34.46,34.55,34.31,34.4,29.2054718909396,57663400,0,1
2004-08-27,34.47,34.68,34.44,34.56,29.3413112950835,58597200,0,1
2004-08-30,34.41,34.43,33.94,33.98,28.8488934550619,62355700,0,1
2004-08-31,34.02,34.12,33.65,34.02,28.8828533060979,81262000,0,1
2004-09-01,33.93,34.47,33.8,34.27,29.0951023750727,96630600,0,1
2004-09-02,34.18,34.88,34.16,34.78,29.5280904757814,83054000,0,1
2004-09-03,34.44,34.67,34.05,34.14,28.9847328592058,90213700,0,1
2004-09-07,34.4,34.61,34.12,34.43,29.2309417792166,95556500,0,1
2004-09-08,34.31,34.68,34.18,34.3,29.1205722633497,101466100,0,1
2004-09-09,34.45,34.75,34.14,34.59,29.3667811833605,104397500,0,1
2004-09-10,34.61,35.19,34.47,35.12,29.8167492095872,108591600,0,1
2004-09-13,35.25,35.72,35.14,35.58,30.2072874965009,109350500,0,1
2004-09-14,35.45,35.72,35.36,35.63,30.2497373102959,76466300,0,1
2004-09-15,35.42,35.45,35.12,35.25,29.9271187254541,90128700,0,1
2004-09-16,35.26,35.57,35.13,35.32,29.9865484647671,67121000,0,1
2004-09-17,35.23,35.52,35.16,35.43,30.079938055116,83903400,0,1
2004-09-20,35.29,35.77,35.18,35.43,30.079938055116,110678100,0,1
2004-09-21,35.54,35.85,35.42,35.57,30.1987975337419,93688400,0,1
2004-09-22,35.44,35.46,34.87,34.95,29.6724198426843,101393400,0,1
2004-09-23,34.98,35.15,34.88,34.92,29.6469499544073,92503200,0,1
2004-09-24,34.99,35.19,34.75,34.8,29.5450704012994,103247400,0,1
2004-09-27,34.62,34.74,34.38,34.5,29.2903715185296,86017600,0,1
2004-09-28,34.55,34.69,34.23,34.57,29.3498012578425,87070300,0,1
2004-09-29,34.54,35.12,34.53,35.08,29.7827893585512,95096200,0,1
2004-09-30,35.02,35.27,34.89,35.14,29.8337291351052,74514600,0,1
2004-10-01,35.45,36.15,35.36,36.1,30.6487655599686,118252700,0,1
2004-10-04,36.36,36.62,36.25,36.31,30.8270547779075,108032600,0,1
2004-10-05,36.23,36.49,36.16,36.36,30.8695045917025,89754400,0,1
2004-10-06,36.31,36.69,36.11,36.65,31.1157135117133,87815500,0,1
2004-10-07,36.54,36.67,36.17,36.24,30.7676250385945,82374300,0,1
2004-10-08,36.08,36.24,35.5,35.58,30.2072874965009,115073000,0,1
2004-10-11,35.72,35.86,35.6,35.75,30.3516168634038,51181600,0,1
2004-10-12,35.43,35.84,35.2,35.69,30.3006770868499,97884100,0,1
2004-10-13,36.05,36.14,35.43,35.61,30.2327573847779,132442500,0,1
2004-10-14,35.69,35.78,35.33,35.45,30.096917980634,99383700,0,1
2004-10-15,35.49,35.86,35.28,35.63,30.2497373102959,129183400,0,1
2004-10-18,35.51,36.25,35.4,36.14,30.6827254110046,108933400,0,1
2004-10-19,36.38,36.57,35.79,35.88,30.4619863792708,129973500,0,1
2004-10-20,35.83,36.23,35.65,36.05,30.6063157461737,106524200,0,1
2004-10-21,36.24,36.79,36.1,36.6,31.0732636979183,122627600,0,1
2004-10-22,36.61,36.68,35.74,35.8,30.3940666771988,114321100,0,1
2004-10-25,35.73,35.81,35.49,35.63,30.2497373102959,102863000,0,1
2004-10-26,35.65,35.84,35.41,35.82,30.4110466027168,98164500,0,1
2004-10-27,35.84,36.89,35.71,36.73,31.1836332137853,152423400,0,1
2004-10-28,36.68,37.12,36.57,36.96,31.3789023572421,111113900,0,1
2004-10-29,36.91,37.24,36.67,36.9,31.3279625806882,100779200,0,1
2004-11-01,36.98,37.18,36.8,37.04,31.4468220593141,72356000,0,1
2004-11-02,37.09,37.55,37.02,37.16,31.548701612422,108930700,0,1
2004-11-03,37.76,37.9,37.15,37.41,31.7609506813968,140980100,0,1
2004-11-04,37.26,37.78,37.11,37.62,31.9392398993357,112513700,0,1
2004-11-05,38.02,38.16,37.61,37.96,32.2278986331415,117017900,0,1
2004-11-08,37.95,38.1,37.85,38,32.2618584841775,66486000,0,1
2004-11-09,37.93,38.15,37.81,37.92,32.1939387821056,85038700,0,1
2004-11-10,37.93,38.06,37.65,37.79,32.0835692662386,95122300,0,1
2004-11-11,37.91,38.38,37.86,38.29,32.5080674041883,99338800,0,1
2004-11-12,38.34,38.76,38.17,38.66,32.8221960262711,102418100,0,1
2004-11-15,38.64,38.86,38.5,38.83,32.966525393174,82696000,0,1
2004-11-16,38.66,38.68,38.32,38.59,32.7627662869582,97197500,0,1
2004-11-17,38.83,39.32,38.83,39.11,33.2042443504258,125242500,0,1
2004-11-18,38.98,39.36,38.89,39.29,33.3570636800877,94901100,0,1
2004-11-19,39.24,39.29,38.59,38.68,32.8391759517891,118448900,0,1
2004-11-22,38.61,39.07,38.48,39.05,33.1533045738719,79882600,0,1
2004-11-23,39.01,39.15,38.61,38.99,33.1023647973179,91925300,0,1
2004-11-24,39.09,39.39,39.07,39.33,33.3910235311237,74051700,0,1
2004-11-26,39.37,39.48,39.17,39.21,33.2891439780158,31248900,0,1
2004-11-29,39.46,39.64,38.97,39.2,33.2806540152568,94765400,0,1
2004-11-30,39.3,39.39,39.06,39.12,33.2127343131848,87663100,0,1
2004-12-01,39.27,39.96,39.27,39.92,33.8919313339044,102375000,0,1
2004-12-02,39.82,40.39,39.76,40.07,34.0192807752893,122005600,0,1
2004-12-03,40.31,40.59,40.08,40.13,34.0702205518432,114227700,0,1
2004-12-06,40.12,40.426,39.91,40.27,34.1890800304692,70415100,0,1
2004-12-07,40.321,40.5,39.53,39.58,33.6032726000986,121439800,0,1
2004-12-08,39.66,39.98,38.81,39.81,33.7985417435554,10121300,0,1
2004-12-09,39.5,40.19,39.24,40.05,34.0023008497713,134346000,0,1
2004-12-10,39.74,40.07,39.74,39.93,33.9004212966634,86177300,0,1
2004-12-13,40.232,40.34,39.98,40.28,34.1975699932282,74296400,0,1
2004-12-14,40.26,40.59,40.25,40.477,34.3648222595803,91985000,0,1
2004-12-15,40.49,40.68,40.155,40.33,34.2400198070231,95179300,0,1
2004-12-16,40.34,40.45,39.82,39.95,33.9174012221814,86101300,0,1
2004-12-17,39.65,39.81,37.21,39.475,33.8355410012591,97947000,0.3786,1
2004-12-20,39.58,39.771,39.09,39.2,33.5998279227196,106397600,0,1
2004-12-21,39.39,39.71,39.278,39.68,34.0112543870795,83184700,0,1
2004-12-22,39.535,39.93,39.488,39.73,34.0541113104503,75298000,0,1
2004-12-23,39.61,39.91,39.54,39.758,34.0781111875379,45782000,0,1
2004-12-27,39.98,40.02,39.4,39.59,33.934111925012,67157700,0,1
2004-12-28,39.671,40.001,39.61,39.97,34.2598245426302,62563100,0,1
2004-12-29,39.92,40.16,39.9,40.02,34.302681466001,46594800,0,1
2004-12-30,40.07,40.123,39.93,39.99,34.2769673119785,41717600,0,1
2004-12-31,40.03,40.121,39.78,39.915,34.2126819269223,44112300,0,1
2005-01-03,40.07,40.292,39.37,39.499,33.8561123244771,100970900,0,1
2005-01-04,39.69,39.74,38.55,38.78,33.2398297664048,136623200,0,1
2005-01-05,38.68,38.96,38.47,38.54,33.0341165342249,127925500,0,1
2005-01-06,38.62,38.71,38.34,38.347,32.8686888100135,102934600,0,1
2005-01-07,38.56,38.873,38.21,38.55,33.042687918899,123104000,0,1
2005-01-10,38.45,38.87,38.389,38.53,33.0255451495507,88764200,0,1
2005-01-11,38.37,38.496,38.069,38.259,32.7932606248809,106398800,0,1
2005-01-12,38.44,38.6,38.01,38.58,33.0684020729215,127754900,0,1
2005-01-13,38.6,38.85,38.01,38.07,32.6312614545392,101982400,0,1
2005-01-14,38.2,38.52,38.19,38.43,32.9398313028091,93460900,0,1
2005-01-18,38.28,38.79,38.22,38.72,33.1884014583598,91760400,0,1
2005-01-19,38.75,38.75,38.06,38.08,32.6398328392134,104981000,0,1
2005-01-20,37.65,37.811,37.32,37.35,32.0141217579995,120963900,0,1
2005-01-21,37.49,37.55,36.99,37.05,31.7569802177746,138569200,0,1
2005-01-24,37,37.2,36.46,36.53,31.3112682147181,137499000,0,1
2005-01-25,36.77,37.09,36.66,36.71,31.465553138853,119171300,0,1
2005-01-26,36.96,37.29,36.824,37.15,31.8426940645162,107465800,0,1
2005-01-27,37.07,37.27,36.87,37.1,31.7998371411454,103654700,0,1
2005-01-28,37.22,37.27,36.62,36.92,31.6455522170104,111648600,0,1
2005-01-31,37.36,37.53,37.26,37.4,32.0569786813703,89139900,0,1
2005-02-01,37.49,37.6482,37.37,37.52,32.1598352974602,76610300,0,1
2005-02-02,37.64,37.73,37.31,37.58,32.2112636055052,100160500,0,1
2005-02-03,37.38,37.413,37,37.154,31.8461226183859,90157900,0,1
2005-02-04,37.15,37.82,37.15,37.75,32.356977144966,99302000,0,1
2005-02-07,37.8,37.91,37.52,37.674,32.2918346214423,71551400,0,1
2005-02-08,37.66,38.01,37.62,37.74,32.3484057602918,72821700,0,1
2005-02-09,37.77,37.8,37.065,37.11,31.8084085258195,93276600,0,1
2005-02-10,37.26,37.32,36.88,37.15,31.8426940645162,110373000,0,1
2005-02-11,37.03,37.85,36.927,37.7,32.3141202215952,108684100,0,1
2005-02-14,37.8,37.94,37.688,37.869,32.4589766225885,54908900,0,1
2005-02-15,37.9,38.48,37.82,38.12,32.67411837791,131406500,0,1
2005-02-16,38.03,38.16,37.83,37.98,32.5541189924717,80273900,0,1
2005-02-17,38.05,38.14,37.43,37.47,32.1169783740894,115628300,0,1
2005-02-18,37.48,37.57,37.26,37.35,32.0141217579995,69158800,0,1
2005-02-22,37.031,37.5482,36.79,36.89,31.6198380629879,121232000,0,1
2005-02-23,37.03,37.07,36.697,36.94,31.6626949863588,95010100,0,1
2005-02-24,36.85,37.44,36.76,37.41,32.0655500660444,99334600,0,1
2005-02-25,37.38,37.7,37.29,37.62,32.2455491442019,79988700,0,1
2005-02-28,37.46,37.6,36.923,37.22,31.9026937572353,95731300,0,1
2005-03-01,37.379,37.7,37.33,37.63,32.254120528876,78460600,0,1
2005-03-02,37.42,38.02,37.356,37.61,32.2369777595277,107270600,0,1
2005-03-03,37.697,37.73,37.02,37.3,31.9712648346286,89793800,0,1
2005-03-04,37.6,37.75,37.4,37.52,32.1598352974602,86622300,0,1
2005-03-07,37.597,38.29,37.56,38.06,32.622690069865,93563900,0,1
2005-03-08,37.98,38.21,37.65,37.68,32.2969774522468,89595200,0,1
2005-03-09,37.67,37.93,37.47,37.57,32.202692220831,98063000,0,1
2005-03-10,37.61,37.67,37.08,37.52,32.1598352974602,97043600,0,1
2005-03-11,37.685,37.822,37.0199,37.17,31.8598368338645,102857500,0,1
2005-03-14,37.23,37.36,37.0305,37.34,32.0055503733253,65576200,0,1
2005-03-15,37.45,37.48,36.99,37.04,31.7484088331004,93856300,0,1
2005-03-16,36.91,37.18,36.53,36.615,31.3841249844485,159578000,0,1
2005-03-17,36.61,36.89,36.54,36.71,31.465553138853,100429600,0,1
2005-03-18,36.75,36.785,36.35,36.51,31.2941254453697,108899400,0,1
2005-03-21,36.6,36.75,36.25,36.58,31.3541251380889,92752500,0,1
2005-03-22,36.63,36.75,36.11,36.13,30.9684128277515,114016300,0,1
2005-03-23,36.09,36.494,36.07,36.26,31.0798408285157,97444900,0,1
2005-03-24,36.519,36.65,36.27,36.27,31.0884122131898,77566800,0,1
2005-03-28,36.41,36.611,36.31,36.34,31.148411905909,59739000,0,1
2005-03-29,36.26,36.58,35.94,36.05,30.8998417503582,119554300,0,1
2005-03-30,36.23,36.78,36.22,36.73,31.4826959082013,114711000,0,1
2005-03-31,36.73,36.75,36.44,36.57,31.3455537534147,86578900,0,1
2005-04-01,36.82,36.884,36.13,36.2,31.0284125204707,143814300,0,1
2005-04-04,36.25,36.6,36.03,36.46,31.2512685219989,100090300,0,1
2005-04-05,36.49,36.669,36.415,36.56,31.3369823687406,66266600,0,1
2005-04-06,36.66,36.905,36.42,36.5,31.2855540606956,82168900,0,1
2005-04-07,36.532,36.952,36.51,36.94,31.6626949863588,88618000,0,1
2005-04-08,37,37.07,36.6,36.64,31.4055534461339,92332900,0,1
2005-04-11,36.75,36.78,36.4,36.48,31.2684112913473,70976000,0,1
2005-04-12,36.44,36.74,35.91,36.66,31.4226962154822,144848500,0,1
2005-04-13,36.561,36.6,35.98,36.06,30.9084131350324,108995500,0,1
2005-04-14,36.064,36.1,35.5,35.55,30.4712725166501,158057900,0,1
2005-04-15,35.24,35.37,34.68,34.74,29.7769903580429,170013300,0,1
2005-04-18,34.73,35.1,34.64,34.75,29.785561742717,110084000,0,1
2005-04-19,35.02,35.1,34.75,34.99,29.9912749748969,96922100,0,1
2005-04-20,35.21,35.29,34.59,34.704,29.7461333732159,140457400,0,1
2005-04-21,35.1,35.71,34.96,35.666,30.5707005788704,124505100,0,1
2005-04-22,35.455,35.47,34.817,35.09,30.0769888216386,114996800,0,1
2005-04-25,35.3,35.463,35.149,35.375,30.3212732848522,72170100,0,1
2005-04-26,35.29,35.7,35.04,35.05,30.0427032829419,104958800,0,1
2005-04-27,34.87,35.25,34.73,35.1,30.0855602063127,112539300,0,1
2005-04-28,34.92,35.15,34.72,34.75,29.785561742717,98181900,0,1
2005-04-29,35,35.064,34.35,34.98,29.9827035902228,144435900,0,1
2005-05-02,35.1,35.2636,34.886,35.12,30.1027029756611,67648800,0,1
2005-05-03,35.04,35.6,35.03,35.3,30.256987899796,103428700,0,1
2005-05-04,35.29,35.832,35.24,35.728,30.6238431638502,90480600,0,1
2005-05-05,35.75,35.924,35.53,35.76,30.6512715948075,79341700,0,1
2005-05-06,35.97,36.02,35.723,35.857,30.7344140261469,77310200,0,1
2005-05-09,35.88,36.06,35.657,36.03,30.8826989810099,66298400,0,1
2005-05-10,35.859,35.96,35.619,35.766,30.656414425612,77194700,0,1
2005-05-11,35.823,36.026,35.3,35.95,30.8141279036166,131952400,0,1
2005-05-12,36,36.2,35.656,35.85,30.728414056875,116602200,0,1
2005-05-13,35.99,36.47,35.888,36.24,31.0626980591673,133273500,0,1
2005-05-16,36.24,36.538,36.13,36.484,31.2718398452169,79093200,0,1
2005-05-17,36.349,36.74,36.21,36.7,31.4569817541789,91665900,0,1
2005-05-18,36.794,37.36,36.71,37.2,31.885550987887,128105900,0,1
2005-05-19,37.29,37.52,37.2,37.512,32.1529781897209,92619700,0,1
2005-05-20,37.45,37.69,37.35,37.66,32.2798346828985,66530100,0,1
2005-05-23,37.66,37.986,37.6,37.85,32.4426909917076,93068200,0,1
2005-05-24,37.76,38,37.7,37.97,32.5455476077976,100830000,0,1
2005-05-25,37.84,37.881,37.59,37.81,32.408405453011,76470600,0,1
2005-05-26,37.99,38.27,37.98,38.19,32.7341180706292,84066800,0,1
2005-05-27,38.14,38.25,38.02,38.21,32.7512608399775,50076900,0,1
2005-05-31,38.19,38.24,37.92,38.08,32.6398328392134,75281500,0,1
2005-06-01,38.03,38.68,38.02,38.39,32.9055457641124,110875700,0,1
2005-06-02,38.34,38.66,38.3,38.66,33.1369731503148,75926500,0,1
2005-06-03,38.63,38.64,38.02,38.1,32.6569756085617,96998400,0,1
2005-06-06,38.12,38.19,37.96,38.11,32.6655469932359,52681400,0,1
2005-06-07,38.15,38.471,37.738,37.79,32.3912626836626,108953400,0,1
2005-06-08,37.9,37.95,37.56,37.71,32.3226916062693,79211900,0,1
2005-06-09,37.66,38.06,37.5,37.95,32.5284048384492,99383300,0,1
2005-06-10,37.89,37.9,37.38,37.547,32.1829780360805,85971700,0,1
2005-06-13,37.48,37.95,37.46,37.73,32.3398343756177,82331300,0,1
2005-06-14,37.69,37.84,37.5,37.58,32.2112636055052,62593600,0,1
2005-06-15,37.83,37.87,37.25,37.7,32.3141202215952,103952000,0,1
2005-06-16,37.74,38,37.66,37.9,32.4855479150784,90450100,0,1
2005-06-17,38.11,38.21,37.75,37.87,32.4896278941833,83915700,0.0348,1
2005-06-20,37.72,38.08,37.58,37.87,32.4896278941833,67580000,0,1
2005-06-21,37.84,38.011,37.7,37.85,32.4724693898822,97845600,0,1
2005-06-22,38,38.1,37.63,37.81,32.43815238128,75221100,0,1
2005-06-23,37.87,38.18,37.33,37.39,32.0778237909563,122163300,0,1
2005-06-24,37.38,37.41,36.958,36.97,31.7174952006326,142144100,0,1
2005-06-27,36.95,37.06,36.7,36.8,31.5716479140731,72780800,0,1
2005-06-28,36.95,37.26,36.9,37.15,31.8719217393428,73330300,0,1
2005-06-29,37.25,37.26,36.97,37.068,31.8015718717082,71513600,0,1
2005-06-30,37.14,37.21,36.75,36.78,31.5544894097719,87803700,0,1
2005-07-01,36.86,37.001,36.68,36.725,31.5073035229438,55254800,0,1
2005-07-05,36.63,37.19,36.6,37.11,31.8376047307405,79288700,0,1
2005-07-06,37.03,37.28,36.864,36.93,31.6831781920304,79101000,0,1
2005-07-07,36.58,37.09,36.5498,37.06,31.7947084699877,119466300,0,1
2005-07-08,37.08,37.81,36.993,37.77,32.4038353726777,101320700,0,1
2005-07-11,37.87,38.16,37.8,38.12,32.7041091979474,96283700,0,1
2005-07-12,38.12,38.46,38.01,38.3,32.8585357366576,86059300,0,1
2005-07-13,38.32,38.43,38.17,38.39,32.9357490060126,72135400,0,1
2005-07-14,38.659,38.88,38.52,38.77,33.261760587734,99135200,0,1
2005-07-15,38.84,39,38.649,38.89,33.3647116135408,67239200,0,1
2005-07-18,38.77,38.89,38.688,38.733,33.2300173547769,58644000,0,1
2005-07-19,38.91,39.196,38.84,39.18,33.6135099259071,77860900,0,1
2005-07-20,38.93,39.57,38.9,39.46,33.8537289861229,91433100,0,1
2005-07-21,39.56,39.693,39.21,39.47,33.8623082382735,127286000,0,1
2005-07-22,39.47,39.59,39.22,39.42,33.8194119775207,71666600,0,1
2005-07-25,39.46,39.626,39.2,39.27,33.6907231952622,51872700,0,1
2005-07-26,39.39,39.53,39.19,39.42,33.8194119775207,67324900,0,1
2005-07-27,39.43,39.76,39.226,39.72,34.0767895420375,78351100,0,1
2005-07-28,39.75,39.921,39.64,39.91,34.2397953328982,66163700,0,1
2005-07-29,39.87,39.92,39.52,39.575,33.9523903858544,74725700,0,1
2005-08-01,39.64,39.83,39.52,39.65,34.0167347769836,59748300,0,1
2005-08-02,39.7,40.14,39.654,40.08,34.3856426194578,79284100,0,1
2005-08-03,39.91,40.13,39.88,40.06,34.3684841151567,61916400,0,1
2005-08-04,39.88,39.94,39.57,39.673,34.0364670569299,72035500,0,1
2005-08-05,39.61,39.79,39.427,39.48,33.870887490424,66029500,0,1
2005-08-08,39.52,39.61,39.14,39.19,33.6220891780577,63415400,0,1
2005-08-09,39.37,39.59,39.306,39.45,33.8451497339723,62143600,0,1
2005-08-10,39.55,39.685,38.97,39.11,33.5534551608532,102317500,0,1
2005-08-11,39.13,39.541,39.1,39.432,33.8297070801013,92446700,0,1
2005-08-12,39.12,39.32,38.97,39.21,33.6392476823588,86367300,0,1
2005-08-15,39.14,39.63,39.077,39.446,33.8417180331121,63061100,0,1
2005-08-16,39.3,39.33,38.74,38.81,33.2960775963363,94596000,0,1
2005-08-17,38.92,39.17,38.79,39.04,33.4934003957992,74470500,0,1
2005-08-18,38.87,39.1,38.77,38.843,33.3243891284331,72559400,0,1
2005-08-19,38.89,39.001,38.79,38.82,33.3046568484869,52024300,0,1
2005-08-22,38.88,39.18,38.597,38.84,33.321815352788,88056300,0,1
2005-08-23,38.84,38.92,38.61,38.73,33.2274435791318,57482900,0,1
2005-08-24,38.84,39.18,38.46,38.5,33.0301207796688,95025700,0,1
2005-08-25,38.56,38.692,38.49,38.588,33.1056181985938,52328800,0,1
2005-08-26,38.53,38.6,38.27,38.4599,32.9957179785451,63840700,0,1
2005-08-29,38.26,38.85,38.26,38.76,33.2531813355835,74940400,0,1
2005-08-30,38.56,38.655,38.32,38.62,33.1330718054756,87373600,0,1
2005-08-31,38.642,39.01,38.478,38.98,33.4419248828959,93426300,0,1
2005-09-01,38.98,39.15,38.78,38.92,33.3904493699925,74884400,0,1
2005-09-02,38.99,39.031,38.74,38.77,33.261760587734,53244900,0,1
2005-09-06,38.93,39.41,38.9,39.34,33.7507779603161,78106600,0,1
2005-09-07,39.3,39.479,39.21,39.409,33.809974800155,57440100,0,1
2005-09-08,39.29,39.57,39.27,39.4,33.8022534732195,73529700,0,1
2005-09-09,39.41,39.69,39.31,39.619,33.9901390953169,75342100,0,1
2005-09-12,39.63,39.863,39.58,39.73,34.0853687941881,51689900,0,1
2005-09-13,39.679,39.91,39.54,39.63,33.9995762726825,66145800,0,1
2005-09-14,39.65,39.68,39.15,39.18,33.6135099259071,98644000,0,1
2005-09-15,39.26,39.34,39.05,39.16,33.596351421606,80421500,0,1
2005-09-16,39.25,39.46,39.109,39.4,33.8022534732195,71034100,0,1
2005-09-19,39.32,39.38,38.91,39.09,33.5362966565521,73387500,0,1
2005-09-20,39.16,39.541,38.809,38.93,33.399028622143,115202800,0,1
2005-09-21,38.82,38.87,38.47,38.5,33.0301207796688,116404300,0,1
2005-09-22,38.44,38.73,38.24,38.64,33.1502303097767,118686100,0,1
2005-09-23,38.44,38.88,38.41,38.75,33.2446020834329,70154000,0,1
2005-09-26,38.97,39.03,38.55,38.76,33.2531813355835,69327600,0,1
2005-09-27,38.8,38.9,38.51,38.67,33.1759680662284,64089500,0,1
2005-09-28,38.77,38.95,38.558,38.68,33.184547318379,72044500,0,1
2005-09-29,38.63,39.211,38.445,39.2,33.6306684302083,117634600,0,1
2005-09-30,39.153,39.48,39.13,39.46,33.8537289861229,79248500,0,1
2005-10-03,39.54,39.75,39.51,39.56,33.9395215076285,81685600,0,1
2005-10-04,39.6,39.88,39.29,39.3,33.7164609517139,85348600,0,1
2005-10-05,39.31,39.34,38.73,38.76,33.2531813355835,106152200,0,1
2005-10-06,38.73,38.86,37.92,38.25,32.8156394759047,162213700,0,1
2005-10-07,38.41,38.57,38.179,38.34,32.8928527452598,91119900,0,1
2005-10-10,38.29,38.461,38.06,38.13,32.712688450098,64012000,0,1
2005-10-11,38.21,38.24,37.8,37.94,32.5496826592373,114736900,0,1
2005-10-12,37.76,38.056,37.43,37.487,32.1610425368168,146109500,0,1
2005-10-13,37.47,37.91,37.33,37.78,32.4124146248283,138569600,0,1
2005-10-14,37.87,38.07,37.64,38.06,32.652633685044,131463200,0,1
2005-10-17,38.056,38.19,37.82,38.18,32.7555847108508,64080400,0,1
2005-10-18,38.145,38.18,37.91,37.91,32.5239449027856,88070400,0,1
2005-10-19,37.74,38.672,37.61,38.67,33.1759680662284,132879900,0,1
2005-10-20,38.66,38.85,38.1,38.306,32.8636832879479,132576900,0,1
2005-10-21,38.699,38.86,38.3288,38.55,33.0730170404216,110032000,0,1
2005-10-24,38.712,39.181,38.467,39.16,33.596351421606,110820900,0,1
2005-10-25,39.08,39.1901,38.77,39.01,33.4676626393476,86665800,0,1
2005-10-26,38.96,39.274,38.76,38.81,33.2960775963363,89878100,0,1
2005-10-27,38.78,38.8,38.03,38.03,32.6268959285923,132231100,0,1
2005-10-28,38.17,38.392,37.92,38.322,32.8774100913888,95243900,0,1
2005-10-31,38.43,39.05,38.42,38.87,33.3475531092397,115279100,0,1
2005-11-01,38.76,39.01,38.71,38.84,33.321815352788,73502300,0,1
2005-11-02,38.725,39.46,38.71,39.347,33.7567834368215,101409900,0,1
2005-11-03,39.74,40.0901,39.68,39.94,34.2655330893499,137054000,0,1
2005-11-04,39.994,40.23,39.84,40.08,34.3856426194578,100944500,0,1
2005-11-07,40.2,40.29,39.95,40.13,34.4285388802106,65324500,0,1
2005-11-08,40.064,40.35,39.99,40.14,34.4371181323612,78859700,0,1
2005-11-09,40.12,40.33,40.03,40.159,34.4534187114473,72458800,0,1
2005-11-10,40.18,40.69,39.92,40.6,34.8317637312871,120763100,0,1
2005-11-11,40.77,40.918,40.68,40.71,34.9261355049433,80057200,0,1
2005-11-14,40.77,40.86,40.603,40.714,34.9295672058035,53652400,0,1
2005-11-15,40.73,40.9,40.38,40.52,34.7631297140826,79543500,0,1
2005-11-16,40.645,40.78,40.46,40.768,34.9758951674166,65895700,0,1
2005-11-17,40.91,41.32,40.85,41.307,35.438316858332,94425500,0,1
2005-11-18,41.52,41.651,41.0253,41.45,35.561000164085,108820200,0,1
2005-11-21,41.397,41.581,41.24,41.549,35.6459347603756,69731400,0,1
2005-11-22,41.46,41.87,41.36,41.7,35.7754814678491,88814000,0,1
2005-11-23,41.73,42.02,41.71,41.8,35.8612739893547,64101200,0,1
2005-11-25,41.84,41.94,41.73,41.89,35.9384872587098,22930200,0,1
2005-11-28,41.97,42,41.5,41.54,35.6382134334401,74716200,0,1
2005-11-29,41.76,41.85,41.34,41.343,35.469202166074,77443000,0,1
2005-11-30,41.29,41.49,41.189,41.24,35.3808358689232,88044400,0,1
2005-12-01,41.51,42.05,41.5,42.007,36.0388645088714,91914100,0,1
2005-12-02,41.932,42.133,41.87,42.107,36.124657030377,72929200,0,1
2005-12-05,42.05,42.06,41.629,41.8,35.8612739893547,61519900,0,1
2005-12-06,42.03,42.31,41.9,41.936,35.9779518186024,81509400,0,1
2005-12-07,42.01,42.03,41.629,41.86,35.9127495022581,83885500,0,1
2005-12-08,41.96,42,41.27,41.561,35.6562298629563,112043200,0,1
2005-12-09,41.571,41.77,41.3799,41.715,35.7883503460749,56526900,0,1
2005-12-12,41.87,41.94,41.68,41.867,35.9187549787635,44863600,0,1
2005-12-13,41.82,42.211,41.76,42.045,36.0714656670435,76611600,0,1
2005-12-14,41.95,42.096,41.708,41.899,35.9462085856453,73581600,0,1
2005-12-15,42,42.07,41.608,41.97,36.0071212759143,72607200,0,1
2005-12-16,41.87,41.94,41.549,41.58,35.7592666812845,63743000,0.1011,1
2005-12-19,41.68,41.71,40.9,40.92,35.1916592736451,75341700,0,1
2005-12-20,40.95,41.15,40.75,40.95,35.217459610356,70257700,0,1
2005-12-21,41.02,41.41,40.95,41.13,35.3722616306213,68935000,0,1
2005-12-22,41.11,41.462,40.98,41.397,35.6018846273481,59149500,0,1
2005-12-23,41.51,41.59,41.299,41.403,35.6070446946903,38000400,0,1
2005-12-27,41.52,41.68,40.97,41.038,35.2931405980412,55656300,0,1
2005-12-28,41.06,41.23,40.87,40.99,35.2518600593038,50302400,0,1
2005-12-29,41.03,41.12,40.65,40.72,35.0196570289059,47301700,0,1
2005-12-30,40.55,40.58,40.36,40.412,34.7547735720075,60026500,0,1
2006-01-03,40.65,41.49,40.16,41.31,35.5270636508866,109350400,0,1
2006-01-04,41.41,41.74,41.3158,41.74,35.8968684770759,92769400,0,1
2006-01-05,41.75,42,41.7065,41.92,36.0516704973412,77656900,0,1
2006-01-06,42.26,42.7,42.06,42.68,36.7052790273503,110053900,0,1
2006-01-09,42.66,42.9201,42.52,42.8499,36.8513949342562,80768800,0,1
2006-01-10,42.64,42.92,42.55,42.88,36.8772812720895,84369400,0,1
2006-01-11,43.02,43.31,42.87,43.21,37.1610849759092,100761400,0,1
2006-01-12,43.16,43.29,42.85,43,36.980482618933,82429200,0,1
2006-01-13,42.94,43.05,42.73,42.98,36.9632823944591,64572100,0,1
2006-01-17,42.66,42.79,42.5,42.7,36.7224792518242,77962100,0,1
2006-01-18,42.04,42.46,42.02,42.21,36.3010737522131,121021900,0,1
2006-01-19,42.4,42.82,42.29,42.52,36.5676772315589,111094000,0,1
2006-01-20,42.44,42.49,41.15,41.25,35.4754629774648,188569400,0,1
2006-01-23,41.37,41.45,41.08,41.26,35.4840630897018,111381900,0,1
2006-01-24,41.36,41.7,41.31,41.44,35.6388651099671,77956900,0,1
2006-01-25,41.64,41.67,41.08,41.26,35.4840630897018,99826400,0,1
2006-01-26,41.5,41.69,41.23,41.55,35.7334663445736,112600600,0,1
2006-01-27,41.8,42.39,41.74,42.11,36.2150726298435,110830400,0,1
2006-01-30,42.18,42.32,42.07,42.19,36.2838735277391,53942600,0,1
2006-01-31,42.17,42.27,41.81,42,36.1204713952369,100988100,0,1
2006-02-01,41.74,42.17,41.7,42.15,36.2494730787913,89168700,0,1
2006-02-02,42.01,42.08,41.41,41.43,35.6302649977301,94047400,0,1
2006-02-03,41.12,41.23,40.78,40.92,35.1916592736451,121094200,0,1
2006-02-06,40.89,41.01,40.59,40.81,35.0970580390385,58162800,0,1
2006-02-07,40.72,40.93,40.44,40.63,34.9422560187732,87327000,0,1
2006-02-08,40.92,41.15,40.69,41.1,35.3464612939104,89907800,0,1
2006-02-09,41.21,41.37,40.63,40.71,35.0110569166689,78213400,0,1
2006-02-10,40.68,41.06,40.26,40.96,35.2260597225929,102575900,0,1
2006-02-13,40.7,40.74,40.3,40.49,34.8218544474558,70643100,0,1
2006-02-14,40.57,41.02,40.41,40.9,35.1744590491712,94340300,0,1
2006-02-15,40.79,41.26,40.73,41.16,35.3980619673321,92254300,0,1
2006-02-16,41.31,41.55,41.15,41.54,35.7248662323367,103859600,0,1
2006-02-17,41.46,41.46,41.2,41.21,35.441062528517,81770200,0,1
2006-02-21,41.22,41.27,40.61,40.75,35.0454573656167,85101400,0,1
2006-02-22,40.8,41.54,40.68,41.26,35.4840630897018,91983900,0,1
2006-02-23,41.19,41.54,41.08,41.15,35.3894618550952,66517100,0,1
2006-02-24,41.15,41.29,41.01,41.26,35.4840630897018,57085400,0,1
2006-02-27,41.36,41.87,41.33,41.72,35.879668252602,64945000,0,1
2006-02-28,41.61,41.72,40.97,41.1,35.3464612939104,117564600,0,1
2006-03-01,41.23,41.7701,41.15,41.66,35.8280675791802,80962300,0,1
2006-03-02,41.57,41.84,41.41,41.69,35.8538679158911,69856500,0,1
2006-03-03,41.45,42.01,41.39,41.45,35.647465222204,112066100,0,1
2006-03-06,41.54,41.63,40.96,41.09,35.3378611816734,99581000,0,1
2006-03-07,41.02,41.07,40.65,40.85,35.1314584879864,96441100,0,1
2006-03-08,40.76,41.09,40.5,40.87,35.1486587124603,103961900,0,1
2006-03-09,41.01,41.1501,40.47,40.52,34.8476547841666,108556700,0,1
2006-03-10,40.48,40.79,40.19,40.56,34.8820552331145,124474900,0,1
2006-03-13,40.74,40.94,40.62,40.68,34.985256579958,69169100,0,1
2006-03-14,40.64,41.42,40.64,41.37,35.5786643243083,118201000,0,1
2006-03-15,41.53,41.72,41.32,41.72,35.879668252602,84375800,0,1
2006-03-16,41.85,41.9201,41.33,41.37,35.5786643243083,101371200,0,1
2006-03-17,41.34,41.59,41.23,41.45,35.6724915488136,78219600,0.0291,1
2006-03-20,41.57,41.68,41.4,41.55,35.7585530483282,60240100,0,1
2006-03-21,41.5,42.01,41.08,41.11,35.3798824504638,136566000,0,1
2006-03-22,40.88,41.28,40.86,41.21,35.4659439499785,112282800,0,1
2006-03-23,41.09,41.22,40.82,41.09,35.3626701505609,75158200,0,1
2006-03-24,41.23,41.5001,41.02,41.3,35.5433992995416,81795500,0,1
2006-03-27,41.28,41.51,41.24,41.31,35.5520054494931,54400400,0,1
2006-03-28,41.39,41.67,40.99,41.14,35.4057009003182,100522800,0,1
2006-03-29,41.2,42.1,41.17,41.92,36.0769805965323,130669100,0,1
2006-03-30,42.01,42.3001,41.79,42.05,36.1888605459013,115915600,0,1
2006-03-31,42.13,42.19,41.84,41.93,36.0855867464838,71074600,0,1
2006-04-03,42.15,42.37,41.9,41.98,36.1286174962411,80730700,0,1
2006-04-04,42.05,42.31,41.93,42.21,36.3265589451248,89952600,0,1
2006-04-05,42.3,42.67,42.21,42.61,36.6708049431833,91628200,0,1
2006-04-06,42.59,42.94,42.4404,42.73,36.7740787426008,91712800,0,1
2006-04-07,42.88,43.05,42.3,42.32,36.4212265945908,116604300,0,1
2006-04-10,42.4,42.5,42.09,42.26,36.3695896948821,58981900,0,1
2006-04-11,42.39,42.43,41.71,41.92,36.0769805965323,91481900,0,1
2006-04-12,41.94,42.08,41.8,41.93,36.0855867464838,58751200,0,1
2006-04-13,41.91,42.33,41.79,42.1,36.2318912956587,63476900,0,1
2006-04-17,42.04,42.21,41.39,41.66,35.8532206977943,104072100,0,1
2006-04-18,41.77,42.56,41.77,42.46,36.5417126939113,124291700,0,1
2006-04-19,42.54,42.65,42.3,42.65,36.7052295429891,79050300,0,1
2006-04-20,42.64,42.82,42.38,42.5,36.5761372937172,81408000,0,1
2006-04-21,42.66,42.86,41.82,42,36.145829796144,130181200,0,1
2006-04-24,41.95,42.07,41.72,41.96,36.1114051963382,78556400,0,1
2006-04-25,42.07,42.1,41.65,41.87,36.033949846775,77660800,0,1
2006-04-26,41.86,42.06,41.7,41.86,36.0253436968236,82537000,0,1
2006-04-27,41.67,42.49,41.5,42.26,36.3695896948821,173950100,0,1
2006-04-28,42,42.22,41.78,41.85,36.0167375468721,88876600,0,1
2006-05-01,41.92,42.3,41.31,41.44,35.6638853988621,92875500,0,1
2006-05-02,41.62,41.73,41.4,41.55,35.7585530483282,85148100,0,1
2006-05-03,41.57,41.64,41.28,41.49,35.7069161486194,74971600,0,1
2006-05-04,41.53,41.99,41.53,41.83,35.9995252469692,88696800,0,1
2006-05-05,42.11,42.21,41.94,42.16,36.2835281953674,80392200,0,1
2006-05-08,42.08,42.28,42.07,42.2,36.3179527951733,45079100,0,1
2006-05-09,42.1,42.18,41.97,42.04,36.1802543959499,48528800,0,1
2006-05-10,41.93,41.98,41.55,41.67,35.8618268477458,92424200,0,1
2006-05-11,41.63,41.65,40.63,40.74,35.0614549022597,140989700,0,1
2006-05-12,40.56,40.76,39.96,40.19,34.5881166549293,153920800,0,1
2006-05-15,40.03,40.34,39.79,40.16,34.5622982050749,127896500,0,1
2006-05-16,40.16,40.26,39.77,39.86,34.304113706531,132397500,0,1
2006-05-17,39.68,39.81,39.23,39.32,33.839381609152,207897100,0,1
2006-05-18,39.49,39.66,39,39.05,33.6070155604625,139690900,0,1
2006-05-19,39.17,39.47,38.75,39.35,33.8652000590064,194306300,0,1
2006-05-22,39.02,39.24,38.62,38.97,33.5381663608508,169591800,0,1
2006-05-23,39.26,39.3801,38.57,38.59,33.2111326626952,142243900,0,1
2006-05-24,38.53,39.04,38.23,38.85,33.4348925614332,234981600,0,1
2006-05-25,39.08,39.38,38.82,39.36,33.8738062089578,123510900,0,1
2006-05-26,39.45,39.58,39.23,39.49,33.9856861583269,91319600,0,1
2006-05-30,39.31,39.33,38.61,38.64,33.2541634124525,105606200,0,1
2006-05-31,38.72,39.06,38.54,38.82,33.4090741115788,137066200,0,1
2006-06-01,38.91,39.74,38.84,39.74,34.2008399071134,119357400,0,1
2006-06-02,39.97,40,39.31,39.642,34.1164996375891,128864100,0,1
2006-06-05,39.55,39.56,38.78,38.78,33.374649511773,103190600,0,1
2006-06-06,38.85,38.95,38.35,38.75,33.3488310619186,127271000,0,1
2006-06-07,38.8,39.17,38.45,38.46,33.0992527133262,130754700,0,1
2006-06-08,38.27,38.56,37.49,38.4,33.0476158136174,280562200,0,1
2006-06-09,38.54,38.74,38.11,38.3,32.9615543141028,144146200,0,1
2006-06-12,38.05,38.26,37.39,37.4,32.1870008184711,145607500,0,1
2006-06-13,37.52,37.8,37.16,37.25,32.0579085691992,207099500,0,1
2006-06-14,37.36,37.71,37.2,37.63,32.3849422673548,201876800,0,1
2006-06-15,37.84,38.79,37.8,38.65,33.262769562404,200700400,0,1
2006-06-16,38.55,38.68,38.2,38.34,33.0180967192839,120006100,0.0257,1
2006-06-19,38.5,38.54,37.91,38.03,32.7511272361598,129450100,0,1
2006-06-20,38.09,38.48,37.94,38.08,32.7941868302121,102871700,0,1
2006-06-21,38.14,38.99,38.13,38.68,33.3109019588393,129548100,0,1
2006-06-22,38.6,38.68,37.99,38.19,32.8889179371271,143100500,0,1
2006-06-23,38.16,38.53,37.93,38.15,32.8544702618852,88050200,0,1
2006-06-26,38.17,38.39,38.07,38.25,32.9405894499898,65157700,0,1
2006-06-27,38.28,38.33,37.49,37.53,32.320531295637,128227500,0,1
2006-06-28,37.63,37.84,37.38,37.81,32.5616650223298,91576300,0,1
2006-06-29,37.96,38.96,37.9,38.96,33.5520356855321,181997200,0,1
2006-06-30,39.12,39.14,38.68,38.77,33.3884092281334,82719200,0,1
2006-07-03,38.88,39,38.81,39,33.5864833607739,21598500,0,1
2006-07-05,38.64,38.68,38.09,38.15,32.8544702618852,93724000,0,1
2006-07-06,38.26,38.48,38.01,38.11,32.8200225866434,70615200,0,1
2006-07-07,37.89,38.17,37.57,37.69,32.4583219966043,108063300,0,1
2006-07-10,37.79,37.93,37.17,37.36,32.1741286758593,105109800,0,1
2006-07-11,37.28,37.74,37.08,37.64,32.415262402552,136114200,0,1
2006-07-12,37.56,37.64,36.84,36.93,31.8038161670097,154458900,0,1
2006-07-13,36.66,37.04,36.31,36.31,31.2698772007616,177745500,0,1
2006-07-14,36.3,36.38,35.79,35.94,30.9512362047747,172448500,0,1
2006-07-17,35.95,36.25,35.87,36.03,31.0287434740688,134311000,0,1
2006-07-18,36.22,36.33,35.54,36.15,31.1320864997943,206964900,0,1
2006-07-19,36.1,36.83,36.09,36.62,31.5368466838856,192517600,0,1
2006-07-20,36.74,36.8,36.04,36.08,31.0718030681211,152292100,0,1
2006-07-21,35.88,35.96,35.62,35.7,30.7445501533238,119343000,0,1
2006-07-24,35.85,36.4301,35.8,36.41,31.3559963888661,130269300,0,1
2006-07-25,36.47,36.74,36.24,36.62,31.5368466838856,108869600,0,1
2006-07-26,36.5,36.87,36.23,36.59,31.5110109274543,107170500,0,1
2006-07-27,36.73,37.04,36.25,36.35,31.3043248760034,99698700,0,1
2006-07-28,36.56,37.14,36.5,37.11,31.9588307055979,93556100,0,1
2006-07-31,37.08,37.32,36.89,37.1,31.9502187867875,78015300,0,1
2006-08-01,36.79,36.8,36.26,36.48,31.4162798205393,98552800,0,1
2006-08-02,36.61,37.13,36.61,36.89,31.7693684917679,87370600,0,1
2006-08-03,36.54,37.34,36.48,37.12,31.9674426244084,99205600,0,1
2006-08-04,37.42,37.63,36.62,36.95,31.8210400046307,123493800,0,1
2006-08-07,36.92,36.94,36.53,36.71,31.6143539531797,69634800,0,1
2006-08-08,36.81,36.9,36.26,36.48,31.4162798205393,124139900,0,1
2006-08-09,37.01,37.31,36.43,36.53,31.4593394145916,145342200,0,1
2006-08-10,36.46,36.88,36.31,36.79,31.6832493036634,102481300,0,1
2006-08-11,36.46,36.69,36.37,36.53,31.4593394145916,86903200,0,1
2006-08-14,36.86,37.27,36.7,36.77,31.6660254660425,109281100,0,1
2006-08-15,37.22,37.75,37.09,37.7,32.4669339154148,133712100,0,1
2006-08-16,37.99,38.61,37.84,38.58,33.2247827707348,135452100,0,1
2006-08-17,38.47,38.98,38.44,38.73,33.3539615528916,129492200,0,1
2006-08-18,38.65,38.83,38.28,38.79,33.4056330657544,97754500,0,1
2006-08-21,38.47,38.56,38.26,38.42,33.0869920697675,66668400,0,1
2006-08-22,38.36,38.81,38.2,38.43,33.095603988578,102058600,0,1
2006-08-23,38.47,38.67,37.92,38.14,32.8458583430748,96056300,0,1
2006-08-24,38.26,38.35,37.92,38.25,32.9405894499898,78985300,0,1
2006-08-25,38.17,38.64,38.06,38.32,33.000872881663,73572900,0,1
2006-08-28,38.28,38.79,38.24,38.61,33.2506185271662,80035000,0,1
2006-08-29,38.58,38.76,38.18,38.73,33.3539615528916,104842000,0,1
2006-08-30,38.74,39.03,38.6,38.91,33.5089760914798,75687200,0,1
2006-08-31,38.94,39.03,38.76,38.87,33.474528416238,61207200,0,1
2006-09-01,39.07,39.21,38.9,39.08,33.6553787112575,69388500,0,1
2006-09-05,39.11,39.48,38.85,39.46,33.9826316260548,85582800,0,1
2006-09-06,39.08,39.19,38.61,38.67,33.3022900400289,97888600,0,1
2006-09-07,38.57,38.9,38.36,38.4799,33.1385774634421,115877400,0,1
2006-09-08,38.54,38.82,38.46,38.72,33.3453496340812,96627000,0,1
2006-09-11,38.41,39.15,38.3199,38.96,33.5520356855321,142377500,0,1
2006-09-12,38.95,39.8,38.95,39.68,34.1720938398848,124102400,0,1
2006-09-13,39.73,39.982,39.63,39.96,34.4132275665776,116054300,0,1
2006-09-14,39.85,40.22,39.76,39.99,34.4390633230089,98116000,0,1
2006-09-15,40.35,40.46,40,40.11,34.5625582387509,137825600,0.0234,1
2006-09-18,40.12,40.4,39.94,40.1101,34.5626444081805,117806700,0,1
2006-09-19,40.24,40.25,39.52,39.85,34.3385177216211,159060800,0,1
2006-09-20,40.2,40.54,40.19,40.43,34.8383004136798,116635500,0,1
2006-09-21,40.52,40.67,40.08,40.18,34.6228768395166,121886900,0,1
2006-09-22,40.15,40.16,39.7,39.87,34.3557516075541,100996400,0,1
2006-09-25,40.05,40.66,39.68,40.57,34.9589376152112,136473400,0,1
2006-09-26,40.52,40.8,40.4,40.77,35.1312764745418,113375600,0,1
2006-09-27,40.7,40.95,40.5,40.72,35.0881917597092,113003800,0,1
2006-09-28,40.77,40.89,40.43,40.83,35.182978132341,85943600,0,1
2006-09-29,40.89,40.93,40.62,40.65,35.0278731589435,85438200,0,1
2006-10-02,40.6,40.7,40.08,40.14,34.5884090676504,97068800,0,1
2006-10-03,40.05,40.48,39.88,40.31,34.7348970980815,116261400,0,1
2006-10-04,40.22,41.31,40.14,41.3,35.5879744517679,149209500,0,1
2006-10-05,41.28,41.56,41.18,41.5,35.7603133110985,91799900,0,1
2006-10-06,41.38,41.56,41.24,41.41,35.6827608243997,85450400,0,1
2006-10-09,41.37,41.74,41.32,41.55,35.8033980259311,62786100,0,1
2006-10-10,41.61,41.75,41.31,41.62,35.8637166266968,98181800,0,1
2006-10-11,41.43,41.83,41.17,41.54,35.7947810829646,136561300,0,1
2006-10-12,41.76,42.25,41.7,42.23,36.3893501476552,95260200,0,1
2006-10-13,42.22,42.52,42.14,42.43,36.5616890069858,80470200,0,1
2006-10-16,42.43,42.62,42.4,42.45,36.5789228929188,62017400,0,1
2006-10-17,42.17,42.2,41.76,42,36.191160459425,146149100,0,1
2006-10-18,42.22,42.31,41.65,41.8,36.0188216000944,120366100,0,1
2006-10-19,41.69,42.1101,41.59,41.9,36.1049910297597,108198400,0,1
2006-10-20,42.05,42.084,41.64,42,36.191160459425,105454300,0,1
2006-10-23,41.92,42.58,41.82,42.43,36.5616890069858,126960500,0,1
2006-10-24,42.29,42.45,41.92,42.13,36.3031807179899,103541700,0,1
2006-10-25,42.14,42.52,42.05,42.43,36.5616890069858,125399500,0,1
2006-10-26,42.57,42.92,42.22,42.82,36.8977497826804,130260700,0,1
2006-10-27,42.73,42.82,42.08,42.21,36.3721162617221,129375000,0,1
2006-10-30,42.17,42.65,42.06,42.48,36.6047737218184,103899900,0,1
2006-10-31,42.56,42.76,42.31,42.58,36.6909431514837,135811800,0,1
2006-11-01,42.73,42.77,41.82,42,36.191160459425,148960600,0,1
2006-11-02,41.815,42.14,41.74,42.04,36.2256282312911,100216400,0,1
2006-11-03,42.1,42.19,41.61,41.93,36.1308418586593,119263300,0,1
2006-11-06,42.06,42.71,42.06,42.54,36.6564753796176,101283300,0,1
2006-11-07,42.53,43.09,42.47,42.83,36.9063667256469,139706500,0,1
2006-11-08,42.58,43.2,42.47,43.03,37.0787055849775,180245700,0,1
2006-11-09,43.27,43.35,42.67,42.8,36.8805158967474,124278000,0,1
2006-11-10,42.84,43.04,42.67,43.03,37.0787055849775,82419400,0,1
2006-11-13,43.06,43.54,43,43.46,37.4492341325383,89146200,0,1
2006-11-14,43.5,43.97,43.24,43.93,37.8542304519652,121962800,0,1
2006-11-15,43.98,44.4,43.92,44.11,38.0093354253628,116565900,0,1
2006-11-16,44.25,44.42,44.02,44.3,38.1730573417268,113513200,0,1
2006-11-17,44.06,44.3,43.95,44.3,38.1730573417268,95162500,0,1
2006-11-20,44.16,44.48,44.01,44.39,38.2506098284256,107184100,0,1
2006-11-21,44.42,44.51,44.25,44.45,38.3023114862248,68092200,0,1
2006-11-22,44.58,44.75,44.26,44.73,38.5435858892876,69852700,0,1
2006-11-24,44.4,44.86,44.38,44.65,38.4746503455554,51762900,0,1
2006-11-27,44.52,44.61,43.64,43.66,37.6215729918689,159506300,0,1
2006-11-28,43.52,43.84,43.34,43.77,37.7163593645007,118268400,0,1
2006-11-29,44,44.18,43.66,44.07,37.9748676534966,139515500,0,1
2006-11-30,44.05,44.28,43.79,44.04,37.9490168245971,123457100,0,1
2006-12-01,44,44.35,43.26,43.66,37.6215729918689,144559600,0,1
2006-12-04,43.79,44.48,43.79,44.26,38.1385895698607,89782400,0,1
2006-12-05,44.39,44.55,44.19,44.42,38.2764606573252,84697500,0,1
2006-12-06,44.29,44.4,44.07,44.26,38.1385895698607,78207500,0,1
2006-12-07,44.34,44.48,43.7,43.7,37.656040763735,124936100,0,1
2006-12-08,43.57,44.26,43.47,43.9,37.8283796230656,133798700,0,1
2006-12-11,43.835,44.37,43.75,44.06,37.9662507105301,72931300,0,1
2006-12-12,44.05,44.13,43.56,43.8,37.7422101934003,110985900,0,1
2006-12-13,44.105,44.11,43.62,43.88,37.8111457371326,79035500,0,1
2006-12-14,43.97,44.57,43.94,44.37,38.2333759424925,109104200,0,1
2006-12-15,44.66,44.76,44.35,44.43,38.3320313225163,99942300,0.0545,1
2006-12-18,44.58,44.75,43.8,43.99,37.9524208390163,121588700,0,1
2006-12-19,43.65,44.06,43.38,43.85,37.8316356851754,136535200,0,1
2006-12-20,43.89,44.11,43.67,43.69,37.6935955093572,67213400,0,1
2006-12-21,43.76,43.79,43.21,43.38,37.4261426687094,102952300,0,1
2006-12-22,43.39,43.41,42.93,42.93,37.0379046742207,92858600,0,1
2006-12-26,42.93,43.12,42.88,43.11,37.1931998720162,50848600,0,1
2006-12-27,43.19,43.4,43.1,43.33,37.3830051137662,54129200,0,1
2006-12-28,43.2,43.38,43.05,43.12,37.2018273830048,69016000,0,1
2006-12-29,43.21,43.61,43.12,43.16,37.2363374269594,75152500,0,1
2007-01-03,43.46,44.06,42.52,43.24,37.3053575148685,167689500,0,1
2007-01-04,43.3,44.21,43.15,44.06,38.0128134159367,136853500,0,1
2007-01-05,43.93,43.95,43.48,43.85,37.8316356851754,138958800,0,1
2007-01-08,43.88,44.12,43.64,43.88,37.8575182181413,106401600,0,1
2007-01-09,44,44.29,43.63,44.1,38.0473234598913,121577500,0,1
2007-01-10,43.96,44.66,43.82,44.62,38.4959540313004,121070100,0,1
2007-01-11,44.71,45.24,44.65,45.08,38.8928195367778,174029800,0,1
2007-01-12,45.02,45.35,44.97,45.31,39.0912522895164,104217300,0,1
2007-01-16,45.33,45.4,45.13,45.28,39.0653697565505,95690500,0,1
2007-01-17,45.09,45.29,44.83,44.91,38.7461518499709,127142600,0,1
2007-01-18,44.79,44.84,43.95,44.08,38.030068437914,189029800,0,1
2007-01-19,43.98,44.2801,43.91,44.17,38.1077160368118,127544300,0,1
2007-01-22,44.21,44.23,43.51,43.69,37.6935955093572,123441700,0,1
2007-01-23,43.64,43.9801,43.5,43.58,37.5986928884821,133103600,0,1
2007-01-24,43.87,44.32,43.77,44.3,38.219873679664,117615300,0,1
2007-01-25,44.37,44.47,43.58,43.73,37.7281055533117,158337600,0,1
2007-01-26,43.81,43.83,43.29,43.57,37.5900653774935,146284300,0,1
2007-01-29,43.45,43.91,43.4,43.61,37.6245754214481,104191500,0,1
2007-01-30,43.68,43.79,43.52,43.63,37.6418304434253,69605900,0,1
2007-01-31,43.6,44.19,43.33,44.07,38.0214409269254,157772500,0,1
2007-02-01,44.27,44.4,43.85,44.02,37.9783033719822,147365600,0,1
2007-02-02,44.11,44.25,43.94,44.16,38.0990885258231,98189200,0,1
2007-02-05,44.14,44.36,43.96,44.12,38.0645784818686,96347800,0,1
2007-02-06,44.2,44.23,43.64,44.05,38.0041859049481,121110200,0,1
2007-02-07,44.29,44.65,44.12,44.46,38.3579138554822,117823800,0,1
2007-02-08,44.39,44.6,44.23,44.45,38.3492863444936,89521900,0,1
2007-02-09,44.57,44.72,43.73,43.84,37.8230081741867,133472000,0,1
2007-02-12,43.88,43.89,43.59,43.7,37.7022230203458,126940000,0,1
2007-02-13,43.79,44,43.7,43.86,37.840263196164,93648000,0,1
2007-02-14,44.05,44.71,44.04,44.6,38.4786990093232,133370000,0,1
2007-02-15,44.63,44.86,44.55,44.86,38.7030142950277,110452500,0,1
2007-02-16,44.68,44.83,44.57,44.71,38.5736016301982,72342200,0,1
2007-02-20,44.65,45.12,44.43,44.68,38.5477190972323,93629000,0,1
2007-02-21,44.92,45.21,44.83,45.19,38.9877221576528,95864000,0,1
2007-02-22,45.36,45.55,45.07,45.42,39.1861549103914,116344400,0,1
2007-02-23,45.42,45.46,45.06,45.26,39.0481147345732,113467100,0,1
2007-02-26,45.48,45.5,43.15,45.04,38.8583094928232,101623700,0,1
2007-02-27,44.36,44.48,43.06,43.19,37.2622199599253,317813200,0,1
2007-02-28,43.16,43.76,42.93,43.33,37.3830051137662,214978700,0,1
2007-03-01,42.55,43.54,42.24,43.13,37.2104548939935,231806500,0,1
2007-03-02,42.78,43.14,42.47,42.48,36.649666679732,183359400,0,1
2007-03-05,42.16,42.8,42.06,42.15,36.364958817107,171885400,0,1
2007-03-06,42.56,42.99,42.5,42.85,36.9688845863116,155551800,0,1
2007-03-07,42.86,42.98,42.65,42.68,36.8222168995048,119979300,0,1
2007-03-08,43.13,43.24,42.84,42.97,37.0724147181753,120900700,0,1
2007-03-09,43.33,43.34,42.65,42.93,37.0379046742207,128597600,0,1
2007-03-12,42.88,43.28,42.83,43.21,37.2794749819026,81310100,0,1
2007-03-13,43,43.24,42.36,42.37,36.554764058857,171231800,0,1
2007-03-14,42.43,43,42.1,42.99,37.0896697401525,192586700,0,1
2007-03-15,42.9,43.06,42.72,42.89,37.0033946302662,111627400,0,1
2007-03-16,42.94,43.04,42.61,42.83,36.974665018674,108328800,0.0267,1
2007-03-19,43.06,43.39,42.95,43.27,37.3545121493818,95913200,0,1
2007-03-20,43.26,43.59,43.21,43.58,37.6221317187442,78755700,0,1
2007-03-21,43.63,44.44,43.35,44.42,38.3472944228228,173333500,0,1
2007-03-22,44.44,44.45,44.09,44.26,38.2091681934745,114856300,0,1
2007-03-23,44.26,44.37,44.07,44.12,38.0883077427947,68530300,0,1
2007-03-26,44.14,44.32,43.63,44.3,38.2436997508115,114237300,0,1
2007-03-27,44.23,44.24,43.95,43.99,37.9760801814492,76419200,0,1
2007-03-28,43.785,44.03,43.51,43.52,37.5703343827386,142795000,0,1
2007-03-29,43.84,43.85,43.1,43.57,37.6134988294099,124407000,0,1
2007-03-30,43.56,43.87,43.2215,43.53,37.5789672720728,120418700,0,1
2007-04-02,43.67,43.76,43.3,43.59,37.6307646080784,89617700,0,1
2007-04-03,43.82,44.31,43.79,44.16,38.1228393001318,105814500,0,1
2007-04-04,44.2,44.38,44.13,44.34,38.2782313081486,85147200,0,1
2007-04-05,44.29,44.58,44.23,44.56,38.4681548735025,54220200,0,1
2007-04-09,44.71,44.75,44.38,44.45,38.3731930908256,63050200,0,1
2007-04-10,44.44,44.68,44.41,44.68,38.5717495455138,76364500,0,1
2007-04-11,44.64,44.66,44.07,44.21,38.1660037468031,114012300,0,1
2007-04-12,44.135,44.62,43.95,44.56,38.4681548735025,113801300,0,1
2007-04-13,44.57,44.72,44.29,44.65,38.5458508775109,94572000,0,1
2007-04-16,44.83,45.15,44.83,45.06,38.899799340216,72803200,0,1
2007-04-17,45.14,45.2,44.96,45.16,38.9861282335587,81852300,0,1
2007-04-18,44.93,45.23,44.83,45.01,38.8566348935446,82002500,0,1
2007-04-19,44.81,45.25,44.72,45.15,38.9774953442244,95413000,0,1
2007-04-20,45.52,45.67,45.2,45.4,39.1933175775811,122377400,0,1
2007-04-23,45.44,45.6,45.34,45.47,39.253747802921,85303300,0,1
2007-04-24,45.63,45.83,45.33,45.7,39.4523042576092,108143700,0,1
2007-04-25,45.85,46.32,45.7,46.31,39.9789105069996,106818100,0,1
2007-04-26,46.42,46.65,46.33,46.55,40.186099851022,99308300,0,1
2007-04-27,46.37,46.7,46.29,46.57,40.2033656296906,96536500,0,1
2007-04-30,46.5,46.53,45.92,45.96,39.6767593803002,93290500,0,1
2007-05-01,45.97,46.14,45.66,45.915,39.637911378296,135044400,0,1
2007-05-02,46.09,46.58,46.05,46.42,40.0738722896766,91971600,0,1
2007-05-03,46.53,46.72,46.43,46.59,40.2206314083591,98003600,0,1
2007-05-04,46.77,46.89,46.42,46.63,40.2551629656962,93591800,0,1
2007-05-07,46.65,46.78,46.57,46.63,40.2551629656962,47487900,0,1
2007-05-08,46.65,46.77,46.3,46.73,40.3414918590389,95138900,0,1
2007-05-09,46.49,46.97,46.46,46.83,40.4278207523816,116021000,0,1
2007-05-10,46.67,46.78,46.07,46.19,39.8753158349884,171196300,0,1
2007-05-11,46.24,46.78,46.18,46.78,40.3846563057102,104767900,0,1
2007-05-14,46.77,46.88,46.19,46.46,40.1084038470136,118899200,0,1
2007-05-15,46.41,46.7,45.99,46.1,39.7976198309799,179438500,0,1
2007-05-16,46.21,46.56,45.91,46.55,40.186099851022,144420500,0,1
2007-05-17,46.5,46.57,46.29,46.33,39.9961762856681,109869100,0,1
2007-05-18,46.48,46.71,46.38,46.71,40.3242260803704,104961700,0,1
2007-05-21,46.74,47.24,46.67,47.01,40.5832127603984,112831400,0,1
2007-05-22,47.04,47.28,46.87,47.05,40.6177443177355,98029100,0,1
2007-05-23,47.19,47.37,46.82,46.83,40.4278207523816,119220600,0,1
2007-05-24,46.855,47.04,45.97,46.16,39.8494171669856,206268600,0,1
2007-05-25,46.26,46.56,46.18,46.45,40.0997709576794,87143200,0,1
2007-05-29,46.49,46.86,46.41,46.81,40.410554973713,99702400,0,1
2007-05-30,46.48,47.2,46.35,47.19,40.7386047684153,132036500,0,1
2007-05-31,47.32,47.52,47.21,47.41,40.9285283337692,109457700,0,1
2007-06-01,47.58,47.77,47.37,47.44,40.954427001772,125089800,0,1
2007-06-04,47.27,47.64,47.24,47.5801,41.0753737813451,64782700,0,1
2007-06-05,47.43,47.58,47,47.58,41.0752874524518,151160400,0,1
2007-06-06,47.37,47.38,46.9614,47.07,40.635010096404,183166500,0,1
2007-06-07,46.91,47.21,46.32,46.3399,40.0047228461091,221373300,0,1
2007-06-08,46.33,46.93,46.16,46.91,40.4968838670557,177587800,0,1
2007-06-11,46.89,47.19,46.76,46.82,40.4191878630473,97100400,0,1
2007-06-12,46.57,47.04,46.45,46.54,40.1774669616878,153967700,0,1
2007-06-13,46.74,47.09,46.54,47.05,40.6177443177355,147985300,0,1
2007-06-14,47.1,47.49,47.09,47.36,40.8853638870978,101531900,0,1
2007-06-15,47.75,47.87,47.65,47.73,41.2366620527772,100378400,0.0369,1
2007-06-18,47.85,47.87,47.67,47.77,41.27122032812,75713200,0,1
2007-06-19,47.63,47.86,47.51,47.76,41.2625807592843,109621300,0,1
2007-06-20,47.83,47.92,47.24,47.31,40.873800161678,161889500,0,1
2007-06-21,47.305,47.79,47.08,47.74,41.2453016216129,143181300,0,1
2007-06-22,47.64,47.71,47.14,47.29,40.8565210240066,153328700,0,1
2007-06-25,47.31,47.58,46.82,47.09,40.6837296472927,136602600,0,1
2007-06-26,47.32,47.32,46.74,46.82,40.4504612887289,128211900,0,1
2007-06-27,46.74,47.56,46.7,47.54,41.072510244899,141196200,0,1
2007-06-28,47.52,47.85,47.47,47.52,41.0552311072276,116546300,0,1
2007-06-29,47.79,47.88,47.21,47.6,41.1243476579132,124794700,0,1
2007-07-02,47.71,48.048,47.68,48.01,41.4785699801767,80863100,0,1
2007-07-03,48.1,48.32,48.04,48.31,41.7377570452476,34803300,0,1
2007-07-05,48.35,48.77,48.29,48.66,42.040141954497,73588500,0,1
2007-07-06,48.71,48.91,48.5,48.86,42.2129333312109,65804300,0,1
2007-07-09,48.9,48.98,48.72,48.89,42.238852037718,66768800,0,1
2007-07-10,48.62,48.9,48.43,48.48,41.8846297154544,104383100,0,1
2007-07-11,48.37,48.81,48.32,48.81,42.1697354870324,99637600,0,1
2007-07-12,49.05,49.67,48.92,49.56,42.8177031497096,107667100,0,1
2007-07-13,49.62,49.97,49.5699,49.9,43.1114484901233,74232200,0,1
2007-07-16,49.9,50.08,49.76,49.85,43.0682506459448,77799500,0,1
2007-07-17,49.97,50.3,49.92,50.23,43.3965542617012,124833700,0,1
2007-07-18,49.94,50.17,49.64,50.17,43.3447168486871,144915900,0,1
2007-07-19,50.41,50.66,50.31,50.32,43.4743103812225,116563800,0,1
2007-07-20,50.29,50.36,49.74,50.05,43.2410420226587,163721300,0,1
2007-07-23,50.21,50.31,49.92,50.07,43.2583211603301,107464100,0,1
2007-07-24,49.71,50.1,49.05,49.33,42.6189930664886,175496200,0,1
2007-07-25,49.57,49.67,49.06,49.4,42.6794700483385,170258700,0,1
2007-07-26,49.07,49.47,48.05,48.98,42.3166081572392,318522000,0,1
2007-07-27,48.89,49.12,47.99,47.99,41.4612908425053,246387600,0,1
2007-07-30,48.21,48.73,47.95,48.55,41.9451066973043,166517200,0,1
2007-07-31,48.97,48.99,47.43,47.53,41.0638706760633,260224500,0,1
2007-08-01,47.39,47.93,46.98,47.9,41.3835347229841,301153900,0,1
2007-08-02,47.94,48.43,47.79,48.34,41.7636757517547,177369900,0,1
2007-08-03,48.25,48.31,47.15,47.42,40.9688354188707,166048400,0,1
2007-08-06,47.46,48.02,47.03,47.97,41.4440117048339,190869100,0,1
2007-08-07,47.88,48.62,47.48,48.31,41.7377570452476,167109700,0,1
2007-08-08,48.51,49.06,48.4,48.84,42.1956541935395,164831200,0,1
2007-08-09,48.19,48.97,47.69,47.71,41.2193829151058,242418200,0,1
2007-08-10,47.21,47.83,46.63,47.28,40.8478814551709,247006400,0,1
2007-08-13,47.68,47.88,47.48,47.6,41.1243476579132,116935100,0,1
2007-08-14,47.69,47.74,46.73,46.79,40.4245425822218,153529800,0,1
2007-08-15,46.68,47.09,45.813,45.9,39.6556209558449,214854100,0,1
2007-08-16,45.43,45.91,44.4,45.54,39.3445964777598,184985247,0,1
2007-08-17,46.31,46.5895,45.589,46.31,40.0098432781084,223246600,0,1
2007-08-20,46.49,46.72,46.08,46.53,40.1999137924937,144715100,0,1
2007-08-21,46.48,47.1272,46.39,47.02,40.6232526654428,115027200,0,1
2007-08-22,47.375,47.7,47.27,47.66,41.1761850709274,115814100,0,1
2007-08-23,47.82,47.85,47.23,47.53,41.0638706760633,118663400,0,1
2007-08-24,47.38,48.24,47.32,48.2,41.642721788055,88189200,0,1
2007-08-27,48.05,48.2,47.84,47.88,41.3662555853127,72490400,0,1
2007-08-28,47.6,47.7,46.71,46.74,40.3813447380433,106024800,0,1
2007-08-29,47.05,48.12,47.05,48.08,41.5390469620266,113201000,0,1
2007-08-30,47.83,48.74,47.75,48.33,41.755036182919,138930000,0,1
2007-08-31,48.86,49.06,48.61,48.87,42.2215729000466,94687200,0,1
2007-09-04,48.92,50,48.91,49.68,42.921377975738,98480900,0,1
2007-09-05,49.55,49.65,48.87,49.18,42.4893995339532,114049300,0,1
2007-09-06,49.23,49.36,48.81,49.14,42.4548412586104,99222600,0,1
2007-09-07,48.53,48.6,47.95,48.23,41.668640494562,152438000,0,1
2007-09-10,48.62,48.75,47.81,48.2,41.642721788055,125199400,0,1
2007-09-11,48.52,48.9885,48.43,48.93,42.2734103130608,103064500,0,1
2007-09-12,48.84,49.37,48.78,48.94,42.2820498818965,93993400,0,1
2007-09-13,49.29,49.35,48.94,49.18,42.4893995339532,80807500,0,1
2007-09-14,48.8,49.31,48.73,49.22,42.523957809296,99801200,0,1
2007-09-17,48.99,49.1,48.59,48.81,42.1697354870324,84882300,0,1
2007-09-18,48.86,50.08,48.83,50.06,43.2496815914944,73186651,0,1
2007-09-19,50.3,50.59,49.98,50.17,43.3447168486871,127025800,0,1
2007-09-20,50.06,50.26,49.92,50.03,43.2237628849873,109970600,0,1
2007-09-21,50.28,50.52,50.0143,50.36,43.5313315355381,86829500,0.026,1
2007-09-24,50.49,50.96,50.33,50.59,43.7301442093501,107226800,0,1
2007-09-25,50.42,51.07,50.36,51.07,44.1450576155666,101102200,0,1
2007-09-26,51.36,51.51,51.12,51.32,44.3611583479709,96124600,0,1
2007-09-27,51.64,51.65,51.36,51.58,44.5859031096715,73423200,0,1
2007-09-28,51.56,51.68,51.18,51.41,44.4389546116365,75546000,0,1
2007-10-01,51.45,52.16,51.38,52,44.9489523401108,100404100,0,1
2007-10-02,52.04,52.06,51.72,52.01,44.957596369407,71046000,0,1
2007-10-03,51.84,52.07,51.5,51.65,44.6464113147447,106785000,0,1
2007-10-04,51.75,51.83,51.34,51.77,44.7501396662988,84129300,0,1
2007-10-05,52.17,52.9,52.06,52.818,45.656033936538,115674700,0,1
2007-10-08,52.8,53.16,52.71,53.15,45.943015709171,63022400,0,1
2007-10-09,53.27,53.45,53.03,53.3801,46.141914823276,93965600,0,1
2007-10-10,53.39,53.57,53.21,53.51,46.2542007638333,91777500,0,1
2007-10-11,53.79,53.94,52.28,52.66,45.5194582736584,239786700,0,1
2007-10-12,52.9,53.54,52.8,53.53,46.2714888224256,131676000,0,1
2007-10-15,53.61,53.71,52.7,53.12,45.9170836212825,121578700,0,1
2007-10-16,52.79,53.28,52.68,52.87,45.7009828888781,193676600,0,1
2007-10-17,53.62,53.66,52.68,53.55,46.288776881018,183985200,0,1
2007-10-18,53.33,53.89,53.12,53.78,46.48758955483,144491200,0,1
2007-10-19,53.77,53.77,52.39,52.44,45.3292896291425,245111500,0,1
2007-10-22,52.16,53.1185,52.02,53.07,45.8738634748016,207052100,0,1
2007-10-23,53.62,54.21,53.34,54.18,46.833350726677,162360600,0,1
2007-10-24,53.74,53.94,52,53.77,46.4789455255338,298293400,0,1
2007-10-25,53.88,53.98,52.75,53.05,45.8565754162092,233833100,0,1
2007-10-26,54.08,54.2,53.44,53.93,46.6172499942726,146690300,0,1
2007-10-29,54.19,54.33,53.84,54.16,46.8160626680847,101896600,0,1
2007-10-30,53.94,54.56,53.9,54.26,46.9025029610464,114616600,0,1
2007-10-31,54.46,55.07,54.04,55.03,47.5680932168519,148431900,0,1
2007-11-01,54.68,54.77,53.97,54,46.6777581993459,181974200,0,1
2007-11-02,54.42,54.5501,53.6,54.42,47.0408074297852,217882900,0,1
2007-11-05,53.87,54.4,53.59,54.07,46.7382664044191,150588900,0,1
2007-11-06,54.33,54.69,53.78,54.68,47.2655521914858,131884700,0,1
2007-11-07,54.23,54.58,53.31,53.35,46.1158962950945,197908200,0,1
2007-11-08,53.14,53.33,50.8,51.73,44.7155635491141,380626400,0,1
2007-11-09,50.73,51.12,50,50,43.2201464808758,309414900,0,1
2007-11-12,49.92,50.24,48.65,48.73,42.1223547602616,283216000,0,1
2007-11-13,49.39,50.79,49.35,50.74,43.8598046487928,255625900,0,1
2007-11-14,51.39,51.44,49.9,50.09,43.2979427445414,263284100,0,1
2007-11-15,50,50.54,49.37,49.82,43.0645539535447,251548800,0,1
2007-11-16,50.14,50.49,49.34,50.28,43.4621793011687,263623700,0,1
2007-11-19,50.17,50.45,49.41,49.7,42.9608256019906,198651100,0,1
2007-11-20,49.95,50.78,48.93,49.9,43.1337061879141,300763600,0,1
2007-11-21,49.43,50.17,48.85,49.31,42.6237084594397,212225400,0,1
2007-11-23,49.63,49.97,49.3724,49.84,43.081842012137,46463300,0,1
2007-11-26,49.98,50.37,48.9,48.98,42.3384554926659,150352100,0,1
2007-11-27,49.39,50.05,49.1,49.96,43.1855703636911,211369300,0,1
2007-11-28,50.63,51.7,50.6,51.48,44.4994628167097,216868100,0,1
2007-11-29,51.27,51.89,51.2,51.7,44.6896314612256,172087300,0,1
2007-11-30,52.21,52.25,50.95,51.31,44.3525143186748,171417400,0,1
2007-12-03,51.14,51.53,50.82,50.88,43.9808210589392,108625700,0,1
2007-12-04,50.46,50.94,50.38,50.67,43.7992964437195,113374100,0,1
2007-12-05,51.2,52,51.16,51.57,44.5772590803753,137614200,0,1
2007-12-06,51.63,52.37,51.61,52.32,45.2255612775884,99724500,0,1
2007-12-07,52.29,52.54,52.08,52.33,45.2342053068846,88992300,0,1
2007-12-10,52.44,52.69,52.32,52.54,45.4157299221043,75657900,0,1
2007-12-11,52.61,52.84,51.21,51.32,44.3611583479709,167064300,0,1
2007-12-12,52.25,52.43,50.89,51.78,44.758783695595,162975200,0,1
2007-12-13,51.33,51.63,50.98,51.5,44.5167508753021,153476200,0,1
2007-12-14,51.09,51.6,50.92,50.97,44.0586173226048,128396700,0,1
2007-12-17,50.78,50.9881,49.71,49.73,42.9867576898791,134377000,0,1
2007-12-18,50.24,50.26,49.19,49.94,43.1682823050987,71924339,0,1
2007-12-19,49.89,50.2,49.62,49.94,43.1682823050987,65882397,0,1
2007-12-20,50.67,50.96,50.2,50.9,43.9981091175316,167341700,0,1
2007-12-21,51.71,51.9,51.48,51.85,44.8653732208461,107573500,0.0533,1
2007-12-24,52.01,52.4,51.9501,52.24,45.2028369731341,34499800,0,1
2007-12-26,52.15,52.63,52,52.5,45.4278128079927,58492100,0,1
2007-12-27,52.33,52.5,51.71,51.93,44.9345965546488,65778900,0,1
2007-12-28,52.04,52.16,51.43,51.86,44.8740261375715,67545400,0,1
2007-12-31,51.56,51.68,51.21,51.22,44.3202394671502,70135600,0,1
2008-01-02,51.27,51.47,50.13,50.45,43.6539648792997,152344100,0,1
2008-01-03,50.4,50.76,50.15,50.62,43.8010644636303,114103700,0,1
2008-01-04,49.79,49.83,48.21,48.4,41.8801169506066,212617600,0,1
2008-01-07,48.41,48.6,47.43,48.17,41.681099865924,235083600,0,1
2008-01-08,48.29,48.76,46.92,46.92,40.5994852752575,261669800,0,1
2008-01-09,47.09,47.96,46.46,47.92,41.4647769477907,254011800,0,1
2008-01-10,47.42,48.41,47.29,47.99,41.525347364868,249958500,0,1
2008-01-11,47.72,47.77,46.7,47.05,40.7119731926868,211685200,0,1
2008-01-14,47.69,48.01,47.31,47.87,41.421512364164,168048500,0,1
2008-01-15,47.38,47.52,46.35,46.55,40.2793273564202,241094900,0,1
2008-01-16,46.19,46.91,45.46,46.05,39.8466815201536,265625900,0,1
2008-01-17,46.24,46.58,45.2,45.41,39.2928948497323,254098800,0,1
2008-01-18,45.64,46.14,44.76,45.35,39.2409773493804,273063300,0,1
2008-01-22,42.83,44.77,42.73,44.18,38.2285860925165,325732000,0,1
2008-01-23,42.54,44.15,41.61,44.02,38.0901394249112,390129000,0,1
2008-01-24,44.19,44.93,44.06,44.91,38.8602490134658,250249100,0,1
2008-01-25,45.86,45.87,43.94,43.99,38.0641806747352,199299100,0,1
2008-01-28,44.02,44.44,43.57,44.33,38.3583798433965,163711200,0,1
2008-01-29,44.56,44.68,44.04,44.41,38.4276031771992,138520000,0,1
2008-01-30,44.24,45.32,44.18,44.37,38.3929915102978,220824400,0,1
2008-01-31,43.87,45.59,43.82,45.13,39.0506131814231,246824100,0,1
2008-02-01,45.52,45.88,44.88,45.5899,39.4485608216211,161920300,0,1
2008-02-04,45.58,45.61,44.94,44.95,38.8948606803671,100209900,0,1
2008-02-05,44.12,44.6,43.64,43.6699,37.7872008103573,188990400,0,1
2008-02-06,43.92,44.17,42.77,42.81,37.0431365011461,178285000,0,1
2008-02-07,42.35,43.79,42.15,43.11,37.302724002906,286254800,0,1
2008-02-08,43.18,43.77,42.94,43.6,37.7267169224473,173781300,0,1
2008-02-11,43.78,44.22,43.54,44.07,38.1334040085379,119562300,0,1
2008-02-12,44.33,44.68,43.51,43.82,37.9170810904046,145412400,0,1
2008-02-13,44.39,44.88,44.16,44.78,38.7477610960364,148685900,0,1
2008-02-14,44.84,44.85,43.89,43.97,38.0468748412845,170868900,0,1
2008-02-15,43.77,43.98,43.45,43.82,37.9170810904046,100053300,0,1
2008-02-19,44.39,44.5,43.27,43.74,37.8478577566019,110507600,0,1
2008-02-20,43.25,44.09,43.24,43.94,38.0209160911086,137338800,0,1
2008-02-21,44.36,44.47,43.34,43.52,37.6574935886446,127857000,0,1
2008-02-22,43.67,43.69,42.6,43.68,37.7959402562499,157364700,0,1
2008-02-25,43.62,44.07,43.34,43.9,37.9863044242072,121444300,0,1
2008-02-26,43.65,44.48,43.37,44.07,38.1334040085379,148375900,0,1
2008-02-27,43.77,44.46,43.67,44.29,38.3237681764952,125682600,0,1
2008-02-28,44.11,44.53,43.95,44.12,38.1766685921645,129196700,0,1
2008-02-29,43.71,43.77,42.85,42.95,37.1642773353007,188724500,0,1
2008-03-03,42.93,42.99,42.24,42.67,36.9219956669914,132963800,0,1
2008-03-04,42.41,43.04,42.02,42.91,37.1296656683994,183851000,0,1
2008-03-05,42.99,43.54,42.75,43.1199,37.3112903904641,183208300,0,1
2008-03-06,43.09,43.27,42.1,42.17,36.4893498307248,152752200,0,1
2008-03-07,41.91,42.64,41.38,42.07,36.4028206634715,242552400,0,1
2008-03-10,42.01,42.14,41.17,41.26,35.7019344087196,146801900,0,1
2008-03-11,41.86,42.85,41.51,42.8301,37.060528863764,196755300,0,1
2008-03-12,43.02,43.44,42.6,42.71,36.9566073338927,155566100,0,1
2008-03-13,42.21,43.33,41.81,43.04,37.2421535858287,208967900,0,1
2008-03-14,43.36,43.38,41.74,42.25,36.5585731645275,309589800,0,1
2008-03-17,41.29,42.01,41.05,41.48,35.8922985766769,193130600,0,1
2008-03-18,42.24,43.34,42.11,43.33,37.4930881708633,216300400,0,1
2008-03-19,43.51,43.6,42.23,42.26,36.5672260812528,216157200,0,1
2008-03-20,42.35,43.1,42.1,43.09,37.3135574546461,128397000,0.0325,1
2008-03-24,43.28,44.76,43.28,44.5799,38.6037284746433,125018000,0,1
2008-03-25,44.68,45.07,44.28,44.83,38.8203012460382,118107500,0,1
2008-03-26,44.69,44.85,44.28,44.7,38.7077284340376,124824600,0,1
2008-03-27,44.44,44.51,43.71,43.71,37.850443173418,143868600,0,1
2008-03-28,43.71,44.34,43.33,43.49,37.6599353377248,111822300,0,1
2008-03-31,43.65,44.02,43.45,43.72,37.859102620495,113644800,0,1
2008-04-01,44.45,45.61,44.41,45.59,39.4784192238876,137494400,0,1
2008-04-02,45.69,46.02,45.17,45.49,39.3918247531179,132486800,0,1
2008-04-03,45.29,45.91,45.14,45.59,39.4784192238876,140033800,0,1
2008-04-04,45.78,46.35,45.4,45.86,39.7122242949657,139261000,0,1
2008-04-07,46.15,46.41,45.65,45.76,39.625629824196,102297100,0,1
2008-04-08,45.41,45.72,45.18,45.41,39.3225491765022,97435200,0,1
2008-04-09,45.47,45.49,44.63,44.9,38.8809173755769,127182300,0,1
2008-04-10,44.93,45.84,44.93,45.54,39.4351219885028,112773800,0,1
2008-04-11,45.02,45.1,44.12,44.28,38.3440316568051,120135400,0,1
2008-04-14,44.21,44.48,43.95,44.08,38.1708427152657,89274600,0,1
2008-04-15,44.24,44.35,43.68,44.14,38.2227993977275,124232300,0,1
2008-04-16,44.69,45.48,44.65,45.37,39.2879113881943,134027900,0,1
2008-04-17,45.43,45.75,44.98,45.27,39.2013169174247,124953100,0,1
2008-04-18,46.47,46.93,46.22,46.71,40.4482772965078,133022500,0,1
2008-04-21,46.62,47.08,46.49,47.04,40.7340390500477,83303200,0,1
2008-04-22,46.75,46.77,45.93,46.34,40.12787775466,104689600,0,1
2008-04-23,46.68,47.06,46.2736,46.85,40.5695095555853,131086200,0,1
2008-04-24,46.86,47.79,46.39,47.27,40.9332063328179,166509000,0,1
2008-04-25,47.32,47.35,46.57,47.15,40.8292929678943,121945400,0,1
2008-04-28,47.26,47.62,47.13,47.24,40.907227991587,71244000,0,1
2008-04-29,47.15,47.76,47.06,47.6,41.2189680863577,91270600,0,1
2008-04-30,47.7,48.06,47.03,47.21,40.8812496503561,132152700,0,1
2008-05-01,47.23,48.72,47.22,48.7,42.171507264824,143596900,0,1
2008-05-02,49.16,49.19,48.34,48.77,42.2321233943628,124990000,0,1
2008-05-05,48.77,49.03,48.4,48.63,42.1108911352852,75624700,0,1
2008-05-06,48.49,49.13,48.14,48.93,42.3706745475942,139582600,0,1
2008-05-07,48.94,49.23,47.872,48.04,41.5999837577442,140008300,0,1
2008-05-08,48.24,48.7,48.06,48.4,41.911723852515,128058700,0,1
2008-05-09,48.04,48.46,47.9,48.21,41.7471943580527,97062000,0,1
2008-05-12,48.28,49.19,48.2,49.09,42.5092257008257,89606500,0,1
2008-05-13,49.11,49.33,48.76,49.22,42.6217985128262,85448100,0,1
2008-05-14,49.41,49.93,49.04,49.11,42.5265445949796,143598200,0,1
2008-05-15,49.12,50.02,48.98,49.97,43.2712570435987,157248900,0,1
2008-05-16,50.07,50.11,49.45,50.0099,43.3058082374358,146563200,0,1
2008-05-19,50.05,50.47,49.34,49.65,42.9941547371358,140048700,0,1
2008-05-20,49.47,49.47,48.89,49.27,42.6650957482111,137163700,0,1
2008-05-21,49.33,49.6,48.02,48.18,41.7212160168218,192806700,0,1
2008-05-22,48.29,48.69,48.11,48.35,41.8684266171302,153198200,0,1
2008-05-23,48.17,48.3505,47.82,48.2,41.7385349109757,121698400,0,1
2008-05-27,48.3,49.11,48.29,49.05,42.4745879125178,106984300,0,1
2008-05-28,49.29,49.36,48.75,49.25,42.6477768540571,121363000,0,1
2008-05-29,49.28,49.97,49.25,49.69,43.0287925254436,143993000,0,1
2008-05-30,49.88,50.24,49.75,50.01,43.3058948319065,94153600,0,1
2008-06-02,49.92,49.92,48.96,49.4,42.7776685602116,144359900,0,1
2008-06-03,49.59,49.9,48.67,49.13,42.5438634891335,167606900,0,1
2008-06-04,48.98,50.1,48.94,49.76,43.0894086549824,174870800,0,1
2008-06-05,49.89,50.61,49.7,50.55,43.7735049740627,126653700,0,1
2008-06-06,50.12,50.21,49.02,49.03,42.4572690183639,189136000,0,1
2008-06-09,49.13,49.19,47.95,48.77,42.2321233943628,208897300,0,1
2008-06-10,48.27,48.94,48.16,48.54,42.0329561115925,162798500,0,1
2008-06-11,48.44,48.52,47.35,47.38,41.0284602506645,170366900,0,1
2008-06-12,47.69,48.11,47,47.42,41.0630980389724,189913200,0,1
2008-06-13,47.71,48.47,47.46,48.37,41.8857455112841,167855000,0,1
2008-06-16,48.12,49.02,48.07,48.8,42.2581017355937,136343900,0,1
2008-06-17,48.95,49.06,48.47,48.54,42.0329561115925,122932000,0,1
2008-06-18,48.28,48.45,47.83,48.02,41.5826648635903,169338100,0,1
2008-06-19,47.93,49.01,47.61,48.77,42.2321233943628,221304200,0,1
2008-06-20,47.48,48.35,47.21,47.42,41.0928951963642,197434200,0.0344,1
2008-06-23,47.61,47.74,46.98,47.05,40.7722631587713,131488800,0,1
2008-06-24,46.86,47.37,46.41,46.81,40.5642856208732,178293800,0,1
2008-06-25,46.99,48,46.94,47.57,41.2228811575505,179023400,0,1
2008-06-26,46.69,46.7,45.64,45.65,39.5590608543658,190028300,0,1
2008-06-27,45.6,45.9,44.97,45.65,39.5590608543658,181351800,0,1
2008-06-30,45.51,45.83,45.15,45.17,39.1431057785696,132912400,0,1
2008-07-01,44.81,45.86,44.68,45.81,39.6977125462979,245494300,0,1
2008-07-02,45.95,46.13,44.64,44.71,38.7444821642649,199576400,0,1
2008-07-03,44.95,45.08,44.28,44.63,38.6751563182989,123118300,0,1
2008-07-07,45.04,45.46,44.24,44.9,38.9091310484343,181011300,0,1
2008-07-08,44.95,46.01,44.77,45.97,39.8363642382299,206151200,0,1
2008-07-09,45.96,46.03,44.73,44.75,38.779145087248,168500300,0,1
2008-07-10,44.82,45.42,44.38,45.28,39.2384288167729,238811500,0,1
2008-07-11,44.81,45.27,43.85,44.56,38.6144962030786,265514700,0,1
2008-07-14,44.81,45.18,44.07,44.23,38.3285270884688,177389800,0,1
2008-07-15,44.01,44.93,43.3,44.24,38.3371928192145,283891100,0,1
2008-07-16,44.36,45.38,43.92,45.34,39.2904232012474,186047800,0,1
2008-07-17,45.43,45.82,44.9799,45.64,39.55039512362,197555100,0,1
2008-07-18,45.14,45.17,44.59,44.59,38.6404933953159,160661000,0,1
2008-07-21,45,45.19,44.49,44.78,38.8051422794852,128107800,0,1
2008-07-22,44.03,44.81,43.86,44.78,38.8051422794852,152524500,0,1
2008-07-23,44.85,45.89,44.72,45.37,39.3164203934847,169259100,0,1
2008-07-24,45.58,45.61,44.65,44.69,38.7271507027734,145561000,0,1
2008-07-25,44.98,45.48,44.76,45.27,39.2297630860272,111616700,0,1
2008-07-28,45.25,45.52,44.21,44.42,38.4931759726381,124028500,0,1
2008-07-29,44.61,45.54,44.57,45.34,39.2904232012474,142290900,0,1
2008-07-30,45.47,45.82,44.88,45.57,39.4897350083998,165679900,0,1
2008-07-31,45.12,46.15,45.02,45.46,39.3944119701965,180473100,0,1
2008-08-01,45.51,45.55,44.4,44.88,38.8917995869428,180350400,0,1
2008-08-04,44.87,44.92,44.3,44.43,38.5018417033838,116298000,0,1
2008-08-05,44.89,45.97,44.84,45.93,39.8017013152469,151657400,0,1
2008-08-06,45.95,46.81,45.58,46.63,40.4083024674497,133463700,0,1
2008-08-07,46.35,46.85,46.08,46.27,40.0963361606025,152805800,0,1
2008-08-08,46.25,47.44,46.15,47.32,41.0062378889067,143121500,0,1
2008-08-11,47.3,48.28,47.14,47.75,41.3788643109741,157290100,0,1
2008-08-12,47.76,48.16,47.51,47.8,41.4221929647028,140549300,0,1
2008-08-13,47.74,48.12,47.25,47.7,41.3355356572453,169652100,0,1
2008-08-14,47.54,48.46,47.49,48.25,41.8121508482618,158069200,0,1
2008-08-15,48.35,48.57,47.96,48.16,41.73415927155,123115900,0,1
2008-08-18,48.29,48.31,47.26,47.6,41.2488783497878,151399100,0,1
2008-08-19,47.36,47.59,46.75,47.01,40.7376002357883,155410600,0,1
2008-08-20,47.36,47.56,46.74,47.09,40.8069260817543,155466700,0,1
2008-08-21,46.73,47.08,46.38,46.87,40.6162800053477,118916200,0,1
2008-08-22,47.12,47.68,47.08,47.49,41.1535553115845,96515500,0,1
2008-08-25,47.15,47.21,46.37,46.49,40.2869822370091,128076500,0,1
2008-08-26,46.51,46.77,46.12,46.43,40.2349878525346,107225500,0,1
2008-08-27,46.45,47.09,46.29,46.73,40.4949597749072,108489900,0,1
2008-08-28,46.92,47.28,46.83,47.11,40.8242575432458,112808600,0,1
2008-08-29,46.5208,47.1217,45.92,46.12,39.9663501994162,133184300,0,1
2008-09-02,46.12,47.08,45.34,45.55,39.4724035469083,162277500,0,1
2008-09-03,45.445,45.6381,44.79,45.12,39.0997771248408,161682900,0,1
2008-09-04,44.85,44.91,43.66,43.66,37.8345804359608,219004700,0,1
2008-09-05,43.3,43.78,42.81,43.45,37.6526000903,247977500,0,1
2008-09-08,44.04,44.22,42.68,43.31,37.5312798598594,311065100,0,1
2008-09-09,43.35,43.79,42.35,42.45,36.7860270157246,214180600,0,1
2008-09-10,42.87,43.18,42.45,42.8,37.089327591826,160658100,0,1
2008-09-11,42.17,43.69,42.17,43.6,37.7825860514863,203398200,0,1
2008-09-12,43.23,43.71,42.9,43.43,37.6352686288085,172094300,0,1
2008-09-15,42.4,43.29,42.03,42.08,36.4653949781317,616772300,0,1
2008-09-16,41.47,42.84,41.43,42.41,36.7513640927416,349506500,0,1
2008-09-17,41.84,42.4219,40.19,40.21,34.8449033286758,340088000,0,1
2008-09-18,41.12,41.97,39.5,41.57,36.0234427100983,423934000,0,1
2008-09-19,43.82,43.83,42.1,42.9,37.2003096054868,263394000,0.0281,1
2008-09-22,42.75,42.84,40.8,40.88,35.448686635718,164698200,0,1
2008-09-23,41.18,41.75,40.44,40.57,35.1798732096644,184011200,0,1
2008-09-24,40.85,41.26,40.52,40.85,35.4226724331967,159270800,0,1
2008-09-25,41.2112,42.02,41.03,41.5,35.9863134878253,148586800,0,1
2008-09-26,40.3,41.4902,40.22,41.08,35.6221146525268,182678600,0,1
2008-09-29,40.26,40.38,37.18,37.82,32.7952379785434,307954400,0,1
2008-09-30,37.74,39.3,37.6,38.91,33.7404206701514,195436700,0,1
2008-10-01,38.83,38.97,38.03,38.5,33.3848932356933,174033300,0,1
2008-10-02,38.25,38.25,36.64,36.75,31.8673980886164,192124000,0,1
2008-10-03,37.26,38.18,36.1,36.18,31.3731282407113,272116100,0,1
2008-10-06,35.26,35.53,32.91,34.86,30.2285033297732,394046600,0,1
2008-10-07,35.14,35.2,32.27,32.65,28.312123744036,329365700,0,1
2008-10-08,31.95,34.12,31.84,32.39,28.0866673221846,452066500,0,1
2008-10-09,33.15,33.68,30.97,31.52,27.3322554490663,352433900,0,1
2008-10-10,30.52,32.48,29.38,31.32,27.1588274322575,472339100,0,1
2008-10-13,32.86,35.25,32.4,35.13,30.4626311524651,276998700,0,1
2008-10-14,36.1,36.15,33.19,33.61,29.1445782247182,341595900,0,1
2008-10-15,33.23,33.35,30.54,30.6,26.5344865717459,312088500,0,1
2008-10-16,30.76,32.27,29.25,32.26,27.9739391112589,494783500,0,1
2008-10-17,31.62,33.65,31.41,32.3,28.0086247146206,326571300,0,1
2008-10-20,32.79,33.26,31.7,33.2,28.7890507902602,232783400,0,1
2008-10-21,32.66,33.2572,31.48,31.48,27.2975698457046,239932400,0,1
2008-10-22,31.39,31.6,29.71,30.61,26.5431579725863,289993600,0,1
2008-10-23,30.46,31.09,28.9,30.49,26.439101162501,377966900,0,1
2008-10-24,28.13,30.25,28.09,29.51,25.5893038801379,322129500,0,1
2008-10-27,29.14,30.2,28.66,28.69,24.8782490112219,239302300,0,1
2008-10-28,29.68,31.88,28.85,31.86,27.6270830776413,327239500,0,1
2008-10-29,31.95,33.08,31.25,31.78,27.5577118709178,341316000,0,1
2008-10-30,32.67,33.06,31.98,32.84,28.4768803600044,255292100,0,1
2008-10-31,32.36,33.43,32.09,32.89,28.5202373642066,224261000,0,1
2008-11-03,32.81,33.2941,32.51,32.82,28.4595375583235,128455500,0,1
2008-11-04,33.49,34.01,32.98,33.75,29.2659778364844,182487600,0,1
2008-11-05,33.49,33.6,31.92,31.99,27.739811288567,183893900,0,1
2008-11-06,31.5,31.87,30.3999,30.56,26.4998009683841,220677200,0,1
2008-11-07,30.92,31.48,30.59,31.19,27.0460992213318,176946200,0,1
2008-11-10,31.94,31.97,30.4,30.77,26.6819003860333,142584500,0,1
2008-11-11,30.47,30.76,29.72,30.1,26.1009165297239,162869800,0,1
2008-11-12,29.65,29.8,28.65,28.71,24.8955918129027,184946400,0,1
2008-11-13,28.63,30.53,27.28,30.46,26.4130869599797,317943900,0,1
2008-11-14,29.8,30.42,28.87,28.98,25.1297196355946,259407000,0,1
2008-11-17,28.49,29.23,28.26,28.37,24.6007641843278,202835200,0,1
2008-11-18,28.56,28.75,27.39,28.34,24.5747499818065,252661800,0,1
2008-11-19,28.4,28.78,26.79,26.86,23.2913826574214,244180600,0,1
2008-11-20,26.54,27.45,25.47,25.56,22.1641005481642,342472400,0,1
2008-11-21,25.96,26.68,25.05,26.67,23.126626041453,282746800,0,1
2008-11-24,27.22,28.64,26.98,28.3,24.5400643784447,225058200,0,1
2008-11-25,28.62,28.64,27.52,28.17,24.427336167519,202968700,0,1
2008-11-26,27.88,29.36,27.81,29.35,25.4505614666909,164912000,0,1
2008-11-28,29.04,29.19,28.83,29.12,25.2511192473608,41238200,0,1
2008-12-01,28.5,28.51,26.89,26.93,23.3520824633044,149161500,0,1
2008-12-02,27.28,27.89,26.8404,27.83,24.132508538944,181743000,0,1
2008-12-03,27.13,28.71,27.07,28.62,24.8175492053388,230944900,0,1
2008-12-04,28.15,28.78,27.32,27.81,24.1151657372632,188868700,0,1
2008-12-05,27.5,29.07,26.95,28.94,25.0950340322329,212283700,0,1
2008-12-08,29.55,30.46,29.44,30.08,26.083573728043,185782500,0,1
2008-12-09,29.68,30.83,29.57,30.01,26.0228739221599,178148300,0,1
2008-12-10,30.09,30.46,29.62,29.91,25.9361599137555,162335100,0,1
2008-12-11,29.8,30.27,28.94,29.09,25.2251050448394,167161400,0,1
2008-12-12,28.69,29.86,28.47,29.68,25.7367176944254,158600100,0,1
2008-12-15,29.73,29.76,28.74,29.16,25.2858048507225,107887000,0,1
2008-12-16,29.42,30.66,29.0993,30.56,26.4998009683841,169300100,0,1
2008-12-17,30.23,30.6,29.82,30.19,26.1789591372878,159813500,0,1
2008-12-18,30.19,30.4,29.36,29.66,25.7193748927445,142656400,0,1
2008-12-19,30.33,30.37,29.66,29.86,25.9304888176059,118308900,0.0435,1
2008-12-22,29.86,29.92,28.74,29.21,25.3660274066399,95379600,0,1
2008-12-23,29.28,29.62,28.89,29.06,25.2357670810324,68764800,0,1
2008-12-24,29.2,29.21,28.98,29.14,25.3052392546897,27194700,0,1
2008-12-26,29.19,29.23,28.97,29.13,25.2965552329825,20937000,0,1
2008-12-29,29.23,29.24,28.46,28.89,25.0881387120105,52688300,0,1
2008-12-30,28.98,29.59,28.94,29.49,25.6091800144406,77089500,0,1
2008-12-31,29.48,30.08,29.45,29.74,25.8262805571198,89189700,0,1
2009-01-02,29.77,31.13,29.69,31.03,26.9465193573446,107891500,0,1
2009-01-05,30.82,31.33,30.59,31.02,26.9378353356374,91751900,0,1
2009-01-06,31.28,31.63,31.11,31.33,27.2070400085597,136791700,0,1
2009-01-07,30.81,30.9,30.19,30.44,26.4341620766217,133879800,0,1
2009-01-08,30.34,30.8,30.08,30.76,26.7120507712511,131926600,0,1
2009-01-09,30.79,30.79,29.92,30.07,26.1128532734564,117137900,0,1
2009-01-12,30.12,30.15,29.2,29.52,25.6352320795621,102726200,0,1
2009-01-13,29.52,29.98,29.18,29.53,25.6439161012693,186266700,0,1
2009-01-14,29.17,29.28,28.47,28.63,24.8623541476241,136294000,0,1
2009-01-15,28.56,29.34,28.07,29.099,25.2696347656903,192567200,0,1
2009-01-16,29.52,29.6,28.7,29.42,25.5483918624904,175478100,0,1
2009-01-20,29.3,29.43,27.96,27.96,24.2805246932438,135105800,0,1
2009-01-21,28.428,29.19,28.1,29.15,25.3139232763969,149179600,0,1
2009-01-22,28.52,29.23,28.26,28.76,24.9752464298173,200602700,0,1
2009-01-23,28.32,29.35,28.14,28.9,25.0968227337177,170164100,0,1
2009-01-26,28.97,29.59,28.75,29.11,25.2791871895682,140398700,0,1
2009-01-27,29.14,29.57,29.12,29.32,25.4615516454188,110591300,0,1
2009-01-28,29.83,30.65,29.81,30.35,26.3560058812571,139722800,0,1
2009-01-29,29.97,30.4008,29.48,29.58,25.6873362098051,130731800,0,1
2009-01-30,29.81,29.93,28.94,29.06,25.2357670810324,140334200,0,1
2009-02-02,28.78,29.61,28.74,29.41,25.5397078407833,126796100,0,1
2009-02-03,29.45,30.4271,29.03,29.87,25.939172839313,120541100,0,1
2009-02-04,29.9275,30.8667,29.79,29.91,25.9739089261417,175780900,0,1
2009-02-05,29.48,30.77,29.46,30.57,26.5470543588148,217578900,0,1
2009-02-06,30.68,31.51,30.58,31.37,27.2417760953883,164513200,0,1
2009-02-09,31.39,31.67,31.19,31.5,27.3546683775815,98856900,0,1
2009-02-10,31.3,31.68,30.1,30.34,26.34732185955,232795200,0,1
2009-02-11,30.35,30.53,29.73,30.2,26.2257455556496,169117200,0,1
2009-02-12,29.83,30.61,29.64,30.57,26.5470543588148,201151400,0,1
2009-02-13,30.46,30.78,30.29,30.43,26.4254780549145,145066700,0,1
2009-02-17,29.47,29.67,29.06,29.22,25.3747114283471,157783300,0,1
2009-02-18,29.41,29.6699,28.87,29.24,25.3920794717614,161271900,0,1
2009-02-19,29.43,29.61,28.72,28.79,25.0012984949388,155322400,0,1
2009-02-20,28.4505,29.15,28.39,28.87,25.0707706685962,210752400,0,1
2009-02-23,29.03,29.05,27.73,27.86,24.1936844761721,169473500,0,1
2009-02-24,28,28.98,27.96,28.78,24.9926144732316,181337300,0,1
2009-02-25,28.62,29.17,28.14,28.59,24.8276180607954,220224700,0,1
2009-02-26,28.77,28.95,27.7,27.79,24.1328963242219,211218500,0,1
2009-02-27,27.49,27.98,27.39,27.53,23.9071117598356,204492600,0,1
2009-03-02,27.1,27.51,26.47,26.64,23.1342338278975,188180400,0,1
2009-03-03,26.86,27.16,26.42,26.62,23.1168657844832,158758800,0,1
2009-03-04,26.98,27.71,26.92,27.33,23.7334313256922,164911000,0,1
2009-03-05,27.03,27.24,26.42,26.51,23.0213415457043,199626900,0,1
2009-03-06,26.63,26.81,25.71,26.3,22.8389770898538,218421600,0,1
2009-03-09,26.04,26.81,25.6301,25.74,22.3526718742523,181098800,0,1
2009-03-10,26.25,27.39,26.16,27.33,23.7334313256922,175068200,0,1
2009-03-11,27.62,27.99,27.26,27.75,24.0981602373933,173094900,0,1
2009-03-12,27.72,28.76,27.44,28.67,24.8970902344528,184395100,0,1
2009-03-13,28.68,28.84,28.32,28.74,24.957878386403,156783500,0,1
2009-03-16,28.89,28.98,28.19,28.26,24.5410453444589,190269800,0,1
2009-03-17,28.42,29.33,28.3,29.33,25.4702356671259,169773800,0,1
2009-03-18,29.23,30.2,29.08,29.7,25.7915444702912,208033900,0,1
2009-03-19,30.12,30.13,29.46,29.68,25.7741764268768,146753400,0,1
2009-03-20,29.66,30.03,28.98,29.18,25.382422839623,149410800,0.0489,1
2009-03-23,29.86,30.94,29.1984,30.9,26.8785766190662,179499000,0,1
2009-03-24,30.65,30.88,30.31,30.33,26.3827582154135,118757600,0,1
2009-03-25,30.58,31.05,29.66,30.47,26.5045381742054,190555200,0,1
2009-03-26,30.88,31.46,30.417,31.41,27.3222036118081,182459500,0,1
2009-03-27,31.07,31.18,30.71,30.82,26.8089880711851,156108100,0,1
2009-03-30,30.29,30.32,29.62,30.06,26.1478968663149,162919700,0,1
2009-03-31,30.31,30.95,30.27,30.32,26.3740596469284,150243800,0,1
2009-04-01,29.94,30.88,29.79,30.77,26.7654952287594,137950000,0,1
2009-04-02,31.34,32.27,31.23,31.76,27.6266535087878,212272400,0,1
2009-04-03,32.05,32.4,31.83,32.35,28.1398690494107,134577300,0,1
2009-04-06,31.97,32.33,31.65,32.27,28.0702805015297,160413700,0,1
2009-04-07,31.9,31.92,31.21,31.42,27.3309021802932,147531200,0,1
2009-04-08,31.72,32.15,31.49,31.95,27.7919263100053,126126000,0,1
2009-04-09,32.53,33.01,32.43,32.94,28.6530845900337,131871500,0,1
2009-04-13,32.8,33.07,32.53,32.89,28.609591747608,119310500,0,1
2009-04-14,32.69,32.88,32.27,32.49,28.2616490082026,124069000,0,1
2009-04-15,32.24,32.43,31.85,32.4,28.1833618918364,124808200,0,1
2009-04-16,32.83,33.43,32.51,33.24,28.9140416445877,171168000,0,1
2009-04-17,33.16,33.5,32.93,33.31,28.9749316239837,129835400,0,1
2009-04-20,32.7,32.82,32.06,32.24,28.0441847960743,123080500,0,1
2009-04-21,32.09,32.74,32.08,32.69,28.4356203779053,145490200,0,1
2009-04-22,32.5,33.53,32.39,32.79,28.5226060627567,165040500,0,1
2009-04-23,33.01,33.14,32.49,33.11,28.800960254281,181666600,0,1
2009-04-24,33.35,33.93,33.07,33.69,29.3054772264188,141170000,0,1
2009-04-27,33.42,34.06,33.35,33.73,29.3402715003593,120749100,0,1
2009-04-28,33.52,33.91,33.36,33.48,29.1228072882309,108968000,0,1
2009-04-29,33.75,34.4,33.64,33.94,29.5229414385471,141413600,0,1
2009-04-30,34.37,34.9,34.04,34.28,29.8186927670417,144120400,0,1
2009-05-01,34.28,34.54,34.01,34.37,29.8969798834079,100112000,0,1
2009-05-04,34.67,35.09,34.52,35.05,30.4884825403971,119317400,0,1
2009-05-05,34.99,35.06,34.63,35.02,30.4623868349417,113569500,0,1
2009-05-06,35.32,35.34,34.46,35.03,30.4710854034268,178840500,0,1
2009-05-07,35.25,35.27,33.88,34.21,29.7578027876458,216484700,0,1
2009-05-08,34.35,34.74,33.88,34.23,29.7751999246161,183507300,0,1
2009-05-11,33.78,34.72,33.68,34.35,29.8795827464377,142775900,0,1
2009-05-12,34.42,34.48,33.52,33.93,29.514242870062,147842200,0,1
2009-05-13,33.63,33.65,32.96,33.02,28.7226731379148,175548300,0,1
2009-05-14,33.1,33.7,33.08,33.39,29.0445201718647,140021700,0,1
2009-05-15,33.36,33.82,33.23,33.37,29.0271230348945,121326400,0,1
2009-05-18,33.59,34.28,33.3901,34.24,29.7838984931012,114333400,0,1
2009-05-19,34.14,34.74,33.95,34.4,29.9230755888633,129086400,0,1
2009-05-20,34.54,35.04,34.18,34.28,29.8186927670417,131873700,0,1
2009-05-21,34.02,34.26,33.31,33.65,29.2706829524782,139253200,0,1
2009-05-22,33.78,33.97,33.32,33.54,29.1749986991418,83510600,0,1
2009-05-26,33.19,34.83,33.18,34.79,30.2623197597836,144857200,0,1
2009-05-27,34.68,35.19,34.43,34.55,30.0535541161404,121348800,0,1
2009-05-28,34.77,35.07,34.21,34.95,30.4014968555458,118931300,0,1
2009-05-29,34.98,35.5,34.76,35.38,30.7755353004065,111535700,0,1
2009-06-01,35.73,36.5,35.61,36.39,31.6540907174051,119126200,0,1
2009-06-02,36.19,36.79,36.11,36.44,31.6975835598308,126858600,0,1
2009-06-03,36.28,36.37,35.93,36.33,31.6018993064943,93329800,0,1
2009-06-04,36.4,36.79,36.34,36.74,31.9585406143849,89280600,0,1
2009-06-05,36.96,37.08,36.42,36.78,31.9933348883254,121958800,0,1
2009-06-08,36.53,36.95,36.12,36.67,31.8976506349889,89194100,0,1
2009-06-09,36.84,37.17,36.67,36.95,32.1412105525727,109187800,0,1
2009-06-10,37.17,37.18,36.29,36.82,32.0281291622659,133404700,0,1
2009-06-11,36.76,37.23,36.75,36.82,32.0281291622659,147909800,0,1
2009-06-12,36.67,36.719,36.2,36.65,31.8802534980186,109452500,0,1
2009-06-15,36.28,36.33,35.58,35.9,31.2278608616335,112152900,0,1
2009-06-16,36.06,36.19,35.52,35.55,30.9234109646538,110550300,0,1
2009-06-17,35.67,36.21,35.45,35.889,31.2182924362999,153421800,0,1
2009-06-18,35.83,36.06,35.57,35.82,31.1582723137525,126266700,0,1
2009-06-19,36.04,36.36,35.9101,36.16,31.4922451521707,122044700,0.0439,1
2009-06-22,35.8,35.89,35.02,35.08,30.5516581841302,137714900,0,1
2009-06-23,35.2,35.26,34.77,35,30.4819850753865,114903100,0,1
2009-06-24,35.3,35.87,35.28,35.59,30.9958242523716,103314600,0,1
2009-06-25,35.38,36.36,35.28,36.29,31.6054639538793,112538200,0,1
2009-06-26,36.13,36.5,36.05,36.37,31.675137062623,87677300,0,1
2009-06-29,36.32,36.75,36.12,36.45,31.7448101713668,93817600,0,1
2009-06-30,36.55,36.73,36.11,36.38,31.683846201216,97843000,0,1
2009-07-01,36.54,36.84,36.39,36.4,31.7012644784019,85976000,0,1
2009-07-02,36.09,36.1,35.5,35.6,31.0045333909645,113309800,0,1
2009-07-06,35.38,35.54,35.04,35.41,30.8390597576982,107632500,0,1
2009-07-07,35.42,35.49,34.51,34.53,30.072655561517,149773000,0,1
2009-07-08,34.73,34.87,34.3,34.71,30.2294200561904,152776400,0,1
2009-07-09,34.84,35.01,34.65,34.77,30.2816748877482,97851500,0,1
2009-07-10,34.66,35.14,34.5626,34.92,30.4123119666427,108482000,0,1
2009-07-13,34.95,35.6,34.48,35.59,30.9958242523716,127140300,0,1
2009-07-14,35.52,35.79,35.4,35.72,31.1090430540801,115631700,0,1
2009-07-15,36.31,36.93,36.14,36.92,32.1541396852363,160869700,0,1
2009-07-16,36.74,37.44,36.72,37.01,32.232521932573,120142500,0,1
2009-07-17,37.36,37.57,37.17,37.56,32.7115245551862,104906500,0,1
2009-07-20,37.75,38,37.61,37.92,33.025053544533,97168800,0,1
2009-07-21,38.07,38.18,37.64,38.18,33.2514911479502,130587600,0,1
2009-07-22,38.2,38.69,38.13,38.5,33.5301835829251,113808600,0,1
2009-07-23,38.45,39.49,38.39,39.35,34.2704603633274,160239300,0,1
2009-07-24,38.93,39.37,38.7799,39.05,34.0091862055383,109312300,0,1
2009-07-27,39.29,39.41,38.87,39.35,34.2704603633274,94718600,0,1
2009-07-28,39.18,39.59,38.93,39.08,34.0353136213173,111564300,0,1
2009-07-29,39.32,39.43,39,39.34,34.2617512247344,126538200,0,1
2009-07-30,39.74,40.18,39.51,39.57,34.4620614123727,108969900,0,1
2009-07-31,39.56,39.8522,39.41,39.45,34.3575517492571,78208300,0,1
2009-08-03,39.85,40.06,39.64,40.04,34.8713909262421,111722800,0,1
2009-08-04,39.86,40.19,39.77,40.04,34.8713909262421,100690800,0,1
2009-08-05,40.13,40.14,39.46,39.73,34.6014076298601,118093000,0,1
2009-08-06,39.79,39.93,39.24,39.38,34.2965877791063,116937500,0,1
2009-08-07,39.91,40.07,39.59,39.88,34.7320447087547,107442100,0,1
2009-08-10,39.73,39.85,39.34,39.6,34.4881888281516,87163200,0,1
2009-08-11,39.42,39.5,39.05,39.26,34.1920781159907,91922700,0,1
2009-08-12,39.21,40.22,39.2,39.87,34.7233355701617,147240000,0,1
2009-08-13,40.1,40.16,39.64,40.09,34.914936619207,110107000,0,1
2009-08-14,39.89,39.96,39.28,39.63,34.5143162439305,124480200,0,1
2009-08-17,38.97,39.01,38.46,38.48,33.5127653057392,131797200,0,1
2009-08-18,38.72,39.98,38.61,39.03,33.9917679283524,84496200,0,1
2009-08-19,38.59,39.4,38.54,39.3,34.2269146703625,88036300,0,1
2009-08-20,39.28,39.84,39.2,39.76,34.627535045639,81473500,0,1
2009-08-21,40.01,40.36,39.74,40.29,35.0891193910663,114660200,0,1
2009-08-24,40.36,40.57,40.1,40.25,35.0542828366945,109904900,0,1
2009-08-25,40.34,40.76,40.25,40.37,35.1587924998101,92900400,0,1
2009-08-26,40.29,40.601,40.08,40.3,35.0978285296593,96407500,0,1
2009-08-27,40.32,40.47,39.67,40.4,35.184919915589,121957800,0,1
2009-08-28,40.89,41.08,40.16,40.44,35.2197564699608,114300900,0,1
2009-08-31,40.16,40.2,39.79,40.03,34.8626817876492,96415300,0,1
2009-09-01,39.87,40.59,39.16,39.28,34.2094963931766,162958900,0,1
2009-09-02,39.09,39.47,39.04,39.25,34.1833689773977,92757200,0,1
2009-09-03,39.44,39.5702,39.02,39.51,34.4098065808149,76783100,0,1
2009-09-04,39.58,40.38,39.52,40.36,35.1500833612171,74866600,0,1
2009-09-08,40.65,40.78,40.46,40.74,35.4810306277499,71024400,0,1
2009-09-09,40.76,41.29,40.59,41.09,35.7858504785037,99280800,0,1
2009-09-10,41.11,41.53,41,41.48,36.1255068836295,99289100,0,1
2009-09-11,41.495,41.62,41.22,41.52,36.1603434380013,93868400,0,1
2009-09-14,41.23,41.71,41.21,41.68,36.2996896554888,90435600,0,1
2009-09-15,41.66,41.95,41.57,41.81,36.4129084571974,91594600,0,1
2009-09-16,41.98,42.48,41.84,42.42,36.9441659113684,96888500,0,1
2009-09-17,42.32,42.66,42.21,42.41,36.9354567727755,102169600,0,1
2009-09-18,42.56,42.62,42.21,42.44,36.9970826374593,87444200,0.0408,1
2009-09-21,42.22,42.7,42.16,42.57,37.1104101761697,71351400,0,1
2009-09-22,42.82,42.83,42.4398,42.65,37.1801501999915,75638400,0,1
2009-09-23,42.83,43.17,42.377,42.45,37.005800140437,143924100,0,1
2009-09-24,42.61,42.69,41.77,42.07,36.6745350272835,111016400,0,1
2009-09-25,41.78,42.09,41.58,41.7,36.3519874171077,109216000,0,1
2009-09-28,41.92,42.66,41.89,42.41,36.9709301285261,84478500,0,1
2009-09-29,42.41,42.6201,42.03,42.22,36.8052975719494,106686400,0,1
2009-09-30,42.39,42.6024,41.6,42.25,36.8314500808825,173102700,0,1
2009-10-01,42.11,42.13,41,41,35.7417622086671,140119100,0,1
2009-10-02,40.72,41.25,40.72,40.88,35.6371521729344,145286400,0,1
2009-10-05,41.09,41.4,40.83,41.21,35.9248297711993,97054200,0,1
2009-10-06,41.43,42.14,41.2206,41.94,36.5612074885731,124628000,0,1
2009-10-07,41.88,42.08,41.77,42.06,36.6658175243058,93787600,0,1
2009-10-08,42.31,42.62,42.14,42.24,36.8227325779048,107850400,0,1
2009-10-09,42.15,42.55,42.06,42.48,37.0319526493702,62828000,0,1
2009-10-12,42.63,42.87,42.28,42.57,37.1104101761697,53221900,0,1
2009-10-13,42.54,42.75,42.37,42.58,37.1191276791474,70939300,0,1
2009-10-14,43.1,43.293,42.85,43.16,37.6247428518554,91004900,0,1
2009-10-15,42.93,43.12,42.87,43.06,37.5375678220782,85772800,0,1
2009-10-16,42.92,42.99,42.48,42.78,37.2934777387019,111859300,0,1
2009-10-19,42.81,43.27,42.59,43.21,37.668330366744,83512000,0,1
2009-10-20,43.45,43.46,42.94,43.22,37.6770478697217,89847900,0,1
2009-10-21,43.2,43.82,43.06,43.14,37.6073078458999,110397400,0,1
2009-10-22,43.07,43.49,42.79,43.31,37.7555053965213,85871800,0,1
2009-10-23,43.69,43.73,43.02,43.13,37.5985903429222,117020400,0,1
2009-10-26,43.17,43.76,42.79,42.99,37.4765453012341,107068600,0,1
2009-10-27,42.95,43.11,42.18,42.34,36.9099076076821,121438200,0,1
2009-10-28,42.19,42.32,41.3,41.39,36.0817448247983,143553600,0,1
2009-10-29,41.68,42.19,41.54,42.09,36.691970033239,85207600,0,1
2009-10-30,42.06,42.15,40.92,40.96,35.7068921967562,162796500,0,1
2009-11-02,41.01,41.57,40.64,41.13,35.8550897473775,142456600,0,1
2009-11-03,40.97,41.32,40.84,41.26,35.9684172860879,95107000,0,1
2009-11-04,41.51,41.87,41.28,41.33,36.029439806932,107970600,0,1
2009-11-05,41.81,42.4,41.78,42.35,36.9186251106598,135204800,0,1
2009-11-06,42.16,42.65,42.08,42.6,37.1365626851029,96312300,0,1
2009-11-09,42.92,43.52,42.88,43.51,37.9298554560757,101620800,0,1
2009-11-10,43.45,43.7714,43.4,43.62,38.0257479888307,72846500,0,1
2009-11-11,43.94,44.14,43.61,43.9,38.2698380722069,84676200,0,1
2009-11-12,43.92,44.16,43.55,43.65,38.0519004977639,92426100,0,1
2009-11-13,43.78,44.14,43.63,44.01,38.3657306049619,87959500,0,1
2009-11-16,44.19,44.65,44.12,44.46,38.7580182389595,87776100,0,1
2009-11-17,44.34,44.6,44.25,44.6,38.8800632806476,81884000,0,1
2009-11-18,44.47,44.49,44.05,44.353,38.6647409570978,100240800,0,1
2009-11-19,44.06,44.08,43.35,43.66,38.0606180007416,114558000,0,1
2009-11-20,43.41,43.55,43.28,43.44,37.8688329352317,70912100,0,1
2009-11-23,43.87,44.4,43.86,44.14,38.4790581436723,91621500,0,1
2009-11-24,44.14,44.15,43.73,43.99,38.3482955990065,60670000,0,1
2009-11-25,44.14,44.22,44.01,44.18,38.5139281555832,37630100,0,1
2009-11-27,43,43.83,42.9,43.51,37.9298554560757,61230000,0,1
2009-11-30,43.41,43.62,43.11,43.56,37.9734429709643,84819400,0,1
2009-12-01,43.88,44.3,43.88,44.01,38.3657306049619,81817800,0,1
2009-12-02,44.16,44.49,43.98,44.07,38.4180356228282,81653600,0,1
2009-12-03,44.24,44.5,43.88,43.89,38.2611205692292,72460400,0,1
2009-12-04,44.45,44.73,43.66,44.12,38.4616231377169,125062600,0,1
2009-12-07,44.08,44.29,43.82,43.91,38.2785555751847,67471900,0,1
2009-12-08,43.68,44,43.36,43.642,38.0449264953817,86621400,0,1
2009-12-09,43.61,44.12,43.32,44.08,38.426753125806,78820500,0,1
2009-12-10,44.25,44.54,44.24,44.3,38.6185381913159,76722400,0,1
2009-12-11,44.52,44.59,43.95,44.13,38.4703406406946,66643700,0,1
2009-12-14,44.43,44.6,44.19,44.55,38.836475765759,47965500,0,1
2009-12-15,44.41,44.67,44.17,44.3,38.6185381913159,61171100,0,1
2009-12-16,44.47,44.7,44.29,44.36,38.6708432091822,61629700,0,1
2009-12-17,44.17,44.21,43.76,43.82,38.2000980483852,90440900,0,1
2009-12-18,44.14,44.48,44,44.46,38.8256660620666,96442600,0.0776,1
2009-12-21,44.67,45.13,44.67,44.96,39.2623019826926,82357400,0,1
2009-12-22,45.08,45.29,45.03,45.23,39.4980853798307,51569100,0,1
2009-12-23,45.34,45.57,45.21,45.56,39.7862650874439,73932200,0,1
2009-12-24,45.61,45.98,45.6,45.98,40.1530392607697,31770400,0,1
2009-12-28,46.08,46.3,45.94,46.22,40.3626245026702,49381400,0,1
2009-12-29,46.22,46.25,45.99,46.03,40.1967028528323,32410200,0,1
2009-12-30,46,46.26,45.96,46.17,40.3189609106076,57612700,0,1
2009-12-31,46.25,46.275,45.75,45.75,39.9521867372818,50079200,0,1
2010-01-04,46.32,46.485,46.27,46.42,40.5372788709207,62822800,0,1
2010-01-05,46.38,46.5,46.16,46.42,40.5372788709207,62935600,0,1
2010-01-06,46.39,46.55,46.07,46.14,40.2927627553701,96033000,0,1
2010-01-07,46.2,46.27,45.92,46.17,40.3189609106076,77094100,0,1
2010-01-08,46.04,46.55,45.93,46.55,40.6508042102834,88886600,0,1
2010-01-11,46.6,46.64,46.12,46.36,40.4848825604455,104673400,0,1
2010-01-12,46.08,46.14,45.53,45.78,39.9783848925193,90673900,0,1
2010-01-13,45.93,46.49,45.61,46.35,40.476149842033,100661000,0,1
2010-01-14,46.26,46.52,46.22,46.39,40.5110807156831,75209000,0,1
2010-01-15,46.46,46.55,45.65,45.85,40.039513921407,126849300,0,1
2010-01-19,45.96,46.64,45.95,46.59,40.6857350839335,84388200,0,1
2010-01-20,46.27,46.604,45.43,45.92,40.1006429502946,145680000,0,1
2010-01-21,46.06,46.35,45.3,45.49,39.7251360585562,204939600,0,1
2010-01-22,45.34,45.48,44.04,44.16,38.563684509691,171098700,0,1
2010-01-25,44.39,44.6,44.12,44.31,38.6946752858788,154218700,0,1
2010-01-26,44.28,44.89,44.05,44.35,38.7296061595289,140816500,0,1
2010-01-27,44.29,44.85,44.01,44.7,39.0352513039671,161632700,0,1
2010-01-28,44.4,44.43,43.32,43.55,38.0309886865272,221439800,0,1
2010-01-29,43.9,44.02,42.63,42.79,37.3673020871757,212099600,0,1
2010-02-01,42.91,43.2807,42.88,43.26,37.7777398525641,136827100,0,1
2010-02-02,43.31,43.78,43.03,43.65,38.1183158706524,110727700,0,1
2010-02-03,43.45,43.97,43.42,43.89,38.3279011125529,93581600,0,1
2010-02-04,43.58,43.66,42.62,42.62,37.2188458741628,151652500,0,1
2010-02-05,42.75,43.02,42.12,42.98,37.5332237370136,213618600,0,1
2010-02-08,42.92,43.18,42.64,42.67,37.2625094662254,94354400,0,1
2010-02-09,43.17,43.51,42.76,43.11,37.6467490763763,118956000,0,1
2010-02-10,43.1,43.31,42.75,43.02,37.5681546106636,94102900,0,1
2010-02-11,43.01,43.79,42.76,43.67,38.1357813074775,93050800,0,1
2010-02-12,43.27,43.88,43.16,43.76,38.2143757731902,93938500,0,1
2010-02-16,44.08,44.35,43.85,44.32,38.7034080042913,83861400,0,1
2010-02-17,44.5,44.57,44.26,44.57,38.9217259646043,82691700,0,1
2010-02-18,44.54,44.93,44.45,44.85,39.1662420801549,65752600,0,1
2010-02-19,44.76,45.05,44.62,44.83,39.1487766433299,80416500,0,1
2010-02-22,45.01,45.03,44.56,44.74,39.0701821776172,72055000,0,1
2010-02-23,44.69,44.74,43.95,44.16,38.563684509691,95814400,0,1
2010-02-24,44.4099,44.79,44.32,44.61,38.9566568382544,86591000,0,1
2010-02-25,44.11,44.7,43.83,44.6,38.9479241198419,97961300,0,1
2010-02-26,44.6,44.86,44.4,44.76,39.0876476144422,66222400,0,1
2010-03-01,44.95,45.49,44.95,45.41,39.6552743112561,77290100,0,1
2010-03-02,45.54,45.85,45.45,45.55,39.7775323690314,76368500,0,1
2010-03-03,45.67,45.82,45.43,45.6,39.821195961094,65735500,0,1
2010-03-04,45.64,45.81,45.4,45.75,39.9521867372818,54470900,0,1
2010-03-05,46.1,46.54,45.99,46.44,40.5547443077457,68136300,0,1
2010-03-08,46.46,46.64,46.44,46.53,40.6333387734584,58712400,0,1
2010-03-09,46.4,47.05,46.4,46.79,40.8603894521839,98002800,0,1
2010-03-10,46.8,47.28,46.8,47.17,41.1922327518597,102578900,0,1
2010-03-11,47.07,47.35,46.98,47.35,41.3494216832851,67510300,0,1
2010-03-12,47.5,47.53,47.1,47.36,41.3581544016976,64068300,0,1
2010-03-15,47.26,47.38,46.91,47.24,41.2533617807473,60150500,0,1
2010-03-16,47.39,47.61,47.23,47.54,41.515343333123,74950600,0,1
2010-03-17,47.6,47.9,47.53,47.67,41.6288686724857,75643500,0,1
2010-03-18,47.72,47.88,47.6,47.83,41.7685921670861,77829400,0,1
2010-03-19,47.95,47.95,47.32,47.49,41.5166183100112,86337100,0.0515,1
2010-03-22,47.31,48.11,47.25,47.92,41.8925320997207,71902800,0,1
2010-03-23,48,48.3,47.77,48.2525,42.1832096231589,59182600,0,1
2010-03-24,48.14,48.17,47.91,48.02,41.9799539112811,62995700,0,1
2010-03-25,48.37,48.6,47.9,47.95,41.9187586431888,76294800,0,1
2010-03-26,48.14,48.33,47.74,48,41.962469548969,78067900,0,1
2010-03-29,48.23,48.4,48.1,48.23,42.1635397155578,57993300,0,1
2010-03-30,48.36,48.55,48.06,48.39,42.3034146140543,49437300,0,1
2010-03-31,48.23,48.45,48.07,48.16,42.1023444474655,59947400,0,1
2010-04-01,48.34,48.7,47.79,48.16,42.1023444474655,83728600,0,1
2010-04-05,48.26,48.72,48.14,48.61,42.4957425994871,56220300,0,1
2010-04-06,48.49,48.9,48.39,48.75,42.6181331356716,54097100,0,1
2010-04-07,48.69,48.87,48.37,48.63,42.5132269617992,77211500,0,1
2010-04-08,48.51,48.82,48.24,48.74,42.6093909545156,68314300,0,1
2010-04-09,48.77,49.05,48.635,49.03,42.8629142080406,54227300,0,1
2010-04-12,49.05,49.2,48.94,49.07,42.8978829326647,44280600,0,1
2010-04-13,49.02,49.35,48.86,49.32,43.1164374615656,59376000,0,1
2010-04-14,49.57,49.92,49.5,49.91,43.6322261497717,69004800,0,1
2010-04-15,49.88,50.19,49.87,50.13,43.8245541352045,72254200,0,1
2010-04-16,49.95,50.12,49.2,49.53,43.3000232658424,127388000,0,1
2010-04-19,49.36,49.66,48.9,49.5,43.2737967223743,98251700,0,1
2010-04-20,49.755,49.88,49.43,49.75,43.4923512512751,69543700,0,1
2010-04-21,50.09,50.19,49.725,50.03,43.7371323236441,74748700,0,1
2010-04-22,49.5697,50.36,49.26,50.31,43.9819133960131,110477200,0,1
2010-04-23,50.29,50.57,50.09,50.52,44.1654992002899,77205200,0,1
2010-04-26,50.53,50.65,50.3,50.41,44.0693352075735,67361000,0,1
2010-04-27,50.22,50.43,49.21,49.34,43.1339218238777,112608000,0,1
2010-04-28,49.6,49.63,48.98,49.37,43.1601483673458,130082100,0,1
2010-04-29,49.61,50.33,49.61,50.23,43.9119759467648,84180200,0,1
2010-04-30,50.21,50.29,49.2,49.2375,43.0443144670283,110897000,0,1
2010-05-03,49.43,50.17,49.43,49.93,43.6497105120838,74169700,0,1
2010-05-04,49.31,49.32,48.08,48.43,42.3383833386785,141136500,0,1
2010-05-05,47.98,48.5,47.64,48.18,42.1198288097776,128560200,0,1
2010-05-06,47.85,48.3201,41.55,46.57,40.7123376436559,274356800,0,1
2010-05-07,46.22,46.8,44.2833,45.41,39.6982446295559,288200400,0,1
2010-05-10,47.42,47.8,47.31,47.77,41.7613993823802,136041600,0,1
2010-05-11,47.31,48.39,47.2,47.72,41.7176884766,113016100,0,1
2010-05-12,47.98,48.66,47.9,48.62,42.5044847806432,85462400,0,1
2010-05-13,48.43,48.79,47.7301,47.85,41.8313368316284,102844300,0,1
2010-05-14,47.49,47.52,46.38,46.93,41.0270561652732,147386100,0,1
2010-05-17,47.04,47.27,46.07,47.08,41.1581888826137,120969600,0,1
2010-05-18,47.47,47.58,46.22,46.43,40.5899471074714,153072100,0,1
2010-05-19,46.26,46.63,45.55,46.06,40.2664864046981,159000300,0,1
2010-05-20,45.17,45.28,44.25,44.35,38.7715734270161,189289800,0,1
2010-05-21,43.64,45.64,43.49,44.84,39.1999403036619,190631100,0,1
2010-05-24,44.81,45.325,44.64,44.66,39.0425810428532,113038000,0,1
2010-05-25,43.67,44.76,43.23,44.7,39.0775497674774,155643000,0,1
2010-05-26,44.93,45.57,44.12,44.2,38.6404407096756,140203200,0,1
2010-05-27,45.22,45.89,45.09,45.87,40.1003849627335,110671600,0,1
2010-05-28,45.94,45.99,45.2,45.6,39.8643460715205,128535300,0,1
2010-06-01,45.45,46.25,45.13,45.18,39.497174462967,104242700,0,1
2010-06-02,45.45,46.28,45.13,46.25,40.4325878466628,97249300,0,1
2010-06-03,46.36,46.77,46.08,46.69,40.8172438175284,98928400,0,1
2010-06-04,45.71,46.29,44.9375,45.0925,39.4206803778517,112849900,0,1
2010-06-07,45.34,45.46,44.22,44.27,38.7016359777679,88436600,0,1
2010-06-08,44.37,44.48,43.59,44.19,38.6316985285196,133030100,0,1
2010-06-09,44.48,44.91,43.69,43.82,38.3082378257463,101949200,0,1
2010-06-10,44.39,45.12,44.24,45.07,39.4010104702507,76892300,0,1
2010-06-11,44.63,45.54,44.61,45.5,39.7769242599602,74346800,0,1
2010-06-14,45.91,46.24,45.41,45.49,39.7681820788041,68085000,0,1
2010-06-15,45.71,46.77,45.4532,46.71,40.8347281798404,76332600,0,1
2010-06-16,46.58,47.14,46.5,46.9,41.0008296218051,78399700,0,1
2010-06-17,47.16,47.18,46.64,47.05,41.1319623391456,77111900,0,1
2010-06-18,47.06,47.34,46.86,47,41.1663191110888,75921400,0.0893,1
2010-06-21,47.6,47.68,46.33,46.6,40.8159674590796,95488100,0,1
2010-06-22,46.79,47.14,46.15,46.24,40.5006509722712,94493400,0,1
2010-06-23,46.29,46.47,45.69,46.05,40.3342339375668,92397600,0,1
2010-06-24,45.84,45.99,45.2,45.35,39.7211185465506,114145900,0,1
2010-06-25,45.51,45.66,44.95,45.27,39.6510482161488,88740300,0,1
2010-06-28,45.29,45.55,44.81,45.11,39.5109075553451,71350000,0,1
2010-06-29,44.42,44.46,43.07,43.37,37.9868778691048,136384200,0,1
2010-06-30,43.23,43.67,42.64,42.71,37.4087976432895,101313200,0,1
2010-07-01,42.82,42.96,41.77,42.59,37.3036921476867,158695000,0,1
2010-07-02,42.67,42.8215,42.09,42.47,37.1985866520839,78565300,0,1
2010-07-06,43.09,43.37,42.25,42.6,37.3124509389869,88591900,0,1
2010-07-07,42.74,44.01,42.7,43.96,38.5036465558184,72448400,0,1
2010-07-08,44.3097,44.38,43.68,44.2,38.713857547024,78264600,0,1
2010-07-09,44.18,44.63,44.08,44.62,39.0817267816337,47851200,0,1
2010-07-12,44.58,45.03,44.46,44.75,39.1955910685367,60927500,0,1
2010-07-13,45.13,45.5,44.8,45.33,39.7036009639502,93310500,0,1
2010-07-14,45.42,45.81,45.24,45.56,39.9050531638555,87687100,0,1
2010-07-15,45.46,45.74,44.99,45.6,39.9400883290564,95992500,0,1
2010-07-16,45.44,45.6281,44.3,44.34,38.8364806252272,98831900,0,1
2010-07-19,44.48,44.81,44.1,44.72,39.169314694636,81800800,0,1
2010-07-20,43.99,45.26,43.86,45.26,39.6422894248485,89061200,0,1
2010-07-21,45.75,45.76,44.56,44.64,39.0992443642342,83577000,0,1
2010-07-22,45.26,45.98,45.24,45.77,40.0889877811604,82890300,0,1
2010-07-23,45.46,46.1,45.38,46.06,40.3429927288671,81056100,0,1
2010-07-26,46.12,46.46,45.91,46.44,40.6758267982759,64850900,0,1
2010-07-27,46.69,46.72,46.21,46.42,40.6583092156754,67655600,0,1
2010-07-28,46.38,46.58,45.88,46.05,40.3342339375668,51988200,0,1
2010-07-29,46.3,46.41,45.25,45.71,40.036435033359,85669500,0,1
2010-07-30,45.36,46.09,45.07,45.81,40.1240229463613,98958100,0,1
2010-08-02,46.38,46.79,46.2101,46.67,40.8772789981812,68706800,0,1
2010-08-03,46.63,46.7,46.25,46.47,40.7021031721766,60856600,0,1
2010-08-04,46.69,46.99,46.5,46.938,41.1120146050274,43820600,0,1
2010-08-05,46.72,46.92,46.52,46.83,41.0174196589849,39150200,0,1
2010-08-06,46.32,46.85,46.05,46.76,40.9561081198833,71339200,0,1
2010-08-09,47.01,47.19,46.79,47.08,41.2363894414907,26927600,0,1
2010-08-10,46.63,46.95,46.28,46.6725,40.8794686960063,86694500,0,1
2010-08-11,45.91,45.92,45.21,45.4,39.7649125030518,92219700,0,1
2010-08-12,44.56,45.24,44.45,45.04,39.4495960162434,66000200,0,1
2010-08-13,44.87,45.06,44.71,44.72,39.169314694636,46387300,0,1
2010-08-16,44.72,45.11,44.3,44.8,39.2393850250379,55472900,0,1
2010-08-17,45.11,45.78,45.03,45.372,39.7403878874111,56927100,0,1
2010-08-18,45.29,45.82,45.11,45.55,39.8962943725553,61835400,0,1
2010-08-19,45.29,45.46,44.56,44.86,39.2919377728393,82969500,0,1
2010-08-20,44.79,45.03,44.54,44.92,39.3444905206407,65806700,0,1
2010-08-23,45.25,45.34,44.46,44.48,38.9591037034305,69612200,0,1
2010-08-24,44.01,44.12,43.465,43.65,38.2321240255112,79095800,0,1
2010-08-25,43.35,44.26,43.27,44.07,38.599993260121,87247900,0,1
2010-08-26,44.24,44.32,43.5,43.54,38.1357773212087,91199000,0,1
2010-08-27,43.86,44.16,42.97,44.07,38.599993260121,109568800,0,1
2010-08-30,43.87,44.25,43.6,43.61,38.1970888603103,49373200,0,1
2010-08-31,43.39,43.85,43.18,43.46,38.0657069908068,72066900,0,1
2010-09-01,44.1,44.91,44.07,44.76,39.204349859837,83523100,0,1
2010-09-02,44.84,45.28,44.73,45.26,39.6422894248485,41816800,0,1
2010-09-03,45.73,46.02,45.55,46.01,40.2991987723659,64041100,0,1
2010-09-07,45.82,46.03,45.625,45.7,40.0276762420587,51195200,0,1
2010-09-08,45.84,46.45,45.82,46.25,40.5094097635715,66879800,0,1
2010-09-09,46.6076,46.7,46.32,46.43,40.6670680069756,61476400,0,1
2010-09-10,46.49,46.67,46.25,46.6,40.8159674590796,66995700,0,1
2010-09-13,46.95,47.37,46.94,47.25,41.3852888935946,64523400,0,1
2010-09-14,47.17,47.7,47.08,47.45,41.5604647195993,91405800,0,1
2010-09-15,47.35,47.8,47.19,47.75,41.8232284586062,67108200,0,1
2010-09-16,47.68,47.98,47.54,47.94,41.9896454933106,66885800,0,1
2010-09-17,48.14,48.14,47.75,47.995,42.135523162416,76372600,0.1115,1
2010-09-20,48.18,48.93,48.1101,48.8299,42.8684942695793,84475000,0,1
2010-09-21,48.84,49.17,48.61,48.82,42.8598029125773,82272000,0,1
2010-09-22,48.64,49.021,48.42,48.69,42.7456739822489,88315900,0,1
2010-09-23,48.39,49.16,48.32,48.67,42.7281156852753,85040000,0,1
2010-09-24,49.22,49.69,49.15,49.66,43.5972513854689,79495900,0,1
2010-09-27,49.65,49.75,49.35,49.39,43.3602143763252,43859800,0,1
2010-09-28,49.51,49.54,48.59,49.37,43.3426560793515,104922900,0,1
2010-09-29,49.3,49.53,49.11,49.29,43.2724228914571,81679200,0,1
2010-09-30,49.54,49.84,48.75,49.07,43.0792816247474,122458600,0,1
2010-10-01,49.46,49.53,48.781,49.01,43.0266067338266,77675400,0,1
2010-10-04,48.86,49.05,48.2,48.48,42.561311864026,71359900,0,1
2010-10-05,49.03,49.76,49,49.66,43.5972513854689,99301300,0,1
2010-10-06,49.59,49.71,48.91,49.23,43.2197480005363,81831200,0,1
2010-10-07,49.52,49.54,49,49.41,43.3777726732988,75693300,0,1
2010-10-08,49.49,49.87,49.08,49.75,43.6762637218501,83223900,0,1
2010-10-11,49.78,50.02,49.62,49.77,43.6938220188237,46880000,0,1
2010-10-12,49.69,50.21,49.26,50.11,43.992313067375,88571700,0,1
2010-10-13,50.4,50.75,50.28,50.52,44.352258155334,71122900,0,1
2010-10-14,50.54,50.64,50.17,50.42,44.264466670466,68464000,0,1
2010-10-15,51.04,51.5,50.63,51.49,45.203835558554,104654000,0,1
2010-10-18,51.52,51.72,51.3,51.3,45.0370317373047,72399400,0,1
2010-10-19,50.74,51.3,50.42,50.82,44.6156326099381,105739800,0,1
2010-10-20,50.96,51.57,50.87,51.19,44.9404611039499,80861400,0,1
2010-10-21,51.51,51.7101,50.79,51.29,45.0282525888179,85885400,0,1
2010-10-22,51.3,51.69,51.21,51.64,45.3355227858561,47406900,0,1
2010-10-25,51.85,52.23,51.85,51.89,45.5550014980262,51413900,0,1
2010-10-26,51.62,52.15,51.42,52.03,45.6779095768414,60498300,0,1
2010-10-27,51.8589,52.23,51.66,52.19,45.8183759526303,57483400,0,1
2010-10-28,52.42,52.45,51.84,52.3,45.9149465859851,61220000,0,1
2010-10-29,52.29,52.49,52.1698,52.18,45.8095968041435,46668700,0,1
2010-11-01,52.38,52.75,51.98,52.22,45.8447133980907,60555600,0,1
2010-11-02,52.66,52.93,52.575,52.78,46.3363457133517,48137500,0,1
2010-11-03,52.84,53.04,52.36,53.02,46.547045277035,126225800,0,1
2010-11-04,53.63,53.8614,53.5,53.67,47.1176899286773,84201000,0,1
2010-11-05,53.67,53.81,53.51,53.67,47.1176899286773,77937100,0,1
2010-11-08,53.57,53.83,53.4499,53.7375,47.1769491809632,39623500,0,1
2010-11-09,53.97,54.0401,53.21,53.45,46.9245486619676,66828700,0,1
2010-11-10,53.53,53.77,53.1,53.715,47.1571960968679,83553700,0,1
2010-11-11,52.9,53.48,52.66,53.385,46.8674841968034,85163600,0,1
2010-11-12,53.1,53.3672,52.11,52.51,46.099308704208,99164300,0,1
2010-11-15,52.78,52.88,52.29,52.315,45.9281153087153,56723400,0,1
2010-11-16,51.93,52.2462,50.85,51.45,45.1687189646068,101097000,0,1
2010-11-17,51.49,51.87,51.35,51.6,45.3004061919088,77836200,0,1
2010-11-18,52.15,52.79,52.13,52.43,46.0290755163136,71488300,0,1
2010-11-19,52.34,52.59,52.14,52.47,46.0641921102608,54506100,0,1
2010-11-22,52.25,52.91,52.17,52.91,46.4504746436802,69918900,0,1
2010-11-23,52.39,52.45,51.77,52.07,45.7130261707886,76818300,0,1
2010-11-24,52.58,53.25,52.56,53.12,46.6348367619031,53444200,0,1
2010-11-26,52.8,53.13,52.67,52.77,46.3275665648649,23640300,0,1
2010-11-29,52.7,52.9,52.1,52.73,46.2924499709177,89269100,0,1
2010-11-30,52.18,52.7355,51.88,52.085,45.7261948935188,118862100,0,1
2010-12-01,52.87,53.46,52.84,53.19,46.6962908013107,81758800,0,1
2010-12-02,53.27,53.81,53.21,53.73,47.1703648195981,56844600,0,1
2010-12-03,53.5,53.94,53.5,53.87,47.2932728984134,38014200,0,1
2010-12-06,53.86,53.95,53.68,53.845,47.2713250271964,39312000,0,1
2010-12-07,54.49,54.52,53.82,53.88,47.3020520469002,59067300,0,1
2010-12-08,54.02,54.15,53.6899,54.08,47.4776350166362,48066900,0,1
2010-12-09,54.41,54.44,53.95,54.135,47.5259203333137,51679800,0,1
2010-12-10,54.29,54.55,54.09,54.495,47.8419696788386,44696200,0,1
2010-12-13,54.71,54.74,54.27,54.3,47.6707762833459,53110200,0,1
2010-12-14,54.42,54.62,54.23,54.395,47.7541781939706,69884800,0,1
2010-12-15,54.37,54.7,54.03,54.16,47.5478682045307,76951900,0,1
2010-12-16,54.21,54.66,54.06,54.58,47.9165924409765,65519400,0,1
2010-12-17,54.54,54.68,54.41,54.52,47.9590132864647,36844200,0.1083,1
2010-12-20,54.59,54.76,54.16,54.56,47.9941996498443,48159600,0,1
2010-12-21,54.7602,54.89,54.62,54.89,48.2844871477265,35775400,0,1
2010-12-22,54.86,54.96,54.79,54.885,48.280088852304,35766500,0,1
2010-12-23,54.78,54.87,54.61,54.742,48.1542976032218,21664800,0,1
2010-12-27,54.62,54.86,54.21,54.77,48.1789280575875,29263700,0,1
2010-12-28,54.88,54.92,54.55,54.67,48.0909621491384,24160500,0,1
2010-12-29,54.82,54.9,54.73,54.79,48.1965212392773,24132700,0,1
2010-12-30,54.79,54.8,54.55,54.66,48.0821655582935,27553300,0,1
2010-12-31,54.6,54.62,54.21,54.46,47.9062337413952,38540100,0,1
2011-01-03,54.959,55.69,54.95,55.31,48.6539439632128,90994300,0,1
2011-01-04,55.53,55.55,54.92,55.265,48.6143593044107,43851500,0,1
2011-01-05,55.11,55.76,55.07,55.74,49.0321973695441,43787400,0,1
2011-01-06,55.79,55.96,55.68,55.92,49.1905360047525,46139600,0,1
2011-01-07,56.02,56.05,55.32,55.87,49.1465530505279,72261700,0,1
2011-01-10,55.72,56.18,55.58,56.08,49.3312814582711,55551800,0,1
2011-01-11,56.29,56.36,55.95,56.16,49.4016541850304,56663800,0,1
2011-01-12,56.42,56.56,56.2,56.555,49.7491195234045,51979300,0,1
2011-01-13,56.59,56.73,56.41,56.575,49.7667127050943,47364500,0,1
2011-01-14,56.59,57.02,56.46,57,50.1405678160031,43867400,0,1
2011-01-18,56.52,57.23,56.49,57.16,50.2813132695217,65805600,0,1
2011-01-19,57.24,57.26,56.32,56.51,49.7095348646023,67767200,0,1
2011-01-20,56.3,56.35,55.68,56.11,49.3576712308058,92357800,0,1
2011-01-21,56.39,56.49,55.65,55.68,48.9794178244746,59673300,0,1
2011-01-24,55.79,56.46,55.68,56.45,49.6567553195329,64103300,0,1
2011-01-25,56.18,56.55,56.05,56.5325,49.7293271940034,55305100,0,1
2011-01-26,56.63,56.98,56.45,56.83,49.9910257716395,60547700,0,1
2011-01-27,57.01,57.35,56.92,57.18,50.2989064512115,53656100,0,1
2011-01-28,57.16,57.22,55.47,55.73,49.0234007786991,123359900,0,1
2011-01-31,55.81,56.16,55.39,56,49.2609087315118,70571300,0,1
2011-02-01,56.4194,57.18,56.36,57.05,50.1845507702276,76952900,0,1
2011-02-02,56.92,57.17,56.84,56.955,50.100983157201,48661000,0,1
2011-02-03,56.85,57.14,56.4,57.0575,50.1911482133613,45341900,0,1
2011-02-04,57.05,57.42,56.9,57.375,50.4704399726873,47647800,0,1
2011-02-07,57.49,57.97,57.4,57.65,50.7123462209224,45627100,0,1
2011-02-08,57.65,58.07,57.56,58.025,51.0422183776066,38099900,0,1
2011-02-09,57.94,58.12,57.75,57.93,50.95865076458,62540800,0,1
2011-02-10,57.61,58.1,57.49,58.021,51.0386997412687,70194700,0,1
2011-02-11,57.87,58.48,57.77,58.44,51.4072768976705,47853500,0,1
2011-02-14,58.43,58.66,58.38,58.58,51.5304291694993,48506100,0,1
2011-02-15,58.44,58.57,58.23,58.5,51.46005644274,39723800,0,1
2011-02-16,58.64,59.04,58.63,58.881,51.7952065539312,53061700,0,1
2011-02-17,58.6,58.975,58.55,58.86,51.7767337131569,38361900,0,1
2011-02-18,58.88,58.97,58.51,58.73,51.662378032173,44334300,0,1
2011-02-22,58,58.13,56.94,57.03,50.1669575885378,92598100,0,1
2011-02-23,57,57.23,56.13,56.56,49.7535178188269,97842900,0,1
2011-02-24,56.7,57.03,56.14,56.855,50.0130172487518,98716100,0,1
2011-02-25,57.16,57.72,57.12,57.65,50.7123462209224,54094600,0,1
2011-02-28,57.87,58.05,57.43,57.7689,50.8169376860684,51402800,0,1
2011-03-01,57.99,58.02,56.695,56.84,49.9998223624845,91993900,0,1
2011-03-02,56.82,57.511,56.79,57.14,50.2637200878318,61552900,0,1
2011-03-03,57.68,58.365,57.67,58.265,51.2533365578845,64146600,0,1
2011-03-04,58.25,58.26,57.59,57.9675,50.9916379802484,62328400,0,1
2011-03-07,58.21,58.2599,56.67,57.19,50.3077030420564,98470000,0,1
2011-03-08,57.1,57.68,56.77,57.42,50.5100246314894,62399100,0,1
2011-03-09,57.21,57.27,56.72,57.03,50.1669575885378,84764200,0,1
2011-03-10,56.39,56.52,55.91,56.14,49.3840610033406,102894400,0,1
2011-03-11,55.83,56.66,55.82,56.49,49.6919416829125,81679400,0,1
2011-03-14,56.18,56.59,55.86,56.29,49.5160098660143,73565800,0,1
2011-03-15,54.64,55.82,54.47,55.49,48.8122825984212,101276500,0,1
2011-03-16,55.03,55.34,53.77,54.15,47.6335394252029,176507700,0,1
2011-03-17,55.01,55.24,54.1294,54.65,48.0733689674486,94434500,0,1
2011-03-18,55.2,55.22,54.41,54.45,47.9650565443751,94887200,0.0769,1
2011-03-21,55.29,55.78,54.4956,55.5,48.8900025383438,57423000,0,1
2011-03-22,55.57,55.61,55.28,55.395,48.7975079389469,36162100,0,1
2011-03-23,55.19,55.87,54.82,55.71,49.0749917371375,60365100,0,1
2011-03-24,56.12,56.82,55.82,56.7,49.947083674308,69502400,0,1
2011-03-25,56.89,57.22,56.7299,56.84,50.0704098068372,74131100,0,1
2011-03-28,57.09,57.1,56.5,56.53,49.7973305133797,37824000,0,1
2011-03-29,56.4,57.08,56.23,57.08,50.28182603403,47994800,0,1
2011-03-30,57.36,57.43,57.08,57.35,50.5196692896219,44935900,0,1
2011-03-31,57.25,57.48,57.15,57.43,50.5901413653529,50004300,0,1
2011-04-01,57.72,57.9,57.29,57.46,50.616568393752,68031800,0,1
2011-04-04,57.62,57.68,57.02,57.27,50.449197213891,48659100,0,1
2011-04-05,57.16,57.49,57,57.12,50.3170620718955,55349400,0,1
2011-04-06,57.54,57.73,56.93,57.26,50.4403882044246,49532100,0,1
2011-04-07,57.23,57.6,56.81,57.22,50.4051521665591,60697000,0,1
2011-04-08,57.48,57.57,56.65,56.95,50.1673089109672,42782200,0,1
2011-04-11,57.16,57.29,56.56,56.76,49.9999377311062,42451700,0,1
2011-04-12,56.52,56.64,56.15,56.37,49.6563863619178,50422800,0,1
2011-04-13,56.77,57,56.4,56.85,50.0792188163035,49979800,0,1
2011-04-14,56.45,56.83,56.23,56.75,49.9911287216398,53544100,0,1
2011-04-15,56.53,56.87,56.28,56.65,49.9030386269762,68530000,0,1
2011-04-18,56.09,56.27,55.32,56.25,49.5506782483214,69065000,0,1
2011-04-19,56.39,56.6,56.1,56.6,49.8589935796443,38608400,0,1
2011-04-20,57.59,57.94,56.6051,57.875,50.9821422866063,67397500,0,1
2011-04-21,58.47,58.47,58.16,58.34,51.3917612267924,43666800,0,1
2011-04-25,58.4,58.52,58.28,58.49,51.5238963687879,25376800,0,1
2011-04-26,58.65,59.03,58.51,58.82,51.8145936811781,49400000,0,1
2011-04-27,58.9,59.29,58.66,59.22,52.1669540598328,56465500,0,1
2011-04-28,59.06,59.23,58.88,59.13,52.0876729746355,48100000,0,1
2011-04-29,59.04,59.29,58.98,59.08,52.0436279273036,44831200,0,1
2011-05-02,59.19,59.34,58.82,58.97,51.9467288231736,48149400,0,1
2011-05-03,58.95,59,58.33,58.69,51.7000765581153,38100000,0,1
2011-05-04,58.72,58.87,58.11,58.6,51.620795472918,53097200,0,1
2011-05-05,58.32,58.97,58.08,58.28,51.3389071699942,72200000,0,1
2011-05-06,58.86,59.2,58.31,58.47,51.5062783498552,72507000,0,1
2011-05-09,58.56,58.92,58.34,58.69,51.7000765581153,40022000,0,1
2011-05-10,58.87,59.28,58.775,59.19,52.1405270314337,38053600,0,1
2011-05-11,59.1,59.31,58.36,58.755,51.7573351196467,61900000,0,1
2011-05-12,58.56,59.19,58.24,59.11,52.0700549557028,66100000,0,1
2011-05-13,58.98,59.07,58.39,58.41,51.453424293057,63506600,0,1
2011-05-16,58.16,58.32,57.27,57.399,50.5628334360071,73115300,0,1
2011-05-17,57.12,57.57,56.98,57.56,50.7046584884157,63136000,0,1
2011-05-18,57.48,58.14,57.41,58.04,51.1274909428013,42351100,0,1
2011-05-19,58.23,58.34,57.85,58.21,51.2772441037296,35015800,0,1
2011-05-20,58.15,58.21,57.69,57.765,50.8852431824762,44703300,0,1
2011-05-23,56.99,57.15,56.65,56.92,50.1408818825681,43700000,0,1
2011-05-24,57.07,57.07,56.56,56.57,49.8325665512452,39314800,0,1
2011-05-25,56.49,57.06,56.47,56.79,50.0263647595053,41369000,0,1
2011-05-26,56.62,57.3,56.61,57.1415,50.3360014422482,40564100,0,1
2011-05-27,57.24,57.49,57.19,57.43,50.5901413653529,30127200,0,1
2011-05-31,57.97,58.36,57.67,58.36,51.4093792457251,47590100,0,1
2011-06-01,58.22,58.36,57.04,57.09,50.2906350434964,51795000,0,1
2011-06-02,57.21,57.41,56.89,57.21,50.3963431570928,50198100,0,1
2011-06-03,56.56,56.99,56.27,56.35,49.6387683429851,57773700,0,1
2011-06-06,56.35,56.53,55.86,55.89,49.2335539075322,50175600,0,1
2011-06-07,56.05,56.26,55.75,55.79,49.1454638128685,46311100,0,1
2011-06-08,55.67,55.77,55.23,55.39,48.7931034342138,46426400,0,1
2011-06-09,55.37,55.76,55.23,55.485,48.8767890241443,45307500,0,1
2011-06-10,55.23,55.34,54.59,54.64,48.1324277242361,53740600,0,1
2011-06-13,54.71,54.93,54.45,54.64,48.1324277242361,37736800,0,1
2011-06-14,55.05,55.47,55.03,55.34,48.7490583868819,40565300,0,1
2011-06-15,54.83,55.15,54.18,54.29,47.8241123929132,59022400,0,1
2011-06-16,54.33,54.5,53.615,54.08,47.6391231941195,66316200,0,1
2011-06-17,54.45,54.598,53.631,53.79,47.4900659449391,70337000,0.1208,1
2011-06-20,53.66,54.23,53.64,54.07,47.7372720885454,37402900,0,1
2011-06-21,54.26,55.29,54.03,55.23,48.7614118263429,55892800,0,1
2011-06-22,55,55.32,54.82,54.831,48.409143071704,36833300,0,1
2011-06-23,54.28,55.37,54.06,55.34,48.8585285256168,80743300,0,1
2011-06-24,55.07,55.13,54.27,54.38,48.010964604681,56298300,0,1
2011-06-27,54.43,55.53,54.32,55.245,48.7746550126076,49968900,0,1
2011-06-28,55.38,56.08,55.29,56.07,49.5030302571618,47028800,0,1
2011-06-29,56.23,56.41,55.9,56.3,49.7060924465527,65407300,0,1
2011-06-30,56.5,57.09,56.47,57.05,50.3682517597839,50347200,0,1
2011-07-01,57.1,57.985,56.92,57.91,51.127527772289,53203900,0,1
2011-07-05,57.95,58.26,57.83,58.2,51.3835627067383,43128800,0,1
2011-07-06,58.14,58.49,57.94,58.39,51.5513097327569,49282700,0,1
2011-07-07,58.82,59.36,58.74,59.19,52.2576130002035,54799800,0,1
2011-07-08,58.7,59.04,58.37,59.03,52.1163523467142,69519500,0,1
2011-07-11,58.41,58.71,57.76,57.96,51.1716717265044,52080800,0,1
2011-07-12,57.94,58.07,57.46,57.52,50.7832049294088,84000700,0,1
2011-07-13,57.94,58.34,57.55,57.76,50.9950959096427,82378100,0,1
2011-07-14,57.93,58.18,56.87,57.09,50.4035669231562,98774200,0,1
2011-07-15,57.72,57.85,57.31,57.85,51.0745550272305,68281500,0,1
2011-07-18,57.535,57.79,56.98,57.54,50.8008625110949,59512200,0,1
2011-07-19,58.13,58.9,58.09,58.85,51.9574341115387,73904600,0,1
2011-07-20,59.18,59.19,58.5,58.6,51.7367143404616,57085500,0,1
2011-07-21,58.65,59.32,58.34,58.99,52.0810371833418,70148800,0,1
2011-07-22,58.97,59.7,58.92,59.6,52.6195934247699,43620400,0,1
2011-07-25,59.13,59.81,59.02,59.48,52.5136479346529,48916100,0,1
2011-07-26,59.44,59.83,59.32,59.625,52.6416654018776,40918900,0,1
2011-07-27,59.25,59.29,57.94,58.09,51.2864460074644,83969500,0,1
2011-07-28,58.1,58.93,57.89,58.19,51.3747339158953,61031900,0,1
2011-07-29,57.73,58.61,57.44,58,51.2069868898767,82860500,0,1
2011-08-01,58.67,58.82,57.03,57.73,50.9686095371135,85421100,0,1
2011-08-02,57.46,57.72,56.21,56.27,49.6796060740235,90853300,0,1
2011-08-03,56.37,56.88,55.35,56.81,50.1563607795499,103612300,0,1
2011-08-04,55.98,56.09,54.17,54.17,47.8255599969762,132830000,0,1
2011-08-05,54.79,55.03,52.32,53.83,47.5253811083114,214111800,0,1
2011-08-08,52.21,53.12,50.59,50.59,44.6648528751528,204804500,0,1
2011-08-09,51.31,53.08,49.93,53.03,46.8190778408648,193707100,0,1
2011-08-10,51.82,53.0438,50.8,50.86,44.903230227916,205917900,0,1
2011-08-11,51.58,53.69,51.34,53.1,46.8808793767664,143825300,0,1
2011-08-12,53.42,53.9,52.88,53.57,47.2958325463913,90483300,0,1
2011-08-15,53.77,54.36,53.53,54.36,47.9933070229948,73554300,0,1
2011-08-16,53.82,54.35,53.18,53.9,47.587182644213,89219200,0,1
2011-08-17,53.98,54.42,53.02,53.58,47.3046613372344,84416600,0,1
2011-08-18,52.13,52.14,50.48,50.95,44.9826893455038,130019400,0,1
2011-08-19,50.43,51.67,49.99,50.03,44.1704405879402,96674600,0,1
2011-08-22,51.21,51.24,50.06,50.21,44.3293588231157,77107700,0,1
2011-08-23,50.56,52.28,50.34,52.28,46.1569185276337,75688400,0,1
2011-08-24,52.18,53.42,51.71,52.69,46.5188989522001,80197700,0,1
2011-08-25,52.64,52.905,51.65,51.83,45.759622939695,93623700,0,1
2011-08-26,51.68,53.31,51.15,53.13,46.9073657492957,91573300,0,1
2011-08-29,53.64,54.67,53.64,54.61,48.2140267940718,45985800,0,1
2011-08-30,54.39,55.3,54.11,54.97,48.5318632644228,61617900,0,1
2011-08-31,55.29,55.74,54.6,55.06,48.6113223820105,60900400,0,1
2011-09-01,55.21,55.64,54.46,54.56,48.1698828398564,57158400,0,1
2011-09-02,53.58,54.6143,52.99,53.28,47.0397976119419,58185700,0,1
2011-09-06,52.04,53.366,51.91,53.29,47.048626402785,52992200,0,1
2011-09-07,54.03,54.65,53.9,54.64,48.2405131666011,48952200,0,1
2011-09-08,54.37,55.1684,54.21,54.39,48.019793395524,61422800,0,1
2011-09-09,54.01,54.2399,52.85,53.18,46.9515097035111,63663500,0,1
2011-09-12,52.89,53.9,52.57,53.86,47.5518674808407,65973000,0,1
2011-09-13,54.08,54.69,53.8,54.58,48.1875404215426,59020000,0,1
2011-09-14,54.85,55.98,54.32,55.36,48.876186107303,90757300,0,1
2011-09-15,55.97,56.28,55.39,56.18,49.6001469564357,83536100,0,1
2011-09-16,56.25,56.65,56.09,56.59,50.0542469846588,91902100,0.1043,1
2011-09-19,55.9,56.91,55.43,56.61,50.0719371231938,73042900,0,1
2011-09-20,56.9,57.35,56.23,56.36,49.8508103915068,66570100,0,1
2011-09-21,56.65,56.93,55.37,55.38,48.983993603294,79938000,0,1
2011-09-22,53.93,54.46,52.75,53.58,47.3918811351479,151885500,0,1
2011-09-23,53.14,54.38,53.091,54.15,47.8960500833942,85940600,0,1
2011-09-26,54.42,54.88,53.21,54.78,48.4532894472453,96261400,0,1
2011-09-27,55.7,56.2,54.98,55.35,48.9574583954915,81148600,0,1
2011-09-28,55.57,55.97,54.4,54.53,48.2321627155583,76757100,0,1
2011-09-29,55.36,55.43,52.97,53.88,47.6572332131723,116900200,0,1
2011-09-30,53.18,53.61,52.46,52.49,46.4277685849928,104870100,0,1
2011-10-03,52.04,52.85,51.11,51.14,45.2336842338832,99149500,0,1
2011-10-04,50.595,52.29,50.095,52.19,46.1624165069684,137013700,0,1
2011-10-05,52.07,53.6787,51.66,53.53,47.3476557888105,108825700,0,1
2011-10-06,53.47,54.44,53.21,54.43,48.1437120228835,71939200,0,1
2011-10-07,54.41,54.66,53.72,54.07,47.8252895292543,72525200,0,1
2011-10-10,54.98,55.94,54.89,55.94,49.4793174822727,48230200,0,1
2011-10-11,55.81,56.46,55.7,56.32,49.8154301144369,66449100,0,1
2011-10-12,56.87,57.23,56.56,56.6,50.0630920539263,85627600,0,1
2011-10-13,56.49,57.19,56.43,57.12,50.5230356558352,63443700,0,1
2011-10-14,57.84,58.19,57.51,58.18,51.4606129981879,65643600,0,1
2011-10-17,57.9,58.09,56.9716,57.28,50.6645567641148,65161300,0,1
2011-10-18,57.19,58.29,56.66,57.99,51.2925566821058,91434600,0,1
2011-10-19,57.71,57.85,56.68,56.87,50.3019089241482,67639400,0,1
2011-10-20,56.81,56.92,55.79,56.59,50.0542469846588,80378300,0,1
2011-10-21,57.17,57.66,56.78,57.3,50.6822469026498,60455800,0,1
2011-10-24,57.52,58.65,57.3105,58.49,51.7348101454797,61449500,0,1
2011-10-25,58.27,58.32,57.22,57.34,50.7176271797197,65299200,0,1
2011-10-26,57.65,57.78,56.2126,57.27,50.6557116948473,98193800,0,1
2011-10-27,58.64,59.2,58.03,58.85,52.0532326391089,104455500,0,1
2011-10-28,58.5,59.01,58.5,58.94,52.1328382625162,42950000,0,1
2011-10-31,58.41,58.64,57.91,57.95,51.2571764050359,60520200,0,1
2011-11-01,56.56,57.9064,56.12,56.44,49.9215709456467,99933000,0,1
2011-11-02,57.01,57.16,56.385,56.92,50.3461342704856,65003800,0,1
2011-11-03,57.36,58.175,56.71,58.1,51.389852444048,78994200,0,1
2011-11-04,57.79,58.05,57.22,57.8,51.1245003660237,61527800,0,1
2011-11-07,57.75,58.25,57.17,58.21,51.4871482059903,65559000,0,1
2011-11-08,58.63,58.98,57.97,58.88,52.0797678469113,62906900,0,1
2011-11-09,57.72,57.83,56.63,56.81,50.2488385085434,69539000,0,1
2011-11-10,57.4,57.42,56.23,56.78,50.2223033007409,66052400,0,1
2011-11-11,57.28,58.02,57.2,57.85,51.1687257123611,54471000,0,1
2011-11-14,57.69,58.01,57.28,57.49,50.8503032187319,44617600,0,1
2011-11-15,57.34,58.36,57.26,58.13,51.4163876518505,52203900,0,1
2011-11-16,57.73,58.1574,57.06,57.17,50.5672610021726,68342800,0,1
2011-11-17,57.02,57.04,55.48,55.83,49.3820217203305,101706900,0,1
2011-11-18,55.85,55.9,55.3,55.4,49.0016837418289,60417000,0,1
2011-11-21,54.68,54.73,53.78,54.34,48.0641063994763,52283700,0,1
2011-11-22,54.2,54.68,53.87,54.52,48.2233176462909,51940100,0,1
2011-11-23,54.11,54.17,53.26,53.29,47.135374126391,48437300,0,1
2011-11-25,53.09,53.67,52.87,52.88,46.7727262864244,25448100,0,1
2011-11-28,54.16,54.79,54.14,54.72,48.4002190316404,46710700,0,1
2011-11-29,54.65,55.1,54.22,54.38,48.0994866765462,52056700,0,1
2011-11-30,55.84,56.44,55.67,56.39,49.8773455993093,66918600,0,1
2011-12-01,56.37,56.925,56.35,56.78,50.2223033007409,45362200,0,1
2011-12-02,57.33,57.34,56.57,56.62,50.0807821924613,36938900,0,1
2011-12-05,57.49,57.62,56.915,57.24,50.6291764870449,40492200,0,1
2011-12-06,57.29,57.45,56.89,57.08,50.4876553787653,38670000,0,1
2011-12-07,56.9,57.34,56.35,57.08,50.4876553787653,44576200,0,1
2011-12-08,56.74,57.15,56.01,56.12,49.6385287290874,51692600,0,1
2011-12-09,56.26,57.19,56.24,57.02,50.4345849631604,55757900,0,1
2011-12-12,56.42,57.0087,55.9,56.38,49.8685005300418,55411700,0,1
2011-12-13,56.76,56.98,55.53,55.76,49.3201062354581,68557700,0,1
2011-12-14,55.52,55.59,54.58,54.89,48.5505852091875,63682800,0,1
2011-12-15,55.36,55.42,54.66,54.74,48.4179091701754,58732900,0,1
2011-12-16,54.88,55.61,54.77,54.86,48.6660310532667,60978900,0.1605,1
2011-12-19,55.06,55.2,54.17,54.32,48.1869997596326,46733900,0,1
2011-12-20,55.2,56,55.17,55.93,49.6152226906527,81758800,0,1
2011-12-21,55.64,55.64,54.4875,55.13,48.9055467000837,78552300,0,1
2011-12-22,55.22,55.6261,55.17,55.6,49.322481344543,40334100,0,1
2011-12-23,55.68,56.08,55.581,56.08,49.7482869388843,26594600,0,1
2011-12-27,56.01,56.42,55.93,56.24,49.8902221369981,21443500,0,1
2011-12-28,56.17,56.26,55.44,55.59,49.3136103946609,38180100,0,1
2011-12-29,55.68,56.03,55.5,55.99,49.6684483899453,28077900,0,1
2011-12-30,55.86,56.12,55.82,55.83,49.5265131918315,21832400,0,1
2012-01-03,56.91,57.19,56.75,56.9,50.4757048292175,39514100,0,1
2012-01-04,56.8,57.22,56.56,57.14,50.6886076263882,29403400,0,1
2012-01-05,57.02,57.66,56.8,57.61,51.1055422708475,41260600,0,1
2012-01-06,57.65,57.94,57.4,57.81,51.2829612684897,46325200,0,1
2012-01-09,57.95,57.98,57.431,57.62,51.1144132207296,39195500,0,1
2012-01-10,58.26,58.405,57.6398,58.04,51.4869931157783,35949900,0,1
2012-01-11,58.02,58.29,57.81,58.16,51.5934445143636,37144100,0,1
2012-01-12,58.29,58.47,57.86,58.39,51.7974763616522,26188300,0,1
2012-01-13,58.1,58.2,57.68,58.18,51.6111864141279,35980400,0,1
2012-01-17,58.71,58.96,58.49,58.71,52.0813467578798,41790800,0,1
2012-01-18,58.84,59.49,58.6822,59.49,52.7732808486845,48692700,0,1
2012-01-19,59.76,59.97,59.65,59.86,53.1015059943227,47774500,0,1
2012-01-20,59.61,59.8,59.56,59.77,53.0216674453837,41041700,0,1
2012-01-23,59.8,60.21,59.44,59.79,53.0394093451479,40958300,0,1
2012-01-24,59.54,59.84,59.41,59.68,52.9418288964447,38440200,0,1
2012-01-25,60.28,60.58,59.8335,60.43,53.6071501376031,61591800,0,1
2012-01-26,60.67,60.8,59.93,60.22,53.4208601900787,37852700,0,1
2012-01-27,60.09,60.51,60.06,60.4,53.5805372879567,45532300,0,1
2012-01-30,59.88,60.54,59.66,60.45,53.6248920373673,42797800,0,1
2012-01-31,60.75,60.86,60.14,60.53,53.6958596364242,51449600,0,1
2012-02-01,60.85,61.24,60.66,61.02,54.1305361806477,46146700,0,1
2012-02-02,61.2,61.41,60.97,61.21,54.2990842284078,46373600,0,1
2012-02-03,61.78,62.12,61.6799,62.05,55.0442440185052,36453800,0,1
2012-02-06,61.82,62.02,61.66,62,54.9998892690947,28541300,0,1
2012-02-07,61.95,62.25,61.67,62.13,55.1152116175621,37935700,0,1
2012-02-08,62.14,62.46,61.91,62.46,55.4079529636718,41171100,0,1
2012-02-09,62.67,62.98,62.32,62.91,55.8071457083669,46856400,0,1
2012-02-10,62.47,62.64,62.25,62.475,55.421259388495,58090500,0,1
2012-02-13,62.93,63.13,62.65,63.05,55.9313390067164,36810200,0,1
2012-02-14,62.9,63.22,62.69,63.21,56.0732742048302,51648200,0,1
2012-02-15,63.52,63.86,62.67,62.77,55.6829524100173,105709100,0,1
2012-02-16,62.79,63.7,62.63,63.63,56.4458540998789,83642300,0,1
2012-02-17,63.64,63.69,63.15,63.43,56.2684351022367,76112300,0,1
2012-02-21,63.51,63.89,63.21,63.61,56.4281122001147,38141300,0,1
2012-02-22,63.49,63.68,63.23,63.32,56.1708546535335,43174700,0,1
2012-02-23,63.4,63.81,63.09,63.74,56.5434345485822,54250000,0,1
2012-02-24,63.92,64.07,63.8,63.96,56.7385954459886,41364900,0,1
2012-02-27,63.6,64.26,63.33,64.05,56.8184339949276,42678500,0,1
2012-02-28,64.1,64.7,64.03,64.7,57.3950457372649,43717500,0,1
2012-02-29,64.74,64.96,64.2,64.41,57.1377881906837,59784400,0,1
2012-03-01,64.66,64.98,64.46,64.92,57.5902066346714,67558900,0,1
2012-03-02,64.83,65.0784,64.66,64.87,57.5458518852608,33358200,0,1
2012-03-05,64.83,64.91,63.99,64.2,56.9514982431593,45788800,0,1
2012-03-06,63.59,63.72,63.23,63.57,56.3926284005863,54638600,0,1
2012-03-07,63.86,64.21,63.77,64.06,56.8273049448098,42741800,0,1
2012-03-08,64.42,64.94,64.3,64.75,57.4394004866755,43711100,0,1
2012-03-09,64.85,65.14,64.82,65.02,57.6789161334925,43117200,0,1
2012-03-12,64.97,65.11,64.72,65.05,57.7055289831388,32687300,0,1
2012-03-13,65.42,66.26,65.27,66.26,58.7789139188744,61559100,0,1
2012-03-14,66.31,66.74,66.08,66.49,58.982945766163,59926900,0,1
2012-03-15,66.69,66.82,66.35,66.68,59.1514938139231,65531200,0,1
2012-03-16,66.65,66.67,66.36,66.52,59.1096495433292,53023100,0.1128,1
2012-03-19,66.62,67.15,66.45,66.99,59.5272913846606,60966200,0,1
2012-03-20,66.66,67.185,66.46,67.11,59.6339233441495,47290600,0,1
2012-03-21,67.13,67.49,67.03,67.12,59.6428093407735,39648100,0,1
2012-03-22,66.71,67.14,66.68,66.98,59.5184053880365,56953900,0,1
2012-03-23,67.06,67.08,66.56,66.939,59.4819728018778,45541700,0,1
2012-03-26,67.37,68.11,67.33,68.11,60.5225230065567,40855300,0,1
2012-03-27,68.145,68.49,68.13,68.21,60.6113829727974,37278200,0,1
2012-03-28,68.25,68.51,67.54,67.938,60.3696838646226,44421900,0,1
2012-03-29,67.61,67.93,67.2,67.68,60.1404251517216,53975300,0,1
2012-03-30,67.99,68.02,67.28,67.55,60.0249071956086,39480900,0,1
2012-04-02,67.46,68.34,67.36,68.25,60.6469269592937,40031600,0,1
2012-04-03,68.31,68.55,67.85,68.23,60.6291549660456,45539900,0,1
2012-04-04,67.73,67.76,66.91,67.3,59.8027572800068,54088100,0,1
2012-04-05,67.19,67.78,67.13,67.72,60.1759691382179,42979900,0,1
2012-04-09,66.88,67.48,66.76,67.21,59.7227833103902,36908200,0,1
2012-04-10,67.19,67.44,65.92,66.13,58.7630956749904,69254200,0,1
2012-04-11,66.705,66.89,66.28,66.45,59.0474475669607,62950000,0,1
2012-04-12,66.58,67.28,66.4807,67.205,59.7183403120781,57407400,0,1
2012-04-13,66.96,67.2022,66.16,66.19,58.8164116547348,55227500,0,1
2012-04-16,66.53,66.56,65.24,65.45,58.1588479045534,57588000,0,1
2012-04-17,65.75,66.99,65.63,66.78,59.3406854555551,47362400,0,1
2012-04-18,66.59,67,66.41,66.61,59.1896235129458,42536100,0,1
2012-04-19,66.38,67.17,65.62,65.86,58.5231737661404,81110900,0,1
2012-04-20,66.22,66.51,65.58,65.68,58.3632258269071,59906900,0,1
2012-04-23,65.08,65.18,64.49,65.08,57.8300660294628,70514400,0,1
2012-04-24,64.97,65.23,64.45,64.73,57.5190561476202,49661500,0,1
2012-04-25,66.06,66.49,65.97,66.45,59.0474475669607,57526900,0,1
2012-04-26,66.42,66.99,66.35,66.84,59.3940014352995,41799500,0,1
2012-04-27,67.12,67.45,66.77,67.24,59.7494413002624,46003800,0,1
2012-04-30,67.02,67.17,66.71,66.76,59.3229134623069,37787700,0,1
2012-05-01,66.68,67.63,66.59,66.87,59.4206594251717,37643800,0,1
2012-05-02,66.5,67.11,66.38,67.06,59.5894933610291,38299300,0,1
2012-05-03,67.1,67.15,66.175,66.35,58.95858760072,51297600,0,1
2012-05-04,65.75,66.3524,64.69,64.7,57.492398157748,107554000,0,1
2012-05-07,64.31,65.07,64.29,64.76,57.5457141374925,50267800,0,1
2012-05-08,64.34,64.74,63.48,64.52,57.3324502185147,72659700,0,1
2012-05-09,63.77,64.68,63.51,64.321,57.1556188856957,85715300,0,1
2012-05-10,64.61,64.63,63.95,64.19,57.0392123299203,49448900,0,1
2012-05-11,63.94,64.86,63.91,64.18,57.0303263332963,47099900,0,1
2012-05-14,63.63,64.08,63.48,63.58,56.4971665358519,46360000,0,1
2012-05-15,63.79,64.27,63.26,63.37,56.3105606067464,66908600,0,1
2012-05-16,63.62,63.78,62.81,62.94,55.9284627519113,52825900,0,1
2012-05-17,62.94,63.06,61.6,61.61,54.7466252009097,62253900,0,1
2012-05-18,61.79,61.96,60.76,60.81,54.0357454709839,79496500,0,1
2012-05-21,60.92,62.57,60.85,62.51,55.5463648970762,61473000,0,1
2012-05-22,62.66,62.95,61.989,62.44,55.4841629207077,62954800,0,1
2012-05-23,61.93,62.71,61.37,62.56,55.5907948801965,56951100,0,1
2012-05-24,62.66,62.71,61.69,62.15,55.2264690186096,83131200,0,1
2012-05-25,62.21,62.3201,61.8899,62.07,55.155381045617,32078900,0,1
2012-05-29,62.63,63.15,62.28,62.86,55.8573747789187,44216700,0,1
2012-05-30,62.29,62.55,61.6773,62.33,55.3864169578429,56431800,0,1
2012-05-31,62.25,62.41,61.59,62.06,55.1464950489929,55260100,0,1
2012-06-01,60.97,61.32,60.39,60.409,53.6794170063586,71430800,0,1
2012-06-04,60.57,60.96,60.04,60.87,54.0890614507283,74119500,0,1
2012-06-05,60.65,61.24,60.63,61.12,54.3112113663301,47916900,0,1
2012-06-06,61.6,62.57,61.52,62.52,55.5552508937003,58781800,0,1
2012-06-07,63.16,63.18,62.22,62.27,55.3331009780984,38414800,0,1
2012-06-08,62.16,62.95,61.96,62.87,55.8662607755428,39730800,0,1
2012-06-11,63.35,63.38,61.77,61.805,54.9199021350791,51008900,0,1
2012-06-12,62.09,62.59,61.68,62.56,55.5907948801965,48802600,0,1
2012-06-13,62.38,62.85,61.92,62.13,55.2086970253614,50840100,0,1
2012-06-14,62.14,62.61,61.8,62.36,55.4130749477151,65170600,0,1
2012-06-15,62.37,63.08,62.36,62.99,56.1000691187154,41536100,0.1431,1
2012-06-18,62.75,63.74,62.63,63.58,56.6255341255425,32191200,0,1
2012-06-19,63.9,64.51,63.85,64.239,57.2124518196088,36476500,0,1
2012-06-20,64.36,64.57,63.81,64.29,57.2578733710464,51389700,0,1
2012-06-21,64.21,64.31,62.62,62.69,55.8328835220236,42492700,0,1
2012-06-22,62.88,63.43,62.731,63.35,56.4206918347455,29504200,0,1
2012-06-25,62.84,62.85,61.95,62.13,55.3341370748656,33136400,0,1
2012-06-26,62.33,62.7,62.0575,62.52,55.6814783505649,30611100,0,1
2012-06-27,62.76,63.18,62.6899,62.9,56.0199134397078,35705800,0,1
2012-06-28,62.42,62.47,61.54,62.2,55.3964803807604,49793400,0,1
2012-06-29,63.37,64.16,63.21,64.16,57.1420929458133,44761300,0,1
2012-07-02,64.23,64.38,63.87,64.35,57.3113104903847,33425600,0,1
2012-07-03,64.38,64.89,64.29,64.89,57.7922445644299,15895100,0,1
2012-07-05,64.78,65.25,64.48,64.93,57.8278693106555,37016200,0,1
2012-07-06,64.65,64.69,63.65,64.12,57.1064681995877,40684100,0,1
2012-07-09,64.03,64.26,63.68,64,56.999593960911,35628300,0,1
2012-07-10,64.33,64.51,63.12,63.37,56.4385042078583,47365700,0,1
2012-07-11,63.29,63.46,62.5,63.02,56.1267876783846,43432000,0,1
2012-07-12,62.55,62.69,61.86,62.43,55.6013226715574,57680400,0,1
2012-07-13,62.56,63.52,62.56,63.38,56.4474103944147,32357200,0,1
2012-07-16,63.24,63.52,62.95,63.2,56.2870990363996,27621400,0,1
2012-07-17,63.58,63.74,62.63,63.53,56.5810031927606,42467800,0,1
2012-07-18,63.4,64.58,63.39,64.39,57.3469352366103,44489700,0,1
2012-07-19,64.84,65.31,64.72,65.1,57.9792744821142,53017800,0,1
2012-07-20,65.09,65.1,64.21,64.235,57.2088893449862,40573100,0,1
2012-07-23,63,63.68,62.51,63.46,56.5186598868658,48657800,0,1
2012-07-24,63.58,63.66,62.55,62.96,56.0733505590462,57269700,0,1
2012-07-25,62.49,62.95,62.15,62.54,55.6992907236777,46264400,0,1
2012-07-26,63.44,63.73,62.97,63.37,56.4385042078583,41928200,0,1
2012-07-27,63.83,64.99,63.64,64.87,57.7744321913171,42621000,0,1
2012-07-30,65.01,65.31,64.6,64.82,57.7299012585352,37821300,0,1
2012-07-31,64.91,65.18,64.74,64.8,57.7120888854224,34588300,0,1
2012-08-01,65.25,65.2799,64.35,64.61,57.5428713408509,30920200,0,1
2012-08-02,64.1,65.02,63.91,64.38,57.3380290500539,40534900,0,1
2012-08-03,65.38,65.88,65.19,65.6,58.4245838099338,42117400,0,1
2012-08-06,65.94,66.39,65.8,66.1,58.8698931377534,23523600,0,1
2012-08-07,66.38,66.92,66.28,66.65,59.359733398355,28223300,0,1
2012-08-08,66.48,66.762,66.37,66.62,59.3330148386858,20723500,0,1
2012-08-09,66.62,66.91,66.49,66.82,59.5111385698136,20726200,0,1
2012-08-10,66.59,66.88,66.41,66.86,59.5467633160392,20312000,0,1
2012-08-13,66.84,67.03,66.5,67.02,59.6892623009415,19890300,0,1
2012-08-14,67.28,67.41,66.86,67.05,59.7159808606107,24218700,0,1
2012-08-15,67,67.3199,66.99,67.22,59.8673860320693,29100400,0,1
2012-08-16,67.47,68.17,67.39,68.02,60.5798809565807,35699900,0,1
2012-08-17,68.17,68.33,68.01,68.32,60.8470665532725,22584800,0,1
2012-08-20,68.27,68.43,68,68.42,60.9361284188364,26924000,0,1
2012-08-21,68.63,68.88,67.88,68.15,60.6956613818138,41391000,0,1
2012-08-22,67.99,68.5601,67.81,68.43,60.9450346053928,44555700,0,1
2012-08-23,68.14,68.34,67.6905,67.87,60.4462881582349,28800400,0,1
2012-08-24,67.72,68.45,67.6,68.29,60.8203479936033,38384800,0,1
2012-08-27,68.6,68.67,68.25,68.4,60.9183160457236,20671400,0,1
2012-08-28,68.34,68.585,68.11,68.4,60.9183160457236,27337900,0,1
2012-08-29,68.41,68.57,68.11,68.4,60.9183160457236,26672400,0,1
2012-08-30,68.11,68.13,67.6,67.71,60.3037891733326,24425400,0,1
2012-08-31,68.2,68.45,67.47,68.16,60.7045675683702,42128000,0,1
2012-09-04,68.03,68.35,67.42,68.09,60.6422242624755,32017200,0,1
2012-09-05,68.04,68.35,67.84,68.02,60.5798809565807,26129300,0,1
2012-09-06,68.42,69.55,68.42,69.53,61.924715126596,43100000,0,1
2012-09-07,69.37,69.55,69.23,69.43,61.8356532610321,32958600,0,1
2012-09-10,69.26,69.4,68.49,68.54,61.0430026575131,25490000,0,1
2012-09-11,68.54,68.82,68.32,68.43,60.9450346053928,29810100,0,1
2012-09-12,68.68,68.81,68.21,68.632,61.1249395738319,42203400,0,1
2012-09-13,68.71,69.86,68.62,69.56,61.9514336862651,45417800,0,1
2012-09-14,69.84,70.43,69.79,70.18,62.5036172527615,38880300,0,1
2012-09-17,70.2,70.24,69.96,70.21,62.5303358124306,31798400,0,1
2012-09-18,70.04,70.3,70.02,70.27,62.583772931769,27169800,0,1
2012-09-19,70.29,70.58,70.06,70.4,62.6995533570021,36484600,0,1
2012-09-20,70.07,70.4,69.87,70.33,62.6372100511074,42520200,0,1
2012-09-21,70.47,70.54,70.08,70.15,62.6552005479513,23678500,0.2002,1
2012-09-24,69.56,69.86,69.42,69.735,62.2845389908964,32341600,0,1
2012-09-25,69.92,70.08,68.73,68.76,61.413707621912,41299600,0,1
2012-09-26,68.67,68.71,67.85,68.2,60.9135378099826,32770400,0,1
2012-09-27,68.35,69.3,68.25,69.14,61.7531085657213,25339500,0,1
2012-09-28,68.92,69.12,68.51,68.57,61.2440071500074,30112600,0,1
2012-10-01,68.9,69.33,68.25,68.47,61.1546911121628,37715300,0,1
2012-10-02,68.79,68.98,68.13,68.67,61.3333231878519,33254300,0,1
2012-10-03,68.88,69.24,68.59,69.11,61.726313754368,38236000,0,1
2012-10-04,69.24,69.54,69,69.35,61.9406722451949,26128600,0,1
2012-10-05,69.68,69.8,68.8,68.98,61.61020290517,25207900,0,1
2012-10-08,68.58,68.72,68.19,68.35,61.0475118667494,30911500,0,1
2012-10-09,68.17,68.3395,67.1,67.2592,60.073252525941,67974000,0,1
2012-10-10,67.25,67.43,66.8,66.92,59.7702925255723,45134300,0,1
2012-10-11,67.44,67.47,66.67,66.71,59.5827288460988,30469400,0,1
2012-10-12,66.73,67.06,66.55,66.68,59.5559340347454,24891200,0,1
2012-10-15,66.94,67.26,66.53,67.17,59.9935826201837,22220100,0,1
2012-10-16,67.29,68.2,67.25,68.12,60.8420849797069,33960600,0,1
2012-10-17,67.75,68.3,67.68,68.08,60.8063585645691,33439400,0,1
2012-10-18,67.87,68.08,67.04,67.29,60.1007618655972,61707600,0,1
2012-10-19,67.21,67.27,65.6,65.68,58.6627736562999,75362600,0,1
2012-10-22,65.62,66.19,65.5,66.02,58.9664481849714,38621500,0,1
2012-10-23,65.49,65.95,65.19,65.39,58.4037571465507,52591200,0,1
2012-10-24,65.76,65.87,65.06,65.164,58.201902901022,39872400,0,1
2012-10-25,65.61,65.72,64.97,65.16,58.1983302595083,52688700,0,1
2012-10-26,65.18,65.623,64.65,65.35,58.3680307314129,54213100,0,1
2012-10-31,65.31,65.39,64.73,64.95,58.0107665800347,38524500,0,1
2012-11-01,65.32,66,65.17,65.8729,58.835064293302,26945000,0,1
2012-11-02,66.21,66.21,65.11,65.17,58.2072618632927,44083000,0,1
2012-11-05,65.195,65.73,65.04,65.6,58.5913208260243,28094700,0,1
2012-11-06,65.71,66.17,65.46,65.72,58.6985000714377,29608400,0,1
2012-11-07,65.04,65.1,63.9,64.17,57.3141014848472,70737800,0,1
2012-11-08,64.33,64.495,63.16,63.16,56.4120095026173,58585800,0,1
2012-11-09,63.19,64.11,63.16,63.43,56.6531628047976,51542100,0,1
2012-11-12,63.79,63.87,63.25,63.42,56.6442312010131,32663700,0,1
2012-11-13,62.92,63.58,62.7801,62.98,56.2512406344971,43288300,0,1
2012-11-14,63.27,63.36,62.14,62.24,55.5903019544474,82655300,0,1
2012-11-15,62.29,62.49,61.8,62.0299,55.402648958936,55124200,0,1
2012-11-16,62.08,62.48,61.31,62.3,55.6438915771542,70873100,0,1
2012-11-19,62.97,63.83,62.96,63.7806,56.9663048334805,55306400,0,1
2012-11-20,63.77,63.89,63.19,63.8,56.9836321448224,52012700,0,1
2012-11-21,63.83,64.02,63.6,63.93,57.0997429940203,19611700,0,1
2012-11-23,64.32,64.92,64.2501,64.9,57.9661085611124,16462900,0,1
2012-11-26,64.77,65.22,64.54,65.181,58.2170866274556,26430900,0,1
2012-11-27,65.16,65.4,64.85,64.96,58.0196981838192,25828600,0,1
2012-11-28,64.66,65.57,64.25,65.52,58.5198679957486,37295800,0,1
2012-11-29,65.82,66.135,65.58,65.91,58.8682005433424,41136100,0,1
2012-11-30,65.92,65.97,65.61,65.8,58.7699529017134,33497400,0,1
2012-12-03,66.32,66.37,65.64,65.67,58.6538420525155,28240000,0,1
2012-12-04,65.69,65.77,65.2,65.63,58.6181156373776,49584500,0,1
2012-12-05,65.53,65.54,64.55,64.9032,57.9689666743235,54076200,0,1
2012-12-06,64.71,65.4801,64.53,65.32,58.3412359200595,47512300,0,1
2012-12-07,65.65,65.71,64.71,64.93,57.9929033724658,30089400,0,1
2012-12-10,64.75,65.455,64.75,65.12,58.1626038443704,33219600,0,1
2012-12-11,65.58,66.34,65.515,65.97,58.9217901660491,40750800,0,1
2012-12-12,66.29,66.32,65.65,65.83,58.7967477130667,45917700,0,1
2012-12-13,65.71,66.16,65.03,65.3111,58.3332867926914,45467700,0,1
2012-12-14,64.9,65.08,64.47,64.69,57.7785448816389,39630300,0,1
2012-12-17,64.73,65.57,64.66,65.55,58.546662807102,42302900,0,1
2012-12-18,65.85,66.65,65.7,66.5472,59.4373223364878,55596000,0,1
2012-12-19,66.72,66.76,66.22,66.2605,59.1812532559875,34832500,0,1
2012-12-20,66.38,66.41,65.93,66.26,59.1808066757983,40754300,0,1
2012-12-21,64.89,65.28,64.6,65.2,58.5615160641955,51152900,0.3666,1
2012-12-24,65.06,65.14,64.92,65.07,58.4447523051718,11418300,0,1
2012-12-26,65.08,65.18,64.29,64.5,57.932788130991,21751300,0,1
2012-12-27,64.56,64.64,63.6,64.4,57.8429698548189,52933200,0,1
2012-12-28,63.93,64.43,63.75,63.78,57.286096542552,33082100,0,1
2012-12-31,63.68,65.2521,63.58,65.1301,58.4987330891513,57544000,0,1
2013-01-02,66.69,67.23,66.48,67.2,60.3578815876371,70695900,0,1
2013-01-03,67.2,67.34,66.65,66.8521,60.0454038048345,47366500,0,1
2013-01-04,66.87,66.88,66.47,66.63,59.8459174134563,33972500,0,1
2013-01-07,66.46,66.76,66.25,66.6504,59.8642403417954,26766200,0,1
2013-01-08,66.64,66.815,66.17,66.52,59.747117309667,28734900,0,1
2013-01-09,66.62,66.95,66.55,66.77,59.9716630000972,25600300,0,1
2013-01-10,67.21,67.27,66.55,67.17,60.3309361047855,37528000,0,1
2013-01-11,67.14,67.29,67,67.26,60.4117725533404,21158600,0,1
2013-01-14,66.9,67.15,66.67,66.96,60.1423177248241,36768500,0,1
2013-01-15,66.63,66.729,66.3321,66.63,59.8459174134563,31675300,0,1
2013-01-16,66.75,67.13,66.6,66.9,60.0884267591209,33822300,0,1
2013-01-17,67.18,67.48,67.06,67.22,60.3758452428715,32024200,0,1
2013-01-18,67.01,67.14,66.77,67.07,60.2411178286134,31992000,0,1
2013-01-22,67.15,67.23,66.73,67.18,60.3399179324027,32123100,0,1
2013-01-23,67.56,67.79,67.46,67.59,60.7081728647082,31975700,0,1
2013-01-24,66.69,67.28,66.56,66.66,59.8728628963079,42596300,0,1
2013-01-25,66.89,67.19,66.74,67,60.178245035293,39240100,0,1
2013-01-28,67.01,67.38,66.93,67.15,60.3129724495511,32926100,0,1
2013-01-29,67.06,67.31,66.63,67.16,60.3219542771683,35554700,0,1
2013-01-30,67.28,67.48,66.87,67.02,60.1962086905274,34445000,0,1
2013-01-31,66.99,67.35,66.81,66.87,60.0614812762693,34870500,0,1
2013-02-01,67.34,67.78,67.07,67.66,60.7710456580287,53120800,0,1
2013-02-04,67.25,67.4599,66.46,66.48,59.7111899991982,48483700,0,1
2013-02-05,66.76,67.67,66.61,67.46,60.5914091056845,35120300,0,1
2013-02-06,67.22,67.55,67.04,67.24,60.393808898106,43593200,0,1
2013-02-07,67.33,67.371,66.56,67.3,60.4476998638092,46017900,0,1
2013-02-08,67.64,68.13,67.63,67.99,61.0674459693965,39837200,0,1
2013-02-11,68.02,68.06,67.78,68.01,61.085409624631,17650400,0,1
2013-02-12,67.92,68.05,67.66,67.73,60.8339184513491,22057900,0,1
2013-02-13,67.93,68.23,67.765,67.97,61.0494823141621,23494700,0,1
2013-02-14,67.64,68.05,67.62,67.95,61.0315186589277,24478800,0,1
2013-02-15,67.95,68.11,67.56,67.75,60.8518821065836,25333600,0,1
2013-02-19,67.89,68.26,67.86,68.24,61.2919916598267,23436500,0,1
2013-02-20,68.24,68.25,67.18,67.19,60.3488997600199,38200300,0,1
2013-02-21,66.96,67.01,66.23,66.47,59.7022081715809,45855600,0,1
2013-02-22,66.84,67.15,66.59,67.139,60.3030924391722,21968000,0,1
2013-02-25,67.6,67.81,66.25,66.31,59.5584989297056,40927600,0,1
2013-02-26,66.42,66.68,65.96,66.56,59.7830446201358,42088800,0,1
2013-02-27,66.57,67.65,66.47,67.239,60.3929107153442,36339500,0,1
2013-02-28,67.24,67.74,67.09,67.1,60.268063311465,28557300,0,1
2013-03-01,66.86,67.5,66.54,67.38,60.5195544847469,31617200,0,1
2013-03-04,67.19,67.69,67.07,67.68,60.7890093132631,19380500,0,1
2013-03-05,68.1,68.77,68.08,68.68,61.6871920749839,35581900,0,1
2013-03-06,68.8899,68.908,68.42,68.51,61.5345010054914,29071100,0,1
2013-03-07,68.57,68.8,68.45,68.69,61.6961739026011,21775900,0,1
2013-03-08,68.93,69.02,68.5,68.77,61.7680285235388,26159900,0,1
2013-03-11,68.68,68.99,68.47,68.97,61.9476650758829,23187900,0,1
2013-03-12,68.79,68.9299,68.39,68.72,61.7231193854527,27575400,0,1
2013-03-13,68.8,68.89,68.39,68.63,61.6422829368978,34297300,0,1
2013-03-14,68.87,69.01,68.711,68.86,61.8488649720936,31530800,0,1
2013-03-15,68.75,68.79,68.34,68.51,61.6775905012611,30752600,0.1593,1
2013-03-18,67.885,68.6367,67.73,68.36,61.5425497980763,36163000,0,1
2013-03-19,68.54,68.7,67.62,68.23,61.4255145219828,33125100,0,1
2013-03-20,68.74,68.86,68.39,68.709,61.8567445008196,28035400,0,1
2013-03-21,68.09,68.25,67.77,67.93,61.1554331156133,30050800,0,1
2013-03-22,68.21,68.64,68.13,68.59,61.7496122096263,28837200,0,1
2013-03-25,68.81,68.96,68.01,68.34,61.524544370985,24909800,0,1
2013-03-26,68.6,68.73,68.45,68.71,61.8576447721741,19725200,0,1
2013-03-27,68.25,68.85,68.14,68.801,61.9395694654396,22539500,0,1
2013-03-28,68.81,69.06,68.64,68.97,62.0917153243611,23662800,0,1
2013-04-01,69.01,69.09,68.31,68.5,61.6685877877154,28112800,0,1
2013-04-02,68.81,69.27,68.77,69.04,62.1547343191806,29431900,0,1
2013-04-03,69.08,69.18,68.24,68.41,61.5875633658046,35131200,0,1
2013-04-04,68.41,68.6,68.06,68.43,61.6055687928959,32287400,0,1
2013-04-05,67.35,67.96,67.19,67.861,61.0933143921483,55610800,0,1
2013-04-08,67.88,68.24,67.69,68.22,61.4165118084372,17891600,0,1
2013-04-09,68.42,68.96,68.09,68.68,61.8306366315372,30931400,0,1
2013-04-10,68.89,70.17,68.88,70.015,63.0324988898817,55271300,0,1
2013-04-11,69.84,70.15,69.77,69.99,63.0099921060176,37233600,0,1
2013-04-12,69.85,69.99,69.41,69.94,62.9649785382893,32783700,0,1
2013-04-15,69.68,69.79,68.48,68.56,61.7226040689894,48795800,0,1
2013-04-16,68.99,69.55,68.81,69.47,62.5418510016437,27682600,0,1
2013-04-17,68.84,68.889,67.71,68.115,61.3219833162078,60204800,0,1
2013-04-18,68.33,68.33,66.88,67.169,60.4703266147892,56798200,0,1
2013-04-19,67.31,68.231,67.2,68.09,61.2994765323437,43062800,0,1
2013-04-22,68.33,69.04,68.08,68.79,61.9296664805394,34412100,0,1
2013-04-23,69.2,69.7,68.82,69.45,62.5238455745524,53078300,0,1
2013-04-24,69.26,69.67,69.12,69.42,62.4968374339154,44500700,0,1
2013-04-25,69.63,70.05,69.59,69.79,62.8299378351045,26437100,0,1
2013-04-26,69.62,69.77,69.27,69.57,62.6318781371002,24079800,0,1
2013-04-29,69.78,70.48,69.76,70.21,63.2080518040219,31664000,0,1
2013-04-30,70.29,70.73,70.04,70.72,63.6671901948502,30135800,0,1
2013-05-01,70.71,70.85,70.25,70.39,63.3701006478436,28537200,0,1
2013-05-02,70.51,71.43,70.45,71.28,64.1713421534067,31744200,0,1
2013-05-03,71.94,72.34,71.91,72.12,64.9275700912414,34061700,0,1
2013-05-06,72.25,72.51,72.19,72.4,65.1796460705197,19244300,0,1
2013-05-07,72.5,72.57,72.09,72.36,65.1436352163371,25838100,0,1
2013-05-08,72.31,72.77,72.2,72.71,65.4587301904349,24252100,0,1
2013-05-09,72.55,73.099,72.47,72.6065,65.3655521052374,29337200,0,1
2013-05-10,72.73,73.08,72.63,73.05,65.7648224509871,20663700,0,1
2013-05-13,72.93,73.32,72.86,73.14,65.8458468728979,29730100,0,1
2013-05-14,73.13,73.74,73.13,73.52,66.1879499876327,36009800,0,1
2013-05-15,73.38,73.74,73.2,73.67,66.3229906908175,27214400,0,1
2013-05-16,73.77,74.095,73.55,73.59,66.2509689824523,27253400,0,1
2013-05-17,73.95,74.33,73.7301,74.3,66.8901616441935,31114500,0,1
2013-05-20,74.09,74.425,73.89,74.19,66.7911317951914,25132400,0,1
2013-05-21,74.18,74.54,73.89,74.27,66.8631535035566,25900000,0,1
2013-05-22,74.36,74.95,73.24,73.619,66.2770768517346,59843200,0,1
2013-05-23,72.95,73.7,72.83,73.45,66.1249309928131,48222100,0,1
2013-05-24,72.96,73.43,72.76,73.41,66.0889201386305,26430300,0,1
2013-05-28,74.25,74.54,73.66,73.89,66.5210503888218,27057100,0,1
2013-05-29,73.59,73.8,73.12,73.54,66.205955414724,32090300,0,1
2013-05-30,73.57,74.275,73.55,73.93,66.5570612430044,32390500,0,1
2013-05-31,73.65,74.21,73.17,73.25,65.9448767219001,38347600,0,1
2013-06-03,73.31,73.4,72.43,73.38,66.0619119979936,47613100,0,1
2013-06-04,73.52,73.82,72.7,73,65.7198088832588,35251900,0,1
2013-06-05,72.77,73.04,71.99,72.05,64.8645510964219,48654200,0,1
2013-06-06,72.15,72.41,71.47,72.4,65.1796460705197,62524100,0,1
2013-06-07,72.73,73.47,72.52,73.39,66.0709147115392,31969800,0,1
2013-06-10,73.55,73.76,73.26,73.42,66.0979228521762,25390000,0,1
2013-06-11,72.67,73.34,72.44,72.69,65.4407247633436,40278900,0,1
2013-06-12,73.12,73.14,71.74,71.85,64.6844968255088,42081900,0,1
2013-06-13,71.76,72.92,71.55,72.76,65.5037437581632,28221500,0,1
2013-06-14,72.76,72.84,72.171,72.28,65.0716135079719,27690700,0,1
2013-06-17,72.88,73.4,72.6,72.98,65.7018034561675,32441900,0,1
2013-06-18,73.07,73.72,73.06,73.58,66.2419662689066,24853100,0,1
2013-06-19,73.57,73.68,72.68,72.76,65.5037437581632,43145100,0,1
2013-06-20,71.92,72.16,70.79,71.025,63.9417729579925,60908400,0,1
2013-06-21,70.78,70.97,69.84,70.43,63.6074211796206,51558900,0.2236,1
2013-06-24,69.84,70.27,69.15,69.73,62.9752304253151,41492300,0,1
2013-06-25,70.41,70.52,69.81,70.24,63.4358265463091,28897400,0,1
2013-06-26,70.82,71,70.59,70.87,64.004798225184,23742300,0,1
2013-06-27,71.22,71.62,71.13,71.17,64.2757371198864,23545000,0,1
2013-06-28,70.92,71.69,70.79,71.27,64.3660500847871,28301100,0,1
2013-07-01,71.76,72.3,71.64,71.71,64.7634271303506,24942800,0,1
2013-07-02,71.68,72.1796,71.35,71.74,64.7905210198208,23067900,0,1
2013-07-03,71.48,72.37,71.42,72.031,65.0533317476821,18847500,0,1
2013-07-05,72.45,72.61,71.86,72.58,65.5491499249874,28795900,0,1
2013-07-08,72.94,72.99,72.38,72.65,65.6123690004179,20558500,0,1
2013-07-09,72.98,73.25,72.65,73.09,66.0097460459814,26108600,0,1
2013-07-10,73,73.62,72.98,73.51,66.3890604985647,25598900,0,1
2013-07-11,74.29,75.03,74.25,74.97,67.7076297861161,47768900,0,1
2013-07-12,75.02,75.35,74.82,75.3,68.0056625702886,31412600,0,1
2013-07-15,75.36,75.52,75.17,75.47,68.15919461062,19783600,0,1
2013-07-16,75.54,75.59,75.18,75.37,68.0688816457192,31747100,0,1
2013-07-17,75.6,75.74,75.35,75.56,68.2404762790307,24631500,0,1
2013-07-18,75.54,75.74,75.25,75.37,68.0688816457192,36278800,0,1
2013-07-19,74.72,74.74,74.37,74.59,67.3644405194931,37732400,0,1
2013-07-22,74.87,74.98,74.58,74.81,67.5631290422748,21135900,0,1
2013-07-23,74.95,74.96,74.2,74.26,67.0664077353205,24739500,0,1
2013-07-24,74.99,75.02,74.33,74.5,67.2831588510824,24426900,0,1
2013-07-25,74.89,75.06,74.46,74.97,67.7076297861161,23162200,0,1
2013-07-26,74.67,75.38,74.55,75.37,68.0688816457192,20885600,0,1
2013-07-29,75.22,75.54,75.0299,75.23,67.9424434948581,20958400,0,1
2013-07-30,75.5,75.95,75.35,75.63,68.3036953544612,24104600,0,1
2013-07-31,75.77,76.2099,75.63,75.77,68.4301335053223,25007600,0,1
2013-08-01,76.3,76.65,76.21,76.54,69.1255433350583,16880000,0,1
2013-08-02,76.56,76.99,76.3801,76.97,69.5138890841317,18105300,0,1
2013-08-05,76.89,77.08,76.78,77.02,69.5590455665821,15462800,0,1
2013-08-06,76.92,76.99,76.25,76.56,69.1436059280385,23675400,0,1
2013-08-07,76.36,76.568,75.87,76.42,69.0171677771774,20281200,0,1
2013-08-08,76.84,76.98,76.3,76.8,69.3603570438004,19994000,0,1
2013-08-09,76.7,76.94,76.27,76.49,69.0803868526079,18558500,0,1
2013-08-12,76.2,76.8099,76.19,76.67,69.2429501894294,20515900,0,1
2013-08-13,76.77,77.27,76.22,77.1,69.6312959385027,23917000,0,1
2013-08-14,77.07,77.18,76.7,76.81,69.3693883402905,29921000,0,1
2013-08-15,75.98,75.99,75.29,75.51,68.1953197965803,39406600,0,1
2013-08-16,75.54,75.87,75.35,75.485,68.1727415553551,23825000,0,1
2013-08-19,75.5,76.13,75.33,75.35,68.050819052739,29586900,0,1
2013-08-20,75.49,76.03,75.43,75.68,68.3488518369116,18842800,0,1
2013-08-21,75.46,76.09,75.14,75.42,68.1140381281696,30705100,0,1
2013-08-22,75.73,76.21,75.71,76.16,68.7823540684354,17269500,0,1
2013-08-23,76.73,76.77,76.4,76.67,69.2429501894294,20697300,0,1
2013-08-26,76.72,77.28,76.55,76.71,69.2790753753897,27525500,0,1
2013-08-27,75.82,76.18,74.96,75.14,67.8611618264474,40068900,0,1
2013-08-28,75.08,75.75,75.05,75.43,68.1230694246597,20490400,0,1
2013-08-29,75.4,76.34,75.3,75.96,68.6017281386338,27287900,0,1
2013-08-30,76.04,76.04,75.2,75.47,68.15919461062,26228500,0,1
2013-09-03,76.1,76.44,75.54,75.9,68.5475403596933,27241500,0,1
2013-09-04,76.14,76.84,75.93,76.71,69.2790753753897,27142900,0,1
2013-09-05,76.75,77.055,76.73,76.84,69.3964822297607,17809700,0,1
2013-09-06,77.09,77.34,76.05,76.93,69.4777638981714,27715100,0,1
2013-09-09,77.23,77.96,77.23,77.83,70.2905805822784,25161900,0,1
2013-09-10,78.27,78.32,77.92,78.21,70.6337698489014,27619400,0,1
2013-09-11,77.69,78.11,77.59,78.06,70.4983004015502,28132900,0,1
2013-09-12,78.06,78.25,77.85,78.01,70.4531439190998,18332700,0,1
2013-09-13,78.11,78.145,77.64,78.06,70.4983004015502,16932500,0,1
2013-09-16,78.69,78.72,77.67,77.85,70.3086431752586,25704300,0,1
2013-09-17,77.99,78.47,77.98,78.37,70.7782705927426,27174300,0,1
2013-09-18,78.49,79.47,78.33,79.31,71.62721246281,31714700,0,1
2013-09-19,79.54,79.685,79.36,79.5,71.7988070961215,26435700,0,1
2013-09-20,79.47,79.54,78.95,78.985,71.5483782757481,26328900,0.2377,1
2013-09-23,79.34,79.41,78.455,78.83,71.4079718867788,30319400,0,1
2013-09-24,79,79.25,78.57,78.83,71.4079718867788,21871300,0,1
2013-09-25,78.88,79,78.4,78.56,71.163393015671,22746400,0,1
2013-09-26,78.87,79.36,78.85,79.17,71.7159600948405,22421700,0,1
2013-09-27,78.74,79.21,78.59,79.07,71.6253753277635,25151600,0,1
2013-09-30,78.27,79.09,78,78.88,71.4532642703173,28031900,0,1
2013-10-01,78.87,79.72,78.8456,79.68,72.1779424069331,33129700,0,1
2013-10-02,79.13,79.76,79.06,79.65,72.15076697681,25503800,0,1
2013-10-03,79.55,79.72,78.3,78.72,71.3083286429941,42998200,0,1
2013-10-04,78.72,79.51,78.65,79.4,71.9243050591176,22852700,0,1
2013-10-07,78.72,79.35,78.67,78.74,71.3264455964095,20227100,0,1
2013-10-08,78.76,78.81,77.19,77.22,69.9495571368395,43660700,0,1
2013-10-09,77.4,77.44,76.35,76.98,69.7321536958548,64526700,0,1
2013-10-10,77.81,78.79,77.79,78.61,71.2086853992095,48062700,0,1
2013-10-11,78.63,79.29,78.4,79.21,71.7521940016713,25214100,0,1
2013-10-14,78.71,79.79,78.68,79.75,72.241351743887,31471900,0,1
2013-10-15,79.74,80.11,79.38,79.47,71.9877143960714,38684000,0,1
2013-10-16,79.85,80.42,79.79,80.38,72.8120357764719,46735900,0,1
2013-10-17,80,80.87,79.95,80.86,73.2468426584414,32193500,0,1
2013-10-18,81.6,82.18,81.35,82.14,74.4063276770267,39628200,0,1
2013-10-21,82.32,82.54,82.07,82.32,74.5693802577652,31176900,0,1
2013-10-22,82.33,82.9,81.93,82.46,74.696198931673,43944800,0,1
2013-10-23,82,82.2,81.55,81.95,74.2342166195804,38021300,0,1
2013-10-24,82.02,82.48,81.88,82.35,74.5965556878883,23155100,0,1
2013-10-25,83.08,83.28,82.5,82.9,75.0947719068117,35824500,0,1
2013-10-28,82.82,83.05,82.55,82.85,75.0494795232732,28618400,0,1
2013-10-29,83.01,83.26,82.7,83.08,75.2578244875502,36878100,0,1
2013-10-30,83.11,83.485,82.58,82.92,75.112888860227,33535500,0,1
2013-10-31,82.92,83.3,82.48,82.74,74.9498362794885,31309900,0,1
2013-11-01,83.02,83.169,82.4,82.78,74.9860701863193,30867800,0,1
2013-11-04,82.99,83.07,82.64,82.91,75.1038303835194,16834000,0,1
2013-11-05,82.88,83.22,82.37,83.03,75.2125321040117,27975600,0,1
2013-11-06,83.11,83.4,82.73,83.01,75.1944151505963,25576800,0,1
2013-11-07,82.98,83.13,81.37,81.45,73.7812927841955,52173200,0,1
2013-11-08,81.62,82.56,81.51,82.56,74.7867836987499,31470500,0,1
2013-11-11,82.56,82.64,82.14,82.46,74.696198931673,24822900,0,1
2013-11-12,82.17,82.66,82.1199,82.53,74.7596082686268,20108500,0,1
2013-11-13,82.21,83.55,82,83.52,75.6563974626889,31345900,0,1
2013-11-14,83.25,83.86,83.14,83.77,75.8828593803813,31101200,0,1
2013-11-15,83.8,83.96,83.61,83.96,76.0549704378276,20511300,0,1
2013-11-18,83.95,84.105,82.98,83.14,75.3121753477964,31679600,0,1
2013-11-19,83.19,83.49,82.76,82.9,75.0947719068117,25545300,0,1
2013-11-20,82.94,83.4301,82.455,82.7,74.9136023726577,32177400,0,1
2013-11-21,83.05,83.61,82.98,83.54,75.6745144161043,28125000,0,1
2013-11-22,83.68,84.02,83.62,83.99,76.0821458679507,25361300,0,1
2013-11-25,84.02,84.38,83.98,84.19,76.2633154021046,21695100,0,1
2013-11-26,84.15,84.84,84.025,84.63,76.6618883772433,26621000,0,1
2013-11-27,84.8,85.24,84.73,85.22,77.1963385029974,21638100,0,1
2013-11-29,85.54,85.84,85.4737,85.73,77.65832081509,16708900,0,1
2013-12-02,85.83,85.96,85.35,85.48,77.4318588973976,26354600,0,1
2013-12-03,85.42,85.64,85.08,85.41,77.3684495604437,37147000,0,1
2013-12-04,85.06,85.77,84.78,85.49,77.4409173741053,37193200,0,1
2013-12-05,85.57,85.66,85.17,85.38,77.3412741303206,39829300,0,1
2013-12-06,86.105,86.18,85.59,86,77.9028996861979,36842900,0,1
2013-12-09,86.35,86.53,86.2,86.35,78.2199463709673,22590000,0,1
2013-12-10,86.19,86.45,86.12,86.29,78.1655955107211,26965900,0,1
2013-12-11,86.27,86.401,85.06,85.18,77.1601045961667,36830600,0,1
2013-12-12,85.24,85.4201,84.9,84.96,76.9608181085973,33662600,0,1
2013-12-13,85.36,85.4,84.709,84.85,76.8611748648126,34072000,0,1
2013-12-16,85.27,85.81,85.21,85.32,77.2869232700744,24902500,0,1
2013-12-17,85.32,85.53,84.99,85.15,77.1329291660436,24454900,0,1
2013-12-18,85.22,86.22,84.05,86.14,78.0297183601056,68387200,0,1
2013-12-19,86,86.01,85.52,85.9,77.8123149191209,44964100,0,1
2013-12-20,85.75,86.68,85.73,86.5,78.6025854855771,40475400,0.2724,1
2013-12-23,87.19,87.41,86.95,87.41,79.4295028588936,28181800,0,1
2013-12-24,87.43,87.51,87.27,87.45,79.4658508753031,13852500,0,1
2013-12-26,87.6,87.81,87.44,87.74,79.7293739942721,15241100,0,1
2013-12-27,87.83,87.9,87.412,87.52,79.5294599040197,15827400,0,1
2013-12-30,87.4,87.51,87.14,87.39,79.4113288506888,18983700,0,1
2013-12-31,87.54,87.96,87.52,87.96,79.9292880845244,24890500,0,1
2014-01-02,87.55,87.58,87.02,87.27,79.3022848014603,29177500,0,1
2014-01-03,87.27,87.35,86.62,86.64,78.7298035430104,35723700,0,1
2014-01-06,86.65,86.76,86,86.32,78.4390194117343,32073100,0,1
2014-01-07,86.7,87.25,86.56,87.12,79.1659797399246,25860600,0,1
2014-01-08,87.11,87.55,86.945,87.31,79.3386328178698,27197400,0,1
2014-01-09,87.62,87.64,86.72,87.02,79.0751096989008,23674700,0,1
2014-01-10,87.24,87.4,86.58,87.3,79.3295458137674,38008900,0,1
2014-01-13,87.18,87.48,85.675,86.01,78.1573222845605,48842300,0,1
2014-01-14,86.3,87.72,86.3,87.65,79.6475909573507,37178900,0,1
2014-01-15,88,88.54,87.94,88.37,80.3018552527219,39835600,0,1
2014-01-16,88.28,88.51,88.16,88.38,80.3109422568243,31630100,0,1
2014-01-17,88.12,88.3701,87.67,87.88,79.8565920517054,36895800,0,1
2014-01-21,88.43,88.59,87.81,88.55,80.4654213265648,26412700,0,1
2014-01-22,88.75,89,88.52,88.78,80.6744224209195,29376900,0,1
2014-01-23,88.5,88.52,87.86,88.48,80.4018122978481,35011900,0,1
2014-01-24,88.06,88.18,86.71,86.74,78.8206735840342,63974600,0,1
2014-01-27,86.77,86.89,85.25,85.9,78.0573652394344,63519300,0,1
2014-01-28,85.42,85.94,85.31,85.85,78.0119302189225,44378800,0,1
2014-01-29,85.1,85.74,84.76,84.93,77.1759258415036,51939300,0,1
2014-01-30,85.99,86.8,85.88,86.5,78.6025854855771,65833600,0,1
2014-01-31,85.54,86.68,85.45,86.27,78.3935843912224,45187000,0,1
2014-02-03,86.14,86.5,84.07,84.29,76.5943575789514,65596900,0,1
2014-02-04,84.7,85.25,84.46,84.91,77.1577518332988,37675500,0,1
2014-02-05,84.64,84.9901,83.74,84.69,76.9578377430465,41721800,0,1
2014-02-06,84.94,85.88,84.92,85.77,77.9392341861034,32308600,0,1
2014-02-07,86.27,87.359,86,87.3,79.3295458137674,38359400,0,1
2014-02-10,87.23,87.84,87.21,87.8,79.7838960188863,30205400,0,1
2014-02-11,87.94,88.97,87.89,88.8,80.6925964291242,38635500,0,1
2014-02-12,88.97,89.1695,88.7,88.97,80.8470754988647,32507200,0,1
2014-02-13,88.31,89.7,88.3,89.63,81.4468177696217,40454500,0,1
2014-02-14,89.56,90.01,89.33,89.81,81.6103838434645,33212400,0,1
2014-02-18,89.93,90.4172,89.74,90.25,82.0102120239692,29546600,0,1
2014-02-19,90.07,90.285,89.45,89.63,81.4468177696217,41749900,0,1
2014-02-20,89.7,90.22,89.31,90.05,81.8284719419216,41814800,0,1
2014-02-21,90.33,90.465,89.82,89.93,81.719427892693,31192200,0,1
2014-02-24,90.1,90.82,90.04,90.41,82.1556040896072,31500400,0,1
2014-02-25,90.52,90.72,90.02,90.31,82.0647340485834,26771700,0,1
2014-02-26,90.57,90.84,89.87,90.23,81.9920380157644,42953700,0,1
2014-02-27,89.87,90.53,89.73,90.44,82.5219284859864,28742400,0.3731,1
2014-02-28,90.41,90.96,89.54,90.34,82.4306835407343,48609800,0,1
2014-03-03,89.48,89.91,88.87,89.67,81.8193424075454,38885700,0,1
2014-03-04,90.63,90.98,90.56,90.81,82.8595347834192,33189000,0,1
2014-03-05,90.9698,91.22,90.77,91.06,83.0876471465494,27203300,0,1
2014-03-06,91.25,91.335,90.65,90.98,83.0146511903477,24063900,0,1
2014-03-07,91.27,91.36,90.071,90.53,82.6040489367133,31167800,0,1
2014-03-10,90.48,90.655,90.03,90.61,82.677044892915,18131700,0,1
2014-03-11,90.83,91.055,89.95,90.22,82.3211896064318,27484300,0,1
2014-03-12,89.82,90.61,89.48,90.56,82.6314224202889,27977200,0,1
2014-03-13,90.9,90.93,88.87,89.28,81.4634871210622,48542000,0,1
2014-03-14,88.99,89.38,88.63,88.67,80.9068929550245,38732300,0,1
2014-03-17,89.24,89.91,89.19,89.45,81.6186035279908,28467200,0,1
2014-03-18,89.55,90.64,89.53,90.53,82.6040489367133,31250200,0,1
2014-03-19,90.56,90.66,89.45,90.04,82.1569487049781,40869400,0,1
2014-03-20,89.78,90.56,89.58,90.29,82.3850610681083,31634500,0,1
2014-03-21,90.61,90.65,88.825,89,81.3960206085428,62754000,0.2061,1
2014-03-24,89.32,89.39,87.41,88.22,80.6826622256814,77735300,0,1
2014-03-25,88.69,89.25,87.7701,88.51,80.9478852141812,41723300,0,1
2014-03-26,88.96,89.15,87.36,87.37,79.9052845007684,40930400,0,1
2014-03-27,87.27,87.64,86.4,86.879,79.4562345443775,64784500,0,1
2014-03-28,87.15,88.01,86.81,87.05,79.6126246513894,39895100,0,1
2014-03-31,87.73,88.26,87.62,87.67,80.1796531095612,33924300,0,1
2014-04-01,88.1,89.27,87.7106,89.21,81.5880786346978,38683800,0,1
2014-04-02,89.59,89.68,89.035,89.44,81.798427901439,34631600,0,1
2014-04-03,89.55,89.679,88.22,88.73,81.1490888606293,30319100,0,1
2014-04-04,89.29,89.41,86.14,86.37,78.9907224714589,131213200,0,1
2014-04-07,85.84,86.63,84.951,85.55,78.2407816074252,83995800,0,1
2014-04-08,85.65,86.46,85.35,86.34,78.9632856105796,51495700,0,1
2014-04-09,86.67,87.87,86.43,87.82,80.3168374139577,45685200,0,1
2014-04-10,87.87,87.88,84.86,85.1,77.8292286942359,73616700,0,1
2014-04-11,84.34,85.44,83.91,84.11,76.9238122852195,93657400,0,1
2014-04-14,84.85,85.22,83.99,84.77,77.5274232245638,46500700,0,1
2014-04-15,85.06,85.54,83.28,85.0501,77.7835920489734,84631500,0,1
2014-04-16,85.83,86.18,85.091,86.18,78.8169556858901,46970900,0,1
2014-04-17,85.89,86.63,85.63,86.2,78.8352469264763,53719500,0,1
2014-04-21,86.41,86.84,86,86.84,79.4205666252344,25947900,0,1
2014-04-22,87.1,87.745,86.9898,87.53,80.0516144254579,38593400,0,1
2014-04-23,87.55,87.56,86.71,86.76,79.3474016628896,34376700,0,1
2014-04-24,88.2,88.21,86.65,87.59,80.1064881472165,48926300,0,1
2014-04-25,87.08,87.17,85.98,86.19,78.8261013061832,44334000,0,1
2014-04-28,86.58,87.11,85.11,86.47,79.0821786743899,58623800,0,1
2014-04-29,86.75,87.32,86.31,87.16,79.7132264746134,36742700,0,1
2014-04-30,86.79,87.48,86.54,87.39,79.9235757413546,38689400,0,1
2014-05-01,87.53,88.15,87.31,87.65,80.161361868975,37127200,0,1
2014-05-02,87.94,88.11,87.28,87.49,80.0150319442855,40074200,0,1
2014-05-05,86.98,87.97,86.76,87.95,80.4357304777679,27924400,0,1
2014-05-06,87.83,87.86,86.77,86.81,79.3931297643551,33698500,0,1
2014-05-07,87,87.08,85.53,86.56,79.1644892570277,67489100,0,1
2014-05-08,86.26,87.53,86.05,86.48,79.091324294683,46556900,0,1
2014-05-09,86.41,86.86,85.85,86.8,79.383984144062,35081500,0,1
2014-05-12,87.31,88.26,87.24,88.23,80.6918078459746,38951100,0,1
2014-05-13,88.32,88.61,88.12,88.29,80.7466815677331,30311900,0,1
2014-05-14,88.03,88.35,87.62,87.83,80.3259830342508,26483600,0,1
2014-05-15,87.81,87.96,86.58,87.135,79.6903624238807,59680300,0,1
2014-05-16,87.24,87.76,86.64,87.71,80.2162355907336,66804100,0,1
2014-05-19,87.47,88.46,87.3,88.32,80.7741184286124,32017000,0,1
2014-05-20,88.28,88.6,87.64,88,80.4814585792334,33716000,0,1
2014-05-21,88.16,88.89,88.11,88.84,81.2496906838533,36837700,0,1
2014-05-22,88.94,89.48,88.8,89.23,81.606369875284,30617100,0,1
2014-05-23,89.33,89.9,89.12,89.88,82.2008351943352,22687300,0,1
2014-05-27,90.28,91.02,90.2,91.001,83.2260592291911,29725200,0,1
2014-05-28,90.97,91.1,90.645,90.72,82.9690672989551,30468100,0,1
2014-05-29,91.05,91.31,90.86,91.3,83.4995132759546,33036100,0,1
2014-05-30,91.33,91.45,90.83,91.31,83.5086588962477,29906400,0,1
2014-06-02,91.43,91.44,90.64,91.22,83.4263483136099,30409900,0,1
2014-06-03,90.91,91.33,90.8,91.18,83.3897658324375,21774500,0,1
2014-06-04,90.96,91.67,90.81,91.52,83.7007169224027,20118300,0,1
2014-06-05,91.61,92.46,91.29,92.29,84.404929684971,35583100,0,1
2014-06-06,92.66,92.82,92.45,92.82,84.889647560505,22680600,0,1
2014-06-09,92.85,92.98,92.495,92.75,84.8256282184533,23399500,0,1
2014-06-10,92.67,92.96,92.56,92.91,84.9719581431429,20626000,0,1
2014-06-11,92.59,93.02,92.5,92.89,84.9536669025567,22878200,0,1
2014-06-12,92.69,92.79,91.73,92.05,84.1854347979367,35275900,0,1
2014-06-13,92.47,92.55,91.92,92.32,84.4323665458503,39447100,0,1
2014-06-16,92.16,92.67,91.96,92.4,84.505531508195,25212300,0,1
2014-06-17,92.34,92.7,92.18,92.45,84.5512596096605,19977900,0,1
2014-06-18,92.55,93.1,91.98,92.97,85.0268318649014,34514000,0,1
2014-06-19,93.1,93.17,92.49,92.91,84.9719581431429,38422200,0,1
2014-06-20,92.7,92.87,92.53,92.77,85.0717368605405,25897500,0.2491,1
2014-06-23,92.735,92.82,92.51,92.79,85.0900772155822,20837900,0,1
2014-06-24,92.79,93.57,92.43,92.7,85.0075456178949,31945800,0,1
2014-06-25,92.49,93.45,92.48,93.29,85.5485860916226,32818600,0,1
2014-06-26,93.35,93.36,92.62,93.34,85.5944369792266,22563900,0,1
2014-06-27,93.21,93.765,93.19,93.75,85.9704142575798,22877800,0,1
2014-06-30,93.71,94.14,93.67,93.91,86.1171370979127,19764900,0,1
2014-07-01,94.21,95.19,94.2,94.94,87.061665382556,31862500,0,1
2014-07-02,94.98,95.24,94.91,95.1,87.2083882228889,18777300,0,1
2014-07-03,95.41,95.7,95.15,95.7,87.7585988741374,15291700,0,1
2014-07-07,95.59,95.71,95.23,95.41,87.492663726034,23266400,0,1
2014-07-08,95.24,95.3,93.87,94.26,86.438093311141,40612400,0,1
2014-07-09,94.51,95.065,94.24,94.96,87.0800057375976,29919000,0,1
2014-07-10,93.78,95.05,93.63,94.66,86.8049004119733,44245300,0,1
2014-07-11,94.87,95.27,94.61,95.27,87.3642812407427,19566300,0,1
2014-07-14,95.7,96.055,95.535,95.84,87.8869813594287,19579000,0,1
2014-07-15,95.98,96.13,94.83,95.51,87.5843655012421,39467500,0,1
2014-07-16,96.19,96.3,95.785,95.89,87.9328322470328,22052600,0,1
2014-07-17,95.64,95.97,94.32,94.619,86.767302684138,43111500,0,1
2014-07-18,95.14,96.17,95,96.12,88.1437463300114,36682200,0,1
2014-07-21,95.92,96.16,95.55,96,88.0337041997617,29750700,0,1
2014-07-22,96.44,96.76,96.345,96.61,88.593085028531,25770400,0,1
2014-07-23,96.94,97.34,96.77,97.227,89.1588849815649,28947500,0,1
2014-07-24,97.4,97.51,96.98,97.12,89.0607640820922,24707200,0,1
2014-07-25,96.65,96.87,96.23,96.74,88.7122973363015,29898900,0,1
2014-07-28,96.8,97.02,96.02,96.77,88.7398078688639,25603400,0,1
2014-07-29,96.97,97.2,96.52,96.6,88.5839148510102,27022200,0,1
2014-07-30,97.13,97.32,96.6,96.98,88.9323815968009,35348500,0,1
2014-07-31,96.2,96.34,94.88,95.02,87.1350268027224,50047900,0,1
2014-08-01,94.83,95.34,94.04,94.67,86.8140705894942,60708000,0,1
2014-08-04,94.9,95.69,94.52,95.32,87.4101321283467,33230500,0,1
2014-08-05,94.94,95.21,94.15,94.59,86.7407091693277,50331100,0,1
2014-08-06,93.99,95.11,93.92,94.52,86.676517926682,34431900,0,1
2014-08-07,94.95,95.139,93.885,94.22,86.4014126010578,33274700,0,1
2014-08-08,94.38,95.01,93.97,94.9,87.0249846724727,40236900,0,1
2014-08-11,95.25,95.76,95.2,95.46,87.538514613638,28277500,0,1
2014-08-12,95.38,95.67,94.93,95.42,87.5018339035548,28152300,0,1
2014-08-13,95.81,96.47,95.76,96.43,88.4280218331564,27996500,0,1
2014-08-14,96.54,96.95,96.43,96.93,88.8865307091969,25006600,0,1
2014-08-15,97.46,97.63,96.48,97.4,89.3175290526749,55205500,0,1
2014-08-18,97.89,98.24,97.77,98.15,90.0052923667355,38938300,0,1
2014-08-19,98.38,98.76,98.32,98.7,90.50965213038,21363400,0,1
2014-08-20,98.61,98.9,98.53,98.7,90.50965213038,23435600,0,1
2014-08-21,98.76,98.95,98.6,98.9,90.6930556807961,19339500,0,1
2014-08-22,98.94,99.25,98.72,99.05,90.8306083436083,24692000,0,1
2014-08-25,99.52,99.68,99.16,99.4,91.1515645568366,24124700,0,1
2014-08-26,99.53,99.61,99.27,99.5,91.2432663320447,20100400,0,1
2014-08-27,99.53,99.64,99.31,99.52,91.2616066870863,15589100,0,1
2014-08-28,99.2,99.53,99.08,99.41,91.1607347343574,23563900,0,1
2014-08-29,99.65,99.9141,99.2701,99.78,91.5000313026273,17906300,0,1
2014-09-02,100.04,100.1,99.6601,100.07,91.7659664507307,18326800,0,1
2014-09-03,100.32,100.34,99.3,99.48,91.224925977003,25950700,0,1
2014-09-04,99.73,100.22,99.14,99.39,91.1423943793158,24663500,0,1
2014-09-05,99.58,99.95,99.03,99.89,91.6009032553562,30798200,0,1
2014-09-08,99.89,100.33,99.62,100.08,91.7751366282515,25571300,0,1
2014-09-09,100.06,100.46,99.0645,99.25,91.0140118940244,36449200,0,1
2014-09-10,99.38,100.11,99.1,100.07,91.7659664507307,31080100,0,1
2014-09-11,99.65,100.04,99.24,99.99,91.6926050305643,28691900,0,1
2014-09-12,99.9,99.93,99.17,99.48,91.224925977003,30444400,0,1
2014-09-15,99.59,99.6,98.215,98.52,90.3445889350054,32972200,0,1
2014-09-16,98.16,99.57,98.05,99.38,91.1332242017949,38166900,0,1
2014-09-17,99.37,100,98.93,99.53,91.2707768646071,37196500,0,1
2014-09-18,99.83,100.29,99.73,100.28,91.9585401786677,30196700,0,1
2014-09-19,100.46,100.5646,99.58,99.98,91.9015016744883,46918000,0.2378,1
2014-09-22,99.74,99.75,98.62,99.05,91.0466467379282,48658000,0,1
2014-09-23,98.67,99.22,98.58,98.78,90.7984630466689,33989600,0,1
2014-09-24,98.87,99.8868,98.54,99.84,91.772813834576,35869250,0,1
2014-09-25,99.53,99.65,97.7,97.74,89.842496235892,65321846,0,1
2014-09-26,98.05,98.96,97.89,98.78,90.7984630466689,56109106,0,1
2014-09-29,97.8,98.92,97.75,98.65,90.6789671953218,33342673,0,1
2014-09-30,98.92,99.3,98.32,98.79,90.807655035234,41834324,0,1
2014-10-01,98.54,98.61,96.9,97.21,89.3553208419385,58164861,0,1
2014-10-02,97.19,97.51,95.97,97.21,89.3553208419385,54501347,0,1
2014-10-03,97.76,98.57,97.44,98.17,90.237751744194,41627772,0,1
2014-10-06,98.47,98.72,97.6587,97.96,90.0447199843256,36038687,0,1
2014-10-07,97.485,97.7799,96.56,96.57,88.7670335737681,45153968,0,1
2014-10-08,96.66,98.76,96.06,98.45,90.4951274240185,64931636,0,1
2014-10-09,98.33,98.57,96.71,96.86,89.0336012421578,62497086,0,1
2014-10-10,96.29,96.83,94.42,94.44,86.8091400093886,77579425,0,1
2014-10-13,94.29,94.99,92.88,92.96,85.4487257017447,80835922,0,1
2014-10-14,93.6,94.1699,92.71,92.97,85.4579176903098,71814456,0,1
2014-10-15,91.55,92.76,90.24,92.37,84.9063983764001,108847755,0,1
2014-10-16,90.43,92.58,90.39,91.79,84.3732630396207,93165782,0,1
2014-10-17,92.99,93.89,92.46,93,85.4854936560053,69546720,0,1
2014-10-20,92.96,94.47,92.8,94.39,86.7631800665628,41479253,0,1
2014-10-21,95.54,96.87,95.32,96.87,89.0427932307229,53609758,0,1
2014-10-22,97.16,97.3,96.305,96.37,88.5831938024649,39178048,0,1
2014-10-23,97.32,98.36,97.17,97.82,89.9160321444133,48123778,0,1
2014-10-24,97.965,98.69,97.64,98.62,90.6513912296263,43161724,0,1
2014-10-27,98.4,98.87,98.02,98.69,90.7157351495824,29545673,0,1
2014-10-28,99.1,100.2,99.08,100.18,92.0853414457915,34495077,0,1
2014-10-29,99.84,100.12,99.1,99.81,91.7452378688805,40552803,0,1
2014-10-30,99.37,100.26,99.14,100.02,91.9382696287489,35935794,0,1
2014-10-31,101.67,101.75,101.07,101.4,93.2067640507413,54254141,0,1
2014-11-03,101.53,101.9701,101.43,101.7,93.4825237076961,33480951,0,1
2014-11-04,101.36,101.6244,100.67,101.36,93.1699960964806,22773298,0,1
2014-11-05,102.01,102.03,101.015,101.37,93.1791880850458,25818604,0,1
2014-11-06,101.32,101.72,100.921,101.69,93.473331719131,24671900,0,1
2014-11-07,101.87,101.91,101.07,101.6,93.3906038220445,20931734,0,1
2014-11-10,101.65,102.09,101.38,101.96,93.7215154103903,20360007,0,1
2014-11-11,101.98,102.28,101.7,102.28,94.0156590444755,15454012,0,1
2014-11-12,101.87,102.57,101.87,102.46,94.1811148386484,22050317,0,1
2014-11-13,102.65,103.28,102.42,102.9,94.5855623355156,28027776,0,1
2014-11-14,102.87,103.22,102.53,103.22,94.8797059696007,19251346,0,1
2014-11-17,102.98,103.21,102.42,102.91,94.5947543240807,23361634,0,1
2014-11-18,103,103.82,102.991,103.68,95.3025374435982,26336812,0,1
2014-11-19,103.57,103.57,102.73,103.21,94.8705139810356,23760243,0,1
2014-11-20,102.77,103.76,102.69,103.67,95.293345455033,22874018,0,1
2014-11-21,104.59,104.69,103.54,103.87,95.4771852263363,34049128,0,1
2014-11-24,104.15,104.73,104.06,104.68,96.2217363001144,17928289,0,1
2014-11-25,104.84,105.15,104.57,104.84,96.368808117157,17525991,0,1
2014-11-26,104.94,105.58,104.834,105.52,96.993863339588,18973804,0,1
2014-11-28,105.795,106.245,105.73,106.01,97.4442707792809,17360420,0,1
2014-12-01,105.72,105.9199,104.42,104.81,96.3412321514615,35969494,0,1
2014-12-02,104.92,105.4168,104.7,105.23,96.7272956711983,26031291,0,1
2014-12-03,105.39,105.565,104.7626,105.42,96.9019434539363,32974322,0,1
2014-12-04,105.32,105.78,104.93,105.37,96.8559835111105,31008791,0,1
2014-12-05,105.54,105.7,105.145,105.38,96.8651754996757,25622236,0,1
2014-12-08,105.11,105.57,104.075,104.63,96.1757763572886,32685756,0,1
2014-12-09,103.41,105.04,103.0401,104.96,96.4791119799389,46035139,0,1
2014-12-10,104.77,105.03,103.12,103.31,94.9624338666872,39330116,0,1
2014-12-11,103.61,105.04,103.59,103.8,95.4128413063801,47576022,0,1
2014-12-12,102.81,103.99,102.66,102.67,94.3741465985168,46889391,0,1
2014-12-15,103.2,103.58,101.315,101.61,93.3997958106097,52968448,0,1
2014-12-16,100.97,102.47,99.96,99.98,91.9015016744883,65348626,0,1
2014-12-17,100.05,102.09,99.92,101.8,93.5744435933478,79715318,0,1
2014-12-18,103.26,104.26,102.98,104.25,95.8264807918124,49840942,0,1
2014-12-19,103.97,104.74,103.71,104.32,96.2463800214576,51419912,0.3868,1
2014-12-22,104.15,104.61,104.0999,104.58,96.4862578857748,33869167,0,1
2014-12-23,104.96,104.97,104.09,104.21,96.1448932327079,30156929,0,1
2014-12-24,104.34,104.7,104.2699,104.3,96.2279278780485,14291333,0,1
2014-12-26,104.6,105.26,104.57,105.04,96.9106571841823,13924332,0,1
2014-12-29,104.94,105.25,104.875,105.02,96.8922050407733,17073772,0,1
2014-12-30,104.72,104.96,104.175,104.32,96.2463800214576,18603989,0,1
2014-12-31,104.5,104.91,103.1,103.25,95.2591903490749,24367121,0,1
2015-01-02,103.76,104.2,102.44,102.94,94.973182126235,31314599,0,1
2015-01-05,102.49,102.61,101.14,101.43,93.5800452988539,36521270,0,1
2015-01-06,101.58,101.75,99.62,100.07,92.3252995470404,66205451,0,1
2015-01-07,100.73,101.6,100.485,101.36,93.5154627969223,37577361,0,1
2015-01-08,102.22,103.5,102.111,103.3,95.3053207075974,40212640,0,1
2015-01-09,103.62,103.65,102.02,102.62,94.6779478316907,40835602,0,1
2015-01-12,102.82,102.93,101.285,101.55,93.690758159308,34129751,0,1
2015-01-13,102.54,103.62,100.7,101.52,93.6630799441945,56162334,0,1
2015-01-14,100.5,101.4829,100.07,100.96,93.1464199287419,51354217,0,1
2015-01-15,101.43,101.59,99.525,99.65,91.937804535451,51005416,0,1
2015-01-16,99.52,100.95,99.36,100.82,93.0172549248787,35362210,0,1
2015-01-20,101.43,101.88,100.29,101.62,93.7553406612396,30964056,0,1
2015-01-21,101.32,102.619,100.9648,102.14,94.2350963898742,40128772,0,1
2015-01-22,102.54,104.14,101.64,104.03,95.9788239420267,40887168,0,1
2015-01-23,104.02,104.58,103.72,104.26,96.1910235912305,34782992,0,1
2015-01-26,104.14,104.33,103.61,104.14,96.0803107307764,19960870,0,1
2015-01-27,102.5,102.56,101.1,101.44,93.5892713705584,45253205,0,1
2015-01-28,103.07,103.18,100.9,100.92,93.1095156419238,43591675,0,1
2015-01-29,100.84,102.0779,99.96,101.89,94.0044445972614,46539734,0,1
2015-01-30,101.8,102.58,100.96,101.1,93.275584932605,42927638,0,1
2015-02-02,101.33,102.07,99.75,101.98,94.087479242602,43624654,0,1
2015-02-03,102.35,103.03,101.68,102.96,94.9916342696441,30750360,0,1
2015-02-04,102.54,103.55,102.31,102.87,94.9085996243035,34073211,0,1
2015-02-05,103.13,103.83,102.87,103.76,95.729720006005,23605516,0,1
2015-02-06,103.92,104.17,102.76,103.13,95.1484774886208,34169256,0,1
2015-02-09,102.73,103.285,102.55,102.8,94.8440171223719,22604655,0,1
2015-02-10,103.37,104.54,103.21,104.4,96.3201885950936,23686531,0,1
2015-02-11,104.52,105.02,104.32,104.78,96.6707793198651,20303617,0,1
2015-02-12,105.46,106.04,105.3,106,97.7963600678154,22520295,0,1
2015-02-13,106.3,106.93,106.101,106.91,98.6359325929259,29030249,0,1
2015-02-17,106.91,107.08,106.6432,107.01,98.728193309971,17675344,0,1
2015-02-18,106.88,107.2199,106.74,107.16,98.8665843855386,15149619,0,1
2015-02-19,107.09,107.76,107.06,107.69,99.3555661858777,19828113,0,1
2015-02-20,107.62,108.47,107.28,108.41,100.019843348603,28336710,0,1
2015-02-23,108.35,108.55,108.11,108.52,100.121330137352,17867968,0,1
2015-02-24,108.38,108.73,108.05,108.6,100.195138710988,19745011,0,1
2015-02-25,108.44,108.86,108.09,108.33,99.9460347749664,19472341,0,1
2015-02-26,108.44,108.94,108.135,108.88,100.453468718715,22255476,0,1
2015-02-27,108.84,108.91,108.23,108.4,100.010617276898,27757584,0,1
2015-03-02,108.61,109.42,108.59,109.38,100.91477230394,22988645,0,1
2015-03-03,109.05,109.16,108.18,108.87,100.44424264701,20788924,0,1
2015-03-04,108.51,108.67,107.86,108.45,100.056747635421,21007420,0,1
2015-03-05,108.73,108.965,108.19,108.64,100.232042997806,15381039,0,1
2015-03-06,108.5,108.71,107.14,107.41,99.0972361781514,30990366,0,1
2015-03-09,107.63,107.9857,107.19,107.72,99.3832444009913,26237101,0,1
2015-03-10,106.95,106.98,105.72,105.72,97.5380300600891,34234496,0,1
2015-03-11,105.875,106.01,105.07,105.11,96.9752396861139,25459733,0,1
2015-03-12,105.03,105.92,104.96,105.8,97.6118386337252,21473171,0,1
2015-03-13,105.7,106.12,104.68,105.34,97.1874393353177,42021103,0,1
2015-03-16,105.73,106.74,105.62,106.7,98.4421850871312,25674085,0,1
2015-03-17,106.405,107.04,106.16,106.87,98.5990283061078,19603813,0,1
2015-03-18,106.58,108.41,106.03,107.92,99.5677658350815,40622188,0,1
2015-03-19,108.03,108.38,107.87,108.08,99.7153829823536,31314035,0,1
2015-03-20,108.72,109.07,108.51,108.53,100.359418143759,31761404,0.2481,1
2015-03-23,108.47,108.77,108.28,108.32,100.165227801824,17268507,0,1
2015-03-24,108.31,108.81,107.91,107.93,99.8045885953735,22445280,0,1
2015-03-25,108.1,108.2,105.42,105.46,97.520540287854,41581435,0,1
2015-03-26,104.59,105.7,104.24,105.1,97.1876425588228,47846276,0,1
2015-03-27,105.08,105.77,104.92,105.52,97.5760232426925,33878385,0,1
2015-03-30,106.16,106.82,106.16,106.73,98.6949294986029,30570196,0,1
2015-03-31,106.43,106.65,105.57,105.6,97.6500005158106,30488101,0,1
2015-04-01,105.6,105.62,104.37,105.05,97.1414067631241,32970452,0,1
2015-04-02,105.15,105.46,104.78,105.12,97.2061368771024,19164241,0,1
2015-04-06,104.5,106.27,104.34,105.98,98.0013925631213,24451142,0,1
2015-04-07,105.92,106.7,105.8,105.8,97.8349436986057,19379381,0,1
2015-04-08,105.84,106.79,105.83,106.64,98.6117050663451,25866907,0,1
2015-04-09,106.59,107.35,106.23,107.31,99.2312647287087,23114727,0,1
2015-04-10,107.27,107.76,107.03,107.75,99.6381397308579,17164343,0,1
2015-04-13,107.83,108.38,107.36,107.48,99.3884664340845,17783465,0,1
2015-04-14,107.37,107.68,106.56,107.17,99.1018045007521,23755747,0,1
2015-04-15,107.45,108.07,107.321,107.84,99.7213641631157,21128576,0,1
2015-04-16,107.55,107.88,107.4,107.69,99.5826567760193,16195279,0,1
2015-04-17,106.66,106.95,105.55,106.01,98.0291340405405,46513964,0,1
2015-04-20,106.54,107.79,106.5,107.6,99.4994323437615,28945909,0,1
2015-04-21,108.22,108.41,107.93,108.06,99.9248016641903,22759772,0,1
2015-04-22,108.34,108.83,107.64,108.65,100.470384053436,21429190,0,1
2015-04-23,108.28,109.55,108.26,109.06,100.849517578166,29473221,0,1
2015-04-24,110.21,110.69,110.03,110.54,102.218097130849,32508127,0,1
2015-04-27,110.95,111.16,110.02,110.26,101.959176674936,31121321,0,1
2015-04-28,110.34,110.55,109.11,110.04,101.755739173862,36849221,0,1
2015-04-29,109.43,110.07,108.75,109.35,101.117685193219,34043905,0,1
2015-04-30,108.73,109.17,107.06,107.63,99.5271738211808,44080546,0,1
2015-05-01,108.05,109.12,108.03,109.05,100.840270419026,32874307,0,1
2015-05-04,109.4,109.91,109.17,109.23,101.006719283542,23507259,0,1
2015-05-05,108.8,109,107.4,107.45,99.3607249566652,47843265,0,1
2015-05-06,107.64,107.95,105.995,106.71,98.6764351803234,42687150,0,1
2015-05-07,106.68,107.65,106.6,107.35,99.2682533652677,29335806,0,1
2015-05-08,108.46,108.92,108.3,108.69,100.507372689995,33023337,0,1
2015-05-11,108.76,108.98,108.19,108.27,100.118992006125,19679255,0,1
2015-05-12,107.63,108.33,106.8,107.78,99.6658812082771,33665017,0,1
2015-05-13,108.25,108.81,107.84,108,99.8693187093517,20738434,0,1
2015-05-14,108.88,109.67,108.48,109.58,101.330369853433,23904233,0,1
2015-05-15,109.86,110.01,109.31,109.58,101.330369853433,23937442,0,1
2015-05-18,109.4,110.28,109.32,110.06,101.774233492141,17631135,0,1
2015-05-19,110.18,110.35,109.76,109.94,101.663267582464,14212896,0,1
2015-05-20,110.02,110.67,109.425,110.01,101.727997696442,21131892,0,1
2015-05-21,109.82,110.73,109.66,110.58,102.255085767408,16771801,0,1
2015-05-22,110.45,110.87,110.38,110.47,102.153367016871,13543774,0,1
2015-05-26,110.23,110.38,108.76,109.2,100.978977806122,25488437,0,1
2015-05-27,109.53,111.08,109.29,110.96,102.606477814719,30572695,0,1
2015-05-28,110.75,111.01,110.37,110.71,102.375298836225,17302408,0,1
2015-05-29,110.64,110.79,109.79,110.05,101.764986333001,30382987,0,1
2015-06-01,110.64,110.72,109.52,110.42,102.107131221172,24570186,0,1
2015-06-02,110.01,110.61,109.47,110.07,101.783480651281,19449634,0,1
2015-06-03,110.57,110.81,110.13,110.4,102.088636902893,20507208,0,1
2015-06-04,109.78,110.48,109.21,109.56,101.311875535153,31374588,0,1
2015-06-05,109.43,109.69,108.63,109.3,101.07144939752,22641732,0,1
2015-06-08,109.25,109.33,107.97,108.19,100.045014733007,24549204,0,1
2015-06-09,107.93,108.4,107.2,108.01,99.8785658684915,27554599,0,1
2015-06-10,108.38,109.81,108.26,109.49,101.247145421175,30297862,0,1
2015-06-11,109.86,110.15,109.46,109.65,101.395099967411,17593463,0,1
2015-06-12,109.07,109.3,108.6,108.75,100.562855644833,27201768,0,1
2015-06-15,107.94,108.38,107.31,108.21,100.063509051287,31238798,0,1
2015-06-16,108.1,108.9799,108.05,108.8,100.609091440532,16456867,0,1
2015-06-17,108.98,109.45,108.43,109.1,100.886506214725,23296738,0,1
2015-06-18,109.5,110.88,109.44,110.69,102.356804517946,43032384,0,1
2015-06-19,110.49,110.575,109.81,109.89,101.852057583461,27877574,0.2542,1
2015-06-22,110.7,111.03,110.45,110.7,102.602809850661,19120898,0,1
2015-06-23,110.82,110.89,110.33,110.79,102.686226769239,18127916,0,1
2015-06-24,110.66,111.13,110.19,110.22,102.157919618247,15815914,0,1
2015-06-25,110.65,110.76,109.815,110,101.954011595056,18326654,0,1
2015-06-26,109.98,110.23,108.86,109.27,101.277407699926,32311679,0,1
2015-06-29,108.06,108.66,106.64,106.69,98.8861227006961,50874901,0,1
2015-06-30,107.49,107.72,106.74,107.07,99.2383274680245,34809920,0,1
2015-07-01,108.13,108.3464,107.42,107.92,100.026153921259,21292958,0,1
2015-07-02,108.23,108.32,107.62,107.95,100.053959560785,20499447,0,1
2015-07-06,107.27,108.32,107.04,107.7,99.8222458980689,24311020,0,1
2015-07-07,107.82,108.07,105.83,107.97,100.072496653802,44230772,0,1
2015-07-08,107.2,107.33,105.8942,106.09,98.3300099101776,39691475,0,1
2015-07-09,107.5,107.5955,106.02,106.03,98.2743986311258,28381041,0,1
2015-07-10,107.44,108.05,107.05,107.65,99.7759031655257,26415825,0,1
2015-07-13,108.58,109.63,108.57,109.54,101.527658455659,25780733,0,1
2015-07-14,109.69,110.56,109.63,110.26,102.194993804281,21977167,0,1
2015-07-15,110.47,110.81,110.07,110.38,102.306216362385,28631537,0,1
2015-07-16,111.29,111.96,111.07,111.94,103.752109617733,29838948,0,1
2015-07-17,112.84,113.59,112.65,113.59,105.281419791659,35926804,0,1
2015-07-20,113.83,114.39,113.48,113.98,105.642893105496,26539045,0,1
2015-07-21,114.02,114.2,113.58,113.91,105.578013279935,35468865,0,1
2015-07-22,112.17,113.169,112.165,112.62,104.382370780321,35574962,0,1
2015-07-23,112.73,113.1,111.91,112.2,103.993091826958,25698255,0,1
2015-07-24,112.8,113.003,110.93,111.1,102.973551711007,30844714,0,1
2015-07-27,110.47,110.946,109.94,110.18,102.120845432212,35994837,0,1
2015-07-28,110.67,111.35,109.785,111.13,103.001357350533,33553494,0,1
2015-07-29,111.37,111.79,110.94,111.55,103.390636303896,26714068,0,1
2015-07-30,111.29,112.2663,110.621,112.08,103.881869268854,25438057,0,1
2015-07-31,112.43,112.49,111.72,111.95,103.761378164242,22081731,0,1
2015-08-03,111.97,112.28,110.861,111.6,103.436979036439,25001780,0,1
2015-08-04,111.55,111.745,110.93,111.39,103.242339559758,22132319,0,1
2015-08-05,112.01,113,111.88,112.24,104.030166012992,27626277,0,1
2015-08-06,112.35,112.5,109.95,110.45,102.371096187945,42125401,0,1
2015-08-07,110.18,110.57,109.4,110.31,102.241336536824,30006846,0,1
2015-08-10,111.01,111.81,111,111.57,103.409173396913,21500780,0,1
2015-08-11,110.98,111.4101,109.53,110.14,102.083771246177,36123270,0,1
2015-08-12,109.38,110.735,108.22,110.52,102.435976013506,41888960,0,1
2015-08-13,110.63,111.16,110.1,110.34,102.26914217635,22510520,0,1
2015-08-14,110.08,110.67,109.86,110.51,102.426707466997,17924931,0,1
2015-08-17,110.24,111.46,109.96,111.43,103.279413745792,21224913,0,1
2015-08-18,111.275,111.37,110.71,110.86,102.7511065948,13984363,0,1
2015-08-19,110.52,111.105,109.49,110.13,102.074502699669,42511384,0,1
2015-08-20,109.11,109.46,107.07,107.08,99.2475960145331,57747349,0,1
2015-08-21,105.57,106.47,102.4,102.4,94.9099162484889,97763445,0,1
2015-08-24,94.23,102.53,84.74,98.46,91.2581089240842,150829863,0,1
2015-08-25,102.07,102.74,98.01,98.09,90.9151727032644,75088278,0,1
2015-08-26,100.96,103.23,98.93,103.03,95.4938346785333,104103817,0,1
2015-08-27,104.53,105.71,103.2799,105.64,97.9129253172888,69377690,0,1
2015-08-28,105.08,106,104.85,105.62,97.8943882242715,49919628,0,1
2015-08-31,105.03,105.61,104.05,104.31,96.6802086316394,39549380,0,1
2015-09-01,101.68,103.29,100.63,101.05,93.6586624698223,73155538,0,1
2015-09-02,102.89,103.92,101.7,103.9,96.3001982247851,43963563,0,1
2015-09-03,104.31,105.02,103.1,103.39,95.8275023528444,45131794,0,1
2015-09-04,101.97,102.845,101.59,102.16,94.6874711322815,49379643,0,1
2015-09-08,104.12,105.165,103.69,105.04,97.3568125267703,37343527,0,1
2015-09-09,106.28,106.31,103.59,103.86,96.2631240387506,47146743,0,1
2015-09-10,103.74,105.68,103.62,104.99,97.310469794227,47686714,0,1
2015-09-11,104.51,105.57,104.21,105.57,97.8480454917283,29106088,0,1
2015-09-14,105.96,105.98,104.85,105.25,97.5514520034517,19718804,0,1
2015-09-15,105.5,106.82,105.11,106.49,98.7007517705233,30020216,0,1
2015-09-16,106.51,107.19,106.14,107.09,99.2568645610418,31329146,0,1
2015-09-17,106.98,108.725,106.64,107.13,99.2939387470763,56139806,0,1
2015-09-18,105.23,106.6,105.17,105.35,97.8851382148558,48383995,0.26,1
2015-09-21,105.93,106.55,104.73,105.68,98.1917551641762,35772624,0,1
2015-09-22,104.06,104.4225,103.13,104.1,96.723710376521,47359654,0,1
2015-09-23,104.38,104.66,103.64,104.18,96.7980417581745,21775134,0,1
2015-09-24,103.17,104.19,102.27,103.8,96.4449676953207,38284331,0,1
2015-09-25,104.91,105.01,102.28,102.92,95.627322497133,44700006,0,1
2015-09-28,102.48,102.55,99.69,99.98,92.8956442213696,42914867,0,1
2015-09-29,100.24,101.26,98.75,99.47,92.421781663329,49315527,0,1
2015-09-30,100.89,101.87,100.5,101.74,94.530934617745,40236970,0,1
2015-10-01,101.94,102.23,100.59,102.22,94.9769229076655,39339134,0,1
2015-10-02,100.8,104.01,100.48,104.01,96.640087572161,59370859,0,1
2015-10-05,104.78,105.78,104.55,105.5,98.024509555456,32853533,0,1
2015-10-06,105.25,105.6,104.18,105,97.5599384201221,33051534,0,1
2015-10-07,105.66,105.86,104.29,105.63,98.1452980506428,37389334,0,1
2015-10-08,105.23,106.23,104.21,106.05,98.5355378043233,50188873,0,1
2015-10-09,106.1,106.73,105.81,106.53,98.9815260942439,23916227,0,1
2015-10-12,106.73,106.9899,106.35,106.79,99.2231030846175,16161955,0,1
2015-10-13,106.18,107.26,106,106.1,98.5819949178567,26999613,0,1
2015-10-14,106.1,106.63,105.49,105.93,98.4240407318432,30902637,0,1
2015-10-15,106.32,107.675,106.18,107.67,100.040748282805,38393838,0,1
2015-10-16,107.9,108.18,107.3794,108.12,100.458862304606,27091100,0,1
2015-10-19,107.98,108.81,107.74,108.74,101.03493051242,23776270,0,1
2015-10-20,108.545,108.78,107.81,108.18,100.514610840846,23404691,0,1
2015-10-21,108.73,108.84,107.48,107.52,99.901376942205,30195241,0,1
2015-10-22,108.48,109.8,108.171,109.71,101.936198514968,42778702,0,1
2015-10-23,112.66,113.24,112.07,112.78,104.788665285918,53170910,0,1
2015-10-26,112.7,113.07,112.27,112.85,104.853705244865,25918004,0,1
2015-10-27,112.55,113.24,112.52,113.08,105.067407967118,31390511,0,1
2015-10-28,113.25,114.02,112.34,114.02,105.940801701546,42221867,0,1
2015-10-29,113.5,114.03,113.38,113.84,105.773556092826,24913340,0,1
2015-10-30,113.89,114.08,113.3,113.33,105.299693534785,27199231,0,1
2015-11-02,113.63,114.745,113.39,114.61,106.48899564124,22176916,0,1
2015-11-03,114.38,115.42,114.21,115.01,106.860652549507,20418387,0,1
2015-11-04,115.39,115.47,114.54,115.02,106.869943972214,28633048,0,1
2015-11-05,115.12,115.395,114.11,114.71,106.581909868307,25004080,0,1
2015-11-06,114.49,114.92,113.76,114.79,106.65624124996,29924901,0,1
2015-11-09,114.36,114.51,112.865,113.57,105.522687679745,33479755,0,1
2015-11-10,112.97,113.39,112.63,113.28,105.253236421252,35452127,0,1
2015-11-11,113.59,114.14,112.95,113.14,105.123156503358,22748808,0,1
2015-11-12,112.65,113.23,111.96,112.04,104.101100005624,31196876,0,1
2015-11-13,111.57,111.69,109.78,109.84,102.056987010154,52836036,0,1
2015-11-16,109.74,111.44,109.48,111.42,103.52503179781,33980633,0,1
2015-11-17,111.61,112.29,111.2099,111.49,103.590071756756,30488641,0,1
2015-11-18,111.94,113.74,111.83,113.63,105.578436215985,32966463,0,1
2015-11-19,113.68,114.23,113.49,113.71,105.652767597639,26188119,0,1
2015-11-20,114.24,114.57,114.14,114.48,106.368207146053,22727591,0,1
2015-11-23,114.53,114.94,113.66,114.15,106.061590196733,20696175,0,1
2015-11-24,113.42,114.32,112.8377,114.05,105.968675969666,26374412,0,1
2015-11-25,114.19,114.36,113.91,114.15,106.061590196733,14159935,0,1
2015-11-27,114.395,114.541,113.92,114.31,106.21025296004,8827991,0,1
2015-11-30,114.6,114.65,113.65,114.02,105.940801701546,25041649,0,1
2015-12-01,114.475,115.16,114.34,115.16,107.000023890107,28639445,0,1
2015-12-02,115.23,115.75,114.28,114.45,106.340332877933,22395483,0,1
2015-12-03,114.76,114.96,111.8432,112.51,104.537796872838,42754345,0,1
2015-12-04,112.84,115.33,112.62,115.14,106.981441044694,40037322,0,1
2015-12-07,115.22,115.29,114.07,114.62,106.498287063947,25892101,0,1
2015-12-08,113.44,114.995,113.38,114.63,106.507578486653,30792648,0,1
2015-12-09,114.11,114.76,112.2,112.89,104.890870935691,48509199,0,1
2015-12-10,113.15,114.16,112.811,113.4,105.364733493732,30154621,0,1
2015-12-11,112.09,112.39,110.72,110.79,102.939672167289,56022221,0,1
2015-12-14,110.98,111.68,109.38,111.63,103.72015167465,53098514,0,1
2015-12-15,112.6,113.28,112.17,112.31,104.351968418704,48428014,0,1
2015-12-16,113.07,114.17,111.89,113.98,105.903636010719,44944106,0,1
2015-12-17,114.46,114.48,112.3,112.32,104.361259841411,45668795,0,1
2015-12-18,111.58,111.88,109.83,109.83,102.365768860965,53746061,0.3423,1
2015-12-21,110.87,111.07,110.05,111.05,103.502855613313,26432807,0,1
2015-12-22,111.65,111.94,111.05,111.78,104.183243588079,26540310,0,1
2015-12-23,112.34,112.69,112.16,112.61,104.956835395004,25656928,0,1
2015-12-24,112.57,112.9,112.54,112.59,104.938194628572,11480244,0,1
2015-12-28,112.32,112.55,111.51,112.53,104.882272329277,19183637,0,1
2015-12-29,113.215,114.545,113.13,114.3,106.531980158503,27725673,0,1
2015-12-30,114.16,114.24,113.25,113.27,105.571980687258,19520081,0,1
2015-12-31,112.87,113.08,111.84,111.86,104.257806653807,29886849,0,1
2016-01-04,109.43,109.6,108.12,109.5,102.058196214839,50807643,0,1
2016-01-05,110.04,110.18,108.8,109.31,101.881108933735,38795182,0,1
2016-01-06,107.43,108.89,107.41,108.26,100.902468696059,41891091,0,1
2016-01-07,105.96,107.29,104.81,104.87,97.7428587858458,61386300,0,1
2016-01-08,105.67,106.29,103.9,104.01,96.9413058292726,69344012,0,1
2016-01-11,104.79,105.06,102.73,104.33,97.2395580921836,50024094,0,1
2016-01-12,105.31,106.08,104.08,105.54,98.3673244613156,46734241,0,1
2016-01-13,106,106.23,101.74,101.9,94.9747049707036,69870673,0,1
2016-01-14,102.3,104.98,100.67,104.07,96.9972281285684,78445735,0,1
2016-01-15,100.57,101.94,99.51,100.84,93.9867443498111,91443918,0,1
2016-01-19,102.2,102.37,99.88,101.06,94.1917927805624,56563845,0,1
2016-01-20,99.48,101.83,97.25,100.75,93.9028609008674,86674981,0,1
2016-01-21,101.19,102.349,99.82,100.85,93.9960647330271,61660101,0,1
2016-01-22,102.84,103.81,102.5305,103.77,96.7176166320894,42229803,0,1
2016-01-25,103.46,103.99,102.14,102.23,95.2822776168305,38881485,0,1
2016-01-26,102.65,103.59,101.76,103.15,96.1397528726995,36143916,0,1
2016-01-27,102.55,102.99,100.15,100.58,93.744414386196,54524736,0,1
2016-01-28,102.19,102.29,100.26,102,95.0679088028633,47641532,0,1
2016-01-29,102,104.17,101.94,104.13,97.0531504278642,54245067,0,1
2016-02-01,103.62,104.8,103.23,104.41,97.3141211579113,32750348,0,1
2016-02-02,103.97,103.97,101.84,102.15,95.2077145511028,44928088,0,1
2016-02-03,102.8,102.83,99.88,101.66,94.7510157735204,61572882,0,1
2016-02-04,101.35,102.455,100.44,101.65,94.7416953903044,49321638,0,1
2016-02-05,101.29,101.33,97.72,98.12,91.4516001150681,70749932,0,1
2016-02-08,96.33,97.05,94.84,96.62,90.053542632673,91673063,0,1
2016-02-09,95.36,97.78,95.18,96.32,89.773931136194,73778426,0,1
2016-02-10,97.5,98.69,96.62,96.69,90.1187853151848,59421699,0,1
2016-02-11,95.45,97.32,95.19,96.55,89.9882999501613,76839183,0,1
2016-02-12,97.68,98.12,96.73,98.02,91.3583962829084,49186494,0,1
2016-02-16,99.44,100.23,98.85,100.23,93.4182009736371,40565911,0,1
2016-02-17,101.01,102.64,100.7,102.5,95.5339279636616,41766451,0,1
2016-02-18,102.81,102.84,101.2,101.33,94.4434431273935,38991469,0,1
2016-02-19,100.91,101.94,100.615,101.63,94.7230546238725,28257915,0,1
2016-02-22,102.54,103.38,102.48,103.28,96.260917854507,23979113,0,1
2016-02-23,102.67,102.96,101.51,101.58,94.6764527077927,29869660,0,1
2016-02-24,100.44,102.68,99.77,102.55,95.5805298797414,40739103,0,1
2016-02-25,102.76,103.56,101.84,103.56,96.5218885845541,29389315,0,1
2016-02-26,104.28,104.3659,103.1835,103.43,96.4007236027466,30925045,0,1
2016-02-29,103.31,104.1,102.5,102.5,95.5339279636616,27553937,0,1
2016-03-01,103.45,105.79,103.16,105.79,98.6003340417148,37699779,0,1
2016-03-02,105.63,105.85,105.01,105.83,98.6376155745786,29209756,0,1
2016-03-03,105.71,105.75,104.87,105.63,98.4512079102593,25474625,0,1
2016-03-04,105.76,106.35,104.97,105.67,98.4884894431232,31655424,0,1
2016-03-07,105.12,105.74,104.27,105.02,97.8826645340853,25861160,0,1
2016-03-08,104.3,105.2138,103.97,104.15,97.0717911942962,28372596,0,1
2016-03-09,104.57,104.84,103.96,104.82,97.696256869766,31047351,0,1
2016-03-10,105.31,105.86,103.31,104.66,97.5471307383105,44997649,0,1
2016-03-11,105.8,106.49,105.46,106.49,99.2527608668324,31453958,0,1
2016-03-14,106.08,106.92,106.06,106.67,99.4205277647198,25374912,0,1
2016-03-15,106.27,106.75,105.95,106.63,99.383246231856,26524632,0,1
2016-03-16,106.37,107.86,106.34,107.58,100.268682637373,31693050,0,1
2016-03-17,107.26,107.77,106.87,107.52,100.212760338077,29623740,0,1
2016-03-18,107.46,107.635,106.8,107.37,100.369156368441,37682293,0.3178,1
2016-03-21,107.16,107.89,107.12,107.79,100.761771118136,17288559,0,1
2016-03-22,107.18,108.37,107.16,108.12,101.070254135753,18840278,0,1
2016-03-23,107.91,107.99,106.99,107.23,100.238284785209,20912873,0,1
2016-03-24,106.67,107.29,106.53,107.26,100.266328695902,19017258,0,1
2016-03-28,107.56,107.58,106.92,107.11,100.126109142439,13892303,0,1
2016-03-29,106.93,108.9,106.73,108.83,101.733960022142,29963923,0,1
2016-03-30,109.48,110.04,109.13,109.36,102.229402444377,23807235,0,1
2016-03-31,109.3,109.69,109.03,109.2,102.079834920683,21447236,0,1
2016-04-01,108.58,110.4,108.39,110.36,103.16419946746,26389045,0,1
2016-04-04,110.31,110.435,109.68,109.94,102.771584717765,17162988,0,1
2016-04-05,109.08,109.5,108.74,108.88,101.780699873297,20107915,0,1
2016-04-06,109,110.71,108.99,110.67,103.453986544615,25056031,0,1
2016-04-07,110.04,110.225,108.61,109.08,101.967659277913,28567202,0,1
2016-04-08,109.77,110.02,108.615,109,101.892875516067,22897951,0,1
2016-04-11,109.48,110.02,108.585,108.6,101.518956706833,25772058,0,1
2016-04-12,108.66,109.72,108.015,109.51,102.369621997839,28564087,0,1
2016-04-13,110.32,111.08,110.21,110.91,103.678337830155,25356728,0,1
2016-04-14,110,111.33,110,110.92,103.687685800386,17199671,0,1
2016-04-15,110.83,111.055,110.36,110.64,103.425942633923,21353343,0,1
2016-04-18,110.33,111.265,110.25,111.23,103.977472877542,17126086,0,1
2016-04-19,111.44,111.44,109.88,110.55,103.341810901845,42481435,0,1
2016-04-20,110.54,111.15,110.17,110.64,103.425942633923,18078307,0,1
2016-04-21,110.58,111.05,110.15,110.65,103.435290604154,20215983,0,1
2016-04-22,109.21,109.72,108.12,108.98,101.874179575605,39073996,0,1
2016-04-25,108.62,108.99,108.45,108.98,101.874179575605,14351890,0,1
2016-04-26,109.2,109.39,108.12,108.45,101.378737153371,19118334,0,1
2016-04-27,107.34,107.83,106.69,107.58,100.565463743288,33059790,0,1
2016-04-28,107.69,108.3335,106.0705,106.28,99.3502276132803,29818155,0,1
2016-04-29,106.22,106.495,104.88,105.72,98.8267412803537,67502786,0,1
2016-05-02,105.97,106.87,105.5525,106.72,99.7615383034369,24813813,0,1
2016-05-03,105.96,106.4399,105.45,105.73,98.8360892505846,38569433,0,1
2016-05-04,105.12,105.4811,104.7902,105.05,98.200427274888,27474504,0,1
2016-05-05,105.43,105.66,104.81,105.02,98.1723833641955,20788119,0,1
2016-05-06,104.51,105.6,104.4,105.58,98.6958696971221,30758516,0,1
2016-05-09,105.61,106.37,105.54,105.88,98.976308804047,19289615,0,1
2016-05-10,106.26,107.38,106.07,107.33,100.331764487518,21178851,0,1
2016-05-11,107.16,107.49,106.33,106.36,99.425011375127,20966257,0,1
2016-05-12,106.68,106.735,105.14,105.89,98.9856567742779,29196323,0,1
2016-05-13,105.85,106.449,105.29,105.5,98.6210859352754,21059255,0,1
2016-05-16,105.67,107.21,105.56,106.82,99.8550180057452,18311860,0,1
2016-05-17,106.74,107.04,105.2,105.48,98.6023899948138,29932711,0,1
2016-05-18,105.29,106.43,105.04,105.86,98.9576128635854,28177911,0,1
2016-05-19,105.45,105.705,104.54,105.31,98.4434745008896,27334610,0,1
2016-05-20,105.74,106.9,105.67,106.47,99.5278390476661,29549578,0,1
2016-05-23,106.55,106.97,106.23,106.33,99.3969674644345,15729764,0,1
2016-05-24,106.92,108.59,106.885,108.46,101.388085123602,29931309,0,1
2016-05-25,108.86,109.57,108.684,109.24,102.117226801607,38464750,0,1
2016-05-26,109.35,109.7,109.09,109.56,102.416361848993,21885871,0,1
2016-05-27,109.65,110.14,109.61,110.13,102.949196152151,19870010,0,1
2016-05-31,110.28,110.51,109.7837,110.34,103.145503526998,24366106,0,1
2016-06-01,110,110.6,109.91,110.35,103.154851497229,19571528,0,1
2016-06-02,110.13,110.59,109.53,110.58,103.369854812538,15696618,0,1
2016-06-03,110.37,110.42,109.34,110.06,102.883760360535,20269923,0,1
2016-06-06,110.25,110.75,110.07,110.46,103.257679169768,12502365,0,1
2016-06-07,110.53,110.63,110.13,110.18,102.995936003305,12184296,0,1
2016-06-08,110.37,110.6,109.96,110.37,103.173547437691,14568699,0,1
2016-06-09,109.93,110.31,109.71,110.19,103.005283973536,17571631,0,1
2016-06-10,109.2,109.4,108.56,108.94,101.836787694682,32965003,0,1
2016-06-13,108.34,108.93,107.89,108.03,100.986122403676,25412177,0,1
2016-06-14,107.78,108.415,107.24,108.03,100.986122403676,24588506,0,1
2016-06-15,108.32,108.44,107.54,107.72,100.69633532652,24605701,0,1
2016-06-16,107.17,108.14,106.5,108.04,100.995470373907,32079929,0,1
2016-06-17,107.53,107.6819,106.24,106.49,99.8144945547946,29208832,0.2867,1
2016-06-20,107.73,108.24,107.08,107.16,100.442494473582,20562769,0,1
2016-06-21,107.33,107.715,107.1,107.5,100.761180999534,22804112,0,1
2016-06-22,107.58,108.19,107.15,107.24,100.517479538512,22724174,0,1
2016-06-23,108.09,108.79,107.62,108.77,101.951568905296,18714227,0,1
2016-06-24,104.81,106.5,104.06,104.29,97.7524052692227,68012733,0,1
2016-06-27,103.6,103.6,101.75,102.22,95.8121667141619,50044303,0,1
2016-06-28,103.33,104.51,103.3,104.46,97.9117485321987,28260604,0,1
2016-06-29,105.26,106.53,105.231,106.31,99.6457781587023,31356723,0,1
2016-06-30,106.52,107.61,106.13,107.54,100.798673531999,36300819,0,1
2016-07-01,107.49,108.48,107.45,108.08,101.304822720276,19902803,0,1
2016-07-05,107.58,107.66,106.84,107.42,100.686195934604,21167903,0,1
2016-07-06,106.92,108.35,106.57,108.3,101.511031648833,24579270,0,1
2016-07-07,108.39,108.86,108.11,108.62,101.810971908553,19161748,0,1
2016-07-08,109.17,110.36,109.02,110.3,103.38565827208,29457871,0,1
2016-07-11,110.68,111.335,110.66,110.93,103.976165658403,20218504,0,1
2016-07-12,111.59,111.79,111.34,111.49,104.501061112912,21906145,0,1
2016-07-13,111.79,111.82,111.21,111.22,104.247986518774,21107762,0,1
2016-07-14,111.96,112.19,111.7,111.98,104.960344635608,20870986,0,1
2016-07-15,112.22,112.3,111.55,111.8,104.791628239516,17999312,0,1
2016-07-18,111.86,112.74,111.85,112.54,105.485240090117,20713924,0,1
2016-07-19,112.17,112.48,111.93,112.13,105.100941632352,18936702,0,1
2016-07-20,112.75,113.65,112.6,113.44,106.328822070578,24997929,0,1
2016-07-21,113.52,113.74,112.87,113.18,106.085120609556,18885367,0,1
2016-07-22,113.28,113.78,112.911,113.65,106.525657866019,20003363,0,1
2016-07-25,113.56,113.69,113.28,113.66,106.535030999136,12968085,0,1
2016-07-26,113.63,114.2,113.22,113.79,106.656881729647,21223845,0,1
2016-07-27,114.76,114.88,114.1,114.58,107.397359245829,27646113,0,1
2016-07-28,114.76,115.11,114.4,114.98,107.772284570479,16939662,0,1
2016-07-29,115.24,115.54,114.87,115.23,108.006612898385,22385320,0,1
2016-08-01,115.31,118.7799,115.17,115.84,108.578374018475,13990077,0,1
2016-08-02,115.68,115.77,114.22,114.96,107.753538304246,21278383,0,1
2016-08-03,114.88,115.35,114.8005,115.34,108.109717362663,15011273,0,1
2016-08-04,115.32,115.78,115.03,115.67,108.419030755499,12835296,0,1
2016-08-05,116.28,117.04,116.13,116.78,109.459448531401,23196570,0,1
2016-08-08,116.82,116.87,116.28,116.65,109.33759780089,12358181,0,1
2016-08-09,116.73,117.29,116.67,116.92,109.590672395028,13276458,0,1
2016-08-10,116.96,117.02,116.31,116.62,109.309478401541,14688405,0,1
2016-08-11,117.01,117.37,116.78,117.12,109.778135057353,12969799,0,1
2016-08-12,116.91,117.21,116.79,117.2,109.853120122283,19379036,0,1
2016-08-15,117.33,117.97,117.31,117.7,110.321776778095,11777762,0,1
2016-08-16,117.47,117.49,117.03,117.05,109.71252312554,14161446,0,1
2016-08-17,117.08,117.3,116.43,117.26,109.90935892098,15980334,0,1
2016-08-18,117.15,117.46,116.945,117.29,109.937478320329,10036285,0,1
2016-08-19,117.1,117.52,116.76,117.26,109.90935892098,18742961,0,1
2016-08-22,117.09,117.55,116.87,117.35,109.993717119027,14500622,0,1
2016-08-23,117.79,118.0095,117.51,117.56,110.190552914468,11997927,0,1
2016-08-24,117.49,117.64,116.41,116.8,109.478194797634,17728656,0,1
2016-08-25,116.48,116.97,116.36,116.61,109.300105268425,24266264,0,1
2016-08-26,116.66,117.54,116.08,116.78,109.459448531401,23895963,0,1
2016-08-29,116.81,117.251,116.79,116.94,109.609418661261,11184872,0,1
2016-08-30,116.73,117.09,116.16,116.56,109.253239602844,19843301,0,1
2016-08-31,116.38,116.56,115.95,116.44,109.140762005449,16169794,0,1
2016-09-01,116.48,116.88,115.91,116.74,109.421955998936,20944727,0,1
2016-09-02,117.32,117.56,116.68,117.12,109.778135057353,18088215,0,1
2016-09-06,117.29,117.85,117.06,117.85,110.462373774838,18525231,0,1
2016-09-07,117.95,118.12,117.47,117.92,110.527985706652,17546872,0,1
2016-09-08,117.57,117.6,116.92,117.23,109.881239521632,20125319,0,1
2016-09-09,116.23,116.51,114.26,114.28,107.116165252342,50813287,0,1
2016-09-12,113.64,116.49,113.63,116.33,109.037657541171,39645960,0,1
2016-09-13,115.73,116.09,114.73,115.29,108.062851697082,45863935,0,1
2016-09-14,115.43,116.47,115.38,115.84,108.578374018475,28221762,0,1
2016-09-15,115.89,117.815,115.86,117.64,110.265537979397,39466531,0,1
2016-09-16,117.22,117.412,116.71,117.29,110.212926583216,27596527,0.2939,1
2016-09-19,117.57,117.95,116.55,116.78,109.733699091039,16222870,0,1
2016-09-20,117.19,117.48,116.8,117,109.9404246759,18078584,0,1
2016-09-21,117.48,118.32,116.81,118.15,111.021035687671,31546776,0,1
2016-09-22,118.85,119.22,118.7177,119.09,111.904317732076,22614422,0,1
2016-09-23,118.92,119,118.16,118.33,111.190174802557,22213394,0,1
2016-09-26,117.66,117.8,117.17,117.34,110.259909670684,16403881,0,1
2016-09-27,117.31,118.5552,117.15,118.5,111.34991729995,20238432,0,1
2016-09-28,118.62,118.77,118.09,118.7,111.537849649823,14794330,0,1
2016-09-29,118.51,118.72,117.3338,117.84,110.729740545368,27207499,0,1
2016-09-30,118.145,119.07,118.03,118.72,111.55664288481,25543200,0,1
2016-10-03,118.53,118.7,118.09,118.55,111.396900387418,19216438,0,1
2016-10-04,118.86,119.16,117.92,118.37,111.227761272532,21239742,0,1
2016-10-05,118.7,119.17,118.67,118.79,111.622419207266,14481285,0,1
2016-10-06,118.63,118.981,118.15,118.73,111.566039502304,11987056,0,1
2016-10-07,118.86,119.01,117.89,118.47,111.321727447469,19984158,0,1
2016-10-10,119.06,119.48,119.03,119.22,112.026473759494,19687341,0,1
2016-10-11,119.1,119.14,117,117.52,110.42904878557,27774426,0,1
2016-10-12,117.575,117.82,117.06,117.42,110.335082610634,14267824,0,1
2016-10-13,116.635,117.32,115.94,117,109.9404246759,22821011,0,1
2016-10-14,117.58,118.05,117.07,117.14,110.071977320811,21313321,0,1
2016-10-17,117.1,117.3,116.672,116.82,109.771285561014,14182694,0,1
2016-10-18,118.18,118.41,117.8,117.86,110.748533780355,19276656,0,1
2016-10-19,117.77,118.02,117.64,117.85,110.739137162861,13702918,0,1
2016-10-20,117.68,117.97,117.03,117.71,110.60758451795,18132245,0,1
2016-10-21,117.8,118.22,117.41,118.15,111.021035687671,15707804,0,1
2016-10-24,118.93,119.65,118.8918,119.57,112.355355371772,19142985,0,1
2016-10-25,119.62,119.66,119.01,119.19,111.998283907013,20341835,0,1
2016-10-26,118.41,119.03,118.03,118.38,111.237157890026,20463696,0,1
2016-10-27,118.9,118.99,117.67,117.84,110.729740545368,19099790,0,1
2016-10-28,117.47,118.11,116.74,117.1,110.034390850836,35369254,0,1
2016-10-31,117.53,117.53,116.93,116.99,109.931028058406,18749357,0,1
2016-11-01,117.19,117.21,115.1047,116.11,109.104125718963,23498712,0,1
2016-11-02,116.05,116.3,114.89,115.18,108.230240292052,26960093,0,1
2016-11-03,115.02,115.37,113.92,114.05,107.168422515268,36205193,0,1
2016-11-04,113.72,114.54,113.45,113.65,106.792557815521,26997454,0,1
2016-11-07,115.45,116.47,115.3,116.35,109.329644538811,26591245,0,1
2016-11-08,116.21,117.64,115.96,117.11,110.04378746833,20777919,0,1
2016-11-09,115.71,117.84,115.6,117.65,110.551204812988,70234393,0,1
2016-11-10,118.14,118.38,114.195,115.75,108.765847489191,72825446,0,1
2016-11-11,115.21,116.05,114.84,115.8,108.81283057666,41115166,0,1
2016-11-14,115.84,115.94,114.03,114.63,107.713426329901,35905979,0,1
2016-11-15,115.47,116.62,115.33,116.22,109.207488511394,31796602,0,1
2016-11-16,115.7,116.9932,115.67,116.91,109.855855118457,16538132,0,1
2016-11-17,116.86,117.78,116.61,117.76,110.654567605418,20598553,0,1
2016-11-18,117.83,118.1,117.21,117.32,110.241116435697,16428659,0,1
2016-11-21,117.6,118.65,117.57,118.54,111.387503769924,20268547,0,1
2016-11-22,118.9,119.19,118.61,118.9,111.725781999696,18850641,0,1
2016-11-23,118.51,118.64,117.9,118.42,111.27474436,22925954,0,1
2016-11-25,118.56,118.85,118.42,118.8,111.63181582476,7162785,0,1
2016-11-28,118.64,119.08,118.4101,118.53,111.378107152431,13479045,0,1
2016-11-29,118.63,119.51,118.3,118.94,111.763368469671,18552957,0,1
2016-11-30,119.06,119.1335,117.46,117.5,110.410255550583,30405342,0,1
2016-12-01,117.46,117.47,115.29,115.47,108.502742199369,39796590,0,1
2016-12-02,115.57,116.16,115.22,115.7,108.718864401723,32876845,0,1
2016-12-05,116.32,117.06,115.77,116.6,109.564559976153,21419667,0,1
2016-12-06,116.88,117.08,116.39,116.88,109.827665265976,27293348,0,1
2016-12-07,116.64,118.51,116.2919,118.36,111.218364655038,26622442,0,1
2016-12-08,118.4,118.87,118.18,118.57,111.415693622405,18578433,0,1
2016-12-09,119.03,119.5402,119,119.5,112.289579049316,21863133,0,1
2016-12-12,118.95,119.21,118.47,118.96,111.782161704658,23259310,0,1
2016-12-13,119.35,121.11,119.32,120.46,113.191654328708,54477889,0,1
2016-12-14,120.56,121,119.86,120.21,112.956738891367,28745991,0,1
2016-12-15,120.37,121.11,120.08,120.4,113.135274623746,22762305,0,1
2016-12-16,120.28,120.5817,119.36,119.6,112.717068765573,26283907,0.3549,1
2016-12-19,119.74,120.83,119.55,120.09,113.178869465365,21138658,0,1
2016-12-20,120.43,120.77,120.33,120.55,113.612396652925,11461799,0,1
2016-12-21,120.57,120.68,120.19,120.46,113.527576116229,7079300,0,1
2016-12-22,120.46,120.5,119.65,120.12,113.207142977597,16644996,0,1
2016-12-23,119.96,120.25,119.81,120.2,113.282539010217,9007470,0,1
2016-12-27,120.44,121.52,120.41,120.82,113.866858263015,16110554,0,1
2016-12-28,121.06,121.19,119.795,119.88,112.98095487974,17975235,0,1
2016-12-29,119.86,120.13,119.33,119.71,112.820738310424,13267519,0,1
2016-12-30,119.93,119.95,118.14,118.48,111.661524308906,41749028,0,1
2017-01-03,119.31,119.99,118.89,119.54,112.660521741109,22307608,0,1
2017-01-04,119.67,120.41,119.6561,120.19,113.273114506139,19749074,0,1
2017-01-05,120.16,120.95,120.1,120.87,113.913980783402,20644254,0,1
2017-01-06,120.99,122.25,120.685,121.93,114.912978215605,24074305,0,1
2017-01-09,122.03,122.55,121.95,122.33,115.2899583787,18909234,0,1
2017-01-10,122.37,122.97,122.1,122.6,115.54441998879,16176631,0,1
2017-01-11,122.63,122.93,122.02,122.93,115.855428623344,20685983,0,1
2017-01-12,122.49,122.819,121.6,122.74,115.676363045873,19622511,0,1
2017-01-13,122.81,123.37,122.8,123.16,116.072192217124,16930803,0,1
2017-01-17,122.79,123.03,122.4342,122.79,115.72348556626,14538484,0,1
2017-01-18,122.96,123.16,122.66,123.04,115.959098168195,12499663,0,1
2017-01-19,123.19,123.65,122.72,122.98,115.902551143731,12710659,0,1
2017-01-20,123.51,123.83,122.92,123.25,116.15701275382,22091039,0,1
2017-01-23,123.16,123.53,122.57,123.35,116.251257794594,17434167,0,1
2017-01-24,123.59,124.37,123.3847,124.18,117.033491633017,17640869,0,1
2017-01-25,124.94,125.46,124.85,125.43,118.211554642691,15036221,0,1
2017-01-26,125.59,125.82,125.3438,125.56,118.334073195697,16052150,0,1
2017-01-27,125.8,125.9211,125.39,125.8,118.560261293554,15052983,0,1
2017-01-30,125.37,125.38,124.13,124.82,117.63665989397,25006715,0,1
2017-01-31,124.4,124.6,123.85,124.57,117.401047292036,19091133,0,1
2017-02-01,125.42,125.68,124.86,125.43,118.211554642691,22861876,0,1
2017-02-02,125.21,125.7,124.86,125.32,118.10788509784,15101363,0,1
2017-02-03,125.49,125.81,125.33,125.68,118.447167244626,16957154,0,1
2017-02-06,125.42,125.85,125.35,125.83,118.588534805787,11630139,0,1
2017-02-07,126.06,126.55,125.97,126.29,119.022061993346,17541101,0,1
2017-02-08,126.12,126.68,125.88,126.5,119.219976578972,12569147,0,1
2017-02-09,126.63,127.24,126.56,126.96,119.653503766532,17542726,0,1
2017-02-10,127.2,127.56,127.02,127.38,120.049332937782,13915697,0,1
2017-02-13,127.76,128.26,127.7199,128.1,120.727897231354,19120150,0,1
2017-02-14,128.15,128.535,127.74,128.53,121.133150906682,16333480,0,1
2017-02-15,128.44,129.35,128.37,129.29,121.849413216563,17891355,0,1
2017-02-16,129.36,129.63,128.92,129.25,121.811715200254,15098286,0,1
2017-02-17,129.09,129.82,129.04,129.81,122.339487428587,15563730,0,1
2017-02-21,130.03,130.53,129.99,130.45,122.94265568954,18479628,0,1
2017-02-22,130.32,130.59,130.111,130.5,122.989778209927,12110876,0,1
2017-02-23,130.7,130.7,129.49,130.01,122.527977510135,17489023,0,1
2017-02-24,129.47,130.26,129.38,130.26,122.76359011207,18624489,0,1
2017-02-27,130.02,130.43,129.8,130.42,122.914382177308,12008672,0,1
2017-02-28,130.39,130.45,129.66,130.02,122.537402014213,16598581,0,1
2017-03-01,130.81,131.68,130.6,131.44,123.875681593202,25813827,0,1
2017-03-02,131.43,131.43,130.62,130.78,123.253664324094,19951386,0,1
2017-03-03,130.65,131.06,130.341,131.02,123.479852421952,13722749,0,1
2017-03-06,130.56,130.95,130.21,130.73,123.206541803707,12026151,0,1
2017-03-07,130.45,131.08,130.28,130.51,122.999202714005,15500945,0,1
2017-03-08,130.57,131.15,130.46,130.74,123.215966307785,15776027,0,1
2017-03-09,130.71,131.02,130.14,130.84,123.310211348559,20855253,0,1
2017-03-10,131.42,131.6,130.82,131.39,123.828559072815,21922601,0,1
2017-03-13,131.34,131.64,131.27,131.61,124.035898162517,10731575,0,1
2017-03-14,131.31,131.36,130.76,131.29,123.734314032041,14019689,0,1
2017-03-15,131.58,132.405,131.14,132.1,124.49769886231,22709139,0,1
2017-03-16,132.33,132.35,131.71,132.01,124.412878325613,18457291,0,1
2017-03-17,131.86,132.04,131.62,131.69,124.369666974418,21234529,0.2742,1
2017-03-20,131.65,132.11,131.4601,131.81,124.482996460613,10105210,0,1
2017-03-21,132.31,132.43,129.73,129.81,122.594171690707,35841897,0,1
2017-03-22,129.89,130.82,129.68,130.69,123.425254589466,29177883,0,1
2017-03-23,130.52,130.88,130.14,130.36,123.113598502431,20311655,0,1
2017-03-24,130.78,131.29,130.13,130.63,123.368589846368,22967566,0,1
2017-03-27,129.73,131.07,129.4,130.84,123.566916447208,18472445,0,1
2017-03-28,130.81,132.03,130.55,131.64,124.322446355171,23721947,0,1
2017-03-29,131.73,132.3,131.59,132.25,124.898537909992,13709968,0,1
2017-03-30,132.22,132.61,132.08,132.47,125.106308634681,16092374,0,1
2017-03-31,132.27,132.74,132.125,132.38,125.021311520036,19841411,0,1
2017-04-03,132.48,132.81,131.56,132.3,124.945758529239,23700310,0,1
2017-04-04,131.9,132.53,131.87,132.51,125.144085130079,13400022,0,1
2017-04-05,132.68,133.48,131.72,131.97,124.634102442205,32011155,0,1
2017-04-06,132.12,132.39,131.7,132.04,124.700211309152,18832193,0,1
2017-04-07,131.99,132.37,131.5,131.97,124.634102442205,16726191,0,1
2017-04-10,132.11,132.565,131.6564,132.02,124.681323061453,15619276,0,1
2017-04-11,131.86,132.095,130.5,131.45,124.14300800203,33778359,0,1
2017-04-12,131.45,131.54,130.78,130.92,123.642469438005,15955195,0,1
2017-04-13,130.75,131.51,130.38,130.4,123.151374997829,23683020,0,1
2017-04-17,130.8,131.5,130.72,131.48,124.171340373578,13325508,0,1
2017-04-18,131.01,131.66,130.95,131.28,123.982457896588,12841087,0,1
2017-04-19,131.85,132.29,131.31,131.49,124.180784497428,17764817,0,1
2017-04-20,132.04,132.88,131.82,132.59,125.219638120876,21977910,0,1
2017-04-21,132.7,132.76,132.22,132.56,125.191305749327,22454948,0,1
2017-04-24,134.02,134.285,133.8042,134.16,126.702365565251,22444504,0,1
2017-04-25,134.58,135.3664,134.48,135.13,127.618445578655,19384398,0,1
2017-04-26,135.17,135.51,134.86,134.94,127.439007225514,25398542,0,1
2017-04-27,135.28,135.75,135.19,135.75,128.203981257326,16136538,0,1
2017-04-28,136.28,136.34,135.77,135.99,128.430640229715,22771946,0,1
2017-05-01,136.46,137.38,136.38,137.2,129.573379215507,24815525,0,1
2017-05-02,137.38,137.49,137.02,137.43,129.790594064047,18345071,0,1
2017-05-03,137.14,137.17,136.615,136.99,129.375052614667,23827550,0,1
2017-05-04,137.01,137.43,136.56,137.04,129.422273233915,14630063,0,1
2017-05-05,137.39,137.54,136.88,137.54,129.894479426391,19330652,0,1
2017-05-08,137.61,137.84,137.33,137.84,130.177803141877,13279931,0,1
2017-05-09,138.05,138.628,137.93,138.32,130.631121086654,28426109,0,1
2017-05-10,138.4,138.45,137.91,138.4,130.706674077451,20499363,0,1
2017-05-11,138.03,138.33,137.38,138.29,130.602788715106,27232074,0,1
2017-05-12,138.37,138.63,138.23,138.6,130.895556554441,19738629,0,1
2017-05-15,138.63,139.12,138.53,139.04,131.31109800382,20481327,0,1
2017-05-16,139.36,139.64,138.99,139.62,131.858857187093,21785994,0,1
2017-05-17,138.55,138.77,136.05,136.07,128.506193220511,55642178,0,1
2017-05-18,136.06,137.72,135.87,137.26,129.630043958605,41319882,0,1
2017-05-19,137.71,138.42,137.66,137.84,130.177803141877,36730112,0,1
2017-05-22,138.14,139.075,138.0967,139,131.273321508422,19509659,0,1
2017-05-23,139.42,139.42,138.7801,139.14,131.405539242316,19687534,0,1
2017-05-24,139.56,139.85,139.17,139.78,132.009963168685,16065013,0,1
2017-05-25,140.315,141.33,140.01,140.97,133.133813906779,23928591,0,1
2017-05-26,141,141.28,140.81,141.22,133.369917003017,13851582,0,1
2017-05-30,141.13,141.505,141.06,141.34,133.483246489212,20306409,0,1
2017-05-31,141.8,141.84,140.57,141.29,133.436025869964,33229404,0,1
2017-06-01,141.57,141.9,140.98,141.84,133.955452681688,20099562,0,1
2017-06-02,142.34,143.49,142.11,143.46,135.485400745311,37222881,0,1
2017-06-05,143.44,143.68,143.23,143.43,135.457068373763,15727526,0,1
2017-06-06,143.28,143.73,142.65,142.86,134.91875331434,22393024,0,1
2017-06-07,143.23,143.54,142.6,143.42,135.447624249913,18842408,0,1
2017-06-08,143.74,143.8,142.79,143.57,135.589286107656,25417408,0,1
2017-06-09,143.74,143.9,138.11,139.98,132.198845645676,10978370000,0,1
2017-06-12,138.84,139.48,137.47,139.23,131.490536356961,104453977,0,1
2017-06-13,140.01,140.56,139.28,140.36,132.557722351958,51193010,0,1
2017-06-14,140.92,140.93,138.62,139.75,131.981630797137,60093764,0,1
2017-06-15,138.35,139.28,137.49,139.13,131.396095118466,55145160,0,1
2017-06-16,138.72,138.777,137.638,138.15,130.827955515926,48087413,0.3784,1
2017-06-19,139.45,140.59,139.28,140.46,133.015523936062,39626533,0,1
2017-06-20,140.31,140.5,139.31,139.36,131.973824688378,40935078,0,1
2017-06-21,139.66,140.81,139.59,140.74,133.280683744564,35743366,0,1
2017-06-22,140.94,141.22,140.34,140.7,133.242803771921,24099115,0,1
2017-06-23,140.53,141.42,140.15,141.24,133.754183402602,21654314,0,1
2017-06-26,142,142.29,140.27,140.58,133.129163853991,34411094,0,1
2017-06-27,140.07,140.22,138.02,138.03,130.714315597997,65957819,0,1
2017-06-28,138.54,140.14,137.74,140.02,132.598844236989,57427180,0,1
2017-06-29,139.4,139.44,136.25,137.59,130.297635898924,88769351,0,1
2017-06-30,138,138.6687,137.19,137.64,130.344985864727,68898255,0,1
2017-07-03,138.270004,138.429993,136.100006,136.190002,128.971838750416,32797000,0,1
2017-07-05,136.57,137.9,136.16,137.53,130.240815939959,42116584,0,1
2017-07-06,136.47,137.06,135.8,136.29,129.066536788025,48430476,0,1
2017-07-07,136.74,138.13,136.74,137.76,130.458625782657,36970402,0,1
2017-07-10,137.84,138.985,137.5,138.66,131.310925167125,24853545,0,1
2017-07-11,138.44,139.22,137.94,139.05,131.680254900395,31517660,0,1
2017-07-12,140.21,140.86,139.955,140.7,133.242803771921,36045799,0,1
2017-07-13,140.85,141.35,140.6,141.01,133.536373559904,31073595,0,1
2017-07-14,141.57,142.3,141.19,142.12,134.587542800749,34544847,0,1
2017-07-17,142.25,142.69,141.92,142.19,134.653832752874,25343155,0,1
2017-07-18,142.06,143.17,141.64,143.14,135.553482103146,25651280,0,1
2017-07-19,143.53,144.19,143.5,143.98,136.34896152865,33752309,0,1
2017-07-20,144.31,144.44,143.52,144.17,136.528891398705,36139449,0,1
2017-07-21,143.62,144.11,143.35,144.11,136.47207143974,39697094,0,1
2017-07-24,144.07,144.87,143.92,144.77,137.097090988351,26712732,0,1
2017-07-25,144.29,144.74,144.01,144.4,136.746701241402,28120884,0,1
2017-07-26,144.74,144.95,144.53,144.87,137.191790919958,18610634,0,1
2017-07-27,145.86,145.96,142.3,143.96,136.330021542329,80665866,0,1
2017-07-28,143.14,144.0752,142.87,143.84,136.2163816244,38013176,0,1
2017-07-31,144.22,144.43,142.92,143.23,135.638712041593,33848645,0,1
2017-08-01,143.7,143.76,143.12,143.56,135.951221815898,20149421,0,1
2017-08-02,144.45,144.52,142.61,143.95,136.320551549168,41769667,0,1
2017-08-03,144.17,144.17,143.13,143.39,135.790231932166,27077574,0,1
2017-08-04,143.65,143.97,143.06,143.65,136.036451754345,29472909,0,1
2017-08-07,143.89,144.56,143.71,144.56,136.898221131975,17933942,0,1
2017-08-08,144.27,145.47,143.9,144.31,136.661471302956,30810364,0,1
2017-08-09,143.14,144.19,142.795,144.12,136.481541432901,36169473,0,1
2017-08-10,143.33,143.4,140.89,141.03,133.555313546226,63331663,0,1
2017-08-11,141.24,142.41,140.9,142.1,134.568602814427,45862488,0,1
2017-08-14,143.23,144.15,143.19,143.93,136.301611562847,34048099,0,1
2017-08-15,144.22,144.302,143.64,144.03,136.396311494454,25509181,0,1
2017-08-16,144.37,144.96,143.8007,144.28,136.633061323473,31913002,0,1
2017-08-17,143.73,143.94,141.33,141.33,133.839413341049,70190975,0,1
2017-08-18,141.43,142.2,140.65,141.23,133.744713409441,60673232,0,1
2017-08-21,141.23,141.53,140.18,141.05,133.574253532547,37111487,0,1
2017-08-22,141.8,143.35,141.76,143.2,135.610302062111,36294232,0,1
2017-08-23,142.5,143.01,142.38,142.69,135.127332410912,25587860,0,1
2017-08-24,143.03,143.17,141.47,142.27,134.72959269816,38160803,0,1
2017-08-25,142.8,143.18,141.78,141.97,134.445492903337,26380436,0,1
2017-08-28,142.41,142.74,141.9501,142.41,134.862172602411,15362141,0,1
2017-08-29,141.18,143.21,141.06,142.97,135.392492219414,24498333,0,1
2017-08-30,143.11,144.89,143,144.65,136.983451070422,33642716,0,1
2017-08-31,145.03,146.21,144.98,146.2,138.45130001034,38480747,0,1
2017-09-01,146.36,146.585,145.61,146,138.261900147124,22293553,0,1
2017-09-05,145.55,145.88,143.6,144.69,137.021331043065,45480562,0,1
2017-09-06,145.06,145.46,144.08,145.13,137.438010742138,30722723,0,1
2017-09-07,145.4,145.84,144.94,145.47,137.759990509604,22721131,0,1
2017-09-08,145.28,145.35,144.06,144.21,136.566771371348,27890115,0,1
2017-09-11,145.3,146.12,145.3,145.87,138.138790236035,27126332,0,1
2017-09-12,146.25,146.41,145.53,146.22,138.470239996661,30256661,0,1
2017-09-13,145.95,146.44,145.73,146.42,138.659639859876,28450864,0,1
2017-09-14,145.85,146.2869,145.47,145.56,137.845220448051,35296413,0,1
2017-09-15,145.56,146.59,145.29,146.06,138.318720106089,46422402,0,1
2017-09-18,145.88,146.37,145.11,145.55,138.138203096459,24858157,0.3194,1
2017-09-19,145.81,146.01,145.31,145.8,138.375472425034,20871237,0,1
2017-09-20,145.75,145.91,144.23,145.35,137.948387633598,34236155,0,1
2017-09-21,145.25,145.26,143.95,144.46,137.103708823871,28841835,0,1
2017-09-22,144,144.53,143.855,144.32,136.970837999869,21702401,0,1
2017-09-25,143.75,143.8299,142.1,142.8,135.528240482132,54947712,0,1
2017-09-26,143.51,143.8,142.67,143.17,135.879399088423,29612794,0,1
2017-09-27,143.93,145,143.57,144.46,137.103708823871,33249403,0,1
2017-09-28,144.14,144.5566,143.78,144.41,137.056254958156,24149422,0,1
2017-09-29,144.7,145.555,144.32,145.45,138.043295365028,43102366,0,1
2017-10-02,145.67,146.17,144.93,145.58,138.166675415888,27246253,0,1
2017-10-03,145.74,146.06,145.45,145.89,138.460889383321,19715152,0,1
2017-10-04,145.6,146.34,145.47,146.03,138.593760207323,26381099,0,1
2017-10-05,146.54,147.54,146.4063,147.46,139.950940766773,31562353,0,1
2017-10-06,146.97,147.66,146.96,147.66,140.140756229633,23546199,0,1
2017-10-09,147.86,148.0093,147.3,147.49,139.979413086202,13704835,0,1
2017-10-10,147.98,148.14,146.95,147.6,140.083811590775,19223092,0,1
2017-10-11,147.53,148.07,147.34,148.04,140.501405609067,12439051,0,1
2017-10-12,147.84,148.355,147.615,147.77,140.245154734206,14513477,0,1
2017-10-13,148.4,148.51,147.7772,148.34,140.786128803357,18409888,0,1
2017-10-16,148.7,148.89,148.3928,148.85,141.270158233651,21809410,0,1
2017-10-17,148.79,149.06,148.57,149.04,141.450482923368,13138157,0,1
2017-10-18,149.21,149.21,148.64,148.86,141.279649006794,17218243,0,1
2017-10-19,148.02,148.33,147.27,148.31,140.757656483928,27680285,0,1
2017-10-20,148.91,149.04,148.53,148.71,141.137287409649,30173268,0,1
2017-10-23,149.01,149.03,147.53,147.74,140.216682414777,29297126,0,1
2017-10-24,148,148.3,147.44,147.99,140.453951743352,20289467,0,1
2017-10-25,147.7,148.18,146.33,147.43,139.922468447344,36104741,0,1
2017-10-26,147.36,147.705,146.92,146.96,139.476402109622,28230199,0,1
2017-10-27,149.33,151.52,149.2,151.24,143.538453014829,60165127,0,1
2017-10-30,151.08,152.19,150.9899,151.58,143.861139301691,31733386,0,1
2017-10-31,152.04,152.37,151.63,152.15,144.402113370843,25680894,0,1
2017-11-01,152.75,152.83,151.5,152.1,144.354659505128,29481569,0,1
2017-11-02,151.92,151.99,150.77,151.81,144.079427083981,31017426,0,1
2017-11-03,152.39,153.29,151.84,153.27,145.46507996286,26199249,0,1
2017-11-06,153.13,153.85,153.1,153.79,145.958600166296,28684758,0,1
2017-11-07,153.67,154.0823,153.34,153.88,146.044017124583,21333062,0,1
2017-11-08,153.81,154.54,153.62,154.5,146.632445059449,16732173,0,1
2017-11-09,153.26,153.77,152.11,153.69,145.863692434866,40459520,0,1
2017-11-10,153.36,153.8,153.06,153.68,145.854201661723,20150762,0,1
2017-11-13,153.12,154.0693,153.1,153.87,146.03452635144,12468169,0,1
2017-11-14,153.31,153.5,152.57,153.31,145.503043055432,25050308,0,1
2017-11-15,152.61,153,151.78,152.59,144.819707389135,24762217,0,1
2017-11-16,153.38,154.89,153.33,154.54,146.670408152021,34729258,0,1
2017-11-17,154.58,154.69,153.8,153.95,146.110452536584,28725800,0,1
2017-11-20,154.08,154.2,153.61,153.83,145.996563258868,21126898,0,1
2017-11-21,154.56,155.57,154.49,155.5,147.58152237375,20147763,0,1
2017-11-22,155.63,155.84,155.341,155.69,147.761847063467,17254888,0,1
2017-11-24,155.86,156.31,155.76,156.26,148.302821132618,8280586,0,1
2017-11-27,156.2,156.56,155.83,156.19,148.236385720617,22653389,0,1
2017-11-28,156.52,156.69,155.7,156.59,148.616016646338,24446088,0,1
2017-11-29,156.41,156.45,153.12,153.86,146.025035578297,71986338,0,1
2017-11-30,154.51,155.45,154.15,155.15,147.249345313745,56595465,0,1
2017-12-01,154.2,155.24,152.26,154.49,146.622954286306,59015828,0,1
2017-12-04,155.47,155.625,152.56,152.71,144.933596666851,51243858,0,1
2017-12-05,152.64,154.55,152.1,152.81,145.028504398281,40555384,0,1
2017-12-06,152.26,153.735,152.06,153.5,145.683367745149,28566078,0,1
2017-12-07,153.49,154.46,153.33,154.02,146.176887948585,32666207,0,1
2017-12-08,155.15,155.53,154.46,154.7,146.822260522309,28081666,0,1
2017-12-11,154.77,155.95,154.76,155.9,147.96115329947,20821528,0,1
2017-12-12,155.83,156.15,155.36,155.69,147.761847063467,20310252,0,1
2017-12-13,156.32,156.49,155.76,155.99,148.046570257757,24418479,0,1
2017-12-14,156.26,156.66,155.71,155.88,147.942171753184,24594682,0,1
2017-12-15,156.49,157.82,156.23,157.65,149.622038599496,49816151,0,1
2017-12-18,158.36,158.77,158.07,158.64,150.874260698758,26844519,0.3294,1
2017-12-19,158.34,158.5,157.26,157.7,149.980275543331,31414968,0,1
2017-12-20,158.25,158.28,156.91,157.53,149.818597376924,38972602,0,1
2017-12-21,157.75,158.25,157.37,157.55,149.837618337678,18638679,0,1
2017-12-22,157.31,157.43,156.95,157.37,149.666429690894,23330440,0,1
2017-12-26,156.49,156.72,155.95,156.52,148.85803885886,21918720,0,1
2017-12-27,156.53,156.96,156.39,156.54,148.877059819614,22388186,0,1
2017-12-28,157.04,157.07,156.54,156.73,149.057758946774,25393825,0,1
2017-12-29,156.87,156.9,155.7,155.76,148.135242350217,33185962,0,1
2018-01-02,156.56,158.53,156.17,158.49,150.731603493105,32573272,0,1
2018-01-03,158.64,160.17,158.61,160.03,152.196217471143,29383557,0,1
2018-01-04,160.58,160.79,160.08,160.31,152.462510921696,24776125,0,1
2018-01-05,161.07,162.03,160.77,161.92,153.993698262373,26992340,0,1
2018-01-08,161.92,162.63,161.86,162.55,154.592858526116,23159061,0,1
2018-01-09,162.87,163.04,162.07,162.56,154.602369006493,24782448,0,1
2018-01-10,161.84,162.21,161.12,162.18,154.240970752172,34004028,0,1
2018-01-11,162.48,163.3,162.21,163.29,155.296634074005,20473518,0,1
2018-01-12,163.15,164.66,162.94,164.49,156.43789171923,37762708,0,1
2018-01-16,165.58,166.42,163.53,164.02,155.990899141517,41231849,0,1
2018-01-17,164.8,166.04,164,165.79,157.674254168224,33849879,0,1
2018-01-18,165.53,166.2,165.14,165.82,157.702785609355,26432166,0,1
2018-01-19,166.31,166.61,165.54,166.34,158.197330588952,38937588,0,1
2018-01-22,166.28,168.12,166.09,168.12,159.890196096036,26081388,0,1
2018-01-23,168.64,169.66,168.56,169.51,161.212152868422,37989650,0,1
2018-01-24,169.87,170.24,167.44,168.41,160.166000026965,54287377,0,1
2018-01-25,169.57,169.63,167.81,168.35,160.108937144704,28924956,0,1
2018-01-26,169.29,170.95,168.96,170.93,162.562641081938,32038184,0,1
2018-01-29,170.57,170.91,169.74,170.1,161.773271210657,37277849,0,1
2018-01-30,168.55,169.42,167.82,168.7,160.441803957895,44987688,0,1
2018-01-31,169.65,169.99,168.34,169.4,161.107537584276,42449199,0,1
2018-02-01,168.1,169.73,167.42,167.96,159.738028410006,38037875,0,1
2018-02-02,167.34,167.7,164.47,164.61,156.552017483753,68478082,0,1
2018-02-05,163.07,165.75,158,158.12,150.37971571916,105372224,0,1
2018-02-06,155.81,162.51,155.1,162.31,154.364606997071,118537891,0,1
2018-02-07,161.79,163.55,160.2,160.21,152.367406117927,91028328,0,1
2018-02-08,160.62,160.8,153.45,153.45,145.938321383159,94184831,0,1
2018-02-09,155.66,157.24,150.125,156.1,148.458598683031,113836554,0,1
2018-02-12,157.7,159.95,156.46,158.87,151.093001747426,63050637,0,1
2018-02-13,157.96,160.01,157.72,159.69,151.87286113833,31785595,0,1
2018-02-14,158.75,162.93,158,162.68,154.716494771016,52107431,0,1
2018-02-15,164.14,165.7,162.44,165.7,157.588659844832,51633887,0,1
2018-02-16,165.16,166.76,164.68,164.96,156.884884296943,62256291,0,1
2018-02-20,164.38,166.68,164.31,165.29,157.19873014938,36785626,0,1
2018-02-21,166.1,167.72,164.72,164.82,156.751737571667,41161779,0,1
2018-02-22,165.54,166.42,164.38,164.8,156.732716610913,37074413,0,1
2018-02-23,166.13,168.17,165.45,168.17,159.93774849792,50096916,0,1
2018-02-26,168.96,170.4,168.82,170.4,162.058585621964,39266658,0,1
2018-02-27,170.45,170.73,168.21,168.29,160.051874262443,42209873,0,1
2018-02-28,169.25,169.8,167.1,167.21,159.02474238174,42936334,0,1
2018-03-01,167.3,168.07,163,164.48,156.428381238853,76809904,0,1
2018-03-02,162.5,166.28,161.96,165.99,157.864463775761,57445063,0,1
2018-03-05,165.21,168.26,164.59,167.83,159.614392165107,38540207,0,1
2018-03-06,168.65,169.11,167.48,168.54,160.289636271865,29480927,0,1
2018-03-07,167.25,169.07,166.96,168.93,160.660545006563,34609407,0,1
2018-03-08,169.63,169.98,168.95,169.86,161.545019681612,25828371,0,1
2018-03-09,171.07,173.16,170.82,173.16,164.683478205981,38310546,0,1
2018-03-12,173.67,174.48,173.28,174.08,165.558442400654,37634971,0,1
2018-03-13,174.48,175.21,171.27,171.71,163.304458551334,55638925,0,1
2018-03-14,172.61,172.74,170.93,171.68,163.275927110204,40536383,0,1
2018-03-15,171.8,172.53,170.9,171.53,163.133269904551,28810366,0,1
2018-03-16,171.82,172.2,170.94,171.02,162.64823540533,31176742,0,1
2018-03-19,169.1,169.22,165.64,167.1,159.183139432417,71395061,0.2766,1
2018-03-20,167.17,168.04,166.61,167.65,159.707081543056,34075664,0,1
2018-03-21,167.21,168.76,166.19,166.92,159.011667468935,43863543,0,1
2018-03-22,164.61,165.77,162.59,162.8,155.086864749237,66607288,0,1
2018-03-23,162.61,163.06,158.43,158.51,151.00011628625,80110392,0,1
2018-03-26,161.72,164.6,159.16,164.4,156.611059980188,57481503,0,1
2018-03-27,165.62,165.62,157.68,159.08,151.543110837277,78889105,0,1
2018-03-28,158.17,159.78,156.04,157.25,149.799812541877,89369655,0,1
2018-03-29,158.1,161.71,156.63,160.13,152.543363957588,68692566,0,1
2018-04-02,158.99,159.74,153.88,155.51,148.142250228218,85549443,0,1
2018-04-03,156.87,157.92,154.44,157.26,149.80933876207,64090049,0,1
2018-04-04,154.22,160.23,154.04,159.74,152.171841370044,65768692,0,1
2018-04-05,161.33,161.58,159.48,160.65,153.038727407647,43054868,0,1
2018-04-06,158.88,160.46,155.88,156.63,149.209186889883,59870865,0,1
2018-04-09,157.98,160.88,157.46,157.73,150.257071111162,41810380,0,1
2018-04-10,160.21,161.73,159.07,161.21,153.57219573848,48601323,0,1
2018-04-11,160.2,162,160.1,160.28,152.68625726049,41622139,0,1
2018-04-12,161.25,162.77,161.16,162.21,154.524817757824,30467889,0,1
2018-04-13,163.02,163.26,160.67,161.37,153.724615261575,44604892,0,1
2018-04-16,162.5,163.19,161.48,162.6,154.896340345368,28180780,0,1
2018-04-17,164.24,166.46,163.91,166.1,158.230517413073,35536087,0,1
2018-04-18,166.1,167,165.31,166.44,158.55440889965,29573880,0,1
2018-04-19,165.6,165.99,164.34,164.91,157.096897210053,34705692,0,1
2018-04-20,164.49,164.61,161.73,162.3,154.610553739565,49197140,0,1
2018-04-23,163.09,163.73,161.02,161.89,154.219978711634,33040646,0,1
2018-04-24,162.66,162.91,157.39,158.46,150.952485185283,70256751,0,1
2018-04-25,158.74,159.31,156.47,158.65,151.133483368959,52089323,0,1
2018-04-26,160.7,162.53,160.18,161.99,154.315240913568,43005532,0,1
2018-04-27,164.37,164.41,161.17,162.09,154.410503115503,51043406,0,1
2018-04-30,162.47,163.48,160.54,160.94,153.314987793257,35615273,0,1
2018-05-01,160.52,162.8,160.14,162.78,155.06781230885,36513529,0,1
2018-05-02,163.06,163.57,161.63,161.82,154.15329517028,38646842,0,1
2018-05-03,161,162.4,159.22,161.8,154.134242729893,60337134,0,1
2018-05-04,161.1,165.25,160.98,164.87,157.05879232928,41543243,0,1
2018-05-07,165.64,166.78,165.51,166.24,158.363884495781,32500152,0,1
2018-05-08,165.89,166.43,164.86,166.07,158.201938752493,26040170,0,1
2018-05-09,166.37,168,165.78,167.88,159.926184607506,29122718,0,1
2018-05-10,168.42,169.74,168.29,169.62,161.583746921165,27067597,0,1
2018-05-11,169.42,169.86,168.72,169.46,161.431327398069,24688847,0,1
2018-05-14,169.85,170.82,169.47,169.75,161.707587783679,21821749,0,1
2018-05-15,168.41,168.5,166.98,167.87,159.916658387312,49361638,0,1
2018-05-16,168.09,169.37,168.01,168.98,160.974068828784,22941159,0,1
2018-05-17,168.39,169.61,167.51,168.33,160.354864516211,27480164,0,1
2018-05-18,167.68,168.26,167.21,167.46,159.526083359381,26217939,0,1
2018-05-21,168.76,169.5,167.68,168.4,160.421548057565,22954565,0,1
2018-05-22,169.17,169.45,167.88,168.18,160.211971213309,19477721,0,1
2018-05-23,166.88,169.62,166.88,169.6,161.564694480778,26557835,0,1
2018-05-24,169.55,169.85,167.84,169.55,161.51706337981,27696539,0,1
2018-05-25,169.53,170.33,169.21,169.72,161.679009123099,27460536,0,1
2018-05-29,168.95,169.92,167.96,168.97,160.964542608591,41220468,0,1
2018-05-30,169.58,170.48,169.22,170.18,162.117215251997,22665836,0,1
2018-05-31,170.18,171.2,169.63,170.07,162.012426829869,35670946,0,1
2018-06-01,170.92,172.84,170.87,172.74,164.555927621518,45543331,0,1
2018-06-04,173.18,174.34,173.07,174.3,166.042017971695,20459634,0,1
2018-06-05,174.71,175.13,174.07,174.84,166.556433862141,24779284,0,1
2018-06-06,175.02,175.89,174.14,175.86,167.528108321872,25036647,0,1
2018-06-07,175.89,175.93,173.55,174.43,166.16585883421,39600316,0,1
2018-06-08,173.61,174.88,173.18,174.44,166.175385054404,31780348,0,1
2018-06-11,174.31,175.34,174.28,174.91,166.623117403495,22319709,0,1
2018-06-12,175.15,176,174.96,175.83,167.499529661292,22511832,0,1
2018-06-13,176.1,177.14,175.43,175.82,167.490003441099,37858584,0,1
2018-06-14,176.63,177.89,176.5,177.6,169.185670635531,35915978,0,1
2018-06-15,176.93,177.33,176.11,176.98,168.595044983538,49615730,0,1
2018-06-18,175.49,176.65,174.94,176.5,168.498230007712,31633192,0.3784,1
2018-06-19,174.27,176.04,173.71,176,168.020897911373,38235994,0,1
2018-06-20,176.81,177.98,176.65,177.25,169.214228152221,33038042,0,1
2018-06-21,177.7,177.88,175.37,175.71,167.744045295496,43469439,0,1
2018-06-22,176.3,176.37,174.69,175.32,167.371726260352,30073187,0,1
2018-06-25,173.73,173.99,169.81,171.37,163.600802699272,77799725,0,1
2018-06-26,172,173.06,171.37,172.07,164.269067634147,39008146,0,1
2018-06-27,172.8,173.58,169.61,169.73,162.03515342328,52843497,0,1
2018-06-28,169.52,171.77,169.17,171.19,163.42896314459,46407708,0,1
2018-06-29,172.01,172.92,171.4,171.65,163.868108673222,36408464,0,1
2018-07-02,170.04,172.85,169.67,172.8,164.965972494802,31770026,0,1
2018-07-03,173.45,173.45,170.63,170.8,163.056644109446,25512707,0,1
2018-07-05,171.91,173.06,171.03,172.92,165.080532197924,31626198,0,1
2018-07-06,173.32,175.74,173,175.61,167.648578876228,37005574,0,1
2018-07-09,176.52,177.23,175.82,177.19,169.15694830066,27362061,0,1
2018-07-10,177.52,177.72,176.71,177.32,169.281054645708,23902488,0,1
2018-07-11,175.93,177.07,175.8,176.42,168.421856872298,30280553,0,1
2018-07-12,177.2,179.46,177.08,179.46,171.32403601804,27930119,0,1
2018-07-13,179.45,179.9,178.95,179.61,171.467235646941,28067961,0,1
2018-07-16,179.65,179.95,178.88,179.18,171.05673004409,21405310,0,1
2018-07-17,177.28,180.65,177.28,180.27,172.097314014109,31034075,0,1
2018-07-18,180.29,180.44,179.38,179.93,171.772728188598,23220839,0,1
2018-07-19,179.28,179.88,178.82,179.03,170.913530415188,31094145,0,1
2018-07-20,179.62,180.17,178.79,178.99,170.875343847481,35907619,0,1
2018-07-23,178.46,179.64,177.74,179.56,171.419502437307,22184720,0,1
2018-07-24,181.41,182.05,179.56,180.3,172.125953939889,36900281,0,1
2018-07-25,180.38,182.93,180.29,182.82,174.531707705438,36022078,0,1
2018-07-26,180.35,180.92,179.81,180.05,171.88728789172,40873485,0,1
2018-07-27,181.19,181.31,176.6,177.62,169.567453903512,59456093,0,1
2018-07-30,177.63,177.73,174.27,175.11,167.171246779889,60192990,0,1
2018-07-31,175.8,177.13,174.82,176.45,168.450496798078,47285135,0,1
2018-08-01,176.86,177.65,176.1,177.12,169.090121807172,37101925,0,1
2018-08-02,175.87,179.74,175.79,179.53,171.390862511527,47178229,0,1
2018-08-03,179.87,180.09,179.08,180.08,171.9159278175,28934445,0,1
2018-08-06,179.96,181.19,179.74,181.14,172.927871861739,24808763,0,1
2018-08-07,181.65,182.14,181.26,181.8,173.557950228907,29895664,0,1
2018-08-08,181.55,182.35,181.06,182.02,173.767976351296,22680749,0,1
2018-08-09,181.94,182.63,181.64,181.91,173.662963290101,18852898,0,1
2018-08-10,180.68,181.22,179.84,180.52,172.335980062279,33818464,0,1
2018-08-13,180.88,182.01,180.24,180.32,172.145047223743,26089195,0,1
2018-08-14,181.01,181.66,180.04,181.45,173.223817761469,20913021,0,1
2018-08-15,180.01,180.58,178.12,179.23,171.104463253724,58528016,0,1
2018-08-16,180.61,180.99,179.47,179.82,171.667715127404,27711761,0,1
2018-08-17,179.35,180.31,178.27,179.86,171.705901695111,36092641,0,1
2018-08-20,180.26,180.33,179,179.7,171.553155424282,24938956,0,1
2018-08-21,180.24,181.44,180.13,180.36,172.18323379145,26258657,0,1
2018-08-22,179.98,181.27,179.75,181.06,172.851498726325,18042380,0,1
2018-08-23,180.74,182.05,180.5,180.8,172.603286036228,25776166,0,1
2018-08-24,181.4,182.63,181.36,182.48,174.207121879928,23136113,0,1
2018-08-27,183.4,184.34,183.11,184.34,175.982797278309,29343552,0,1
2018-08-28,184.83,185.02,184.22,184.61,176.240556610333,20277036,0,1
2018-08-29,184.93,186.84,184.86,186.74,178.273991340737,29175591,0,1
2018-08-30,186.38,187.52,185.79,186.41,177.958952157153,29315453,0,1
2018-08-31,186.18,187.18,185.98,186.65,178.188071563396,28653248,0,1
2018-09-04,186.08,186.4,184.85,185.85,177.424340209254,29063537,0,1
2018-09-05,185.52,185.55,182.82,183.45,175.133146146826,42623326,0,1
2018-09-06,183.53,183.75,180.58,181.81,173.567496870833,46091403,0,1
2018-09-07,180.5,182.67,180.44,181.11,172.899231935959,46629495,0,1
2018-09-10,182.15,182.25,180.73,181.72,173.481577093492,26131977,0,1
2018-09-11,180.99,183.42,180.52,183.12,174.818106963242,30116460,0,1
2018-09-12,182.85,182.98,181.01,182.58,174.302588299196,36203973,0,1
2018-09-13,183.72,184.88,183.64,184.53,176.164183474918,31133188,0,1
2018-09-14,184.66,184.95,183.26,183.99,175.648664810872,31224132,0,1
2018-09-17,183.68,183.81,181.17,181.34,173.118804700275,33071197,0,1
2018-09-18,181.49,183.73,181.4,182.84,174.550800989292,31877347,0,1
2018-09-19,182.87,183.3,181.51,182.7,174.417148002317,31843377,0,1
2018-09-20,183.96,184.97,183.52,184.72,176.345569671527,33295820,0,1
2018-09-21,185.22,185.48,183.48,183.71,175.381358836922,38605353,0,1
2018-09-24,182.05,183.96,181.3,183.89,175.86799890914,34945602,0.3297,1
2018-09-25,183.81,184.28,183.18,184.14,176.107092931258,25277520,0,1
2018-09-26,184.3,185.99,183.91,184.27,176.231421822759,36210571,0,1
2018-09-27,185.02,186.49,184.92,185.83,177.723368520776,33113269,0,1
2018-09-28,185.31,186.28,184.97,185.79,177.685113477237,28076843,0,1
2018-10-01,186.87,187.53,185.7,186.17,178.048536390856,27371297,0,1
2018-10-02,186.01,187.18,185.32,185.75,177.646858433698,25618608,0,1
2018-10-03,186.53,186.97,185.66,185.95,177.838133651392,29128683,0,1
2018-10-04,185.2,185.32,181.06,182.38,174.423871015547,80557283,0,1
2018-10-05,182.36,182.97,178.43,180.15,172.291152338254,83325630,0,1
2018-10-08,179.52,180.64,176.93,179.05,171.239138640935,66864481,0,1
2018-10-09,179.18,181.02,178.75,179.63,171.793836772249,49097949,0,1
2018-10-10,178.51,178.62,171.5,171.73,164.238465673319,114471100,0,1
2018-10-11,171.02,173.4,167.81,169.6,162.201384604873,143084463,0,1
2018-10-12,174.17,174.86,170.93,174.32,166.715479742462,102078388,0,1
2018-10-15,173.71,174.04,171.56,172.21,164.697526195785,64885255,0,1
2018-10-16,174.02,177.65,173.7,177.22,169.488970399031,71979688,0,1
2018-10-17,178.08,178.26,175.47,177.29,169.555916725224,66987639,0,1
2018-10-18,176.62,176.68,172.44,173.18,165.625211001603,82486208,0,1
2018-10-19,174.58,176.07,172.39,173.02,165.472190827448,82923733,0,1
2018-10-22,174.06,175.25,172.59,173.91,166.323365546188,52909281,0,1
2018-10-23,170.64,174.13,168.82,173.27,165.711284849566,77566972,0,1
2018-10-24,173.07,173.36,165.04,165.34,158.127222467982,102997449,0,1
2018-10-25,167.91,172.08,167.16,171.06,163.597693694042,83481070,0,1
2018-10-26,165.2,169.96,164.23,166.66,159.389638904765,130970908,0,1
2018-10-29,169.21,169.86,160.09,163.23,156.109268921306,111871933,0,1
2018-10-30,162.75,166.04,162.01,165.92,158.681920599296,92583965,0,1
2018-10-31,168.62,171.25,168.54,169.82,162.411787344337,73828635,0,1
2018-11-01,170.07,172.24,168.78,172.06,164.554069782515,52706823,0,1
2018-11-02,171.53,172.55,168.22,169.38,161.990981865409,75966781,0,1
2018-11-05,169.6,169.66,167.08,168.96,161.589303908251,39573533,0,1
2018-11-06,168.97,171.19,168.72,170.24,162.813465301495,34410390,0,1
2018-11-07,172.28,175.58,171.87,175.58,167.920513613936,51169614,0,1
2018-11-08,174.76,175.3,173.63,174.46,166.849372394848,40296538,0,1
2018-11-09,172.83,173.25,170.16,171.52,164.03762669474,50602710,0,1
2018-11-12,170.32,170.64,166.18,166.33,159.074034795569,62578371,0,1
2018-11-13,167.11,169.48,166,166.47,159.207927447955,64128079,0,1
2018-11-14,168.12,168.7,164.25,165.2,157.993329815596,75270714,0,1
2018-11-15,164.9,168.54,163.46,168.09,160.75725671128,73254349,0,1
2018-11-16,166.45,168.31,165.78,167.5,160.192994819082,65390675,0,1
2018-11-19,166.7,166.9,161.54,162.06,154.990308897793,67280478,0,1
2018-11-20,158.37,161.38,157.13,159.16,152.216818241224,102652794,0,1
2018-11-21,161.35,161.97,159.23,160.37,153.374033308275,42965839,0,1
2018-11-23,159.09,160.84,159.09,159.21,152.264637045648,23503729,0,1
2018-11-26,161.44,162.97,160.76,162.89,155.784101051225,42012633,0,1
2018-11-27,162,163.85,161.18,163.44,156.310107899885,36608063,0,1
2018-11-28,164.62,168.7,163.47,168.7,161.340646125248,70140986,0,1
2018-11-29,167.99,169.26,166.82,168.15,160.814639276589,44885711,0,1
2018-11-30,168.38,169.47,167.54,169.37,161.981418104525,36722760,0,1
2018-12-03,173.11,173.31,169.51,172.33,164.812291326402,50771695,0,1
2018-12-04,171.43,171.91,165.52,165.72,158.490645381601,70594743,0,1
2018-12-06,162.46,166.91,161.77,166.89,159.609605405114,71715526,0,1
2018-12-07,166.16,167.12,160.86,161.38,154.339973157632,80432176,0,1
2018-12-10,161.08,163.78,159.41,163.07,155.95624874715,73960758,0,1
2018-12-11,165.73,165.77,162.23,163.61,156.472691834925,59058296,0,1
2018-12-12,166,167.6,164.96,165.05,157.849873402325,53779992,0,1
2018-12-13,166.13,166.82,164.03,165.1,157.897692206749,46377864,0,1
2018-12-14,163.21,163.81,160.7,161.08,154.053060331091,56547419,0,1
2018-12-17,160.39,161.67,156.17,157.43,150.562287608167,74834076,0,1
2018-12-18,158.65,159.95,157.04,158.42,151.509099935755,63642120,0,1
2018-12-19,158.18,160.72,153.34,154.53,147.788796951598,81856456,0,1
2018-12-20,154.15,155.87,150.39,152.29,145.646514513421,99002139,0,1
2018-12-21,153.05,154.09,146.72,147.57,141.132419375832,141129408,0,1
2018-12-24,146.08,147.98,143.46,143.5,137.642230042323,56163290,0.4206,1
2018-12-26,145.08,152.54,144.09,152.46,146.236476601063,98982064,0,1
2018-12-27,150.37,153.18,147.08,153.05,146.802392390087,85824343,0,1
2018-12-28,154.01,155.59,151.72,152.97,146.725658045813,77856625,0,1
2018-12-31,154.47,154.98,152.71,154.26,147.962999347238,53015313,0,1
2019-01-02,150.99,155.75,150.88,154.88,148.557690515366,58576672,0,1
2019-01-03,152.6,153.26,149.49,149.82,143.704243240006,74820225,0,1
2019-01-04,152.34,157,151.74,156.23,149.852582574997,74709320,0,1
2019-01-07,156.62,158.86,156.11,158.09,151.636656079379,52059331,0,1
2019-01-08,159.54,160.11,157.2,159.52,153.008282483285,49388694,0,1
2019-01-09,160.14,161.52,159.47,160.82,154.255215577745,46491747,0,1
2019-01-10,159.6,161.37,158.7,161.28,154.696438057323,38943414,0,1
2019-01-11,160.33,160.86,159.79,160.69,154.130522268299,30176643,0,1
2019-01-14,159.33,159.96,158.59,159.27,152.768487657427,30710234,0,1
2019-01-15,160,162.6,159.91,162.38,155.751535291097,40874224,0,1
2019-01-16,162.65,163.78,162.29,162.35,155.722759911994,33812190,0,1
2019-01-17,161.83,164.36,161.57,163.63,156.950509420385,39328959,0,1
2019-01-18,164.78,166.02,163.82,165.25,158.504379891943,57183243,0,1
2019-01-22,164.06,164.14,160.76,161.94,155.329496397587,56711694,0,1
2019-01-23,162.77,163.51,160.32,162.15,155.530924051308,38106062,0,1
2019-01-24,162.68,163.44,162.06,163.2,156.53806231991,32413351,0,1
2019-01-25,164.51,165.65,163.95,165.15,158.4084619616,36466069,0,1
2019-01-28,163.02,163.12,161.75,163.11,156.451736182601,33491216,0,1
2019-01-29,163.2,163.24,160.99,161.57,154.974600055318,30784175,0,1
2019-01-30,163.4,166.28,162.89,165.68,158.916826992418,41346533,0,1
2019-01-31,166.7,168.99,166.47,168.16,161.295591664927,37258361,0,1
2019-02-01,167.33,168.6,166.99,167.45,160.614574359491,32143672,0,1
2019-02-04,167.48,169.53,167.33,169.53,162.609667310627,26718781,0,1
2019-02-05,169.76,171.23,169.69,171.03,164.048436265773,28156368,0,1
2019-02-06,171.07,171.37,169.75,170.52,163.559254821024,27970006,0,1
2019-02-07,169.03,169.45,166.95,168.23,161.362734216167,42036193,0,1
2019-02-08,166.76,168.59,166.57,168.56,161.679263386299,29020747,0,1
2019-02-11,169.17,169.58,167.98,168.4,161.52579469775,21434088,0,1
2019-02-12,169.63,171.14,169.33,170.89,163.914151163293,29722073,0,1
2019-02-13,171.65,172.16,170.82,171.01,164.029252679705,26094136,0,1
2019-02-14,170.4,171.83,169.83,171.22,164.230680333425,30326830,0,1
2019-02-15,172.52,172.56,171.14,171.94,164.921289431895,32521685,0,1
2019-02-19,171.41,172.8,171.38,172.28,165.247410395062,19487679,0,1
2019-02-20,172.4,173.08,171.32,172.25,165.218635015959,32592995,0,1
2019-02-21,171.77,172.26,170.71,171.62,164.614352054798,25207401,0,1
2019-02-22,171.98,173.01,171.9,172.89,165.832509770155,27735358,0,1
2019-02-25,174.21,174.66,173.4,173.52,166.436792731316,32608754,0,1
2019-02-26,173.04,174.25,172.81,173.7,166.609445005934,21939717,0,1
2019-02-27,172.9,173.8,171.76,173.59,166.503935282556,25162014,0,1
2019-02-28,173.05,173.81,172.7,173.19,166.120263561184,25085470,0,1
2019-03-01,174.44,174.65,173.18,174.39,167.271278725301,31431156,0,1
2019-03-04,175.54,175.79,172.47,174.42,167.300054104404,38063458,0,1
2019-03-05,174.55,175.09,173.69,174.55,167.42474741385,22319863,0,1
2019-03-06,174.72,174.75,173.28,173.56,166.475159903453,27194581,0,1
2019-03-07,173.12,173.18,170.79,171.43,164.432107987146,39407443,0,1
2019-03-08,169.51,171.26,169.34,171.17,164.182721368254,39303225,0,1
2019-03-11,171.88,174.85,171.85,174.73,167.597399688467,30518408,0,1
2019-03-12,175.19,176.14,174.77,175.69,168.518211819761,33953500,0,1
2019-03-13,176.6,177.93,176.35,177.01,169.78432850029,42426135,0,1
2019-03-14,177.13,177.34,176.66,176.71,169.49657470926,23751477,0,1
2019-03-15,177.4,178.88,177.28,178.35,171.069628766887,38191958,0,1
2019-03-18,177.95,178.99,177.59,178.45,171.476522219195,32935125,0.3242,1
2019-03-19,179.18,180,178.29,179.05,172.053075390008,36893341,0,1
2019-03-20,179.06,180.86,178.24,179.76,172.73532997547,50104996,0,1
2019-03-21,179.22,182.83,179.2,182.57,175.435520658776,42428481,0,1
2019-03-22,181.78,182.27,178.37,178.56,171.582223633844,70794543,0,1
2019-03-25,177.91,178.84,176.93,178.22,171.255510170384,46336524,0,1
2019-03-26,179.6,180.69,178.14,179.05,172.053075390008,33248121,0,1
2019-03-27,179.32,179.72,176.6,177.9,170.94801514595,37096697,0,1
2019-03-28,178.36,178.98,177.24,178.31,171.341993146006,30368235,0,1
2019-03-29,179.69,179.83,178.59,179.66,172.639237780334,35205511,0,1
2019-04-01,181.51,182.26,180.77,182.04,174.926232024558,30969472,0,1
2019-04-02,182.24,182.91,181.78,182.73,175.589268170992,22645151,0,1
2019-04-03,183.76,184.92,183.21,183.78,176.598236219914,31633476,0,1
2019-04-04,183.83,184.5,182.65,183.71,176.53097168332,28530828,0,1
2019-04-05,184.24,184.77,184.02,184.66,177.443847537106,25674660,0,1
2019-04-08,184.36,185.28,183.63,185.13,177.895480854243,22697543,0,1
2019-04-09,184.5,185.11,184.09,184.48,177.270881585862,25631886,0,1
2019-04-10,184.72,185.53,184.52,185.47,178.222194317703,24562958,0,1
2019-04-11,185.78,185.78,184.69,185.03,177.799388659107,20654094,0,1
2019-04-12,185.85,185.95,185.06,185.83,178.568126220191,24989136,0,1
2019-04-15,185.84,186.07,184.62,185.86,178.596953878732,21073046,0,1
2019-04-16,186.54,186.91,185.93,186.5,179.211943927598,27195709,0,1
2019-04-17,187.75,187.93,186.6,187.15,179.836543195979,29651575,0,1
2019-04-18,187.46,187.79,186.29,187.39,180.067164464304,28580864,0,1
2019-04-22,186.57,188.86,186.43,187.92,180.576453098522,17936033,0,1
2019-04-23,188.4,190.54,188.13,190.31,182.873056562259,33665561,0,1
2019-04-24,190.47,190.71,189.65,189.71,182.296503391446,24977108,0,1
2019-04-25,191.13,191.22,189.45,190.48,183.036413293989,29517497,0,1
2019-04-26,190.18,190.69,188.59,190.65,183.199770025719,26359537,0,1
2019-04-29,190.65,191.32,190.34,191.02,183.55531114772,21716242,0,1
2019-04-30,189.48,189.85,188.21,189.54,182.133146659716,31495277,0,1
2019-05-01,190.78,191.32,188.8,188.93,181.54698426939,34797109,0,1
2019-05-02,188.87,189.85,186.87,188.11,180.759028269279,44110122,0,1
2019-05-03,189.67,191.25,189.33,191.11,183.641794123342,30386180,0,1
2019-05-06,187.05,190.2,186.76,189.94,182.517515440258,38371777,0,1
2019-05-07,187.87,188.67,184.51,186.24,178.962104220246,58818134,0,1
2019-05-08,185.63,187.17,184.96,185.77,178.51047090311,37165319,0,1
2019-05-09,183.7,185.41,182.09,184.77,177.549548951755,55351668,0,1
2019-05-10,184.11,185.89,181.03,185,177.770561000567,58526402,0,1
2019-05-13,180.29,181.26,178.06,178.58,171.601442072871,67185766,0,1
2019-05-14,179.52,181.63,178.86,180.54,173.484849097526,43360636,0,1
2019-05-15,179.35,183.55,179.31,183.09,175.93520007348,40944547,0,1
2019-05-16,183.17,186.07,182.95,184.93,177.703296463972,39281157,0,1
2019-05-17,183.1,185.58,182.88,183.04,175.887153975912,44702276,0,1
2019-05-20,180.49,181.18,179.34,179.95,172.917905146227,38608294,0,1
2019-05-21,181.5,182.33,180.92,181.83,174.724438414773,31613790,0,1
2019-05-22,180.82,182.07,180.75,181.02,173.946091634176,24332550,0,1
2019-05-23,178.94,179.02,177.14,178.25,171.284337828924,45351309,0,1
2019-05-24,179.21,179.85,177.94,178.16,171.197854853303,25903267,0,1
2019-05-28,178.66,179.66,177.47,177.49,170.554037145895,24763823,0,1
2019-05-29,176.39,177,175.09,176.03,169.151091096918,42178772,0,1
2019-05-30,176.5,177.27,175.77,176.77,169.86217334092,30354790,0,1
2019-05-31,174.69,175.29,173.87,173.95,167.1523734381,45446206,0,1
2019-06-03,173.48,173.95,169.27,170.12,163.472042364413,75842290,0,1
2019-06-04,172.03,174.97,171.37,174.91,168.074858511401,47797848,0,1
2019-06-05,176.58,176.61,174.38,176.21,169.324057048161,34412697,0,1
2019-06-06,176.51,178.04,175.73,177.61,170.669347780058,29913205,0,1
2019-06-07,178.56,181.77,178.33,181.04,173.965310073203,45888345,0,1
2019-06-10,182.25,184.85,182.21,183.15,175.992855390561,41385280,0,1
2019-06-11,185.06,185.4,182.78,183.4,176.2330858784,41260320,0,1
2019-06-12,182.9,183.28,182,182.34,175.214508609964,27758120,0,1
2019-06-13,183.1,183.87,182.74,183.42,176.252304317427,23715829,0,1
2019-06-14,182.48,183.11,181.94,182.64,175.50278519537,22844089,0,1
2019-06-17,183.04,184.25,182.84,183.74,176.55979934186,20379476,0,1
2019-06-18,185.91,187.72,185.43,186.41,179.125460951976,48177301,0,1
2019-06-19,186.73,187.53,185.57,187.11,179.798106317925,31672855,0,1
2019-06-20,189.72,189.76,187.16,188.85,181.470110513281,40921964,0,1
2019-06-21,188.63,189.77,188.17,188.57,181.201052366902,39980418,0,1
2019-06-24,188.53,188.72,188.06,188.16,181.206414311391,19375205,0.4156,1
2019-06-25,188.03,188.14,184.65,184.93,178.095781242589,33921112,0,1
2019-06-26,186.16,187.33,185.49,185.79,178.923999335211,22595721,0,1
2019-06-27,186.46,186.94,185.99,186.5,179.607760783771,19709228,0,1
2019-06-28,186.95,187.15,186.07,186.74,179.83889141427,21179248,0,1
2019-07-01,190.32,190.57,188.38,189.26,182.265763034512,31193393,0,1
2019-07-02,189.2,190.03,188.66,190.01,182.988046254822,18035768,0,1
2019-07-03,190.49,191.44,190.29,191.44,184.36519959488,15792067,0,1
2019-07-05,190.13,191.4,189.39,191.05,183.989612320319,21415620,0,1
2019-07-08,189.81,189.87,188.93,189.71,182.699132966698,17598826,0,1
2019-07-09,188.81,190.9,188.65,190.66,183.614025045758,19193497,0,1
2019-07-10,191.82,193.09,191.47,192.56,185.443809203876,28374513,0,1
2019-07-11,192.85,193.34,191.81,192.42,185.308983002752,23736122,0,1
2019-07-12,192.63,193.54,192.45,193.53,186.377962168811,20211883,0,1
2019-07-15,193.98,194.19,193.44,194.15,186.975049630934,15606074,0,1
2019-07-16,193.91,194.09,192.56,193.15,186.012005337187,20190891,0,1
2019-07-17,193.15,193.49,192.18,192.2,185.097113258128,16765069,0,1
2019-07-18,191.29,192.79,190.69,192.42,185.308983002752,29066336,0,1
2019-07-19,193.82,193.83,190.81,191.01,183.951090548569,29387945,0,1
2019-07-22,191.44,192.94,191.44,192.53,185.414917875064,18953596,0,1
2019-07-23,193.58,193.81,192.29,193.79,186.628353685185,23786726,0,1
2019-07-24,193.05,195.16,193.03,195.15,187.93809392468,20422872,0,1
2019-07-25,194.49,194.52,192.93,193.3,186.156461981249,23434744,0,1
2019-07-26,194.53,195.55,194.43,195.29,188.072920125805,20431243,0,1
2019-07-29,195.11,195.18,193.39,194.62,187.427680448995,20451652,0,1
2019-07-30,193.13,194.54,192.99,193.78,186.618723242247,18705006,0,1
2019-07-31,194.3,194.43,189.32,191.1,184.037764535006,41627473,0,1
2019-08-01,191.43,194.98,189.23,190.15,183.122872455947,63251648,0,1
2019-08-02,188.72,188.99,186.21,187.35,180.426348433456,55214006,0,1
2019-08-05,183.43,183.51,179.2,180.73,174.050995208852,75039971,0,1
2019-08-06,182.4,183.8,181.07,183.26,176.487497272031,41897249,0,1
2019-08-07,181.27,184.51,179.89,184.25,177.440911122841,49990586,0,1
2019-08-08,185.08,188.32,184.57,188.26,181.302718740765,38418084,0,1
2019-08-09,187.36,188,185.03,186.49,179.598130340834,33608926,0,1
2019-08-12,185.34,185.9,183.5,184.35,177.537215552215,24642870,0,1
2019-08-13,184.19,189.68,184.02,188.39,181.427914498952,40473043,0,1
2019-08-14,185.36,185.95,182.42,182.76,176.005975125158,51000548,0,1
2019-08-15,183,183.59,181.16,182.55,175.803735823471,36848178,0,1
2019-08-16,184.11,185.95,184.1,185.48,178.625455604149,34785006,0,1
2019-08-19,188.16,188.83,187.5,188.43,181.466436270702,22568634,0,1
2019-08-20,187.96,188.64,186.92,186.97,180.060391601832,19939552,0,1
2019-08-21,188.61,189.23,187.96,188.63,181.659045129452,20745478,0,1
2019-08-22,188.98,189.46,186.54,188.02,181.071588110266,24270520,0,1
2019-08-23,186.74,188.45,181.56,182.07,175.341474562473,55442893,0,1
2019-08-26,184.14,184.87,183.08,184.82,177.989846370276,27689838,0,1
2019-08-27,186.11,186.42,183.71,184.43,177.614259095715,28080093,0,1
2019-08-28,183.83,185.4,182.91,185.09,178.249868329588,21775744,0,1
2019-08-29,187.39,188.46,186.68,187.92,180.975283680891,25427207,0,1
2019-08-30,188.93,188.97,186.41,187.47,180.541913748705,26332749,0,1
2019-09-03,186.22,187.18,185.03,185.65,178.789173134086,28026617,0,1
2019-09-04,187.44,188.49,186.9,188.33,181.370131841328,21676335,0,1
2019-09-05,190.41,192.33,190.34,191.78,184.692634654754,34060994,0,1
2019-09-06,192.1,192.17,191.17,191.59,184.509656238942,19487821,0,1
2019-09-09,192.19,192.27,190.22,191.19,184.124438521443,24407580,0,1
2019-09-10,190.16,190.74,188.91,190.64,183.594764159883,23744687,0,1
2019-09-11,191,192.53,190.56,192.43,185.318613445689,25063617,0,1
2019-09-12,193.61,194.71,192.97,193.23,186.089048880687,28689878,0,1
2019-09-13,192.95,193.4,192.29,192.54,185.424548318001,27669795,0,1
2019-09-16,191.3,192.08,191.11,191.68,184.596330225379,20318987,0,1
2019-09-17,191.7,192.6,191.29,192.6,185.482330975626,21113675,0,1
2019-09-18,192.2,192.6,190.11,192.52,185.405287432126,31173056,0,1
2019-09-19,192.86,194.04,192.47,192.84,185.713461606125,26214873,0,1
2019-09-20,193.11,193.31,190.16,190.8,183.748851246882,30131528,0,1
2019-09-23,190.36,191.07,189.72,190.5,183.829891424201,22917563,0.3841,1
2019-09-24,191.37,191.79,187.15,187.97,181.388476068278,41096614,0,1
2019-09-25,187.79,190.58,186.21,190.08,183.424597175392,36499191,0,1
2019-09-26,189.83,190,187.98,189.38,182.749106760709,27030029,0,1
2019-09-27,189.73,189.83,185.75,187.03,180.481388939991,40804222,0,1
2019-09-30,187.79,189.11,187.4,188.81,182.199064565897,26559841,0,1
2019-10-01,189.5,190.59,186.96,187.27,180.712985653596,32665025,0,1
2019-10-02,186,186.03,183.02,184.05,177.605729746059,48931982,0,1
2019-10-03,184.03,186.21,181.82,186.07,179.55500208557,39612315,0,1
2019-10-04,187.08,189.08,186.88,188.81,182.199064565897,32752668,0,1
2019-10-07,188.27,189.74,187.91,188.24,181.649022371084,21404580,0,1
2019-10-08,187.06,187.86,185.27,185.42,178.927760986222,33201939,0,1
2019-10-09,186.99,188.08,186.43,187.23,180.674386201329,20829012,0,1
2019-10-10,187.28,189.43,187.12,188.68,182.073616346027,26693780,0,1
2019-10-11,190.83,192.63,190.72,191.11,184.418533071281,41428907,0,1
2019-10-14,190.84,191.7,190.65,191.09,184.399233345147,15372774,0,1
2019-10-15,191.68,193.97,191.56,193.52,186.744150070401,23735826,0,1
2019-10-16,192.86,193.53,192.43,193.04,186.28095664319,20689207,0,1
2019-10-17,194.2,194.5,192.81,193.55,186.773099659601,19161821,0,1
2019-10-18,193.2,193.67,190.71,191.69,184.97822512916,27719069,0,1
2019-10-21,192.71,193.52,192.14,193.39,186.618701850531,15868946,0,1
2019-10-22,194.15,194.42,191.79,191.85,185.132622938231,22988988,0,1
2019-10-23,191.46,192.26,191.15,192.22,185.489667871705,15198327,0,1
2019-10-24,193.59,194.21,192.74,194.09,187.294192265213,19264220,0,1
2019-10-25,193.09,195.74,193.05,195.64,188.789921040581,21507115,0,1
2019-10-28,196.57,197.83,196.55,197.57,190.65234461249,18842303,0,1
2019-10-29,197.24,197.54,196.01,196.04,189.175915563256,18569675,0,1
2019-10-30,196.42,197.32,195.29,196.99,190.092652554611,21764311,0,1
2019-10-31,197.56,197.65,195.94,197.08,190.179501322213,26801803,0,1
2019-11-01,197.93,198.88,197.63,198.87,191.906826811185,22131875,0,1
2019-11-04,200.19,200.53,198.87,200.1,193.093759968413,19015855,0,1
2019-11-05,200.35,200.55,199.55,200.21,193.199908462148,15048864,0,1
2019-11-06,199.98,200,198.79,199.76,192.765664624138,19725486,0,1
2019-11-07,200.76,201.72,199.85,200.43,193.41220544962,17832355,0,1
2019-11-08,200.07,201.25,199.54,201.23,194.184194494971,15272516,0,1
2019-11-11,200.21,201.04,199.94,200.96,193.923648192165,10187222,0,1
2019-11-12,201.13,202.21,200.82,201.54,194.483340250044,14778283,0,1
2019-11-13,200.84,201.78,200.71,201.59,194.531589565379,16110341,0,1
2019-11-14,200.83,201.56,200.22,201.43,194.377191756309,17055686,0,1
2019-11-15,202.65,202.91,202,202.91,195.805371490208,18434519,0,1
2019-11-18,202.59,203.39,201.77,203.07,195.959769299278,18408797,0,1
2019-11-19,203.84,203.84,202.59,203.37,196.249265191285,16997568,0,1
2019-11-20,202.84,203.45,200.62,202.15,195.071981897124,36706275,0,1
2019-11-21,201.93,202.07,201.07,201.7,194.637738059114,17934353,0,1
2019-11-22,202.2,202.32,200.74,201.83,194.763186278984,17197019,0,1
2019-11-25,202.7,204.26,202.67,204.22,197.06950355197,17794718,0,1
2019-11-26,204.35,204.87,204.05,204.61,197.445848211579,14812921,0,1
2019-11-27,205.14,206.05,204.89,206.04,198.825778630144,17060233,0,1
2019-11-29,205.52,205.83,205,205.1,197.918691501856,9854553,0,1
2019-12-02,205.11,205.18,201.78,203,195.89222025781,28121020,0,1
2019-12-03,200.21,201.49,199.23,201.41,194.357892030175,31104100,0,1
2019-12-04,202.44,202.91,202.14,202.43,195.342178062997,15336754,0,1
2019-12-05,203.15,203.15,201.84,202.83,195.728172585673,15038785,0,1
2019-12-06,204.31,205.15,204.15,205,197.822192871187,16562247,0,1
2019-12-09,204.63,205.59,203.98,204.07,196.924755605967,14032175,0,1
2019-12-10,204.17,204.88,203.44,203.9,196.76070793383,21849714,0,1
2019-12-11,204.36,205.19,204.04,204.98,197.802893145053,18897759,0,1
2019-12-12,204.77,207.32,204.49,206.51,199.279322194287,32704625,0,1
2019-12-13,206.4,207.91,205.96,207.19,199.935512882836,32534393,0,1
2019-12-16,208.55,209.53,208.48,209.27,201.942684400748,21366177,0,1
2019-12-17,209.54,209.71,209.04,209.39,202.058482757551,16034647,0,1
2019-12-18,209.57,210.13,209.33,209.55,202.212880566621,15490828,0,1
2019-12-19,209.64,210.93,209.62,210.86,203.477012628383,17892062,0,1
2019-12-20,211.86,212.52,211.27,211.71,204.297250989069,27690934,0,1
2019-12-23,212,212.15,211.63,211.81,204.835375602994,23798671,0.4577,1
2019-12-24,212,212.09,211.44,211.92,204.941753447837,7089020,0,1
2019-12-26,212.26,213.81,212.23,213.79,206.750176810179,17159310,0,1
2019-12-27,214.54,214.56,213.04,213.61,206.576103973162,18142239,0,1
2019-12-30,213.5,213.63,211.16,212.21,205.222204129698,21829913,0,1
2019-12-31,211.62,212.76,211.2,212.61,205.609032656402,18201585,0,1
2020-01-02,214.4,216.16,213.98,216.16,209.042135830901,31014904,0,1
2020-01-03,213.3,215.47,213.28,214.18,207.127334623715,27532657,0,1
2020-01-06,212.49,215.59,212.24,215.56,208.461893040845,21726989,0,1
2020-01-07,215.64,216.14,214.85,215.53,208.432880901342,23120994,0,1
2020-01-08,215.5,218.14,215.16,217.15,209.999536434493,26464212,0,1
2020-01-09,218.94,219.41,217.71,218.99,211.778947657332,23641291,0,1
2020-01-10,219.85,219.87,218.04,218.43,211.237387719947,21914631,0,1
2020-01-13,219.33,220.98,218.98,220.95,213.674407438182,22528847,0,1
2020-01-14,220.84,221.21,219.74,220.08,212.833055392601,24573340,0,1
2020-01-15,220.2,221.2,219.45,220.17,212.920091811109,25742084,0,1
2020-01-16,221.27,222.32,220.8,222.28,214.960612289474,18804959,0,1
2020-01-17,223.28,223.56,222.12,223.38,216.02439073791,24325167,0,1
2020-01-21,222.76,223.84,222.66,223.28,215.927683606234,20813609,0,1
2020-01-22,224.41,225.15,223.59,223.87,216.498255683122,20736403,0,1
2020-01-23,223.74,224.69,222.7,224.59,217.19454703119,26496113,0,1
2020-01-24,225.64,225.88,221.67,222.7,215.366782242513,37436483,0,1
2020-01-27,217.67,219.28,217.18,218.1,210.918254185416,42264418,0,1
2020-01-28,219.64,221.96,219.06,221.45,214.157943096563,26731876,0,1
2020-01-29,222.68,222.93,220.83,221.81,214.506088770596,29063128,0,1
2020-01-30,220.38,222.7,219.69,222.6,215.270075110837,39568093,0,1
2020-01-31,223.53,223.56,218.29,219.07,211.856313362673,52015832,0,1
2020-02-03,220.14,222.89,219.99,222.38,215.05731942115,25468307,0,1
2020-02-04,225.42,227.86,224.65,227.47,219.979712423459,30691211,0,1
2020-02-05,230.21,230.25,226.85,228.22,220.70501591103,38534817,0,1
2020-02-06,228.79,230.25,227.98,230.19,222.610146405047,22467077,0,1
2020-02-07,229.16,230.44,228.54,229.2,221.652745801455,25884933,0,1
2020-02-10,228.44,231.98,228.38,231.97,224.331533348881,21478925,0,1
2020-02-11,233.25,234.02,231.4,232.01,224.370216201551,30197983,0,1
2020-02-12,233.38,234.38,232.8,234.27,226.555797377429,24471275,0,1
2020-02-13,232.64,234.93,232.36,233.97,226.265675982401,22773159,0,1
2020-02-14,234.34,234.86,233.55,234.64,226.913613764631,23438530,0,1
2020-02-18,233.5,235.17,233.25,234.73,227.000650183139,24521242,0,1
2020-02-19,236.13,237.47,235.85,236.98,229.17656064585,22230464,0,1
2020-02-20,236.46,236.95,231.88,234.78,227.049003748977,42604016,0,1
2020-02-21,233.61,234.01,229.32,230.27,222.687512110388,66058611,0,1
2020-02-24,221.68,224.25,220.26,221.39,214.099918817557,84522551,0,1
2020-02-25,223.25,223.99,214.74,215.37,208.27814949066,97742982,0,1
2020-02-26,216.71,220.28,214.9,216.48,209.351598652264,80400053,0,1
2020-02-27,210.9,216.42,205.5,205.64,198.868545578583,121822562,0,1
2020-02-28,198.64,207.17,198.17,205.8,199.023276989264,149247073,0,1
2020-03-02,208.88,216.57,205.94,216.42,209.293574373258,112933945,0,1
2020-03-03,217.11,219.61,207.62,209.48,202.582099434942,131953546,0,1
2020-03-04,213.32,218.33,211.37,218.22,211.034302743427,73086209,0,1
2020-03-05,212.69,216.36,210.1,211.59,204.622619913306,78705458,0,1
2020-03-06,204.67,209.15,202.91,208.02,201.170175312472,89828392,0,1
2020-03-09,193.48,201.16,192.11,193.57,187.195994785286,116423986,0,1
2020-03-10,201.11,204.3,193.68,204.11,197.388926463939,100599233,0,1
2020-03-11,199.35,200.75,192.73,195.22,188.791662457941,89168783,0,1
2020-03-12,182.09,190.78,176.94,177.32,171.481085887932,137820698,0,1
2020-03-13,187.07,194.48,178.13,192.34,186.006497065671,134881981,0,1
2020-03-16,174.15,184.68,169.16,169.3,163.725173927514,92054386,0,1
2020-03-17,175.47,184.39,169.78,182.14,176.142369634716,121257108,0,1
2020-03-18,171.61,179.22,166.8,176.6,170.784794539864,114156320,0,1
2020-03-19,175.69,183.49,171.63,177.66,171.80989013563,120896481,0,1
2020-03-20,181.74,182.87,170.1,170.7,165.079073770979,118983891,0,1
2020-03-23,170.92,174.21,164.93,170.46,165.197723750832,124639782,0.3627,1
2020-03-24,179.91,183.83,177.95,183.66,177.990226118021,94881785,0,1
2020-03-25,184.42,189.51,179.98,182.3,176.672210722613,88754909,0,1
2020-03-26,183.87,192.72,183.61,191.9,185.975848807841,79887564,0,1
2020-03-27,186.93,190.51,184.66,185.3,179.579597624247,58844975,0,1
2020-03-30,187.1,192.49,186.34,192.04,186.111526863251,49356936,0,1
2020-03-31,191.72,195.25,189.2,190.4,184.522155357025,62659265,0,1
2020-04-01,184.77,187.66,180.86,182.31,176.681902012285,53715375,0,1
2020-04-02,181.24,190.1,180.97,186.01,180.267679190967,56465348,0,1
2020-04-03,185.55,187.07,181.29,183.37,177.709178717529,47487621,0,1
2020-04-06,190.48,197.65,189.19,196.48,190.414459477669,64763518,0,1
2020-04-07,202.37,202.66,196,196.4,190.336929160292,69904478,0,1
2020-04-08,198.15,201.17,196.17,200.57,194.378196953563,45940439,0,1
2020-04-09,202.35,203.22,199.03,200.86,194.659244354054,68323929,0,1
2020-04-13,200,203.42,198.75,203.03,196.762254212903,42853948,0,1
2020-04-14,207.23,212.5,206.42,211.86,205.319662993378,63959563,0,1
2020-04-15,208.48,211.83,207.12,209.43,202.964679603055,47035953,0,1
2020-04-16,211.69,214.37,209.69,213.25,206.666752257802,64657362,0,1
2020-04-17,216.17,216.51,212.08,215.29,208.643775350913,62863223,0,1
2020-04-20,213.36,215.88,212.57,212.74,206.172496484524,38249128,0,1
2020-04-21,210.6,211.16,203.63,204.89,198.564834091916,72932771,0,1
2020-04-22,209.1,212.35,208.33,210.97,204.45713821256,40188772,0,1
2020-04-23,211.79,214.44,210.1,210.52,204.021030177315,43278542,0,1
2020-04-24,210.97,214.3,209.5,213.84,207.238538348457,34303365,0,1
2020-04-27,216.19,216.63,214.5,215.56,208.90544017206,36451698,0,1
2020-04-28,217.32,217.32,211.21,211.5,204.970776565182,46862816,0,1
2020-04-29,216.19,219.97,215.14,219,212.239243819267,48716406,0,1
2020-04-30,219.95,220.04,217.35,218.91,212.152022212218,43359476,0,1
2020-05-01,214.5,216.67,211.68,212.74,206.172496484524,48794968,0,1
2020-05-04,211.46,215.45,211.12,215.22,208.575936323208,32841020,0,1
2020-05-05,217.44,220.14,216.85,217.66,210.940611003204,37783075,0,1
2020-05-06,219.4,221.04,218.11,219,212.239243819267,36455218,0,1
2020-05-07,221.82,222.73,220.42,221.82,214.972187506802,38624836,0,1
2020-05-08,223.62,225,222.48,224.86,217.918339567125,31964416,0,1
2020-05-11,223.49,227.93,223.25,226.87,219.866288791219,35714128,0,1
2020-05-12,227.49,228.1,222.09,222.12,215.262926196966,41054123,0,1
2020-05-13,222.66,224.61,216.71,219.34,212.568747668119,65521208,0,1
2020-05-14,217.97,221.87,215.99,221.83,214.981878796475,51549345,0,1
2020-05-15,218.78,223.33,218.33,223.27,216.377424509259,55747208,0,1
2020-05-18,226.33,228.68,225.47,227.43,220.409001012858,42597551,0,1
2020-05-19,227.7,229.85,226.71,226.86,219.856597501547,36237303,0,1
2020-05-20,229.5,231.76,229.48,231.39,224.246751723014,37417000,0,1
2020-05-21,231.44,232.14,228.34,228.87,221.804546725642,42240976,0,1
2020-05-22,228.45,229.87,227.5,229.66,222.570158609739,28762389,0,1
2020-05-26,233.36,233.57,228.79,229.04,221.969298650068,33055346,0,1
2020-05-27,228.69,230.41,223.94,230.29,223.180709859082,55665565,0,1
2020-05-28,229.11,233.47,229.05,229.99,222.889971168918,43008478,0,1
2020-05-29,230.38,233.6,228.76,233.36,226.15593578842,50878596,0,1
2020-06-01,232.46,234.45,232,234.06,226.834326065468,26140125,0,1
2020-06-02,234.5,235.69,232.01,235.63,228.35585854399,33383415,0,1
2020-06-03,236.26,237.47,235.35,236.69,229.383135249234,37228701,0,1
2020-06-04,236.33,237.79,233.68,235.03,227.774381163663,38716097,0,1
2020-06-05,236.22,240.3,235.63,239.69,232.290522150868,47365569,0,1
2020-06-08,239.54,241.68,237.91,241.55,234.093102029881,32937305,0,1
2020-06-09,240.66,244.18,240.47,243.3,235.7890777225,35046254,0,1
2020-06-10,245.05,247.82,244.51,246.22,238.618934306757,58084410,0,1
2020-06-11,242.16,243.59,233.96,234.02,226.79556090678,72919442,0,1
2020-06-12,239.14,240.4,231.74,235.88,228.598140785793,72034787,0,1
2020-06-15,232.44,239.45,231.47,238.75,231.379540921689,45307371,0,1
2020-06-16,243.78,244.39,239.1,242.85,235.352969687255,48890095,0,1
2020-06-17,244.4,245.5,242.73,243.62,236.099198992008,34749268,0,1
2020-06-18,243.29,244.53,242.49,244.28,236.738824110367,30578648,0,1
2020-06-19,246.73,247,242.45,244.24,236.700058951679,49422112,0,1
2020-06-22,243.68,246.87,243.38,246.74,239.534044025336,24068676,0.4243,1
2020-06-23,248.39,251.15,247.82,248.84,241.572714254943,32767370,0,1
2020-06-24,248.06,249.33,242.16,243.71,236.592534122618,46032376,0,1
2020-06-25,243.8,246.34,241.14,246.03,238.84477932866,36940811,0,1
2020-06-26,245.78,245.96,239.68,240.22,233.204458360081,52824554,0,1
2020-06-29,239.98,242.85,237.35,242.84,235.747942170352,34377800,0,1
2020-06-30,242.77,248.16,242.58,247.6,240.368928024128,38909219,0,1
2020-07-01,247.64,251.52,247.08,250.49,243.174526578206,34685690,0,1
2020-07-02,253.02,254.27,251.71,252.19,244.82487866884,32023478,0,1
2020-07-06,255.45,258.93,255.43,258.39,250.843809822917,34587050,0,1
2020-07-07,258.13,260.88,256.3,256.61,249.115794104489,36695837,0,1
2020-07-08,257.98,260.02,256.5,259.99,252.397082378808,30452321,0,1
2020-07-09,261.97,262.87,257.63,262.18,254.523124189684,40609204,0,1
2020-07-10,262.03,264.23,259.26,263.97,256.260847861587,32879879,0,1
2020-07-13,266.91,269.79,257.69,258.54,250.989429125032,64127311,0,1
2020-07-14,255.93,260.79,252.76,260.37,252.765984610832,72228142,0,1
2020-07-15,261.83,262.69,257.49,260.9,253.280506144971,54472875,0,1
2020-07-16,258.02,259.78,255.62,259.12,251.552490426543,47590557,0,1
2020-07-17,259.59,260.31,257.17,259.42,251.843729030772,36287018,0,1
2020-07-20,260.08,267.43,258.79,266.78,258.988782787871,40627842,0,1
2020-07-21,268.4,268.41,263.13,264,256.28997172201,43438515,0,1
2020-07-22,264.46,265.89,262.55,264.93,257.192811395122,29865519,0,1
2020-07-23,264.55,265.24,256.55,258.01,250.474907590893,51363538,0,1
2020-07-24,254.12,256.93,251.32,255.56,248.096458989685,54054536,0,1
2020-07-27,257.36,260.52,256.445,260.12,252.523285773974,36445741,0,1
2020-07-28,259.33,259.85,256.51,256.81,249.309953173975,31302390,0,1
2020-07-29,258.33,260.66,257.91,259.77,252.183507402373,27556884,0,1
2020-07-30,257.78,261.71,256.55,261.13,253.503789074881,41774456,0,1
2020-07-31,265.83,265.95,260.85,265.79,258.027695393913,53756159,0,1
2020-08-03,268.05,270.15,267.87,269.38,261.512850691193,32081566,0,1
2020-08-04,268.74,270.48,268.09,270.38,262.483646038625,24911286,0,1
2020-08-05,270.83,271.52,269.96,271.05,263.134078921405,21685921,0,1
2020-08-06,270.78,274.98,270.19,274.64,266.619234218685,28048224,0,1
2020-08-07,274.04,274.8818,269.245,271.47,263.541812967326,44969356,0,1
2020-08-10,271.74,271.98,266.67,270.31,262.415690364305,35088373,0,1
2020-08-11,269.1,270.44,264.63,265.19,257.445218185454,43104323,0,1
2020-08-12,267.37,272.84,267.37,271.86,263.920423152824,38894272,0,1
2020-08-13,272.64,274.83,271.51,272.48,264.522316268232,31895717,0,1
2020-08-14,273.01,273.4,270.72,272.16,264.211661757054,30799494,0,1
2020-08-17,273.91,275.84,272.1978,275.32,267.279375054939,24659226,0,1
2020-08-18,276.41,278.465,274.91,277.97,269.851982725633,23529498,0,1
2020-08-19,277.93,279.02,275.57,276.1,268.036595425936,31999359,0,1
2020-08-20,275.3,280.43,274.86,279.93,271.7547416066,27723379,0,1
2020-08-21,280.07,282.34,279.461,281.87,273.638084580617,34748934,0,1
2020-08-24,285.06,286,281.27,283.63,275.346684392097,36418533,0,1
2020-08-25,282.78,286.06,282.37,285.86,277.51155801687,34866586,0,1
2020-08-26,287.11,292.22,285.829,291.96,283.433409636205,42216690,0,1
2020-08-27,293.08,293.851,288.705,291.05,282.549985870042,49482715,0,1
2020-08-28,292.27,293.18,290.93,292.53,283.986762984241,28021022,0,1
2020-08-31,293.16,296.745,292.62,294.88,286.268132050706,36321027,0,1
2020-09-01,297.6,300.04,295.79,299.92,291.160940601762,36395774,0,1
2020-09-02,303.26,303.5,296.89,302.76,293.917999388469,50836767,0,1
2020-09-03,298.2,298.62,284.41,287.41,279.01629080539,110083282,0,1
2020-09-04,285.76,288.93,271.8,283.58,275.298144624726,123958978,0,1
2020-09-08,272.27,278.22,269.66,269.95,262.06620403923,99568645,0,1
2020-09-09,275.54,280.045,273,277.88,269.764611144364,64837872,0,1
2020-09-10,280.97,282.195,270.56,272.34,264.386404919592,69667462,0,1
2020-09-11,274.33,275.22,266.9,270.45,262.551601712946,71809014,0,1
2020-09-14,274.28,277.22,272.96,275.16,267.12404779935,38525194,0,1
2020-09-15,278.9,280.45,275.1332,279.06,270.910149654334,41849926,0,1
2020-09-16,279.77,280.36,274.25,274.61,266.590110358262,42435626,0,1
2020-09-17,267.52,274.3955,266.68,270.32,262.425398317779,81570844,0,1
2020-09-18,271.62,272.09,262.63,266.87,259.076154369139,86251117,0,1
2020-09-21,262.52,267.65,260.11,267.51,260.074364977183,57168570,0.3882,1
2020-09-22,270.05,273.08,266.54,272.48,264.906220212264,41128886,0,1
2020-09-23,272.15,272.34,263.2502,264.16,256.817480663798,48837270,0,1
2020-09-24,261.58,268.7,261.22,265.39,258.01329191916,70631704,0,1
2020-09-25,265.82,272.395,264.2999,271.56,264.011792281424,55242376,0,1
2020-09-28,276.615,277.2,271.674,277.2,269.495024379182,58438286,0,1
2020-09-29,276.72,277.71,275.3719,275.95,268.279769038367,27178921,0,1
2020-09-30,276.09,281.09,275.8717,277.84,270.11723511368,49380802,0,1
2020-10-01,281.79,282.8794,279.84,282.25,274.404655956076,50020223,0,1
2020-10-02,276.01,282.2412,273.44,274.31,266.685354031218,75497391,0,1
2020-10-05,276.34,280.49,276.23,280.16,272.372749026233,28184581,0,1
2020-10-06,279.29,281.19,274.25,275.16,267.511727662972,49704236,0,1
2020-10-07,277.83,280.74,277.28,279.92,272.139420000796,27539663,0,1
2020-10-08,282.32,282.47,280.31,281.41,273.588004367048,25443287,0,1
2020-10-09,283.09,285.79,282.71,285.71,277.768482739452,30201144,0,1
2020-10-12,290.6,297.46,289.47,294.53,286.343324424244,79370657,0,1
2020-10-13,296.34,297.0496,293.11,294.52,286.333602381518,64240031,0,1
2020-10-14,295.32,296.35,290.26,292.06,283.941979870794,37181227,0,1
2020-10-15,287.25,290.71,286.54,290.1,282.036459496395,42514177,0,1
2020-10-16,291.8,293.269,288.15,288.51,280.490654702878,40570702,0,1
2020-10-19,290.49,291.48,282.79,283.8,275.911572578687,36756754,0,1
2020-10-20,284.56,287.62,282.95,284.41,276.504617185005,32195361,0,1
2020-10-21,284.67,287.32,283.69,284.19,276.290732245021,29306137,0,1
2020-10-22,285.05,285.98,280.82,284.18,276.281010202295,32196162,0,1
2020-10-23,284.79,284.91,281.7818,284.74,276.82544459498,24658542,0,1
2020-10-26,282.32,285.3,276.76,280.47,272.674132350755,38421094,0,1
2020-10-27,281.42,283.505,280.2,282.66,274.803259707863,30559123,0,1
2020-10-28,278.13,278.6401,271.38,271.64,264.089568623236,53413523,0,1
2020-10-29,273.04,279.49,272.52,276.39,268.707538918334,43246302,0,1
2020-10-30,274.375,275.24,267.07,269.38,261.892386967042,65935893,0,1
2020-11-02,271.73,273.52,266.97,269.98,262.475709530634,39987409,0,1
2020-11-03,271.86,276.82,270.84,274.65,267.015903483919,43604145,0,1
2020-11-04,283.56,288.77,281.87,286.91,278.935127866635,75728206,0,1
2020-11-05,293.41,295.39,292,294.39,286.207215826073,52054186,0,1
2020-11-06,293.58,295.36,289.83,294.61,286.421100766057,40959764,0,1
2020-11-09,297.31,299.14,288.12,288.59,280.568431044691,86537071,0,1
2020-11-10,285.26,286.6599,280.62,283.42,275.542134955079,69024878,0,1
2020-11-11,285.92,290.25,283.38,289.76,281.705910043694,36102931,0,1
2020-11-12,290.72,292.074,287.25,288.4,280.383712232887,34516826,0,1
2020-11-13,290.01,291.57,287.8701,290.93,282.843389042697,24880582,0,1
2020-11-16,290.68,293.51,289.99,293.2,285.050292741617,30168361,0,1
2020-11-17,293.4,293.74,291.61,292.27,284.146142768051,21843463,0,1
2020-11-18,291.7,293.37,290.02,290.11,282.046181539122,28069619,0,1
2020-11-19,289.48,292.7,288.85,292.38,284.253085238042,22718422,0,1
2020-11-20,292.3,293.065,290.29,290.38,282.308676692738,25907308,0,1
2020-11-23,291.41,292.75,288.07,290.39,282.318398735464,26875588,0,1
2020-11-24,291.49,294.98,289.63,294.47,286.284992167885,23850175,0,1
2020-11-25,295.44,296.94,294.59,296.28,288.044681901386,23326826,0,1
2020-11-27,298.29,300.17,297.9,299.01,290.698799565726,17163115,0,1
2020-11-30,299.3,299.97,294.78,299.62,291.291844172044,27836232,0,1
2020-12-01,301.87,305.14,300.83,303.46,295.025108579028,27283110,0,1
2020-12-02,302.22,304.195,300.35,303.85,295.404268245363,23620003,0,1
2020-12-03,304.07,305.88,303.531,304.28,295.822316082603,22828727,0,1
2020-12-04,304.33,305.67,303.63,305.52,297.027849380692,19332081,0,1
2020-12-07,305.71,307.63,305.52,307.25,298.70976277238,20850969,0,1
2020-12-08,306.76,308.6,304.95,308.29,299.720855215938,18341464,0,1
2020-12-09,308.07,308.36,300.21,301.31,292.934869392826,48839306,0,1
2020-12-10,299.21,303.68,298.09,302.52,294.111236562735,27519544,0,1
2020-12-11,300.81,301.98,298.47,301.85,293.459859700058,26760416,0,1
2020-12-14,303.08,306.05,303.01,304.04,295.588987057167,28804832,0,1
2020-12-15,306.37,307.29,304.11,307.29,298.748650943286,25790455,0,1
2020-12-16,307.7,309.785,306.621,308.98,300.391676164068,25461890,0,1
2020-12-17,310.63,311.24,309.39,311,302.355528794826,23730524,0,1
2020-12-18,311.66,311.98,307.61,310.06,301.441656778533,41173392,0,1
2020-12-21,306.46,309.47,303.6,308.92,300.879071332077,37095480,0.5613,1
2020-12-22,309.85,310.7105,306.845,309.76,301.697206836152,26378343,0,1
2020-12-23,309.81,310.18,308.035,308.2,300.177812328584,21201280,0,1
2020-12-24,308.47,310.02,308.39,309.56,301.502412668515,16784997,0,1
2020-12-28,312.25,313.17,310.36,312.68,304.541201683652,22090365,0,1
2020-12-29,314.05,314.685,312.03,312.96,304.813913518344,25871925,0,1
2020-12-30,314.16,314.49,312.33,312.97,304.823653226726,18138071,0,1
2020-12-31,312.87,314.24,311.76,313.74,305.573610772128,21611412,0,1
2021-01-04,315.11,315.29,305.18,309.31,301.258919958969,45305898,0,1
2021-01-05,308.29,312.14,308.29,311.86,303.742545596341,29323409,0,1
2021-01-06,307,311.88,305.98,307.54,299.534991575382,52809622,0,1
2021-01-07,310.28,315.84,310.25,314.98,306.781334611478,30394826,0,1
2021-01-08,317.34,319.39,315.0814,319.03,310.725916506126,33955847,0,1
2021-01-11,315.98,317.19,313.75,314.42,306.235910942094,32869095,0,1
2021-01-12,314.46,315.58,311.2,313.92,305.748925523002,28652545,0,1
2021-01-13,314.19,316.86,313.57,316.04,307.813743699954,22898417,0,1
2021-01-14,316.5,317.53,313.8616,314.35,306.167732983421,23500129,0,1
2021-01-15,314.13,315.12,310.58,311.86,303.742545596341,35118718,0,1
2021-01-19,314.25,316.93,313.12,316.41,308.174112910082,24537049,0,1
2021-01-20,320.14,324.74,316.509,323.77,315.342538279123,30728096,0,1
2021-01-21,325.15,327.13,323.73,326.36,317.865122750022,25316935,0,1
2021-01-22,325.29,326.46,324.71,325.42,316.949590162128,21609444,0,1
2021-01-25,328.91,330.32,321.41,328.11,319.569571716845,39080644,0,1
2021-01-26,328.85,329.76,327.22,328.59,320.037077719174,25498112,0,1
2021-01-27,326.26,326.27,317.36,319.43,311.1155048414,55263985,0,1
2021-01-28,320.67,326.42,320.03,321.32,312.95630972557,42836324,0,1
2021-01-29,319.58,320.7193,312.76,314.56,306.37226685944,55259018,0,1
2021-02-01,318.11,323.54,316.02,322.42,314.027677647573,35646008,0,1
2021-02-02,325.48,328.87,325.31,327.68,319.150764256426,33119867,0,1
2021-02-03,329.82,330.195,326.32,326.38,317.884602166785,24824518,0,1
2021-02-04,327.82,330.33,326.46,330.24,321.644129602179,22350947,0,1
2021-02-05,331.22,332.4025,329.53,331.36,322.734976940946,22731960,0,1
2021-02-08,333.1,333.74,331.41,333.58,324.897192201717,20462812,0,1
2021-02-09,332.62,334.81,332.61,333.51,324.829014243044,17352727,0,1
2021-02-10,334.99,335.46,329.5,332.75,324.088796406023,27705242,0,1
2021-02-11,334.33,335,332.12,334.58,325.871163039901,22046071,0,1
2021-02-12,333.71,336.62,332.63,336.45,327.692488507307,20346819,0,1
2021-02-16,337.27,338.19,334.34,335.54,326.806175044559,27080777,0,1
2021-02-17,332.47,335.657,330.17,333.93,325.238081995081,31000553,0,1
2021-02-18,330.23,333.8661,328.36,332.47,323.816084571331,32236240,0,1
2021-02-19,333.86,333.99,329.97,331.02,322.403826855963,39157677,0,1
2021-02-22,326.5,327.8,322.23,322.44,314.047157064337,45835313,0,1
2021-02-23,317,323.2,311,321.48,313.112145059679,97241936,0,1
2021-02-24,318.74,324.45,315.96,324.13,315.693167780869,58206272,0,1
2021-02-25,321.39,324.03,311.24,312.83,304.68729730938,107375054,0,1
2021-02-26,315.85,319.11,310.88,314.14,305.963199107402,103125301,0,1
2021-03-01,319.27,323.94,317.935,323.59,315.167223528249,49164518,0,1
2021-03-02,324.25,324.33,318.14,318.4,310.11231487807,48370034,0,1
2021-03-03,317.27,318.24,309.1,309.16,301.112824333241,86301073,0,1
2021-03-04,308.78,312.04,300.11,304.1,296.184531892026,139131582,0,1
2021-03-05,306.795,309.609,297.45,308.68,300.645318330913,121523726,0,1
2021-03-08,308.12,310.06,299.51,299.94,292.132813205177,88409781,0,1
2021-03-09,307.47,313.73,306.92,311.77,303.654888220904,80391114,0,1
2021-03-10,316.16,316.47,310.17,310.88,302.788054174919,76798065,0,1
2021-03-11,315.77,319.86,314.85,318.04,309.761685376323,53484804,0,1
2021-03-12,313.86,318.2302,311.391,315.46,307.248840613806,69315601,0,1
2021-03-15,315.79,319,314.095,318.83,310.531122338489,43123176,0,1
2021-03-16,321.09,324.2,319.1,320.58,312.235571305313,54925896,0,1
2021-03-17,317.45,323.85,315.68,321.9,313.521212811717,78258729,0,1
2021-03-18,316.87,317.8801,311.57,312.04,303.917860347214,82942269,0,1
2021-03-19,311.87,314.73,309.6601,313.14,304.989228269217,78446204,0,1
2021-03-22,315.21,320.74,315.21,318.61,310.701255564504,56194755,0.3947,1
2021-03-23,319.73,321.09,316.375,317.22,309.34575904765,53455411,0,1
2021-03-24,318.63,318.67,311.72,311.87,304.12856022379,64803729,0,1
2021-03-25,309.968,312.885,307.3899,311.33,303.601964454653,78729008,0,1
2021-03-26,311.11,316.33,309.67,316,308.15604268034,63519634,0,1
2021-03-29,315.45,316.99,312.47,315.91,308.068276718817,54607963,0,1
2021-03-30,313.89,314.91,311.54,314.32,306.517744731913,44635676,0,1
2021-03-31,316.16,320.74,315.81,319.13,311.208347786636,55032535,0,1
2021-04-01,323.07,324.71,322.81,324.57,316.513312572019,55685602,0,1
2021-04-05,327.13,331.84,324.6375,331.05,322.832461801666,42172475,0,1
2021-04-06,330.73,332.83,330.02,330.82,322.608171011108,33537210,0,1
2021-04-07,330.33,332.48,329.37,331.62,323.388312891311,32046381,0,1
2021-04-08,334.56,335.27,333.7399,335.08,326.762426523191,29940799,0,1
2021-04-09,333.68,337.32,332.92,337.11,328.742036544207,36664892,0,1
2021-04-12,336.04,337.1,334.73,336.67,328.312958510095,25833013,0,1
2021-04-13,338.24,341.08,338.02,340.6,332.145405496594,30374033,0,1
2021-04-14,340.85,340.98,335.67,336.51,328.156930134054,42564337,0,1
2021-04-15,339.47,342.01,336.2153,341.61,333.130334620351,36342821,0,1
2021-04-16,342.15,342.23,340.08,342.01,333.520405560453,40860099,0,1
2021-04-19,340.39,341.58,336.9016,338.88,330.468100454157,34533129,0,1
2021-04-20,338.2,339.52,334.3816,336.41,328.059412399029,38081818,0,1
2021-04-21,335.09,339.48,333.97,339.29,330.867923167761,36598082,0,1
2021-04-22,338.89,339.9,334.01,335.2,326.879447805221,45936143,0,1
2021-04-23,335.85,340.767,335.85,339.42,330.994696223294,36414916,0,1
2021-04-26,339.67,341.92,338.9,341.63,333.149838167356,30811968,0,1
2021-04-27,341.93,342.15,339.17,340.15,331.70657568898,33187183,0,1
2021-04-28,339.81,340.85,338.3301,339,330.585121736187,33615696,0,1
2021-04-29,342.37,342.8,336.9001,340.22,331.774838103498,37708884,0,1
2021-04-30,337.7,340.26,337.05,337.99,329.600192612431,38263421,0,1
2021-05-03,339.23,340,335.73,336.19,327.844873381973,29729730,0,1
2021-05-04,333.56,333.89,326.21,330.14,321.945050412935,65146972,0,1
2021-05-05,332.25,333.14,328.23,329.03,320.862603554153,46219307,0,1
2021-05-06,328.76,331.67,326.45,331.51,323.281043382783,46814283,0,1
2021-05-07,334.37,336.65,331.6914,334.2,325.904270454967,53324460,0,1
2021-05-10,332.78,332.96,325.55,325.76,317.673773618821,60700462,0,1
2021-05-11,319.7,326.1299,319.02,325.31,317.234943811207,71963612,0,1
2021-05-12,320.23,322.62,316,316.89,309.023950522066,91164855,0,1
2021-05-13,319.92,322.4,316.9,319.34,311.413135030189,69877765,0,1
2021-05-14,322.6,327.33,322.08,326.39,318.288135349481,44370015,0,1
2021-05-17,324.63,326.3721,321.45,324.41,316.357284195978,39394997,0,1
2021-05-18,325.39,326.65,321.94,322.22,314.221645798921,36528454,0,1
2021-05-19,316.66,322.9,316.3,322.59,314.582461418515,66319108,0,1
2021-05-20,324.12,329.71,323.89,328.83,320.667568084102,46466135,0,1
2021-05-21,330.43,330.86,326.64,327.01,318.892745306639,50330449,0,1
2021-05-24,329.37,333.67,326.9032,332.51,324.256220733037,32475771,0,1
2021-05-25,334.07,334.81,331.755,332.97,324.704802314154,31280314,0,1
2021-05-26,333.66,334.61,332.95,334.13,325.836008040449,25444932,0,1
2021-05-27,333.67,334.54,332.67,332.88,324.617036352631,27931747,0,1
2021-05-28,334.12,335.5699,333.6,333.93,325.640972570399,29927449,0,1
2021-06-01,335.3,335.785,331.43,332.82,324.558525711616,31145424,0,1
2021-06-02,333.25,334.34,331.695,333.47,325.192390989282,22047940,0,1
2021-06-03,330.55,331.86,328.28,330,321.808525583899,37057825,0,1
2021-06-04,331.85,336.0582,331.78,335.6,327.269518745323,38736545,0,1
2021-06-07,335.05,336.66,334.34,336.6,328.244696095577,32611852,0,1
2021-06-08,338.395,339.29,335.03,336.76,328.400724471618,27282819,0,1
2021-06-09,338.17,338.97,336.651,336.84,328.478738659638,21485319,0,1
2021-06-10,337.19,340.46,336.73,340.35,331.901611159031,33702067,0,1
2021-06-11,340.36,341.25,339.69,341.24,332.769519000757,21222830,0,1
2021-06-14,341.68,344.52,340.46,344.51,335.958348936088,27827716,0,1
2021-06-15,344.15,344.47,341.52,342.26,333.764199898016,35963780,0,1
2021-06-16,342.74,343.84,337.45,341.01,332.545228210199,54252558,0,1
2021-06-17,339.97,346.38,339.92,345.34,336.767746136799,59722700,0,1
2021-06-18,343.63,344.8082,341.86,342.63,334.12501551761,55414862,0,1
2021-06-21,342.43,344.69,340.15,344.36,336.199012954358,32992649,0.3968,1
2021-06-22,344.15,348.03,343.84,347.57,339.332939169898,28941626,0,1
2021-06-23,347.51,348.92,346.88,347.74,339.498910340191,27188454,0,1
2021-06-24,349.73,351.46,349.17,349.89,341.597957493902,32581605,0,1
2021-06-25,350.47,350.72,348.84,349.46,341.17814806316,28682801,0,1
2021-06-28,350.78,353.85,350.72,353.71,345.327427320496,39130305,0,1
2021-06-29,353.53,355.0199,352.67,354.99,346.577092602705,29426039,0,1
2021-06-30,354.83,355.23,353.83,354.43,346.030364041738,32723964,0,1
2021-07-01,354.07,355.09,352.68,354.57,346.16704618198,29289978,0,1
2021-07-02,356.52,358.97,356.28,358.64,350.140591259005,32727244,0,1
2021-07-06,359.26,360.48,356.49,360.19,351.65385781168,38842397,0,1
2021-07-07,362.45,362.76,358.94,360.95,352.395846572992,35265242,0,1
2021-07-08,355.74,359.65,354.42,358.77,350.267510389229,50890021,0,1
2021-07-09,358.17,361.5,357.57,361.01,352.454424633095,35184534,0,1
2021-07-12,362.45,362.89,360.83,362.42,353.831009045529,25717677,0,1
2021-07-13,362.03,365.465,361.54,362.42,353.831009045529,39723015,0,1
2021-07-14,364.83,365.49,362.22,363.07,354.465604696651,35336350,0,1
2021-07-15,362.98,363.19,358.46,360.52,351.976037142249,53391557,0,1
2021-07-16,361.4,362.41,357.24,357.6,349.12523821721,47261961,0,1
2021-07-19,354.05,355.18,352.04,354.67,346.264676282152,64404625,0,1
2021-07-20,355.63,360.28,353.8,358.79,350.287036409264,42183702,0,1
2021-07-21,358.35,361.56,358.12,361.56,352.991390184044,30259860,0,1
2021-07-22,361.77,363.96,361.77,363.95,355.32474957817,30252240,0,1
2021-07-23,365.31,368.485,363.9157,368.2,359.474028835505,31960799,0,1
2021-07-26,367.49,368.89,366.601,368.49,359.757156126005,28438126,0,1
2021-07-27,368.22,368.22,360.16,364.43,355.793374058998,57933148,0,1
2021-07-28,365.6,367.45,363.24,365.83,357.160195461414,42066195,0,1
2021-07-29,365.25,367.6794,365.25,366.48,357.794791112536,23166574,0,1
2021-07-30,362.44,365.17,362.41,364.57,355.93005619924,36484649,0,1
2021-08-02,366.28,366.88,363.87,364.6,355.959345229291,27334097,0,1
2021-08-03,365.28,366.93,362,366.81,358.116970443106,35558511,0,1
2021-08-04,366.77,368.32,365.63,367.34,358.634409974021,29602236,0,1
2021-08-05,368.18,369.91,367.45,369.67,360.909191308042,21443925,0,1
2021-08-06,368.37,369.37,366.905,368.05,359.327583685246,33332107,0,1
2021-08-09,368.52,369.27,367.39,368.73,359.99146836642,25960245,0,1
2021-08-10,369.26,369.56,365.62,366.84,358.146259473158,35130796,0,1
2021-08-11,368.14,368.65,364.84,366.21,357.53118984207,34249812,0,1
2021-08-12,365.69,367.9,364.295,367.53,358.819907164349,26003877,0,1
2021-08-13,367.89,369.16,367.38,368.82,360.079335456575,19113595,0,1
2021-08-16,367.67,369.02,363.7,368.98,360.235543616851,35044107,0,1
2021-08-17,366.15,367.15,363.23,365.73,357.062565361242,44793902,0,1
2021-08-18,365.18,366.62,361.865,362.21,353.625985835166,38541940,0,1
2021-08-19,360.22,365.68,359.96,363.96,355.334512588187,48499368,0,1
2021-08-20,365.06,368.14,364.74,367.73,359.015167364694,39486034,0,1
2021-08-23,368.8,373.935,368.79,373.23,364.384822874187,34034744,0,1
2021-08-24,373.84,374.99,373.36,374.37,365.497806016154,21732913,0,1
2021-08-25,374.63,375.39,373.855,374.8,365.917615446896,20441880,0,1
2021-08-26,373.92,374.62,371.97,372.42,363.594019062789,29133325,0,1
2021-08-27,373.07,376.56,372.57,376.04,367.128228689037,27104749,0,1
2021-08-30,376.85,380.76,376.83,380.26,371.24821891632,27295665,0,1
2021-08-31,380.51,380.579,378.36,379.95,370.945565605785,29628175,0,1
2021-09-01,381.04,382.71,380.37,380.58,371.560635236873,28138311,0,1
2021-09-02,381.97,382.31,379.15,380.4,371.384901056562,25503535,0,1
2021-09-03,379.22,381.98,379.2003,381.57,372.527173228581,24624937,0,1
2021-09-07,381.68,382.778,380.4882,382.11,373.054375769513,23970203,0,1
2021-09-08,381.93,381.93,378.45,380.78,371.755895437218,32949159,0,1
2021-09-09,381.01,382.15,379.22,379.47,370.476941124957,29398978,0,1
2021-09-10,381.23,381.97,376.245,376.59,367.665194239986,40249405,0,1
2021-09-13,378.99,379.43,374.22,376.33,367.411355979537,48741781,0,1
2021-09-14,377.86,378.61,374.28,375.26,366.36671390769,41826624,0,1
2021-09-15,375.73,378.41,373.37,378.05,369.090593702506,34097865,0,1
2021-09-16,376.68,378.9,374.695,378.31,369.344431962955,35193083,0,1
2021-09-17,377.82,377.87,372.76,373.83,364.970603475222,60912267,0,1
2021-09-20,367.46,369.25,360.93,365.7,357.437377078814,76203202,0.4139,1
2021-09-21,367.58,368.81,364.99,366.15,357.877209782357,41927483,0,1
2021-09-22,367.09,371.07,365.9584,369.57,361.219938329279,46972920,0,1
2021-09-23,370.76,374.04,370.099,372.98,364.552892816123,44652002,0,1
2021-09-24,370.65,373.76,370.27,373.33,364.894984918878,36056800,0,1
2021-09-27,370.2,371.2516,367.73,370.35,361.98231501542,43338079,0,1
2021-09-28,365.67,370.302,359.35,359.87,351.73910005292,97701632,0,1
2021-09-29,361.17,363.37,358.635,359.28,351.162430508276,58076621,0,1
2021-09-30,360.97,362.68,357.1,357.96,349.872254577885,61384577,0,1
2021-10-01,358.6,361.25,354.38,360.18,352.042095915361,56375488,0,1
2021-10-04,358.52,358.86,350.32,352.62,344.652906495848,76766005,0,1
2021-10-05,353.71,359.69,353.48,357.38,349.305359093319,47232904,0,1
2021-10-06,354.08,359.95,353.15,359.67,351.543618851346,56806536,0,1
2021-10-07,362.8,365.69,362.25,362.97,354.769058677324,39411172,0,1
2021-10-08,364.08,364.3166,360.61,361.16,352.999953803075,41822309,0,1
2021-10-11,359.58,363.2,358.3,358.39,350.29253916127,34847182,0,1
2021-10-12,359.88,360.33,356.48,357.14,349.07078165143,43905101,0,1
2021-10-13,359.51,360.69,357.43,360,351.866162833944,40120795,0,1
2021-10-14,363.69,366.85,363.01,366.63,358.346364666135,43433867,0,1
2021-10-15,367.88,369.06,366.82,368.94,360.60417254432,40419878,0,1
2021-10-18,367.61,372.87,366.99,372.65,364.230348833525,34513514,0,1
2021-10-19,373.75,375.52,372.6974,375.47,366.986633775725,29090963,0,1
2021-10-20,375.94,376.565,373.46,374.98,366.507704831867,31390338,0,1
2021-10-21,374.16,377.47,373.85,377.27,368.745964589894,25469277,0,1
2021-10-22,375.98,376.97,372.385,374.1,365.64758754494,36275822,0,1
2021-10-25,375.56,378.87,373.56,377.93,369.39105255509,32597804,0,1
2021-10-26,380.23,382.71,377.905,379.12,370.554165704458,47191279,0,1
2021-10-27,379.58,383.15,379.31,380,371.414282991385,45760496,0,1
2021-10-28,381.95,384.48,381.155,384.22,375.538936344605,38007005,0,1
2021-10-29,381.06,386.28,380.7,386.11,377.386233699483,37310116,0,1
2021-11-01,386.56,387.56,384.42,387.43,378.676409629874,30483910,0,1
2021-11-02,386.8,389.54,386.75,389.05,380.259807362627,24161597,0,1
2021-11-03,389.55,393.61,388.48,393.18,384.296494175139,33748901,0,1
2021-11-04,394.48,399.2,393.92,398.22,389.222620454814,40265313,0,1
2021-11-05,400.04,400.99,397.16,398.6,389.594034737805,43383802,0,1
2021-11-08,398.57,399.62,397.4,398.06,389.066235493554,29256270,0,1
2021-11-09,399.16,399.57,393.92,395.32,386.388143031985,50119363,0,1
2021-11-10,392.47,395.36,387.53,389.51,380.709414126248,54937385,0,1
2021-11-11,392.57,392.75,390.24,390.59,381.76501261475,32242983,0,1
2021-11-12,391.77,395.25,390.13,394.7,385.782151307104,32532903,0,1
2021-11-15,395.91,396.24,392.095,394.61,385.694184766396,33716861,0,1
2021-11-16,393.86,397.93,393.66,397.42,388.440695648516,27872940,0,1
2021-11-17,397.75,399.7196,396.64,397.63,388.64595091017,28703263,0,1
2021-11-18,399.73,402.27,397.45,401.75,392.672863662602,45721515,0,1
2021-11-19,403.43,405.3,402.58,403.99,394.862253120236,45191721,0,1
2021-11-22,405.57,408.71,399.19,399.3,390.278218943316,61715370,0,1
2021-11-23,398.11,400.23,392.92,397.48,388.499340008989,70098736,0,1
2021-11-24,394.93,399.05,392.54,398.76,389.750419699065,46954382,0,1
2021-11-26,396.11,397.54,389.77,391.2,382.361230279552,51533314,0,1
2021-11-29,395.89,400.73,395.14,399.69,390.659407286386,54447106,0,1
2021-11-30,398.78,401.19,391.75,393.82,384.922034020177,81332693,0,1
2021-12-01,398.28,400.48,386.64,387.12,378.373413767434,78379245,0,1
2021-12-02,385.8,391.74,384.34,389.91,381.100376529397,84416623,0,1
2021-12-03,391.31,392.34,378.9,383.13,374.473563796025,105349104,0,1
2021-12-06,383.63,387.6,379.3,386.2,377.474200240192,67588801,0,1
2021-12-07,393.03,398.46,392.99,397.83,388.841432111744,56005264,0,1
2021-12-08,398.17,399.82,396.22,399.61,390.581214805756,39204041,0,1
2021-12-09,398.35,400.2,393.5299,393.73,384.834067479468,49973714,0,1
2021-12-10,396.62,398.28,393.36,398.01,389.017365193161,52545767,0,1
2021-12-13,398,398.325,391.88,392.26,383.397280647896,50166410,0,1
2021-12-14,387.3,390.09,383.63,388.2,379.429012255936,75199181,0,1
2021-12-15,387.94,397.4198,383.88,397.05,388.079055425604,73858028,0,1
2021-12-16,398.04,398.475,385.21,386.84,378.09974008523,82591368,0,1
2021-12-17,383.33,389.19,381.77,384.91,376.213346490037,81642848,0,1
2021-12-20,379.565,381.5,377.47,380.69,372.569000223145,65336827,0.4914,1
2021-12-21,384.05,389.53,380.201,389.21,380.907248881899,48899477,0,1
2021-12-22,388.91,394.16,388.23,393.95,385.546133699094,37042200,0,1
2021-12-23,394.31,398.425,394.14,396.92,388.452776717462,29595536,0,1
2021-12-27,398.25,403.48,398.2194,403.48,394.87283671763,32820705,0,1
2021-12-28,404.4,404.58,400.71,401.61,393.042728150509,33113728,0,1
2021-12-29,401.75,403.05,399.11,401.55,392.984008089532,32248484,0,1
2021-12-30,401.33,403.5699,399.75,400.35,391.809606869989,23850065,0,1
2021-12-31,399.66,401.0589,397.34,397.85,389.362937662608,33188225,0,1
2022-01-03,399.05,401.94,396.88,401.68,393.111234888316,40575854,0,1
2022-01-04,402.24,402.28,393.288,396.47,388.012376260134,58027206,0,1
2022-01-05,394.74,395.89,384.03,384.29,376.092203881774,75739847,0,1
2022-01-06,382.42,387.35,380.13,384.02,375.827963607376,70814324,0,1
2022-01-07,384.03,385.76,378.04,379.86,371.756706046295,72652304,0,1
2022-01-10,374.82,380.64,369.31,380.11,372.001372967033,91770497,0,1
2022-01-11,379.355,385.9899,377.2182,385.82,377.589565436691,67817036,0,1
2022-01-12,388.46,390.2,385.01,387.35,379.086926991608,54576366,0,1
2022-01-13,388.77,389.47,376.7,377.66,369.603637143799,77993962,0,1
2022-01-14,375.07,380.35,374.86,380.01,371.903506198737,80121210,0,1
2022-01-18,374.04,376.22,369.7704,370.55,362.645309918008,74312547,0,1
2022-01-19,372.15,374.69,366.21,366.48,358.662132448392,80204864,0,1
2022-01-20,369.79,373.87,361.17,361.72,354.003674277538,88610680,0,1
2022-01-21,359.47,362.18,351.4,351.69,344.187637417526,143388920,0,1
2022-01-24,345.905,353.98,334.15,353.3,345.763292387079,199448109,0,1
2022-01-25,346.67,351.0295,341.68,345.11,337.748004063699,124398394,0,1
2022-01-26,352.91,356.88,340.78,344.57,337.219523514905,146559524,0,1
2022-01-27,349.4,351.27,340.05,341.1,333.82354665506,95255656,0,1
2022-01-28,343.03,352.02,337.95,351.8,344.295290862651,108167897,0,1
2022-01-31,353.2,363.65,351.52,363.05,355.305302295865,94326389,0,1
2022-02-01,364.43,366.19,359.14,365.52,357.722611472757,74433023,0,1
2022-02-02,369.76,370.1,364.285,368.49,360.629254491126,78777135,0,1
2022-02-03,358.53,361.93,352.46,353.55,346.007959307817,95384771,0,1
2022-02-04,354.08,361.4,351.97,358.01,350.372817173785,86318301,0,1
2022-02-07,358.62,361.05,353.84,355.13,347.554254246882,58198087,0,1
2022-02-08,353.96,360.24,352.8,359.12,351.459138301862,64720897,0,1
2022-02-09,363.76,366.81,362.12,366.73,358.90679936913,55766422,0,1
2022-02-10,359.52,366.4885,356.54,358.43,350.783857600625,112468483,0,1
2022-02-11,358.43,360.07,345.8,347.06,339.656406045456,101569102,0,1
2022-02-14,346.49,350.98,343.89,347.49,340.077233149126,80254439,0,1
2022-02-15,352.91,356.37,351.82,356.13,348.532921929834,55390805,0,1
2022-02-16,353.82,357.0896,350.71,356.04,348.444841838369,58947086,0,1
2022-02-17,352.74,353.46,345.02,345.45,338.080751075903,61801353,0,1
2022-02-18,346.41,346.81,339.14,341.51,334.22480040507,80001513,0,1
2022-02-22,338.49,344.04,334.35,338.08,330.867970252544,84137644,0,1
2022-02-23,341.32,342.183,329.1,329.42,322.392708118176,86215371,0,1
2022-02-24,318.84,341.04,318.26,340.49,333.226559368459,130614053,0,1
2022-02-25,341.31,345.98,337.39,345.77,338.393924734448,78842088,0,1
2022-02-28,342.51,348.54,341.32,346.8,339.401952447889,77515544,0,1
2022-03-01,345.75,348.078,338.9,341.49,334.205227051411,67407000,0,1
2022-03-02,343.08,348.59,340.24,347.22,339.812992874729,70609015,0,1
2022-03-03,349.93,350.04,340.35,342.26,334.958801167285,71089385,0,1
2022-03-04,339.84,341.31,334.92,337.3,330.104609459841,77009763,0,1
2022-03-07,337.29,338.48,324.65,324.86,317.929983483913,89933794,0,1
2022-03-08,324.05,333.21,319.94,323.35,316.452195282655,116153921,0,1
2022-03-09,331.75,336.38,329.09,334.99,327.843887112221,64723366,0,1
2022-03-10,330.82,332.51,326.71,331.27,324.203243331638,69362714,0,1
2022-03-11,334.32,334.64,323.9,324.4,317.479796349755,66228432,0,1
2022-03-14,323.13,326.59,317.45,318.17,311.382696684962,79802606,0,1
2022-03-15,320.88,328.95,319.23,328.15,321.149800160826,76470991,0,1
2022-03-16,332.17,340.44,328.401,340.32,333.060185862357,105242954,0,1
2022-03-17,338.37,344.5,337.0406,344.44,337.092296716121,67809951,0,1
2022-03-18,342.74,351.79,341.55,351.49,343.991903880935,83047415,0,1
2022-03-21,350.2,352.48,345.575,350.08,343.036420835392,72751026,0.4337,1
2022-03-22,350.59,357.85,350.2,356.96,349.777995833528,62230899,0,1
2022-03-23,354.01,357.66,351.77,351.83,344.751210987534,70615457,0,1
2022-03-24,353.8,359.7,351.5939,359.65,352.413873267392,53555251,0,1
2022-03-25,359.59,360.67,354.9438,359.35,352.119909241311,57227368,0,1
2022-03-28,359.34,365.01,358.07,364.91,357.568042524688,56833866,0,1
2022-03-29,368.9,371.83,366.06,371.19,363.721689470662,68072955,0,1
2022-03-30,369.275,370.98,365.57,367.09,359.704181114214,68757710,0,1
2022-03-31,367.24,367.6,361.68,362.54,355.245726718644,67011405,0,1
2022-04-01,362.81,363.61,358.59,361.85,354.569609458657,54527761,0,1
2022-04-04,362.71,369.31,362.44,369.3,361.869716106348,45950171,0,1
2022-04-05,367.81,368.54,359.93,361.1,353.834699393453,61230958,0,1
2022-04-06,355.65,356.78,350.56,353.26,346.152439511856,90077072,0,1
2022-04-07,352.24,356.35,348.69,354.1,346.975538784884,63777373,0,1
2022-04-08,352.32,353.09,348.5,349.15,342.125132354539,61956094,0,1
2022-04-11,344.81,345.75,340.535,340.89,334.031322836428,66107401,0,1
2022-04-12,345.76,347.69,338.035,339.45,332.620295511237,72790215,0,1
2022-04-13,339.8,347.43,339.06,346.35,339.381468111112,61367755,0,1
2022-04-14,346.44,346.97,338.21,338.43,331.62081782256,73519367,0,1
2022-04-18,337.35,341.04,335.791,338.69,331.875586645164,58560555,0,1
2022-04-19,338.03,346.85,336.98,346.26,339.293278903287,56515684,0,1
2022-04-20,347.09,347.56,339.96,341.21,334.344884464249,64336557,0,1
2022-04-21,345.19,347.87,333.2,334.15,327.426931050464,75801008,0,1
2022-04-22,334.31,335.56,324.96,325.4,318.852980289753,82562145,0,1
2022-04-25,323.73,329.9,322.43,329.58,322.948879053155,101755856,0,1
2022-04-26,327.47,327.66,316.855,317.14,310.759170771641,100712246,0,1
2022-04-27,317.24,322.88,315,316.76,310.386816338605,111204164,0,1
2022-04-28,321.85,329.89,317.52,328.01,321.410467316662,99449957,0,1
2022-04-29,323.7,327.225,312.6,313.25,306.947437233451,91977859,0,1
2022-05-02,312.83,318.72,309.645,318.48,312.072210088139,115511770,0,1
2022-05-03,318.5,321.17,315.98,318.82,312.405369317698,78185527,0,1
2022-05-04,319.31,330.29,313.891,329.6,322.968476654894,114790439,0,1
2022-05-05,325.17,325.25,309.62,313,306.702467211717,154607447,0,1
2022-05-06,310.95,315.09,305.105,309.25,303.027916885698,139572805,0,1
2022-05-09,303.48,309.3487,295.72,297.15,291.171367833743,113387342,0,1
2022-05-10,304.51,305.76,296.57,300.76,294.708734947591,124124550,0,1
2022-05-11,298.44,304.09,290.95,291.84,285.9682045721,140326148,0,1
2022-05-12,287.45,295.75,284.94,291.15,285.292087312113,120910850,0,1
2022-05-13,295.72,302.999,294.0825,301.94,295.864993450178,83684931,0,1
2022-05-16,300.15,302.26,297.13,298.44,292.435413145894,59190432,0,1
2022-05-17,304.45,306.56,300.55,306.17,300.009886217927,62715293,0,1
2022-05-18,301.54,302.25,289.85,291.14,285.282288511243,79477109,0,1
2022-05-19,289.29,294.39,287.58,289.58,283.753675575619,79920709,0,1
2022-05-20,293.13,293.8,280.21,288.68,282.871783497375,91764174,0,1
2022-05-23,289.75,293.87,287.29,293.48,287.575207914679,63648400,0,1
2022-05-24,288.125,288.86,282.25,287.24,281.460756172184,73491124,0,1
2022-05-25,285.71,293.39,285.5,291.26,285.399874121676,67144548,0,1
2022-05-26,290.44,300.92,290.15,299.33,293.307506423269,59462231,0,1
2022-05-27,302.54,309.25,302.42,309.1,302.880934872657,66985596,0,1
2022-05-31,309.07,311.33,304.33,308.28,302.077433201367,60968330,0,1
2022-06-01,310.47,312.65,303.73,306,299.843306603148,65341653,0,1
2022-06-02,304.85,314.56,303.4001,314.38,308.054701731692,59291333,0,1
2022-06-03,309.03,310.47,304.92,306.2,300.039282620535,60914684,0,1
2022-06-06,310.75,312.35,305.62,307.22,301.038760309213,51785013,0,1
2022-06-07,303.81,310.67,302.6886,309.87,303.635442539599,44900292,0,1
2022-06-08,309.05,311.72,306.77,307.64,301.450309945727,38342062,0,1
2022-06-09,305.91,309.05,299.23,299.4,293.376098029354,55900475,0,1
2022-06-10,293.65,294.87,288.384,288.84,283.028564311285,85963456,0,1
2022-06-13,279.75,282.34,274.53,275.41,269.868774743702,94442009,0,1
2022-06-14,277.66,278.66,273.3375,275.91,270.358714787172,64697521,0,1
2022-06-15,279.415,286.83,276.61,282.8,277.110088586177,86051428,0,1
2022-06-16,275.59,276.06,269.28,271.39,265.92965679421,81910297,0,1
2022-06-17,272.18,277.19,270.5119,274.69,269.163261081107,82703402,0,1
2022-06-21,278.75,283.45,278.64,281.08,275.941483594494,51633741,0.5274,1
2022-06-22,278.52,285.18,277.91,280.67,275.538978940041,67472924,0,1
2022-06-23,283.21,285.72,280.31,284.85,279.642562978126,57457796,0,1
2022-06-24,287.74,295.04,287.5001,294.61,289.224137191454,58422262,0,1
2022-06-27,296,296.5799,291.29,292.45,287.103624865554,54151452,0,1
2022-06-28,293,295.65,283.35,283.54,278.356511521214,61867060,0,1
2022-06-29,283.4,285.34,280.84,283.8,278.611758375258,57302726,0,1
2022-06-30,280.75,283.9441,275.78,280.28,275.156108658976,79313580,0,1
2022-07-01,278.95,282.53,277.03,282.13,276.972288197363,56675107,0,1
2022-07-05,278.31,287.08,276.7501,286.96,281.713989370557,61829272,0,1
2022-07-06,287.35,290.95,285.59,288.8,283.52035172225,63194715,0,1
2022-07-07,289.63,295.7,289.63,294.98,289.587373099132,56620114,0,1
2022-07-08,292.08,296.75,291.12,295.35,289.950609006809,59895478,0,1
2022-07-11,292.88,293.11,288.14,289.04,283.755964202905,55273920,0,1
2022-07-12,290.32,292.28,284.61,286.24,281.00715192859,55797088,0,1
2022-07-13,280.6,288.05,280.02,285.65,280.427937913645,73939418,0,1
2022-07-14,282.99,287.56,279.8,286.67,281.429290956431,63741837,0,1
2022-07-15,289.73,291.98,288.08,291.87,286.534228037303,63818149,0,1
2022-07-18,294.72,296.16,288.2,289.4,284.109382923889,59519581,0,1
2022-07-19,293.11,298.6,291.47,298.3,292.846679081534,55172640,0,1
2022-07-20,298.73,304.24,297.9329,303.03,297.490208387789,67769430,0,1
2022-07-21,303.5,307.435,300.78,307.38,301.760684599672,55049363,0,1
2022-07-22,306.43,308.55,300.115,301.99,296.469220971614,57127715,0,1
2022-07-25,302.02,302.5,298.22,300.27,294.780664860249,40582381,0,1
2022-07-26,298.53,298.79,293.54,294.37,288.988524710799,50074122,0,1
2022-07-27,299.04,308.54,298.46,306.81,301.201104958115,69304364,0,1
2022-07-28,306.59,310.3965,302.745,309.81,304.14626096631,55139941,0,1
2022-07-29,311.385,316.39,309.931,315.46,309.69297144841,57501043,0,1
2022-08-01,313.65,318.81,312.53,315.27,309.506444901225,46358833,0,1
2022-08-02,312.92,318.545,311.8401,314.33,308.58362935199,48676501,0,1
2022-08-03,316.05,323.7291,315.99,322.89,316.98714116204,53735729,0,1
2022-08-04,322.97,324.72,320.77,324.4,318.469536352832,38973659,0,1
2022-08-05,319.19,323.83,318.39,321.75,315.867981878926,53893972,0,1
2022-08-08,322.69,326.47,319.21,320.71,314.846994462752,44066297,0,1
2022-08-09,318.77,319.03,315.42,317.08,311.283355692836,39764220,0,1
2022-08-10,324.59,326.23,322.0601,325.93,319.971565917011,51459564,0,1
2022-08-11,328.305,330.36,323.36,324.08,318.155386378624,45897650,0,1
2022-08-12,326.175,330.585,325.1001,330.39,324.350031182528,40928379,0,1
2022-08-15,329.42,333.5652,329.4,333.06,326.971220029822,38266614,0,1
2022-08-16,332.055,334.4209,329.16,332.28,326.205479467691,41186864,0,1
2022-08-17,329.07,331.43,326.36,328.49,322.484765710671,47842155,0,1
2022-08-18,328.44,330.49,326.79,329.28,323.260323459496,41937172,0,1
2022-08-19,326.17,326.84,322.08,322.86,316.957689601958,51770570,0,1
2022-08-22,318.5,318.74,313.53,314.36,308.613080912072,51098890,0,1
2022-08-23,314.12,317,313.33,314.1,308.357834058029,39497074,0,1
2022-08-24,313.61,316.87,312.99,315.01,309.251198047181,38057059,0,1
2022-08-25,316.83,320.6,315.7577,320.58,314.71937103573,38098255,0,1
2022-08-26,320.28,321.51,307.35,307.44,301.819587719835,69047740,0,1
2022-08-29,304.62,307.22,303.28,304.41,298.844980151558,47629824,0,1
2022-08-30,306.1,306.73,298.44,301.02,295.516953862298,51184500,0,1
2022-08-31,303.99,304.91,299.16,299.27,293.798946190851,50044041,0,1
2022-09-01,296.72,299.78,292.95,299.4,293.926569617873,57990745,0,1
2022-09-02,302.34,303.75,293.52,295.17,289.773899646317,64666839,0,1
2022-09-06,295.66,296.6,290.87,293.05,287.692656067193,55980010,0,1
2022-09-07,293.54,299.99,293.27,298.97,293.504430590031,49260381,0,1
2022-09-08,296.85,301.87,295.45,300.52,295.026094527599,55649821,0,1
2022-09-09,302.83,307.6,300.5209,307.09,301.475986185546,56125215,0,1
2022-09-12,308.5,311.08,308.18,310.74,305.05925932885,45905737,0,1
2022-09-13,301.8,303.02,292.785,293.7,288.330773202302,79562172,0,1
2022-09-14,294.865,296.93,293.06,296.03,290.618177702,54907198,0,1
2022-09-15,294.07,296.53,289.46,291.1,285.778304661866,65299411,0,1
2022-09-16,287.72,289.72,285.62,289.32,284.030845430337,79920391,0,1
2022-09-19,286.1,291.21,286.04,291.05,286.238298761599,52613831,0.5186,1
2022-09-20,288.49,291.07,286.38,288.73,283.956653500899,51271117,0,1
2022-09-21,289.59,293.95,283.42,283.56,278.872125053562,82930963,0,1
2022-09-22,282,283.03,278.815,280.07,275.439822484663,61442267,0,1
2022-09-23,277.55,277.85,272.02,275.51,270.955209386044,74815189,0,1
2022-09-26,275.03,279.49,273.56,274.37,269.83405611139,71176694,0,1
2022-09-27,277.81,280.21,272.11,274.48,269.942237567716,69780115,0,1
2022-09-28,274.46,281.25,272.945,279.94,275.311971672641,79652140,0,1
2022-09-29,275.86,276.25,268.84,271.87,267.375386649428,81215957,0,1
2022-09-30,271.03,275.19,267.1,267.26,262.84160016157,78482378,0,1
2022-10-03,269.07,275.16,267.53,273.53,269.007943172171,61267449,0,1
2022-10-04,278.99,282.85,278.99,282.13,277.465766121319,66696931,0,1
2022-10-05,278.28,283.81,275.42,281.98,277.318245953602,55766318,0,1
2022-10-06,280.96,284.18,279.43,279.76,275.13494747138,53489411,0,1
2022-10-07,275.02,275.15,267.74,269.1,264.651180885574,71354674,0,1
2022-10-10,269.3,269.7,263.64,266.41,262.005652544503,60392990,0,1
2022-10-11,264.7,267.63,261.03,262.75,258.406160452191,66522509,0,1
2022-10-12,263.4,265.36,261.95,262.66,258.31764835156,50580179,0,1
2022-10-13,255.16,270.17,254.26,268.82,264.375809905835,112894068,0,1
2022-10-14,271.2,271.81,260.14,260.74,256.429390204774,77244302,0,1
2022-10-17,266.84,270.24,266.74,269.35,264.89704783177,64576452,0,1
2022-10-18,276.53,277.21,268.74,271.48,266.991834213362,69780995,0,1
2022-10-19,269.93,273.68,268.07,270.49,266.018201106425,53115405,0,1
2022-10-20,269.58,274.84,267.92,269.11,264.661015563422,60605496,0,1
2022-10-21,267.98,275.969,266.8236,275.42,270.866697285414,77897694,0,1
2022-10-24,275.69,279.4,271.97,278.45,273.846604673312,63963569,0,1
2022-10-25,279.41,284.6,277.9,284.21,279.511379113672,59014494,0,1
2022-10-26,278.46,283.98,277.43,277.93,273.335201425223,63898246,0,1
2022-10-27,276.79,278.2795,272.34,272.87,268.358854434213,57760302,0,1
2022-10-28,272.23,281.698,272.06,281.22,276.570810437165,62651312,0,1
2022-10-31,278.92,279.76,275.99,277.95,273.354870780919,47741952,0,1
2022-11-01,281.495,282.07,274.74,275.11,270.561822272131,45895897,0,1
2022-11-02,275.08,278.21,265.61,265.68,261.28772106161,79803142,0,1
2022-11-03,263.01,264.5,260.1,260.49,256.183523258578,70038903,0,1
2022-11-04,265.53,266.61,259.08,264.68,260.304253276826,78313213,0,1
2022-11-07,265.75,268.14,263.57,267.59,263.166144530549,47333828,0,1
2022-11-08,269.14,272.85,265.52,269.54,265.08390671088,63213785,0,1
2022-11-09,267.76,268.56,263.03,263.32,258.966737089518,64862129,0,1
2022-11-10,276.01,283.05,273.85,282.75,278.075516147886,99256693,0,1
2022-11-11,282.56,288.64,281.19,287.96,283.199383306614,66961751,0,1
2022-11-14,285.86,289.215,284.44,285.44,280.721044488957,55080048,0,1
2022-11-15,292.21,293.26,285.97,289.39,284.605742238857,73985372,0,1
2022-11-16,287.39,289.4838,284.6,285.44,280.721044488957,48859804,0,1
2022-11-17,280.88,286.3189,280.72,284.81,280.101459784543,55462076,0,1
2022-11-18,287.89,287.99,282.3211,284.82,280.11129446239,53588631,0,1
2022-11-21,283.4,284.58,281.04,281.89,277.229733852971,40083527,0,1
2022-11-22,282.64,286.11,280.46,285.95,281.222613059197,41873444,0,1
2022-11-23,285.97,289.46,285.79,288.82,284.045165601529,46389967,0,1
2022-11-25,287.19,287.91,286.42,286.92,282.176576810438,15498797,0,1
2022-11-28,284.9,286.96,281.76,282.71,278.036177436495,38877045,0,1
2022-11-29,282.94,283.35,279.17,280.57,275.931556377055,35618878,0,1
2022-11-30,280.84,293.47,279.97,293.36,288.510109344452,74718088,0,1
2022-12-01,293.69,295.75,290.88,293.72,288.864157746975,51547332,0,1
2022-12-02,288.54,293.45,288.36,292.55,287.713500438776,53583172,0,1
2022-12-05,290.38,291.68,286.15,287.64,282.884673615483,41482121,0,1
2022-12-06,287.48,287.62,280.255,281.68,277.023205618166,53937605,0,1
2022-12-07,280.47,282.57,278.7801,280.53,275.892217665664,45614254,0,1
2022-12-08,281.91,284.84,279.79,283.85,279.157330711149,42594913,0,1
2022-12-09,282.81,285.64,281.59,282.04,277.377254020689,47860487,0,1
2022-12-12,282.22,285.64,281.16,285.58,280.858729978827,35732518,0,1
2022-12-13,296.65,296.875,285.91,288.65,283.877976078116,80667675,0,1
2022-12-14,288.05,291.41,283.19,286.51,281.773355018677,64984432,0,1
2022-12-15,282.33,283.01,275.67,276.89,272.312394929047,60554119,0,1
2022-12-16,276.2,277.77,272.61,274.25,269.716039977216,68300351,0,1
2022-12-19,273.87,273.96,268.49,269.75,265.93500956651,44167920,0.6554,1
2022-12-20,268.56,271.32,266.95,269.54,265.727979531259,51064199,0,1
2022-12-21,270.6,274.78,269.74,273.45,269.582681616171,46394694,0,1
2022-12-22,270.38,270.5149,262.455,266.76,262.98729620746,60278377,0,1
2022-12-23,265.47,268.04,263.53,267.36,263.578810593891,39373584,0,1
2022-12-27,266.74,266.85,263.03,263.58,259.852269959372,38009005,0,1
2022-12-28,263.17,265.47,259.73,260.1,256.42148651807,47139043,0,1
2022-12-29,262.96,267.405,262.25,266.44,262.671821868029,45893567,0,1
2022-12-30,263.62,266.41,262.29,266.28,262.514084698314,37858277,0,1
2023-01-03,268.65,270.155,262.13,264.48,260.73954153902,42335325,0,1
2023-01-04,266.64,267.45,262.53,265.74,261.981721750526,47754861,0,1
2023-01-05,264.04,264.21,261.26,261.58,257.880555337934,45396744,0,1
2023-01-06,263.35,269.94,260.34,268.8,264.998445121327,54659739,0,1
2023-01-09,270.83,275.29,269.92,270.54,266.713836841978,45568676,0,1
2023-01-10,269.49,272.94,268.97,272.83,268.971450083525,35247763,0,1
2023-01-11,273.92,277.66,273.12,277.55,273.62469659012,44077036,0,1
2023-01-12,278.12,280.1,273.74,279.05,275.103482556199,60599953,0,1
2023-01-13,276.5,281.219,276.16,280.97,276.99632859278,44802936,0,1
2023-01-17,280.77,282.85,279.581,281.54,277.55826725989,36269738,0,1
2023-01-18,283.11,284.69,277.67,277.88,273.950029502657,47754549,0,1
2023-01-19,276.22,277.375,273.89,275.15,271.258639044394,44150436,0,1
2023-01-20,276.79,283.02,275.71,282.68,278.68214459411,60613606,0,1
2023-01-23,283.54,290.21,282.73,288.96,284.873328505426,52799905,0,1
2023-01-24,287.31,289.55,286.78,288.37,284.291672692102,44875146,0,1
2023-01-25,283.77,288.36,281.18,287.73,283.660724013242,50872022,0,1
2023-01-26,291.22,293.52,288.519,293.34,289.191383526377,51596335,0,1
2023-01-27,292,298.26,291.88,296.26,292.070086873677,56441939,0,1
2023-01-30,292.93,294.38,289.89,290.27,286.164801582468,49405833,0,1
2023-01-31,290.31,294.72,290.2,294.62,290.453280884097,46705106,0,1
2023-02-01,294.41,303.43,292.3,300.92,296.664181941628,67562173,0,1
2023-02-02,307.57,313.68,306.73,311.72,307.311440897396,83070628,0,1
2023-02-03,304.94,312.39,304.54,306.18,301.849791396011,76170804,0,1
2023-02-06,303.51,305.91,302.22,303.59,299.296420961248,40802348,0,1
2023-02-07,303.46,311.03,302.32,309.88,305.497463445672,67583981,0,1
2023-02-08,308.54,309.5,303.67,304.37,300.06538966361,56720860,0,1
2023-02-09,308.84,308.99,300.2,301.68,297.413433497775,49137818,0,1
2023-02-10,299.48,301.57,297.25,299.7,295.461436022551,50050104,0,1
2023-02-13,301.13,305.1,299.93,304.5,300.193551114003,39636720,0,1
2023-02-14,302.89,307.72,300.91,306.75,302.411730063121,64079057,0,1
2023-02-15,304.9,309.27,304.2,309.1,304.728494743311,43427298,0,1
2023-02-16,304.38,308.43,303.15,303.3,299.01052234114,59498630,0,1
2023-02-17,301.07,301.93,298.1,301.16,296.900787696201,58230729,0,1
2023-02-21,297.26,298.73,293.89,294.03,289.871625070773,46526708,0,1
2023-02-22,294.62,296.3599,292.56,294.25,290.088513679131,51389237,0,1
2023-02-23,297.97,298.13,292.55,296.82,292.622166967679,69294443,0,1
2023-02-24,291.76,292.97,290.05,291.85,287.722456133405,74331958,0,1
2023-02-27,295.07,296.49,293.34,293.94,289.782897912808,48995009,0,1
2023-02-28,293.3,296.124,292.96,293.56,289.408272134735,48243141,0,1
2023-03-01,293.26,293.93,290.2,291.2,287.081648881437,58286972,0,1
2023-03-02,288.66,294.43,288.37,293.61,289.457565000271,53738557,0,1
2023-03-03,295.39,299.92,294.87,299.68,295.441718876336,60511540,0,1
2023-03-06,300.94,304,299.82,300.02,295.776910361981,56736294,0,1
2023-03-07,300.07,301.01,295.72,296.34,292.148955458534,65955756,0,1
2023-03-08,296.77,298.43,294.88,297.82,293.608024278399,50876265,0,1
2023-03-09,298.33,300.98,291.8299,292.66,288.521000555087,71456691,0,1
2023-03-10,292.83,294.35,287.38,288.55,284.469127008031,98593561,0,1
2023-03-13,286.73,294.47,285.19,290.69,286.578861652971,97123603,0,1
2023-03-14,294.31,297.93,293.45,297.37,293.164388488575,73602545,0,1
2023-03-15,294.71,299.27,293.24,298.93,294.702325893297,83631535,0,1
2023-03-16,298,307.18,297.19,306.81,302.470881501764,98556824,0,1
2023-03-17,306.72,309.15,303.37,305.36,301.041388401222,89923732,0,1
2023-03-20,304.26,306.3,302.01,305.97,302.108312758601,56359491,0.4722,1
2023-03-21,307.94,310.8,306.395,310.34,306.42315841914,49757048,0,1
2023-03-22,310.27,315.25,305.95,306.12,302.256419589055,75791914,0,1
2023-03-23,309.92,314.15,307.01,309.75,305.840604886024,74575981,0,1
2023-03-24,309.32,310.99,306.95,310.89,306.966216797469,57245803,0,1
2023-03-27,311.6,312.7,307.89,308.76,304.863099805032,50287407,0,1
2023-03-28,308.17,308.2,304.774,307.12,303.243798458743,48585917,0,1
2023-03-29,310.88,313.35,310.05,312.72,308.773120128999,53274266,0,1
2023-03-30,315.24,316.32,312.8088,315.68,311.695761583277,58354808,0,1
2023-03-31,315.91,321.17,315.6,320.93,316.879500649142,62138097,0,1
2023-04-03,318.77,320.42,317.4201,320.15,316.109345130785,47126839,0,1
2023-04-04,320.6,321.63,317.8251,319.07,315.042975951521,45875384,0,1
2023-04-05,318.1,319.06,314.07,315.92,311.932732512002,62795706,0,1
2023-04-06,314.24,318.55,312.82,318.05,314.035849504439,46916496,0,1
2023-04-10,315.07,317.92,313.25,317.87,313.858121307895,45134736,0,1
2023-04-11,317.83,317.89,315.31,315.83,311.84386841373,40113594,0,1
2023-04-12,317.82,318.42,312.565,313.04,309.089081367299,62813305,0,1
2023-04-13,314.83,319.65,313.63,319.17,315.14171383849,54613792,0,1
2023-04-14,317.59,320.36,315.61,318.57,314.549286516677,56278284,0,1
2023-04-17,318.15,319.1999,316.04,318.84,314.815878811493,42546361,0,1
2023-04-18,320.99,321.42,317.64,318.86,314.835626388886,46746940,0,1
2023-04-19,316.41,319.79,316.28,318.71,314.687519558433,38960127,0,1
2023-04-20,315.69,319.27,314.97,316.28,312.28818890509,62462142,0,1
2023-04-21,315.91,317.4,314.1,316.61,312.614023932087,59002285,0,1
2023-04-24,316.38,317.7391,313.74,315.95,311.962353878093,44043063,0,1
2023-04-25,314.29,314.97,309.89,309.99,306.077575814749,57121644,0,1
2023-04-26,313.44,314.935,311.34,311.87,307.933848089764,53431194,0,1
2023-04-27,315.7,320.86,315.05,320.35,316.306820904722,65430392,0,1
2023-04-28,320.11,322.65,318.96,322.56,318.488928206734,59712635,0,1
2023-05-01,322.09,323.63,321.09,322.19,318.123598024949,41013386,0,1
2023-05-02,322.12,322.45,317.61,319.38,315.349063401125,56519407,0,1
2023-05-03,319.75,322.47,317.18,317.29,313.285441563476,59882070,0,1
2023-05-04,317.06,318.23,315.115,316.17,312.179577229424,50224520,0,1
2023-05-05,318.47,323.76,316.2116,322.89,318.814763233731,51806098,0,1
2023-05-08,322.42,324.04,321.315,323.69,319.604666329482,36465796,0,1
2023-05-09,322,322.88,321.32,321.64,317.580539646621,31768800,0,1
2023-05-10,324.12,326.01,321.6,325.14,321.03636569053,60446623,0,1
2023-05-11,325.7,326.75,324.12,326.2,322.0829872924,44278548,0,1
2023-05-12,326.74,327.17,322.94,325.03,320.927754014865,48432836,0,1
2023-05-15,325.51,327.03,323.96,326.79,322.665540825517,33375559,0,1
2023-05-16,326.06,328.9025,326.02,327.16,323.030871007301,40019151,0,1
2023-05-17,328.24,331.71,327.04,331.12,326.940891331268,47486124,0,1
2023-05-18,331.52,337.49,331.5,337.27,333.013271379852,64213466,0,1
2023-05-19,337.49,338.205,335.43,336.51,332.262863438889,61554926,0,1
2023-05-22,336.25,338.67,336.24,337.64,333.378601561637,43015948,0,1
2023-05-23,335.89,337.06,333,333.36,329.15261999937,48216663,0,1
2023-05-24,331.37,332.905,329.56,331.65,327.464202132203,62891169,0,1
2023-05-25,339.14,341.01,336.665,339.72,335.432349610589,66862773,0,1
2023-05-26,340.76,349.245,340.66,348.4,344.002798199486,63006952,0,1
2023-05-30,352.71,353.93,348.53,349.98,345.562856813594,72652156,0,1
2023-05-31,348.37,350.6,346.51,347.99,343.597972862914,64205020,0,1
2023-06-01,347.73,353.36,346.66,352.01,347.567235919061,50488601,0,1
2023-06-02,353.8,355.83,352.01,354.65,350.173916135039,53372113,0,1
2023-06-05,354.43,357.495,353.85,354.9,350.420760852461,47266228,0,1
2023-06-06,354.28,355.82,352.93,354.84,350.36151812028,41390400,0,1
2023-06-07,355.13,357.12,348.18,348.82,344.417497324755,69225936,0,1
2023-06-08,349.12,353.62,348.89,353.15,348.692847830506,47153922,0,1
2023-06-09,354.63,357.66,353.03,354.5,350.025809304586,53196927,0,1
2023-06-12,356.19,360.59,355.2,360.49,355.94020873402,44817646,0,1
2023-06-13,363.29,364.11,360.03,363.26,358.675248203057,57097804,0,1
2023-06-14,363.27,366.19,360.42,365.9,361.281928419035,69525642,0,1
2023-06-15,364.61,371.77,363.98,370.26,365.586900290877,71138823,0,1
2023-06-16,372.72,372.85,367.48,367.93,363.286307524503,80931971,0,1
2023-06-20,365.95,368.32,363.8899,366.9,362.766896870103,49204722,0.504,1
2023-06-21,365.74,366.18,360.96,361.9,357.823221524367,53378256,0,1
2023-06-22,360.63,366.33,360.22,366.17,362.045120269626,47603043,0,1
2023-06-23,362.21,364.88,360.8227,362.54,358.456011968622,48922911,0,1
2023-06-26,362,364.84,357.59,357.68,353.650759532566,52685478,0,1
2023-06-27,359.25,364.57,358.51,363.83,359.731480207821,49428091,0,1
2023-06-28,361.98,366.52,361.9038,364.54,360.433482106916,46498031,0,1
2023-06-29,364.24,364.89,362.14,363.81,359.711705506438,46150967,0,1
2023-06-30,367.55,370.49,367.23,369.42,365.258509244354,58712501,0,1
2023-07-03,370.07,370.93,368.97,370.29,366.118708754512,19432862,0,1
2023-07-05,368.695,372.01,368.66,370.28,366.108821403821,34460883,0,1
2023-07-06,366.51,367.91,364.52,367.46,363.320588508826,49374728,0,1
2023-07-07,367.23,370.48,366.01,366.24,362.114331724466,47133749,0,1
2023-07-10,365.96,367.05,363.41,366.36,362.232979932764,48498800,0,1
2023-07-11,366.79,368.632,364.62,368.17,364.02259040792,38214146,0,1
2023-07-12,372.34,374.19,370.3,372.82,368.620208479455,61703696,0,1
2023-07-13,376.05,379.99,375.46,379.15,374.878901467156,46960012,0,1
2023-07-14,379.585,382.86,378.18,379.07,374.799802661624,55148500,0,1
2023-07-17,379.8,383.5,379.31,382.61,378.299924806406,40868915,0,1
2023-07-18,381.96,387.13,380,385.74,381.394665572836,55343438,0,1
2023-07-19,386.82,387.98,384.3,385.65,381.305679416613,54092958,0,1
2023-07-20,382.61,384.095,375.72,376.76,372.515824651894,71941674,0,1
2023-07-21,379.18,379.92,375.191,375.63,371.398554023758,60499643,0,1
2023-07-24,376.62,377.58,374.34,376.23,371.991795065246,40380056,0,1
2023-07-25,376.95,380.47,376.93,378.78,374.513069491572,38894384,0,1
2023-07-26,377.72,379.24,375.18,377.52,373.267263304446,47075710,0,1
2023-07-27,383.07,384.71,375.31,376.62,372.377401742214,63940225,0,1
2023-07-28,380.74,384.52,380.22,383.48,379.160124316564,56902926,0,1
2023-07-31,383.79,384.88,382.34,383.68,379.357871330393,44019905,0,1
2023-08-01,382.31,383.56,380.69,382.79,378.477897118852,41308457,0,1
2023-08-02,379.26,379.26,373.13,374.39,370.172522538016,72687107,0,1
2023-08-03,371.94,375.95,371.77,373.79,369.579281496527,47855381,0,1
2023-08-04,375.75,378.1,371.53,372.04,367.84899512552,61702759,0,1
2023-08-07,373.88,375.29,371.51,375.19,370.963510593333,37230444,0,1
2023-08-08,372.64,372.66,368.82,372,367.809445722754,44726453,0,1
2023-08-09,372.29,372.45,367.14,367.91,363.765519289942,51150900,0,1
2023-08-10,370.97,374.36,367.035,368.59,364.437859136962,72035265,0,1
2023-08-11,365.99,368,364.69,366.24,362.114331724466,48707187,0,1
2023-08-14,365.43,370.47,364.7,370.35,366.178032858661,42130802,0,1
2023-08-15,369.36,370.169,365.74,366.42,362.292304036913,45539891,0,1
2023-08-16,365.87,367.43,362.44,362.54,358.456011968622,53190525,0,1
2023-08-17,363.96,364.31,358.16,358.58,354.540621094799,62604338,0,1
2023-08-18,355.26,359.41,354.71,358.13,354.095690313682,61191389,0,1
2023-08-21,359.62,364.59,359.15,363.9,359.800691662662,50696518,0,1
2023-08-22,366.55,366.56,362.68,363.38,359.286549426705,44613509,0,1
2023-08-23,364.58,370.22,364.36,369.11,364.952001372919,51770603,0,1
2023-08-24,372.64,372.74,361.01,361.22,357.150881677347,66842491,0,1
2023-08-25,362.07,365.74,358.58,364.02,359.919339870959,69960465,0,1
2023-08-28,366.99,367.71,364.25,366.76,362.628473960423,40910019,0,1
2023-08-29,366.56,375.13,366.231,374.77,370.548241864292,58492371,0,1
2023-08-30,374.88,377.4467,373.86,376.86,372.614698158809,41731511,0,1
2023-08-31,376.94,379.719,376.87,377.99,373.731968786946,35730701,0,1
2023-09-01,380.4,380.83,376.0801,377.59,373.336474759287,39801177,0,1
2023-09-05,376.77,379.3093,375.83,378.07,373.811067592477,32344222,0,1
2023-09-06,377.28,377.63,372.7,374.74,370.518579812217,42998735,0,1
2023-09-07,370.21,372.85,369.15,372.06,367.868769826903,52060716,0,1
2023-09-08,372.01,374.85,371.6,372.58,368.382912062859,35847359,0,1
2023-09-11,375.66,377.49,373.66,376.97,372.723459016415,39936634,0,1
2023-09-12,375.27,376.9517,372.5,372.79,368.59054642738,41391024,0,1
2023-09-13,373.03,375.84,371.88,374.21,369.994550225569,46300677,0,1
2023-09-14,375.99,378.27,373.89,377.27,373.02007953716,48039388,0,1
2023-09-15,375.91,376.32,369.86,370.81,366.632850990469,69811206,0,1
2023-09-18,369.32,371.79,369.03,370.66,367.017320622107,36903545,0.5389,1
2023-09-19,369.32,370.6826,366.8,369.87,366.235084385956,37621734,0,1
2023-09-20,370.95,371.31,364.46,364.54,360.957465223069,45514189,0,1
2023-09-21,360.8,361.6,357.69,357.86,354.34311325157,69734845,0,1
2023-09-22,359.63,361.8,357.59,357.91,354.392621874112,51589689,0,1
2023-09-25,356.93,359.7,355.93,359.61,356.075915040511,39167985,0,1
2023-09-26,356.99,357.54,353.2101,354.21,350.728983806066,53657748,0,1
2023-09-27,355.38,356.98,351.36,355.04,351.550826940249,56065972,0,1
2023-09-28,354.11,360.17,353.24,358.01,354.491639119194,56453312,0,1
2023-09-29,361.54,362.95,357.02,358.27,354.749083956408,64829616,0,1
2023-10-02,358.54,362.68,357.92,361.26,357.709699584369,51625054,0,1
2023-10-03,358.78,361.01,353.275,354.92,351.43200624615,60478489,0,1
2023-10-04,355.77,360.61,355.3,359.75,356.214539183626,54786686,0,1
2023-10-05,359.74,360.15,355.14,358.69,355.164956385754,45897390,0,1
2023-10-06,355.65,365.91,354.85,364.7,361.115892815201,75049119,0,1
2023-10-09,362.3,367.11,360.78,366.56,362.957613573732,45304766,0,1
2023-10-10,366.9,371.28,366.39,368.59,364.967663648903,46968806,0,1
2023-10-11,369.94,371.412,368.19,371.22,367.571817194568,38215088,0,1
2023-10-12,371.73,373.74,367.5,369.93,366.294494733006,49587942,0,1
2023-10-13,370.57,371.16,363.86,365.28,361.690192836678,52519876,0,1
2023-10-16,366.62,370.48,366.47,369.41,365.779605058578,44201059,0,1
2023-10-17,365.81,369.92,363.66,368.2,364.581496393082,50999102,0,1
2023-10-18,365.67,367.91,362.02,363.37,359.798963455606,54280490,0,1
2023-10-19,364.81,366.02,359.16,359.97,356.432377122807,72274238,0,1
2023-10-20,359.46,360.04,354.37,354.6,351.115151061887,72559723,0,1
2023-10-23,353.26,359.26,351.1199,355.67,352.174635584268,60665185,0,1
2023-10-24,357.51,359.91,355.79,359.13,355.600632264116,47082078,0,1
2023-10-25,356.7,356.88,349.75,350.34,346.89701642138,71190536,0,1
2023-10-26,349.12,350.07,342.35,343.66,340.282664449882,78621425,0,1
2023-10-27,346.43,348.84,344.08,345.31,341.91644899374,63476707,0,1
2023-10-30,347.83,350.54,346.45,349.2,345.768219827442,55298536,0,1
2023-10-31,349.23,351.25,346.62,350.87,347.421807820317,47671906,0,1
2023-11-01,351.72,357.5298,351.62,356.96,353.45195804583,58992666,0,1
2023-11-02,361.54,363.68,360.3,363.44,359.868275527164,58162442,0,1
2023-11-03,364.75,369.02,364.52,367.71,364.096311892178,53280457,0,1
2023-11-06,368.49,369.78,366.91,369.21,365.581570568413,38848743,0,1
2023-11-07,370.27,373.58,369.045,372.7,369.037272421786,50777398,0,1
2023-11-08,373.08,373.79,370.62,372.94,369.274913809983,35663373,0,1
2023-11-09,373.64,374.8,369.57,370.07,366.433118876121,53859421,0,1
2023-11-10,371.82,378.54,371.28,378.39,374.67135366697,58368439,0,1
2023-11-13,376.79,378.28,375.24,377.21,373.502950174998,40733505,0,1
2023-11-14,383.71,386.26,383.18,385.33,381.543150475682,67792634,0,1
2023-11-15,387.25,387.75,384.235,385.62,381.830300486421,54141385,0,1
2023-11-16,384.84,386.19,383.56,385.95,382.157057395193,45343544,0,1
2023-11-17,385.21,387.07,384.29,386.04,382.246172915767,46622745,0,1
2023-11-20,386.05,391.41,386.05,390.74,386.899983434635,44536669,0,1
2023-11-21,389.01,389.23,386.7,388.47,384.652291971267,43336989,0,1
2023-11-22,390.57,393.07,389.04,390.06,386.226666168076,44178572,0,1
2023-11-24,389.65,390.25,388.5,389.51,385.682071320123,15718832,0,1
2023-11-27,389.01,391.1499,388.28,389.17,385.345412686843,34139656,0,1
2023-11-28,388.41,390.78,388.05,390.19,386.355388586683,35491123,0,1
2023-11-29,392.69,394.14,389.46,389.81,385.97912305537,38811745,0,1
2023-11-30,390.08,390.55,385.82,388.83,385.008754053563,52834381,0,1
2023-12-01,387.75,390.54,386.0726,389.94,386.107845473977,40490068,0,1
2023-12-04,386.09,386.595,382.66,386.32,382.523421201997,51186944,0,1
2023-12-05,384.39,388.5,384.21,387.29,383.483888479296,42932956,0,1
2023-12-06,390.27,390.37,384.7,385.05,381.265902189452,41522328,0,1
2023-12-07,388.07,391.27,386.96,390.43,386.59302997488,49593545,0,1
2023-12-08,388.67,392.62,388.4801,392.17,388.315930039312,46687525,0,1
2023-12-11,391.74,395.79,391.53,395.52,391.63300774957,41198021,0,1
2023-12-12,395.56,398.79,394.41,398.67,394.752050969663,39221152,0,1
2023-12-13,399.62,404.36,398.8399,403.74,399.772225295336,55408129,0,1
2023-12-14,404.98,406.3,400.34,403.39,399.425664937548,55447808,0,1
2023-12-15,404.18,406.5399,403.57,405.34,401.356501216653,62896645,0,1
2023-12-18,404.93,407.99,404.6,407.08,403.879718066188,46609985,0.8083,1
2023-12-19,407.54,409.28,407.345,409.16,405.943366031152,35042759,0,1
2023-12-20,408.35,410.4699,402.9,403.08,399.91116428741,54042443,0,1
2023-12-21,407.06,408.14,404.47,407.77,404.564293593027,45568914,0,1
2023-12-22,409,409.97,406.4787,408.38,405.169498044291,34314003,0,1
2023-12-26,409.25,411.56,409.15,410.88,407.649844156027,22722545,0,1
2023-12-27,410.95,411.7875,410.08,411.5,408.47911315364,31833002,0.2158,1
2023-12-28,412.67,412.92,410.94,411.3,408.2805813854,27029152,0,1
2023-12-29,411.28,411.64,407.58,409.52,406.513648648065,42662120,0,1
2024-01-02,405.84,406.09,400.24,402.59,399.634522878551,58026946,0,1
2024-01-03,399.93,401,397.89,398.33,395.405796215041,47002803,0,1
2024-01-04,396.44,399.59,396.06,396.28,393.370845590582,39432797,0,1
2024-01-05,396.45,399.56,395.34,396.75,393.837395245946,44742783,0,1
2024-01-08,397.99,405.24,397.8399,404.95,401.977197743782,42473796,0,1
2024-01-09,401.91,406.69,401.71,405.75,402.771324816742,39132860,0,1
2024-01-10,406.07,409.515,405.17,408.5,405.501136630041,33962774,0,1
2024-01-11,409.79,411.2004,404.242,409.35,406.344896645061,54536198,0,1
2024-01-12,410.4,411.25,408.15,409.56,406.553355001713,39594952,0,1
2024-01-16,408.31,411.12,406.83,409.52,406.513648648065,43903027,0,1
2024-01-17,406.17,407.585,402.92,407.21,404.220606724894,54385974,0,1
2024-01-18,410.52,413.575,409.1601,412.99,409.958174827027,59562505,0,1
2024-01-19,415.22,421.34,414.625,421.18,418.088050736452,70325123,0,1
2024-01-22,423.41,424.7275,421.12,421.73,418.634013099112,44880639,0,1
2024-01-23,422.43,423.7,420.57,423.48,420.371166071211,33003806,0,1
2024-01-24,427.44,429.85,425.33,425.83,422.70391434803,46454185,0,1
2024-01-25,428.36,429.04,423.98,426.35,423.220096945454,44367205,0,1
2024-01-26,424.44,426.21,423.15,423.81,420.698743488807,37137028,0,1
2024-01-29,424.27,428.35,423.61,428.15,425.006882859613,38694724,0,1
2024-01-30,427.1,427.68,424.38,425.3,422.177805162195,36738956,0,1
2024-01-31,420.85,422.8699,416.79,416.97,413.908957015002,64010649,0,1
2024-02-01,418.79,422.375,417.81,421.88,418.782911925292,51008622,0,1
2024-02-02,423.8,430.24,422.79,429.01,425.860569463045,59602435,0,1
2024-02-05,429.07,429.61,425,428.45,425.304680511973,39889209,0,1
2024-02-06,429.61,430.22,425.22,427.59,424.450993908542,35846134,0,1
2024-02-07,430.41,432.83,429.09,431.99,428.81869280982,37712661,0,1
2024-02-08,432.11,433.56,431.42,432.79,429.61281988278,29889892,0,1
2024-02-09,433.94,437.845,433.1401,437.05,433.84154654629,36943905,0,1
2024-02-12,436.94,439.14,434.65,435.34,432.144099927839,33203305,0,1
2024-02-13,427.28,431.27,425.3305,428.55,425.403946396093,64491669,0,1
2024-02-14,431.26,433.65,428.8799,433.22,430.039663184496,45092722,0,1
2024-02-15,433.92,434.98,431.33,434.51,431.320193089643,38796137,0,1
2024-02-16,434.89,434.99,429.85,430.57,427.409117255317,53716475,0,1
2024-02-20,428.55,430.08,423.5,427.32,424.182976021418,53999452,0,1
2024-02-21,424.55,425.7,421.63,425.61,422.485529402967,50179697,0,1
2024-02-22,434.49,439.12,433.71,438.07,434.854058564314,53887751,0,1
2024-02-23,439.65,440.59,435.79,436.78,433.573528659166,39853861,0,1
2024-02-26,437.6,438.6,436.355,436.55,433.34521712569,33043238,0,1
2024-02-27,437.67,437.99,435.025,437.6,434.38750890895,33713220,0,1
2024-02-28,435.43,436.67,434.3,435.27,432.074613808955,32938821,0,1
2024-02-29,438.23,440.09,435.02,439,435.777231286629,42495152,0,1
2024-03-01,439.9,446.58,439.84,445.61,442.338706226959,43853029,0,1
2024-03-04,445.61,446.04,443.77,444.02,440.760378669451,34325687,0,1
2024-03-05,440.94,440.95,433.65,436.05,432.84888770509,57917135,0,1
2024-03-06,440.32,441.99,436.89,438.79,435.568772929977,46234460,0,1
2024-03-07,442.42,446.72,440.86,445.45,442.179880812367,44526666,0,1
2024-03-08,445.81,448.64,438.34,439.02,435.797084463453,72095957,0,1
2024-03-11,437.51,438.66,435.44,437.39,434.179050552298,45587719,0,1
2024-03-12,439.73,444.02,436.46,443.66,440.403021486619,54807079,0,1
2024-03-13,442.65,442.67,439.12,440.25,437.018054838129,37524784,0,1
2024-03-14,441.5,442.03,436.39,439.14,435.916203524397,51676863,0,1
2024-03-15,436.07,438.8733,432.7417,433.92,430.734524373335,73069824,0,1
2024-03-18,438.73,441.04,437.24,437.48,434.837630060492,47323802,0.5735,1
2024-03-19,435.45,438.98,433.33,438.57,435.921046483565,43004105,0,1
2024-03-20,439.78,444.11,438.06,443.77,441.089638593637,43653490,0,1
2024-03-21,448.88,449.34,445.67,445.87,443.17695463809,39345652,0,1
2024-03-22,445.35,447.49,444.49,446.38,443.683874248885,28253899,0,1
2024-03-25,443.55,446.26,442.54,444.76,442.073659014593,27789154,0,1
2024-03-26,446.3,447.225,443.09,443.32,440.642356584112,34142043,0,1
2024-03-27,446.44,446.54,441.93,444.83,442.143236216075,41359240,0,1
2024-03-28,444.78,445.64,443.65,444.01,441.328188998718,36839641,0,1
2024-04-01,444.97,447.53,443.02,444.95,442.262511418615,38429293,0,1
2024-04-02,440.08,441.43,438.03,441.11,438.445704937331,44054931,0,1
2024-04-03,438.96,444,438.95,442.1,439.429725358287,39664078,0,1
2024-04-04,446.33,446.95,435.11,435.34,432.710555615193,56595702,0,1
2024-04-05,436.78,443.17,435.96,440.47,437.809570523784,54512956,0,1
2024-04-08,441.41,442.5,439.2,440.6,437.938785326535,27772329,0,1
2024-04-09,442.96,443.24,437.44,442.23,439.558940161039,39157333,0,1
2024-04-10,437,439.24,436.28,438.37,435.722254479331,61502191,0,1
2024-04-11,440.26,446.33,437.96,445.37,442.679974627506,45474550,0,1
2024-04-12,441.1,442.24,436.88,438.27,435.622858477214,53664995,0,1
2024-04-15,442.06,442.15,430.21,431.06,428.456406724595,63453622,0,1
2024-04-16,430.9,433.76,429.7,431.1,428.496165125441,47618961,0,1
2024-04-17,433.1,433.12,424.9,425.84,423.267935414099,56880536,0,1
2024-04-18,426.49,428.24,422.83,423.41,420.852612562661,46549363,0,1
2024-04-19,422.22,422.75,413.07,414.65,412.145522777231,75230990,0,1
2024-04-22,417.31,421.18,413.94,418.82,416.290336065501,47807663,0,1
2024-04-23,420.77,426.28,418.8715,425.07,422.502586197799,44384741,0,1
2024-04-24,428.2,429.73,424.2,426.51,423.933888628281,48440305,0,1
2024-04-25,419.24,425.32,418.14,424.45,421.886330984675,57392169,0,1
2024-04-26,427.62,432.55,426.92,431,428.396769123324,41874907,0,1
2024-04-29,433.13,433.76,429.98,432.75,430.136199160368,30022161,0,1
2024-04-30,431.15,432.56,424.51,424.59,422.025485387639,43665934,0,1
2024-05-01,423.15,430.14,420.66,421.52,418.974028122654,52251707,0,1
2024-05-02,425.3,427.81,420.63,426.9,424.321533036536,36559007,0,1
2024-05-03,434.44,436.48,432.62,435.48,432.849710018156,48515252,0,1
2024-05-06,437.3,440.34,436.52,440.25,437.590899319127,30227200,0,1
2024-05-07,440.7,441.97,439.58,440.32,437.660476520608,30996094,0,1
2024-05-08,437.67,441.48,437.55,440.06,437.402046915105,24896723,0,1
2024-05-09,440.33,441.6,438.46,441.02,438.356248535426,24580121,0,1
2024-05-10,442.54,444.31,440.499,442.06,439.38996695744,27116566,0,1
2024-05-13,443.99,444.09,441.65,443.08,440.403806179032,22994192,0,1
2024-05-14,442.65,446.465,442.46,445.93,443.23659223936,34478321,0,1
2024-05-15,448.43,453.15,446.9,452.9,450.164493586899,41464651,0,1
2024-05-16,452.71,454.69,451.81,451.98,449.250050367425,34780412,0,1
2024-05-17,452.11,452.72,449.5399,451.76,449.031379162768,35803719,0,1
2024-05-20,451.98,455.58,451.785,454.91,452.162353229447,24474226,0,1
2024-05-21,453.04,455.99,452.84,455.8,453.046977648286,23167720,0,1
2024-05-22,456.06,456.82,453.08,455.71,452.957521246381,25120040,0,1
2024-05-23,460.55,460.58,451.8503,453.66,450.919903202987,40899230,0,1
2024-05-24,455.29,459.23,453.5674,457.95,455.183991693797,29669461,0,1
2024-05-28,459.18,459.74,456.69,459.68,456.903542530417,26216815,0,1
2024-05-29,455.48,458.24,455.34,456.44,453.683112061833,29739238,0,1
2024-05-30,455.5,455.64,450.21,451.55,448.822647558323,30714121,0,1
2024-05-31,451.78,452.48,443.055,450.71,447.987721140542,55941301,0,1
2024-06-03,454.57,455.58,447.9,453.13,450.393104391768,32997467,0,1
2024-06-04,452.87,455.575,451.1311,454.37,451.625614818016,23767436,0,1
2024-06-05,457.98,463.61,454.408,463.53,460.730288611913,33817409,0,1
2024-06-06,464.22,464.54,462.19,463.37,460.571255008526,21966820,0,1
2024-06-07,463,465.74,461.84,462.96,460.163731399848,25829720,0,1
2024-06-10,461.82,465.19,461.53,464.83,462.022436639431,20719771,0,1
2024-06-11,463.54,468.14,462.03,468.02,465.193169106957,22053281,0,1
2024-06-12,471.99,476.5,471.29,474.15,471.286144036715,34532585,0,1
2024-06-13,477.72,478.39,474.42,476.72,473.840621291117,25859014,0,1
2024-06-14,476.52,479.26,476.05,479.19,476.295702543401,23372620,0,1
2024-06-17,479.46,486.86,478.14,485.06,482.130247867656,37054504,0,1
2024-06-18,485.01,485.9,483.43,485.21,482.279341870831,24438565,0,1
2024-06-20,486.42,486.8387,479.62,481.47,478.561931391664,33918683,0,1
2024-06-21,481.19,482.535,478.67,480.18,477.279722964357,39432913,0,1
2024-06-24,478.18,479.93,473.82,473.96,471.854192188813,37750969,0.7615,1
2024-06-25,476.07,479.68,475.12,479.38,477.250111088432,29250209,0,1
2024-06-26,478.55,480.92,478.13,480.37,478.235712511056,22737105,0,1
2024-06-27,480.12,483.1,479.3,481.61,479.470203181817,26222135,0,1
2024-06-28,482.41,487.2,478.46,479.11,476.981310700443,34881581,0,1
2024-07-01,480.04,482.49,476.255,481.92,479.778825849508,24898336,0,1
2024-07-02,480.41,487.04,480.28,486.98,484.816344231809,26723559,0,1
2024-07-03,486.22,491.17,486.22,491.04,488.85830562156,18064880,0,1
2024-07-05,491.89,496.6,491.59,496.16,493.955557423414,28495936,0,1
2024-07-08,496.53,497.895,495.5,497.34,495.130314674623,22109420,0,1
2024-07-09,498.87,500,496.24,497.77,495.558404181419,25701253,0,1
2024-07-10,499.71,503.52,498.39,502.96,500.725344972751,28046901,0,1
2024-07-11,503.07,503.28,490.725,491.93,489.744351344929,49966590,0,1
2024-07-12,492.51,499.62,492.04,494.82,492.621511053398,37109399,0,1
2024-07-15,496.61,501.01,494.09,496.15,493.945601853489,31151386,0,1
2024-07-16,497.62,498.44,493.15,496.34,494.134757682073,25950622,0,1
2024-07-17,488.28,488.7984,481.7,481.77,479.629492300625,56268768,0,1
2024-07-18,485.53,485.71,476.27,479.49,477.359622357612,49347361,0,1
2024-07-19,479.15,481.69,473.94,475.24,473.128505139276,42042856,0,1
2024-07-22,481.16,483.35,477.7068,482.32,480.177048646527,40299999,0,1
2024-07-23,481.41,484.43,480.14,480.62,478.484601759193,23282454,0,1
2024-07-24,473.82,474.19,462.51,463.38,461.321199207638,58818629,0,1
2024-07-25,463.72,467.94,455.63,458.27,456.233902975709,59256759,0,1
2024-07-26,462.65,465.93,459.77,462.97,460.913020840693,39992132,0,1
2024-07-29,465.71,467.91,461.615,463.9,461.838888843764,28218476,0,1
2024-07-30,465.85,466.561,454.15,457.53,455.497190801223,41317210,0,1
2024-07-31,467.87,472.79,466.41,471.07,468.977032480344,44552134,0,1
2024-08-01,471.76,475.55,455.98,459.66,457.617727195353,56653900,0,1
2024-08-02,450.89,453.57,444.47,448.75,446.756200406637,66323244,0,1
2024-08-05,424.71,442.29,423.45,435.37,433.435647846323,87483452,0,1
2024-08-06,437.23,447.07,434.56,439.53,437.57716493533,63164429,0,1
2024-08-07,446.49,449,434.37,434.77,432.838313650794,54929163,0,1
2024-08-08,441.06,448.99,437.15,448.07,446.079221651703,47890071,0,1
2024-08-09,446.74,452.06,445.61,450.41,448.408825014269,33573976,0,1
2024-08-12,451.39,454.37,448.5546,451.38,449.374515297043,27795006,0,1
2024-08-13,455.82,462.85,455.68,462.58,460.524753613598,40084457,0,1
2024-08-14,463.51,465.1093,458.4,462.73,460.674087162481,34733746,0,1
2024-08-15,468.76,474.82,468.38,474.42,472.312148405386,38280565,0,1
2024-08-16,472.62,476.41,471.65,475.03,472.919438170841,38383623,0,1
2024-08-19,475.17,481.31,473.37,481.27,479.13171380435,23737674,0,1
2024-08-20,480.35,482.94,478.55,480.26,478.126201241875,29209340,0,1
2024-08-21,481.05,484.37,479.32,482.5,480.356248905186,25658787,0,1
2024-08-22,484.84,485.54,473.81,474.85,472.740237912182,37739576,0,1
2024-08-23,479.24,482.74,475.28,480,477.867356423812,36061508,0,1
2024-08-26,479.45,480.38,473.24,475.34,473.228060838531,27452641,0,1
2024-08-27,473.69,477.84,471.71,476.76,474.641751767952,27510003,0,1
2024-08-28,476.29,477.02,467.89,471.35,469.255788438258,37372436,0,1
2024-08-29,473.28,477.93,469.372,470.66,468.568854113399,41081465,0,1
2024-08-30,475.04,476.9,470.51,476.27,474.153928841602,33466473,0,1
2024-09-03,473.2,473.33,459.4101,461.81,459.758174729335,44985219,0,1
2024-09-04,458.67,464.45,457.73,460.61,458.563506338275,32208551,0,1
2024-09-05,458.97,465.36,457.939,461.04,458.991595845072,34452385,0,1
2024-09-06,460.33,461.22,448.19,448.69,446.696466987084,50624385,0,1
2024-09-09,453.06,455.46,449.823428,454.46,452.440830834095,32981169,0,1
2024-09-10,456.24,459.17,452.23,458.66,456.622170202804,29680319,0,1
2024-09-11,459.91,469.37,451.28,468.62,466.537917848598,57842992,0,1
2024-09-12,468.65,474.04,466.8491,473.22,471.117480014326,40175456,0,1
2024-09-13,472.48,476.53,472.25,475.34,473.228060838531,29111849,0,1
2024-09-16,473.19,473.8599,469.89,473.24,471.137391154177,22585596,0,1
2024-09-17,476.29,477.6,470.97,473.49,471.386280402314,30084438,0,1
2024-09-18,474.7,478.83,470.83,471.44,469.345388567588,39909215,0,1
2024-09-19,482.61,486.23,480.49,483.36,481.212427918779,52782523,0,1
2024-09-20,482.49,483.69,478.3,482.44,480.296515485633,34577663,0,1
2024-09-23,482.95,484.14,481.6,483.04,481.56770238714,24842972,0.6769,1
2024-09-24,484.46,486.33,480.17,485.37,483.890600587211,25952637,0,1
2024-09-25,484.74,487.79,484.56,485.82,484.33922899495,26549866,0,1
2024-09-26,493.37,493.7,485.8,489.47,487.978103857721,32020206,0,1
2024-09-27,490.5,490.64,485.56,486.75,485.266394370943,22851120,0,1
2024-09-30,485.78,488.41,482.92,488.07,486.582371033644,30330605,0,1
2024-10-01,487.7,488,477.4,481.27,479.8030973167,42735424,0,1
2024-10-02,480.36,483.88,477.72,481.95,480.481024688395,23744049,0,1
2024-10-03,479.74,484.545,478.99,481.59,480.122121962204,25337220,0,1
2024-10-04,487.45,487.88,482.385,487.32,485.834657020746,30744909,0,1
2024-10-07,485.39,486.57,480.87,482.1,480.630567490975,24975119,0,1
2024-10-08,484.66,489.99,483.845,489.3,487.808622014797,28272017,0,1
2024-10-09,489,493.73,487.95,493.15,491.646887281008,24994950,0,1
2024-10-10,490.85,494.47,489.53,492.59,491.088594151378,25750446,0,1
2024-10-11,490.74,494.39,490.17,493.36,491.85624720462,20644497,0,1
2024-10-14,495.77,498.83,495.26,497.5,495.983628555818,26060145,0,1
2024-10-15,497.83,498.5,488.68,490.85,489.353897641454,34784506,0,1
2024-10-16,491.18,491.69,487.57,490.91,489.413714762486,22996776,0,1
2024-10-17,496.44,496.49,491.1901,491.25,489.752678448333,27210658,0,1
2024-10-18,494.06,495.57,493.3,494.47,492.962863943709,25335030,0,1
2024-10-21,493.25,496.23,491.31,495.42,493.909968360047,30336549,0,1
2024-10-22,492.73,497.445,491.97,495.96,494.448322449334,26685841,0,1
2024-10-23,493.59,494.25,485.05,488.36,486.871487118632,39346565,0,1
2024-10-24,492.11,493,489.44,492.32,490.819417106734,22024930,0,1
2024-10-25,495.14,500.28,494.43,495.32,493.810273158327,38762143,0,1
2024-10-28,498.46,498.52,495.1,495.4,493.890029319703,20477778,0,1
2024-10-29,495.72,501.35,493.85,500.16,498.635520921564,28014059,0,1
2024-10-30,499.39,500.35,495.89,496.38,494.867042296557,29755960,0,1
2024-10-31,492.38,492.43,483.75,483.85,482.37523352107,41245248,0,1
2024-11-01,485.5,490.7507,485.2,487.43,485.944321742638,33655757,0,1
2024-11-04,486.82,489.38,484.2545,486.01,484.528649878217,23291580,0,1
2024-11-05,487.61,492.88,487.52,492.21,490.709752384842,24353615,0,1
2024-11-06,500.56,506.41,499.6,505.58,504.039000854775,43082198,0,1
2024-11-07,508.4,514.33,508.34,513.54,511.974738911668,32853120,0,1
2024-11-08,513.035,514.9175,512.41,514.14,512.572910121986,22924483,0,1
2024-11-11,515.37,515.58,510.92,513.84,512.273824516827,24167479,0,1
2024-11-12,513.77,514.66,509.83,512.91,511.346659140833,25835288,0,1
2024-11-13,512.4,514.98,509.95,512.25,510.688670809483,24567416,0,1
2024-11-14,511.91,512.79,507.77,508.69,507.139521628259,28679519,0,1
2024-11-15,502.94,503.33,494.49,496.57,495.056463179824,51461054,0,1
2024-11-18,498.13,502.14,496.73,500.02,498.495947639156,27192662,0,1
2024-11-19,497.42,503.9536,497.08,503.46,501.925462578316,24523020,0,1
2024-11-20,503.16,503.48,496.555,503.17,501.636346493328,29565491,0,1
2024-11-21,506.24,506.96,497.56,504.98,503.440829644456,34526738,0,1
2024-11-22,504.42,506.53,502.78,505.79,504.248360778386,23826644,0,1
2024-11-25,509.9,511.4525,504.2625,506.59,505.045922392144,26375166,0,1
2024-11-26,508.08,510.14,507.23,509.31,507.757631878922,26557061,0,1
2024-11-27,508.17,508.24,501.93,505.3,503.759854289959,24957441,0,1
2024-11-29,505.93,510.34,505.31,509.74,508.186321246317,15333968,0,1
2024-12-02,511.01,516.26,510.62,515.29,513.719404941764,25147165,0,1
2024-12-03,513.95,517.15,513.37,516.87,515.294589128936,18597900,0,1
2024-12-04,520.32,523.52,519.6,523.26,521.665112518829,26086222,0,1
2024-12-05,523.31,524.0399,521.42,521.81,520.219532093892,18169632,0,1
2024-12-06,522.48,526.72,522.35,526.48,524.875298014205,23762611,0,1
2024-12-09,525.55,526.35,521.22,522.38,520.787794743695,20674405,0,1
2024-12-10,523.62,525.38,519.16,520.6,519.013220153083,24350040,0,1
2024-12-11,525,530.61,524.59,529.92,528.304812953365,32168579,0,1
2024-12-12,527.68,528.96,526.02,526.5,524.895237054549,23577504,0,1
2024-12-13,530.46,533.1661,527.3001,530.53,528.912953683855,28780405,0,1
2024-12-16,533.08,539.15,533,538.17,536.529667095245,31979863,0,1
2024-12-17,536.36,537.48,534.13,535.8,534.166890814487,28579070,0,1
2024-12-18,535.15,536.8799,515.01,516.47,514.895808322057,54703155,0,1
2024-12-19,521.19,521.7599,513.83,514.17,512.602818682502,46441754,0,1
2024-12-20,510.44,524.82,509.29,518.66,517.07913323972,60529961,0,1
2024-12-23,519.55,523.25,516.13,522.87,522.108417202796,29672800,0.8347,1
2024-12-24,524.83,530.05,524.19,529.96,529.188090310773,17558215,0,1
2024-12-26,528.32,531.24,526.31,529.6,528.828614666362,19141494,0,1
2024-12-27,526.01,526.45,517.86,522.56,521.79886873122,33839555,0,1
2024-12-30,515.51,519.36,511.83,515.61,514.858991707181,34584028,0,1
2024-12-31,516.9,517.66,510.26,511.23,510.485371366851,29117028,0,1
2025-01-02,514.3,516.64,505.71,510.23,509.486827910155,36389783,0,1
2025-01-03,513.35,519.6454,512.53,518.58,517.824665773569,29059520,0,1
2025-01-06,524.02,527.92,522.03,524.54,523.775984775479,36109734,0,1
2025-01-07,525.59,525.99,513.28,515.18,514.429618020801,36690272,0,1
2025-01-08,515.08,516.9199,510.57,515.27,514.519486931904,30777777,0,1
2025-01-10,511.48,511.58,503.92,507.19,506.451255801798,40532495,0,1
2025-01-13,501.2,506.02,499.7,505.56,504.823629967383,31694210,0,1
2025-01-14,508.74,510.155,501.59,505.08,504.344329108169,33737237,0,1
2025-01-15,513.03,517.85,511.46,516.7,515.94740407498,34957554,0,1
2025-01-16,518.98,519.0599,512.95,513.08,512.332676761739,28229037,0,1
2025-01-17,522.85,524.0733,513.1086,521.74,520.980063096729,51837941,0,1
2025-01-21,524.48,525.97,520.06,524.8,524.03560607422,23627971,0,1
2025-01-22,529.57,533.82,529.26,531.51,530.735832668652,33592988,0,1
2025-01-23,529.04,532.76,528.45,532.64,531.864186774719,23096588,0,1
2025-01-24,533.02,533.79,528.15,529.63,528.858570970063,19878251,0,1
2025-01-27,511,517.99,510.15,514.21,513.461030867806,60771695,0,1
2025-01-28,515.22,523,511.78,521.81,521.049961138698,33194214,0,1
2025-01-29,522.46,522.59,516.8988,520.83,520.071388551135,26649011,0,1
2025-01-30,523.71,526.095,518.21,523.05,522.288155025001,27431302,0,1
2025-01-31,526.92,531.5178,521.19,522.29,521.529261997912,38845467,0,1
2025-02-03,513.47,520.8496,511.05,518.11,517.355350348921,40580835,0,1
2025-02-04,518.63,525.11,518.23,524.47,523.70608673351,26046753,0,1
2025-02-05,521.82,527.01,520.62,526.85,526.082620160447,21134070,0,1
2025-02-06,527.36,529.81,525.7413,529.6,528.828614666362,19434454,0,1
2025-02-07,530.14,532.1,522.19,522.92,522.158344375631,29605470,0,1
2025-02-10,527.22,530.3571,526.75,529.25,528.479124456518,20852784,0,1
2025-02-11,525.96,529.92,525.83,527.99,527.220959701081,19325500,0,1
2025-02-12,522.3,529.19,521.95,528.3,527.530508172657,25009362,0,1
2025-02-13,529.98,536.22,529.19,535.9,535.119438443549,28714799,0,1
2025-02-14,536.005,538.84,535.67,538.15,537.366161221115,17862572,0,1
2025-02-18,539.73,540,536.04,539.37,538.584384238285,20565028,0,1
2025-02-19,538.57,540.81,536.46,539.52,538.734165756789,19666861,0,1
2025-02-20,538.73,539.1,532.46,537.23,536.447501240955,26550753,0,1
2025-02-21,538.38,538.4,525.71,526.08,525.313741698791,47093750,0,1
2025-02-24,527.88,529.069,519.53,519.87,519.112786832707,39268392,0,1
2025-02-25,519.24,519.32,509.44,513.32,512.572327191346,48940025,0,1
2025-02-26,515.53,519.66,511.37,514.56,513.810521077649,34457618,0,1
2025-02-27,518.13,519.0699,500.05,500.27,499.541335081459,52447966,0,1
2025-02-28,500.13,508.78,496.93,508.17,507.42982838936,47654043,0,1
2025-03-03,511.52,513.04,493.58,497.05,496.326025150897,44587204,0,1
2025-03-04,494.18,503.74,487.735,495.55,494.828209965853,67875402,0,1
2025-03-05,496.2,503.63,491.26,502.01,501.278800696111,46323725,0,1
2025-03-06,493.69,498.58,486.2,488.2,487.488915559135,57574332,0,1
2025-03-07,487.16,493.28,480.53,491.79,491.073686568675,54714726,0,1
2025-03-10,483.45,483.97,468.66,472.73,472.041448284043,74815507,0,1
2025-03-11,472.35,478.805,467.01,471.6,470.913094177976,68760771,0,1
2025-03-12,479.16,481.06,471.79,476.92,476.225345367601,46971082,0,1
2025-03-13,476.25,476.2801,466.43,468.34,467.657842509146,46563349,0,1
2025-03-14,473.73,480.56,473.12,479.66,478.961354438949,43563010,0,1
2025-03-17,479.61,485.84,477.8,482.77,482.066824589274,41744354,0,1
2025-03-18,479.41,479.61,472.41,474.54,473.848811940663,39072265,0,1
2025-03-19,476.81,485.33,474.87,480.89,480.189562890685,40430334,0,1
2025-03-20,476.88,484.55,476.18,479.26,478.56193705627,36780549,0,1
2025-03-21,474.08,481.61,472.905,480.84,480.13963571785,42234874,0,1
2025-03-24,487.74,491.51,484.4,490.66,490.66,34567186,0.7157,1
2025-03-25,491.39,493.62,490.42,493.46,493.46,26035241,0,1
2025-03-26,492.3,493.16,482.82,484.38,484.38,35043357,0,1
2025-03-27,482.41,486.5799,480.25,481.62,481.62,33469817,0,1
2025-03-28,479.81,480.52,468.05,468.94,468.94,46363797,0,1
2025-03-31,461.92,469.86,457.33,468.92,468.92,53000303,0,1
2025-04-01,467.3,473.63,464.42,472.7,472.7,41156226,0,1
2025-04-02,466.12,479.56,465.86,476.15,476.15,49894489,0,1
2025-04-03,456.44,460.07,450.14,450.66,450.66,70456338,0,1
2025-04-04,438.14,440.37,422.67,422.67,422.67,117088441,0,1
2025-04-07,408.66,443.14,402.39,423.69,423.69,161556970,0,1
2025-04-08,438.16,443.1384,409.79,416.06,416.06,101248060,0,1
2025-04-09,415.57,467.83,415.43,466,466,142876878,0,1
2025-04-10,453.56,455.59,432.63,446.18,446.18,108384092,0,1
2025-04-11,444.65,455.79,441.33,454.4,454.4,52483779,0,1
2025-04-14,464.46,465.05,452.63,457.48,457.48,43941179,0,1
2025-04-15,458.54,462.38,456.15,457.99,457.99,35404210,0,1
2025-04-16,449.03,452.62,437.76,444.18,444.18,48980552,0,1
2025-04-17,447.17,447.75,441.36,444.1,444.1,44837047,0,1
2025-04-21,438.23,439.08,427.93,433.11,433.11,44149313,0,1
2025-04-22,438.82,447.58,437.62,444.48,444.48,52304388,0,1
2025-04-23,458.17,463.38,452.88,454.56,454.56,55801136,0,1
2025-04-24,456.48,467.66,455.83,467.35,467.35,45956136,0,1
2025-04-25,466.97,473.09,465.39,472.56,472.56,38697063,0,1
2025-04-28,473.03,474.808,466.03,472.41,472.41,33550778,0,1
2025-04-29,470.17,476.4243,469.59,475.53,475.53,30613120,0,1
2025-04-30,467.13,477.2,462.43,475.47,475.47,46810610,0,1
2025-05-01,483.41,487.18,480.74,481.68,481.68,43316539,0,1
2025-05-02,486.54,490.91,484.83,488.83,488.83,39218082,0,1
