Date,open,high,low,close,adj_close,volume,dividend,split
2002-07-26,81.28,81.37,81.24,81.31,53.8222532755958,246200,0,1
2002-07-29,81.22,81.22,81.04,81.04,53.6435297682239,40200,0,1
2002-07-30,81.12,81.13,81,81.01,53.6236716007381,95300,0,1
2002-07-31,81.17,81.31,81.15,81.26,53.7891563297862,38800,0,1
2002-08-01,81.33,81.45,81.33,81.42,53.895066556377,86800,0,1
2002-08-02,81.46,81.64,81.4,81.58,54.0009767829677,83400,0,1
2002-08-05,81.63,81.73,81.57,81.71,54.0870288420727,93100,0,1
2002-08-06,81.55,81.61,81.45,81.51,53.9546410588343,58200,0,1
2002-08-07,81.59,81.69,81.54,81.63,54.0340737287774,127000,0,1
2002-08-08,81.61,81.62,81.47,81.51,53.9546410588343,111800,0,1
2002-08-09,81.48,81.56,81.46,81.53,53.9678798371581,50900,0,1
2002-08-12,81.51,81.57,81.47,81.52,53.9612604479962,52300,0,1
2002-08-13,81.59,81.68,81.48,81.66,54.0539318962631,36200,0,1
2002-08-14,81.69,81.71,81.46,81.48,53.9347828913485,108700,0,1
2002-08-15,81.38,81.54,81.3,81.41,53.8884471672151,87700,0,1
2002-08-16,81.54,81.55,81.31,81.36,53.8553502214054,274500,0,1
2002-08-19,81.41,81.43,81.31,81.37,53.8619696105674,36000,0,1
2002-08-20,81.51,81.57,81.46,81.56,53.9877380046439,51400,0,1
2002-08-21,81.46,81.54,81.42,81.49,53.9414022805104,43100,0,1
2002-08-22,81.5,81.5,81.38,81.4,53.8818277780531,47700,0,1
2002-08-23,81.48,81.52,81.44,81.5,53.9480216696724,60900,0,1
2002-08-26,81.49,81.55,81.45,81.49,53.9414022805104,49700,0,1
2002-08-27,81.4,81.45,81.35,81.43,53.9016859455389,54700,0,1
2002-08-28,81.51,81.53,81.46,81.49,53.9414022805104,50600,0,1
2002-08-29,81.64,81.64,81.55,81.58,54.0009767829677,53700,0,1
2002-08-30,81.63,81.63,81.52,81.61,54.0208349504535,143800,0,1
2002-09-03,81.62,81.78,81.61,81.67,54.1483243857122,83000,0.1326,1
2002-09-04,81.67,81.73,81.6,81.64,54.1284339763627,49500,0,1
2002-09-05,81.69,81.73,81.64,81.73,54.1881052044111,49000,0,1
2002-09-06,81.55,81.61,81.53,81.57,54.0820230212139,33700,0,1
2002-09-09,81.52,81.57,81.45,81.46,54.0090915202658,65200,0,1
2002-09-10,81.44,81.54,81.42,81.51,54.042242202515,51000,0,1
2002-09-11,81.4,81.46,81.36,81.46,54.0090915202658,24700,0,1
2002-09-12,81.48,81.55,81.46,81.52,54.0488723389648,50100,0,1
2002-09-13,81.55,81.59,81.52,81.58,54.0886531576637,95100,0,1
2002-09-16,81.61,81.61,81.54,81.55,54.0687627483143,39000,0,1
2002-09-17,81.52,81.62,81.48,81.61,54.1085435670132,28800,0,1
2002-09-18,81.7,81.7,81.6,81.6,54.1019134305634,173700,0,1
2002-09-19,81.76,81.77,81.66,81.77,54.2146257502104,191100,0,1
2002-09-20,81.74,81.79,81.7,81.78,54.2212558866602,360800,0,1
2002-09-23,81.82,81.85,81.75,81.8,54.2345161595599,263600,0,1
2002-09-24,81.87,81.94,81.78,81.84,54.2610367053592,659400,0,1
2002-09-25,81.79,81.83,81.7,81.76,54.2079956137606,240400,0,1
2002-09-26,81.76,81.82,81.69,81.79,54.22788602311,81100,0,1
2002-09-27,81.85,81.96,81.81,81.96,54.340598342757,136200,0,1
2002-09-30,82.03,82.13,82,82.08,54.4201599801549,216900,0,1
2002-10-01,81.91,82,81.84,81.86,54.3537260129277,94100,0.1198,1
2002-10-02,81.89,81.95,81.83,81.93,54.4002048893131,79400,0,1
2002-10-03,81.9,81.97,81.8,81.94,54.4068447287967,196500,0,1
2002-10-04,81.77,81.93,81.76,81.87,54.3603658524113,205600,0,1
2002-10-07,81.97,81.97,81.88,81.97,54.4267642472475,171600,0,1
2002-10-08,81.85,82,81.85,81.89,54.3736455313786,167100,0,1
2002-10-09,81.99,82.06,81.92,82.06,54.4865228026001,332800,0,1
2002-10-10,82.03,82.08,81.93,81.98,54.4334040867312,166200,0,1
2002-10-11,81.95,81.95,81.8,81.85,54.3470861734441,407000,0,1
2002-10-14,81.82,81.88,81.82,81.87,54.3603658524113,54500,0,1
2002-10-15,81.67,81.7,81.54,81.56,54.154530828419,100800,0,1
2002-10-16,81.65,81.67,81.55,81.59,54.1744503468699,51300,0,1
2002-10-17,81.52,81.57,81.48,81.52,54.1279714704846,239200,0,1
2002-10-18,81.49,81.59,81.41,81.59,54.1744503468699,100600,0,1
2002-10-21,81.56,81.57,81.37,81.41,54.0549332361647,595800,0,1
2002-10-22,81.47,81.48,81.37,81.4,54.0482933966811,325800,0,1
2002-10-23,81.5,81.58,81.43,81.46,54.0881324335828,126700,0,1
2002-10-24,81.51,81.64,81.5,81.6,54.1810901863535,69400,0,1
2002-10-25,81.71,81.78,81.66,81.74,54.2740479391242,56000,0,1
2002-10-28,81.89,81.9,81.83,81.85,54.3470861734441,31100,0,1
2002-10-29,81.94,82.09,81.93,82.03,54.4666032841493,25000,0,1
2002-10-30,82.01,82.1,81.97,82.02,54.4599634446656,28800,0,1
2002-10-31,82.03,82.17,81.99,82.16,54.5529211974363,153700,0,1
2002-11-01,81.97,82.02,81.86,81.94,54.495088195534,50300,0.1329,1
2002-11-04,81.85,81.9,81.83,81.86,54.4418833254383,255200,0,1
2002-11-05,81.89,81.89,81.78,81.85,54.4352327166763,342100,0,1
2002-11-06,81.84,81.99,81.8,81.88,54.4551845429622,176100,0,1
2002-11-07,81.9,81.92,81.84,81.92,54.4817869780101,39900,0,1
2002-11-08,81.86,81.91,81.83,81.89,54.4618351517242,27800,0,1
2002-11-11,81.87,81.97,81.86,81.97,54.5150400218199,83800,0,1
2002-11-12,81.94,82,81.93,81.99,54.5283412393438,50300,0,1
2002-11-13,81.94,82.04,81.94,82,54.5349918481058,46400,0,1
2002-11-14,81.94,81.94,81.8,81.8,54.4019796728665,30900,0,1
2002-11-15,81.8,81.84,81.75,81.84,54.4285821079144,27500,0,1
2002-11-18,81.8,81.86,81.77,81.84,54.4285821079144,27300,0,1
2002-11-19,81.85,81.86,81.78,81.82,54.4152808903904,22400,0,1
2002-11-20,81.88,81.88,81.7,81.75,54.3687266290567,19400,0,1
2002-11-21,81.68,81.72,81.63,81.64,54.2955699326751,72500,0,1
2002-11-22,81.66,81.68,81.61,81.61,54.2756181063892,43400,0,1
2002-11-25,81.62,81.71,81.61,81.66,54.308871150199,49100,0,1
2002-11-26,81.72,81.82,81.69,81.81,54.4086302816285,28500,0,1
2002-11-27,81.73,81.73,81.61,81.67,54.315521758961,542100,0,1
2002-11-29,81.72,81.72,81.67,81.71,54.3421241940088,69100,0,1
2002-12-02,81.5,81.64,81.42,81.62,54.3624085507328,74100,0.1205,1
2002-12-03,81.66,81.66,81.58,81.65,54.382389832974,88900,0,1
2002-12-04,81.71,81.75,81.62,81.7,54.4156919700425,220000,0,1
2002-12-05,81.67,81.79,81.63,81.77,54.4623149619385,122300,0,1
2002-12-06,81.91,81.91,81.78,81.85,54.5155983812482,470600,0,1
2002-12-09,81.9,81.92,81.84,81.87,54.5289192360757,83500,0,1
2002-12-10,81.9,81.91,81.82,81.86,54.522258808662,32500,0,1
2002-12-11,81.89,81.96,81.88,81.93,54.568881800558,108700,0,1
2002-12-12,81.88,82,81.87,81.96,54.5888630827991,41200,0,1
2002-12-13,81.92,81.96,81.88,81.9,54.5489005183168,91600,0,1
2002-12-16,81.93,81.93,81.83,81.86,54.522258808662,36500,0,1
2002-12-17,81.92,81.94,81.87,81.94,54.5755422279717,47200,0,1
2002-12-18,82.03,82.07,81.99,82.07,54.66212778435,275400,0,1
2002-12-19,82.06,82.16,82.04,82.16,54.7220716310734,419200,0,1
2002-12-20,82.12,82.15,82.07,82.12,54.6954299214185,46800,0,1
2002-12-23,82.11,82.13,82.07,82.13,54.7020903488322,49100,0,1
2002-12-24,82.24,82.25,82.2,82.22,54.7620341955557,73300,0,1
2002-12-26,82.23,82.28,82.19,82.28,54.801996760038,24800,0,1
2002-12-27,82.35,82.39,82.3,82.38,54.8686010341751,45600,0,1
2002-12-30,82.36,82.42,82.34,82.39,54.8752614615888,101400,0,1
2002-12-31,82.26,82.32,82.24,82.31,54.9146245876039,207600,0.1391,1
2003-01-02,82.16,82.18,81.96,82,54.7078024077696,323800,0,1
2003-01-03,81.94,82.01,81.91,82.01,54.7144740909901,55100,0,1
2003-01-06,81.95,81.98,81.87,81.96,54.6811156748878,133000,0,1
2003-01-07,81.94,82.06,81.93,82.02,54.7211457742105,99900,0,1
2003-01-08,82.1,82.14,82.07,82.09,54.7678475567537,85000,0,1
2003-01-09,82.04,82.04,81.91,81.94,54.6677723084468,120500,0,1
2003-01-10,82.06,82.06,81.94,82.05,54.7411608238719,43700,0,1
2003-01-13,82.02,82.06,81.97,82.03,54.727817457431,71500,0,1
2003-01-14,82.1,82.11,82.04,82.06,54.7478325070924,40700,0,1
2003-01-15,82.1,82.17,82.09,82.09,54.7678475567537,199300,0,1
2003-01-16,82.09,82.14,82.02,82.14,54.801205972856,31300,0,1
2003-01-17,82.21,82.22,82.12,82.12,54.7878626064151,40300,0,1
2003-01-21,82.16,82.23,82.13,82.22,54.8545794386197,92800,0,1
2003-01-22,82.2,82.28,82.2,82.28,54.8946095379425,48100,0,1
2003-01-23,82.2,82.27,82.2,82.23,54.8612511218402,49700,0,1
2003-01-24,82.26,82.3,82.22,82.22,54.8545794386197,134500,0,1
2003-01-27,82.25,82.27,82.19,82.22,54.8545794386197,333200,0,1
2003-01-28,82.23,82.25,82.17,82.24,54.8679228050606,1039400,0,1
2003-01-29,82.23,82.25,82.17,82.24,54.8679228050606,27400,0,1
2003-01-30,82.16,82.27,82.15,82.27,54.887937854722,138300,0,1
2003-01-31,82.28,82.28,82.2,82.25,54.8745944882811,136600,0,1
2003-02-03,82.09,82.11,82.05,82.08,54.8423702583263,94800,0.1217,1
2003-02-04,82.17,82.18,82.12,82.17,54.9025044362411,85700,0,1
2003-02-05,82.17,82.2,82.1,82.14,54.8824597102695,27300,0,1
2003-02-06,82.2,82.21,82.15,82.18,54.909186011565,66400,0,1
2003-02-07,82.16,82.26,82.12,82.25,54.9559570388321,70100,0,1
2003-02-10,82.24,82.25,82.15,82.19,54.9158675868888,60900,0,1
2003-02-11,82.13,82.23,82.13,82.22,54.9359123128605,59000,0,1
2003-02-12,82.24,82.3,82.23,82.29,54.9826833401276,77900,0,1
2003-02-13,82.3,82.38,82.27,82.36,55.0294543673946,63500,0,1
2003-02-14,82.29,82.33,82.25,82.29,54.9826833401276,152100,0,1
2003-02-18,82.24,82.27,82.19,82.26,54.9626386141559,155900,0,1
2003-02-19,82.28,82.33,82.25,82.3,54.9893649154514,76800,0,1
2003-02-20,82.28,82.36,82.28,82.35,55.0227727920708,50000,0,1
2003-02-21,82.31,82.36,82.27,82.28,54.9760017648037,76400,0,1
2003-02-24,82.34,82.35,82.29,82.32,55.0027280660992,103100,0,1
2003-02-25,82.38,82.42,82.34,82.37,55.0361359427185,84200,0,1
2003-02-26,82.4,82.41,82.36,82.41,55.062862244014,151800,0,1
2003-02-27,82.4,82.41,82.34,82.41,55.062862244014,57400,0,1
2003-02-28,82.37,82.45,82.33,82.45,55.0895885453095,57100,0,1
2003-03-03,82.27,82.37,82.27,82.37,55.1078960616969,47900,0.1074,1
2003-03-04,82.33,82.41,82.33,82.36,55.1012057744489,51400,0,1
2003-03-05,82.44,82.48,82.4,82.43,55.1480377851848,60200,0,1
2003-03-06,82.47,82.47,82.38,82.46,55.1681086469288,69100,0,1
2003-03-07,82.58,82.58,82.48,82.54,55.2216309449127,149300,0,1
2003-03-10,82.55,82.63,82.55,82.62,55.2751532428966,64900,0,1
2003-03-11,82.59,82.6,82.53,82.55,55.2283212321607,75400,0,1
2003-03-12,82.48,82.54,82.46,82.49,55.1881795086728,59800,0,1
2003-03-13,82.36,82.39,82.24,82.24,55.020922327473,68100,0,1
2003-03-14,82.31,82.38,82.29,82.32,55.0744446254569,338700,0,1
2003-03-17,82.45,82.45,82.19,82.22,55.007541752977,133700,0,1
2003-03-18,82.22,82.29,82.13,82.15,54.9607097422411,126800,0,1
2003-03-19,82.2,82.2,82.12,82.13,54.9473291677451,62700,0,1
2003-03-20,82.18,82.25,82.12,82.23,55.014232040225,93200,0,1
2003-03-21,82.14,82.15,82.02,82.02,54.8737360080172,131400,0,1
2003-03-24,82.18,82.23,82.17,82.2,54.994161178481,54800,0,1
2003-03-25,82.27,82.27,82.12,82.2,54.994161178481,31000,0,1
2003-03-26,82.19,82.3,82.19,82.3,55.0610640509609,62600,0,1
2003-03-27,82.34,82.37,82.28,82.32,55.0744446254569,47700,0,1
2003-03-28,82.42,82.43,82.36,82.43,55.1480377851848,88700,0,1
2003-03-31,82.5,82.53,82.45,82.49,55.1881795086728,86900,0,1
2003-04-01,82.33,82.4,82.29,82.36,55.1764715059888,41300,0.1125,1
2003-04-02,82.28,82.3,82.21,82.27,55.1161766731143,171700,0,1
2003-04-03,82.24,82.35,82.24,82.32,55.149673802489,298000,0,1
2003-04-04,82.35,82.38,82.29,82.3,55.1362749507391,71700,0,1
2003-04-07,82.17,82.25,82.14,82.25,55.1027778213645,83600,0,1
2003-04-08,82.24,82.33,82.24,82.33,55.156373228364,116800,0,1
2003-04-09,82.29,82.38,82.28,82.38,55.1898703577386,164800,0,1
2003-04-10,82.33,82.37,82.27,82.27,55.1161766731143,32100,0,1
2003-04-11,82.2,82.27,82.15,82.23,55.0893789696146,270100,0,1
2003-04-14,82.15,82.18,82.1,82.16,55.04248298849,261700,0,1
2003-04-15,82.19,82.25,82.15,82.22,55.0826795437396,91500,0,1
2003-04-16,82.16,82.25,82.16,82.23,55.0893789696146,101300,0,1
2003-04-17,82.27,82.28,82.15,82.16,55.04248298849,106800,0,1
2003-04-21,82.16,82.21,82.11,82.21,55.0759801178647,37800,0,1
2003-04-22,82.25,82.27,82.18,82.2,55.0692806919898,225400,0,1
2003-04-23,82.26,82.27,82.2,82.26,55.1094772472394,145700,0,1
2003-04-24,82.31,82.37,82.3,82.34,55.1630726542389,45300,0,1
2003-04-25,82.37,82.43,82.34,82.42,55.2166680612384,346200,0,1
2003-04-28,82.42,82.44,82.35,82.4,55.2032692094885,164700,0,1
2003-04-29,82.36,82.38,82.31,82.34,55.1630726542389,68200,0,1
2003-04-30,82.39,82.52,82.37,82.51,55.2769628941128,81600,0,1
2003-05-01,82.42,82.46,82.36,82.38,55.2771638768891,90700,0.1303,1
2003-05-02,82.41,82.41,82.29,82.29,55.2167736760039,68400,0,1
2003-05-05,82.27,82.36,82.26,82.35,55.2570338099274,120700,0,1
2003-05-06,82.3,82.47,82.23,82.47,55.3375540777743,107400,0,1
2003-05-07,82.47,82.49,82.42,82.49,55.3509741224154,48200,0,1
2003-05-08,82.5,82.5,82.4,82.45,55.3241340331331,81900,0,1
2003-05-09,82.41,82.47,82.39,82.43,55.310713988492,213900,0,1
2003-05-12,82.47,82.52,82.43,82.49,55.3509741224154,94800,0,1
2003-05-13,82.47,82.47,82.41,82.47,55.3375540777743,62600,0,1
2003-05-14,82.5,82.56,82.47,82.52,55.3711041893771,50500,0,1
2003-05-15,82.44,82.52,82.44,82.49,55.3509741224154,107600,0,1
2003-05-16,82.53,82.6,82.49,82.58,55.4113643233006,50000,0,1
2003-05-19,82.67,82.67,82.6,82.6,55.4247843679417,68700,0,1
2003-05-20,82.57,82.71,82.57,82.71,55.498594613468,104800,0,1
2003-05-21,82.57,82.69,82.57,82.6,55.4247843679417,40400,0,1
2003-05-22,82.67,82.67,82.6,82.63,55.4449144349035,45500,0,1
2003-05-23,82.65,82.67,82.6,82.66,55.4650445018652,48400,0,1
2003-05-27,82.66,82.68,82.59,82.63,55.4449144349035,79100,0,1
2003-05-28,82.61,82.69,82.6,82.68,55.4784645465063,51200,0,1
2003-05-29,82.69,82.73,82.65,82.71,55.498594613468,57400,0,1
2003-05-30,82.68,82.69,82.62,82.68,55.4784645465063,191900,0,1
2003-06-02,82.54,82.57,82.5,82.53,55.4497456509743,100300,0.1072,1
2003-06-03,82.6,82.73,82.57,82.69,55.5572454607908,52700,0,1
2003-06-04,82.78,82.78,82.71,82.76,55.6042766275855,104100,0,1
2003-06-05,82.75,82.8,82.67,82.71,55.5706829370178,96100,0,1
2003-06-06,82.62,82.7,82.6,82.69,55.5572454607908,156100,0,1
2003-06-09,82.77,82.8,82.72,82.8,55.6311515800396,105900,0,1
2003-06-10,82.85,82.89,82.8,82.89,55.6916202230614,49100,0,1
2003-06-11,82.88,82.88,82.81,82.83,55.6513077943802,147300,0,1
2003-06-12,82.85,82.92,82.81,82.88,55.6849014849479,208400,0,1
2003-06-13,82.92,82.98,82.87,82.95,55.7319326517426,115700,0,1
2003-06-16,82.93,82.94,82.82,82.85,55.6647452706073,141300,0,1
2003-06-17,82.8,82.8,82.71,82.73,55.5841204132449,163700,0,1
2003-06-18,82.73,82.8,82.71,82.74,55.5908391513584,106600,0,1
2003-06-19,82.81,82.87,82.76,82.82,55.6445890562667,145300,0,1
2003-06-20,82.8,82.84,82.77,82.8,55.6311515800396,87900,0,1
2003-06-23,82.85,82.88,82.81,82.88,55.6849014849479,84900,0,1
2003-06-24,82.92,82.95,82.87,82.94,55.7252139136291,211300,0,1
2003-06-25,83.03,83.04,82.72,82.77,55.610995365699,818400,0,1
2003-06-26,82.76,82.76,82.56,82.62,55.5102142939961,177200,0,1
2003-06-27,82.65,82.65,82.52,82.64,55.5236517702231,137300,0,1
2003-06-30,82.59,82.72,82.59,82.71,55.5706829370178,225300,0,1
2003-07-01,82.57,82.69,82.55,82.61,55.5720266846406,105900,0.102,1
2003-07-02,82.55,82.66,82.51,82.65,55.5989348200647,72100,0,1
2003-07-03,82.68,82.68,82.56,82.56,55.5383915153604,160900,0,1
2003-07-07,82.56,82.56,82.5,82.54,55.5249374476484,109500,0,1
2003-07-08,82.52,82.57,82.47,82.51,55.5047563460803,108700,0,1
2003-07-09,82.51,82.58,82.51,82.53,55.5182104137923,66600,0,1
2003-07-10,82.54,82.61,82.54,82.6,55.5652996507845,282900,0,1
2003-07-11,82.54,82.66,82.54,82.63,55.5854807523526,47700,0,1
2003-07-14,82.63,82.65,82.55,82.56,55.5383915153604,134100,0,1
2003-07-15,82.55,82.58,82.41,82.46,55.4711211768001,136700,0,1
2003-07-16,82.38,82.49,82.37,82.47,55.4778482106562,104100,0,1
2003-07-17,82.44,82.47,82.39,82.42,55.444213041376,84900,0,1
2003-07-18,82.45,82.47,82.38,82.41,55.43748600752,116000,0,1
2003-07-21,82.36,82.4,82.25,82.27,55.3433075335356,96000,0,1
2003-07-22,82.32,82.36,82.28,82.35,55.3971238043838,146900,0,1
2003-07-23,82.43,82.47,82.39,82.39,55.424031939808,221600,0,1
2003-07-24,82.34,82.42,82.34,82.38,55.4173049059519,111900,0,1
2003-07-25,82.38,82.47,82.38,82.42,55.444213041376,86500,0,1
2003-07-28,82.31,82.37,82.3,82.31,55.3702156689597,86400,0,1
2003-07-29,82.3,82.44,82.21,82.24,55.3231264319675,120500,0,1
2003-07-30,82.29,82.38,82.27,82.28,55.3500345673917,59000,0,1
2003-07-31,82.24,82.27,82.03,82.19,55.2894912626874,130700,0,1
2003-08-01,81.9,82.1,81.88,82,55.2302933647544,276500,0.102,1
2003-08-04,81.98,82.17,81.98,82.13,55.3178535859424,127300,0,1
2003-08-05,82.16,82.16,81.9,81.98,55.2168225614947,124500,0,1
2003-08-06,81.94,82.1,81.94,82.06,55.2707057745335,80000,0,1
2003-08-07,82.12,82.15,82.02,82.15,55.3313243892021,99100,0,1
2003-08-08,82.2,82.26,82.14,82.17,55.3447951924618,187100,0,1
2003-08-11,82.14,82.14,82.03,82.06,55.2707057745335,84800,0,1
2003-08-12,82.1,82.21,82.05,82.2,55.3650013973513,46100,0,1
2003-08-13,82.09,82.11,82,82.04,55.2572349712738,83200,0,1
2003-08-14,81.97,82.04,81.94,82.02,55.2437641680141,134600,0,1
2003-08-15,82.1,82.2,82.05,82.08,55.2841765777932,21100,0,1
2003-08-18,82.05,82.08,82.01,82.07,55.2774411761633,134100,0,1
2003-08-19,82.04,82.17,81.98,82.17,55.3447951924618,88900,0,1
2003-08-20,82.14,82.18,82.06,82.11,55.3043827826827,81200,0,1
2003-08-21,82.08,82.1,81.88,81.99,55.2235579631245,99200,0,1
2003-08-22,81.91,82.02,81.88,81.97,55.2100871598648,174500,0,1
2003-08-25,82,82.01,81.91,81.93,55.1831455533454,77100,0,1
2003-08-26,81.92,82.02,81.88,82.02,55.2437641680141,350400,0,1
2003-08-27,82.03,82.03,81.9,81.94,55.1898809549753,43300,0,1
2003-08-28,82.02,82.11,81.99,82.06,55.2707057745335,91000,0,1
2003-08-29,82.07,82.07,81.99,82.05,55.2639703729036,156800,0,1
2003-09-02,81.86,81.91,81.82,81.84,55.1921709915294,378800,0.1034,1
2003-09-03,81.85,81.9,81.83,81.9,55.2326344599983,117700,0,1
2003-09-04,81.94,82.05,81.92,82.01,55.3068174855245,79900,0,1
2003-09-05,82.22,82.3,82.15,82.29,55.4956470050459,66800,0,1
2003-09-08,82.23,82.4,82.19,82.19,55.4282078909311,194400,0,1
2003-09-09,82.28,82.33,82.2,82.33,55.5226226506918,102100,0,1
2003-09-10,82.35,82.42,82.31,82.38,55.5563422077492,91000,0,1
2003-09-11,82.32,82.36,82.3,82.32,55.5158787392803,75800,0,1
2003-09-12,82.45,82.49,82.37,82.39,55.5630861191607,222200,0,1
2003-09-15,82.4,82.48,82.35,82.47,55.6170374104525,66200,0,1
2003-09-16,82.5,82.5,82.39,82.48,55.623781321864,102200,0,1
2003-09-17,82.47,82.53,82.42,82.47,55.6170374104525,86400,0,1
2003-09-18,82.45,82.45,82.35,82.39,55.5630861191607,192800,0,1
2003-09-19,82.38,82.41,82.32,82.39,55.5630861191607,59500,0,1
2003-09-22,82.37,82.43,82.29,82.42,55.5833178533951,86700,0,1
2003-09-23,82.39,82.44,82.34,82.44,55.5968056762181,265000,0,1
2003-09-24,82.41,82.51,82.37,82.49,55.6305252332754,62400,0,1
2003-09-25,82.49,82.53,82.45,82.5,55.6372691446869,103100,0,1
2003-09-26,82.52,82.6,82.48,82.6,55.7047082588017,76100,0,1
2003-09-29,82.59,82.61,82.53,82.56,55.6777326131558,159300,0,1
2003-09-30,82.62,82.73,82.58,82.73,55.7923791071509,92900,0,1
2003-10-01,82.62,82.68,82.6,82.65,55.8009438746435,115000,0.0927,1
2003-10-02,82.55,82.66,82.53,82.65,55.8009438746435,93500,0,1
2003-10-03,82.44,82.47,82.38,82.44,55.6591628920219,134300,0,1
2003-10-06,82.38,82.51,82.38,82.5,55.6996717441995,98900,0,1
2003-10-07,82.5,82.5,82.4,82.42,55.645659941296,171400,0,1
2003-10-08,82.4,82.49,82.4,82.42,55.645659941296,71900,0,1
2003-10-09,82.36,82.41,82.35,82.41,55.6389084659331,143600,0,1
2003-10-10,82.48,82.49,82.41,82.46,55.6726658427477,212200,0,1
2003-10-13,82.45,82.47,82.4,82.47,55.6794173181107,165500,0,1
2003-10-14,82.37,82.42,82.34,82.39,55.6254055152072,59900,0,1
2003-10-15,82.3,82.32,82.26,82.29,55.5578907615779,82300,0,1
2003-10-16,82.33,82.34,82.07,82.1,55.4296127296821,121800,0,1
2003-10-17,82.12,82.2,82.08,82.2,55.4971274833115,118200,0,1
2003-10-20,82.14,82.25,82.1,82.21,55.5038789586744,185700,0,1
2003-10-21,82.26,82.28,82.19,82.23,55.5173819094003,126400,0,1
2003-10-22,82.26,82.36,82.22,82.32,55.5781451876667,95300,0,1
2003-10-23,82.31,82.34,82.23,82.3,55.5646422369408,102000,0,1
2003-10-24,82.35,82.41,82.3,82.4,55.6321569905701,70700,0,1
2003-10-27,82.35,82.36,82.3,82.31,55.5713937123037,120100,0,1
2003-10-28,82.25,82.47,82.22,82.45,55.6659143673848,97600,0,1
2003-10-29,82.38,82.5,82.34,82.36,55.6051510891184,216500,0,1
2003-10-30,82.28,82.32,82.24,82.29,55.5578907615779,117500,0,1
2003-10-31,82.32,82.35,82.28,82.3,55.5646422369408,73900,0,1
2003-11-03,82.13,82.17,82.07,82.14,55.5312899486479,378300,0.1106,1
2003-11-04,82.15,82.21,82.15,82.2,55.5718533452503,89900,0,1
2003-11-05,82.2,82.21,82.08,82.12,55.5177688164471,309100,0,1
2003-11-06,82.02,82.06,82,82.03,55.4569237215436,120900,0,1
2003-11-07,81.92,81.98,81.89,81.96,55.4095997588408,81900,0,1
2003-11-10,82,82.03,81.91,81.98,55.4231208910416,180300,0,1
2003-11-11,81.9,81.99,81.89,81.98,55.4231208910416,167300,0,1
2003-11-12,82.01,82.03,81.98,82.03,55.4569237215436,66200,0,1
2003-11-13,82.15,82.21,82.1,82.21,55.5786139113507,83800,0,1
2003-11-14,82.25,82.31,82.2,82.31,55.6462195723546,110200,0,1
2003-11-17,82.34,82.4,82.32,82.36,55.6800224028566,93000,0,1
2003-11-18,82.28,82.37,82.25,82.37,55.686782968957,102300,0,1
2003-11-19,82.39,82.4,82.22,82.22,55.5853744774511,125300,0,1
2003-11-20,82.38,82.38,82.26,82.38,55.6935435350574,102200,0,1
2003-11-21,82.35,82.43,82.33,82.35,55.6732618367562,111100,0,1
2003-11-24,82.3,82.31,82.21,82.24,55.5988956096519,99300,0,1
2003-11-25,82.27,82.35,82.23,82.33,55.6597407045554,165400,0,1
2003-11-26,82.27,82.3,82.2,82.24,55.5988956096519,150100,0,1
2003-11-28,82.16,82.16,82.11,82.14,55.5312899486479,57800,0,1
2003-12-01,81.94,81.95,81.86,81.92,55.4557744253065,158100,0.1083,1
2003-12-02,81.97,82.01,81.87,82.01,55.5166999587327,220300,0,1
2003-12-03,82.01,82.05,81.91,81.94,55.4693134327345,254000,0,1
2003-12-04,81.98,82.04,81.94,82.02,55.5234694624468,76600,0,1
2003-12-05,82.24,82.31,82.18,82.28,55.6994765590115,105300,0,1
2003-12-08,82.28,82.28,82.18,82.19,55.6385510255852,110300,0,1
2003-12-09,82.26,82.3,82.04,82.14,55.6047035070151,92300,0,1
2003-12-10,82.22,82.25,82.15,82.24,55.6723985441553,489600,0,1
2003-12-11,82.21,82.43,82.17,82.41,55.7874801072938,214900,0,1
2003-12-12,82.45,82.49,82.35,82.39,55.7739410998658,113700,0,1
2003-12-15,82.37,82.42,82.3,82.37,55.7604020924377,139300,0,1
2003-12-16,82.39,82.42,82.32,82.42,55.7942496110078,107800,0,1
2003-12-17,82.48,82.49,82.39,82.43,55.8010191147219,130900,0,1
2003-12-18,82.41,82.45,82.33,82.45,55.8145581221499,134000,0,1
2003-12-19,82.41,82.5,82.37,82.47,55.828097129578,97400,0,1
2003-12-22,82.5,82.51,82.37,82.42,55.7942496110078,81700,0,1
2003-12-23,82.4,82.4,82.27,82.29,55.7062460627255,121500,0,1
2003-12-24,82.42,82.48,82.4,82.48,55.834866633292,97600,0,1
2003-12-26,82.53,82.55,82.5,82.55,55.8822531592902,151300,0,1
2003-12-29,82.52,82.52,82.43,82.44,55.8077886184359,101300,0,1
2003-12-30,82.44,82.53,82.41,82.48,55.834866633292,97000,0,1
2003-12-31,82.39,82.48,82.35,82.47,55.9066910676978,191000,0.1161,1
2004-01-02,82.37,82.37,82.2,82.27,55.7711103933491,142700,0,1
2004-01-05,82.25,82.28,82.2,82.28,55.7778894270665,272400,0,1
2004-01-06,82.29,82.43,82.29,82.38,55.8456797642409,243500,0,1
2004-01-07,82.4,82.47,82.37,82.44,55.8863539665455,115400,0,1
2004-01-08,82.42,82.46,82.4,82.45,55.8931330002629,104200,0,1
2004-01-09,82.63,82.7,82.6,82.65,56.0287136746117,196600,0,1
2004-01-12,82.67,82.77,82.64,82.7,56.0626088431989,116900,0,1
2004-01-13,82.7,82.8,82.66,82.8,56.1303991803732,160000,0,1
2004-01-14,82.75,82.81,82.71,82.72,56.0761669106337,252400,0,1
2004-01-15,82.7,82.73,82.66,82.71,56.0693878769163,279800,0,1
2004-01-16,82.72,82.76,82.65,82.65,56.0287136746117,111700,0,1
2004-01-20,82.67,82.72,82.62,82.69,56.0558298094814,288600,0,1
2004-01-21,82.69,82.74,82.67,82.74,56.0897249780686,267700,0,1
2004-01-22,82.74,82.8,82.7,82.8,56.1303991803732,237500,0,1
2004-01-23,82.8,82.83,82.66,82.68,56.049050775764,113100,0,1
2004-01-26,82.7,82.7,82.62,82.62,56.0083765734594,421700,0,1
2004-01-27,82.63,82.74,82.63,82.72,56.0761669106337,137100,0,1
2004-01-28,82.74,82.8,82.31,82.51,55.9338072025676,221000,0,1
2004-01-29,82.53,82.53,82.42,82.53,55.9473652700024,353000,0,1
2004-01-30,82.58,82.59,82.51,82.57,55.9744814048722,108400,0,1
2004-02-02,82.46,82.51,82.42,82.48,55.9942083929899,240100,0.1191,1
2004-02-03,82.48,82.56,82.48,82.56,56.0485189733905,148600,0,1
2004-02-04,82.53,82.55,82.5,82.51,56.0145748606401,94100,0,1
2004-02-05,82.53,82.55,82.41,82.45,55.9738419253397,256600,0,1
2004-02-06,82.59,82.59,82.54,82.58,56.0620966184906,177600,0,1
2004-02-09,82.5,82.61,82.5,82.61,56.0824630861409,96000,0,1
2004-02-10,82.57,82.57,82.5,82.5,56.0077860380901,236500,0,1
2004-02-11,82.47,82.7,82.47,82.63,56.096040731241,510900,0,1
2004-02-12,82.66,82.68,82.62,82.66,56.1164071988912,167400,0,1
2004-02-13,82.72,82.78,82.69,82.78,56.1978730694921,133900,0,1
2004-02-17,82.74,82.75,82.69,82.71,56.1503513116416,129700,0,1
2004-02-18,82.78,82.78,82.69,82.72,56.1571401341916,122100,0,1
2004-02-19,82.7,82.76,82.68,82.76,56.1842954243919,153200,0,1
2004-02-20,82.72,82.72,82.64,82.67,56.1231960214413,124900,0,1
2004-02-23,82.7,82.76,82.68,82.75,56.1775066018419,133500,0,1
2004-02-24,82.76,82.8,82.72,82.76,56.1842954243919,156300,0,1
2004-02-25,82.8,82.82,82.76,82.82,56.2250283596924,119900,0,1
2004-02-26,82.8,82.82,82.76,82.79,56.2046618920421,227000,0,1
2004-02-27,82.8,82.85,82.79,82.85,56.2453948273426,148600,0,1
2004-03-01,82.74,82.74,82.65,82.71,56.2272686711339,175900,0.1133,1
2004-03-02,82.69,82.69,82.57,82.63,56.1728836935775,218800,0,1
2004-03-03,82.55,82.61,82.51,82.57,56.1320949604102,188400,0,1
2004-03-04,82.59,82.65,82.54,82.64,56.179681815772,191500,0,1
2004-03-05,82.88,82.89,82.82,82.82,56.3020480152739,451000,0,1
2004-03-08,82.94,82.96,82.89,82.95,56.3904236038031,152600,0,1
2004-03-09,82.95,83,82.91,83,56.4244142147759,114500,0,1
2004-03-10,82.93,82.99,82.92,82.95,56.3904236038031,251200,0,1
2004-03-11,83.02,83.03,82.9,83.02,56.438010459165,162900,0,1
2004-03-12,83,83.02,82.93,82.96,56.3972217259977,133200,0,1
2004-03-15,82.95,82.97,82.89,82.92,56.3700292372195,141700,0,1
2004-03-16,82.92,83.03,82.87,82.98,56.4108179703868,165600,0,1
2004-03-17,83.04,83.04,82.97,82.98,56.4108179703868,147100,0,1
2004-03-18,82.98,83.02,82.91,82.95,56.3904236038031,455600,0,1
2004-03-19,82.98,83,82.93,82.98,56.4108179703868,127500,0,1
2004-03-22,82.99,83.03,82.97,83.03,56.4448085813595,233300,0,1
2004-03-23,83.02,83.05,83,83.05,56.4584048257486,208200,0,1
2004-03-24,83.06,83.07,83.02,83.07,56.4720010701377,245900,0,1
2004-03-25,83.05,83.07,83,83.06,56.4652029479432,181500,0,1
2004-03-26,83.08,83.08,82.94,82.98,56.4108179703868,344100,0,1
2004-03-29,82.87,82.92,82.86,82.92,56.3700292372195,174200,0,1
2004-03-30,82.95,82.96,82.88,82.91,56.3632311150249,190300,0,1
2004-03-31,82.92,82.99,82.92,82.97,56.4040198481922,179400,0,1
2004-04-01,82.83,82.83,82.74,82.75,56.3359706450248,270900,0.1199,1
2004-04-02,82.46,82.64,82.42,82.46,56.1385394488065,412100,0,1
2004-04-05,82.42,82.43,82.38,82.38,56.0840756705395,291000,0,1
2004-04-06,82.44,82.51,82.43,82.48,56.1521553933733,125900,0,1
2004-04-07,82.49,82.54,82.46,82.5,56.1657713379401,134300,0,1
2004-04-08,82.43,82.51,82.42,82.5,56.1657713379401,146500,0,1
2004-04-12,82.42,82.46,82.38,82.42,56.111307559673,233600,0,1
2004-04-13,82.34,82.36,82.27,82.31,56.0364198645558,181500,0,1
2004-04-14,82.19,82.21,82.12,82.17,55.9411082525883,291200,0,1
2004-04-15,82.22,82.23,82.13,82.22,55.9751481140053,209300,0,1
2004-04-16,82.35,82.35,82.28,82.33,56.0500358091225,133100,0,1
2004-04-19,82.35,82.35,82.23,82.23,55.9819560862887,438900,0,1
2004-04-20,82.25,82.28,82.04,82.04,55.8526046129043,185400,0,1
2004-04-21,82.04,82.18,82.04,82.05,55.8594125851877,145200,0,1
2004-04-22,82.15,82.17,82.1,82.17,55.9411082525883,334000,0,1
2004-04-23,82.09,82.09,81.97,82,55.8253727237708,256800,0,1
2004-04-26,82.02,82.02,81.97,82.01,55.8321806960542,1060700,0,1
2004-04-27,82.01,82.11,81.99,82.11,55.900260418888,978500,0,1
2004-04-28,82.08,82.08,81.94,81.94,55.7845248900704,229400,0,1
2004-04-29,81.97,82.04,81.89,81.93,55.7777169177871,1179200,0,1
2004-04-30,81.99,82.02,81.93,81.97,55.8049488069206,114700,0,1
2004-05-03,81.83,81.89,81.81,81.89,55.8294575071408,143000,0.116,1
2004-05-04,81.96,82.04,81.82,81.87,55.8158222751205,248800,0,1
2004-05-05,81.96,81.96,81.84,81.84,55.79536942709,123400,0,1
2004-05-06,81.89,81.89,81.78,81.82,55.7817341950697,574000,0,1
2004-05-07,81.6,81.6,81.46,81.48,55.5499352507245,733300,0,1
2004-05-10,81.6,81.6,81.49,81.52,55.5772057147651,382200,0,1
2004-05-11,81.5,81.57,81.32,81.53,55.5840233307753,192400,0,1
2004-05-12,81.6,81.6,81.52,81.55,55.5976585627956,260000,0,1
2004-05-13,81.5,81.55,81.46,81.51,55.570388098755,200200,0,1
2004-05-14,81.52,81.64,81.52,81.64,55.659017106887,259600,0,1
2004-05-17,81.76,81.76,81.69,81.75,55.7340108829987,206600,0,1
2004-05-18,81.71,81.71,81.63,81.67,55.6794699549174,210500,0,1
2004-05-19,81.63,81.63,81.56,81.63,55.6521994908768,165000,0,1
2004-05-20,81.65,81.72,81.63,81.67,55.6794699549174,102200,0,1
2004-05-21,81.75,81.76,81.63,81.67,55.6794699549174,226400,0,1
2004-05-24,81.68,81.69,81.62,81.69,55.6931051869377,180700,0,1
2004-05-25,81.68,81.74,81.66,81.69,55.6931051869377,158200,0,1
2004-05-26,81.72,81.84,81.72,81.84,55.79536942709,143800,0,1
2004-05-27,81.85,81.9,81.82,81.88,55.8226398911306,275000,0,1
2004-05-28,81.88,81.88,81.78,81.85,55.8021870431002,153400,0,1
2004-06-01,81.63,81.67,81.55,81.61,55.7227618165819,117700,0.1235,1
2004-06-02,81.56,81.59,81.51,81.56,55.6886221512121,166400,0,1
2004-06-03,81.57,81.6,81.54,81.58,55.70227801736,158500,0,1
2004-06-04,81.54,81.54,81.45,81.45,55.6135148873986,303000,0,1
2004-06-07,81.46,81.52,81.42,81.48,55.6339986866204,119300,0,1
2004-06-08,81.48,81.49,81.41,81.49,55.6408266196944,184300,0,1
2004-06-09,81.44,81.44,81.33,81.36,55.5520634897329,419300,0,1
2004-06-10,81.36,81.38,81.29,81.35,55.545235556659,349900,0,1
2004-06-14,81.28,81.28,81.14,81.14,55.4018489621058,141200,0,1
2004-06-15,81.33,81.46,81.3,81.41,55.5862031551027,569800,0,1
2004-06-16,81.38,81.43,81.35,81.35,55.545235556659,180200,0,1
2004-06-17,81.31,81.45,81.28,81.45,55.6135148873986,181000,0,1
2004-06-18,81.43,81.48,81.4,81.4,55.5793752220288,184000,0,1
2004-06-21,81.48,81.5,81.44,81.458,55.6189772338577,115800,0,1
2004-06-22,81.47,81.5,81.42,81.49,55.6408266196944,101900,0,1
2004-06-23,81.46,81.53,81.43,81.51,55.6544824858423,258200,0,1
2004-06-24,81.61,81.63,81.54,81.59,55.709105950434,161500,0,1
2004-06-25,81.53,81.6,81.53,81.6,55.7159338835079,252000,0,1
2004-06-28,81.51,81.51,81.4,81.41,55.5862031551027,193700,0,1
2004-06-29,81.4,81.5,81.39,81.49,55.6408266196944,191100,0,1
2004-06-30,81.53,81.71,81.48,81.71,55.7910411473215,130900,0,1
2004-07-01,81.49,81.65,81.48,81.58,55.8029217508702,632000,0.1474,1
2004-07-02,81.78,81.86,81.73,81.8,55.9534076884185,164900,0,1
2004-07-06,81.8,81.8,81.71,81.78,55.9397271486414,203300,0,1
2004-07-07,81.81,81.81,81.75,81.79,55.94656741853,206500,0,1
2004-07-08,81.82,81.85,81.78,81.82,55.9670882281956,259600,0,1
2004-07-09,81.85,81.86,81.79,81.82,55.9670882281956,250200,0,1
2004-07-12,81.88,81.88,81.82,81.85,55.9876090378613,285500,0,1
2004-07-13,81.79,81.81,81.73,81.79,55.94656741853,204800,0,1
2004-07-14,81.79,81.8,81.73,81.76,55.9260466088643,99800,0,1
2004-07-15,81.75,81.78,81.71,81.76,55.9260466088643,232400,0,1
2004-07-16,81.87,81.92,81.83,81.92,56.0354909270812,181100,0,1
2004-07-19,81.92,81.92,81.86,81.88,56.008129847527,178900,0,1
2004-07-20,81.82,81.88,81.7,81.73,55.9055257991986,137500,0,1
2004-07-21,81.71,81.71,81.63,81.71,55.8918452594215,171400,0,1
2004-07-22,81.74,81.76,81.69,81.73,55.9055257991986,117100,0,1
2004-07-23,81.76,81.77,81.72,81.73,55.9055257991986,138700,0,1
2004-07-26,81.73,81.73,81.65,81.67,55.8644841798672,156000,0,1
2004-07-27,81.68,81.69,81.56,81.6,55.8166022906473,117500,0,1
2004-07-28,81.59,81.67,81.54,81.65,55.8508036400901,74400,0,1
2004-07-29,81.61,81.71,81.61,81.67,55.8644841798672,198500,0,1
2004-07-30,81.79,81.82,81.75,81.79,55.94656741853,102200,0,1
2004-08-02,81.72,81.74,81.66,81.71,55.9896611188279,212200,0.143,1
2004-08-03,81.69,81.75,81.65,81.73,56.0033656008053,280700,0,1
2004-08-04,81.73,81.78,81.7,81.72,55.9965133598166,82900,0,1
2004-08-05,81.76,81.79,81.72,81.77,56.0307745647602,480600,0,1
2004-08-06,82.13,82.15,82.02,82.06,56.2294895534331,632300,0,1
2004-08-09,82.09,82.09,82.01,82.05,56.2226373124443,212400,0,1
2004-08-10,82.05,82.06,81.85,81.85,56.08559249267,163000,0,1
2004-08-11,81.9,81.98,81.89,81.98,56.1746716255233,180000,0,1
2004-08-12,81.96,82.01,81.91,82,56.1883761075008,110700,0,1
2004-08-13,82.07,82.09,82.03,82.08,56.2431940354105,117100,0,1
2004-08-16,82,82.06,81.97,82.06,56.2294895534331,97600,0,1
2004-08-17,82.11,82.14,82.06,82.14,56.2843074813428,197400,0,1
2004-08-18,82.19,82.2,82.1,82.12,56.2706029993654,192000,0,1
2004-08-19,82.08,82.17,82.08,82.17,56.304864204309,265400,0,1
2004-08-20,82.16,82.17,82.09,82.12,56.2706029993654,132500,0,1
2004-08-23,82.08,82.08,82.04,82.05,56.2226373124443,98600,0,1
2004-08-24,82.04,82.09,81.99,82.09,56.2500462763992,188000,0,1
2004-08-25,82.11,82.14,82.03,82.06,56.2294895534331,114800,0,1
2004-08-26,82.1,82.14,82.06,82.14,56.2843074813428,111400,0,1
2004-08-27,82.14,82.16,82.09,82.11,56.2637507583767,90500,0,1
2004-08-30,82.11,82.16,82.1,82.13,56.2774552403541,66100,0,1
2004-08-31,82.18,82.28,82.14,82.25,56.3596821322187,100200,0,1
2004-09-01,82.15,82.15,82.04,82.14,56.3744144503445,285100,0.1315,1
2004-09-02,82.1,82.1,82.01,82.01,56.2851927084581,133700,0,1
2004-09-03,81.94,81.94,81.82,81.9,56.2096973884005,435400,0,1
2004-09-07,81.89,81.91,81.85,81.9,56.2096973884005,126900,0,1
2004-09-08,81.86,82.05,81.84,82.02,56.2920559193725,86800,0,1
2004-09-09,82.05,82.08,82,82.03,56.2989191302868,94500,0,1
2004-09-10,82.11,82.11,82.026,82.05,56.3126455521155,79600,0,1
2004-09-13,82.03,82.07,82.01,82.06,56.3195087630298,87000,0,1
2004-09-14,82,82.12,82,82.08,56.3332351848585,140200,0,1
2004-09-15,82.08,82.1,82.02,82.03,56.2989191302868,203000,0,1
2004-09-16,82.04,82.2,82.04,82.17,56.3950040830875,341400,0,1
2004-09-17,82.17,82.18,82.07,82.07,56.3263719739441,165600,0,1
2004-09-20,82.16,82.2,82.11,82.2,56.4155937158305,1060900,0,1
2004-09-21,82.17,82.18,82.05,82.08,56.3332351848585,133600,0,1
2004-09-22,82.12,82.17,82.07,82.16,56.3881408721732,153900,0,1
2004-09-23,82.21,82.21,82.01,82.06,56.3195087630298,441400,0,1
2004-09-24,82,82.03,81.95,82.01,56.2851927084581,194100,0,1
2004-09-27,82.08,82.09,82.03,82.06,56.3195087630298,105900,0,1
2004-09-28,82.1,82.13,82.06,82.11,56.3538248176015,282800,0,1
2004-09-29,82.06,82.06,81.98,82.01,56.2851927084581,117100,0,1
2004-09-30,81.96,82.05,81.92,82.04,56.3057823412011,228200,0,1
2004-10-01,81.88,81.9,81.8,81.85,56.2660443500071,451800,0.1321,1
2004-10-04,81.8,81.87,81.8,81.86,56.2729186376492,98800,0,1
2004-10-05,81.88,81.9,81.84,81.87,56.2797929252912,168200,0,1
2004-10-06,81.89,81.89,81.8,81.8,56.231672911797,133600,0,1
2004-10-07,81.82,81.83,81.74,81.77,56.2110500488709,160400,0,1
2004-10-08,82,82.02,81.95,81.98,56.3554100893535,137900,0,1
2004-10-11,82.02,82.04,81.98,82.04,56.3966558152057,64800,0,1
2004-10-12,82.01,82.07,82.01,82.06,56.4104043904898,162700,0,1
2004-10-13,82.02,82.12,82,82.12,56.4516501163419,130600,0,1
2004-10-14,82.13,82.18,82.09,82.14,56.465398691626,180400,0,1
2004-10-15,82.11,82.13,82,82.11,56.4447758286999,221900,0,1
2004-10-18,82.09,82.12,82.06,82.12,56.4516501163419,149000,0,1
2004-10-19,82.03,82.1,82.02,82.09,56.4310272534158,297400,0,1
2004-10-20,82.1,82.16,82.09,82.16,56.47914726691,164000,0,1
2004-10-21,82.14,82.17,82.06,82.06,56.4104043904898,161300,0,1
2004-10-22,82.1,82.14,82.07,82.14,56.465398691626,106700,0,1
2004-10-25,82.2,82.2,82.14,82.17,56.4860215545521,120600,0,1
2004-10-26,82.19,82.19,82.13,82.16,56.47914726691,121300,0,1
2004-10-27,82.16,82.19,82.03,82.05,56.4035301028477,263400,0,1
2004-10-28,82.07,82.11,82.01,82.08,56.4241529657738,102800,0,1
2004-10-29,82.13,82.15,82.07,82.15,56.472272979268,181800,0,1
2004-11-01,81.99,82.02,81.92,81.96,56.4363891977766,237800,0.1378,1
2004-11-02,81.97,82,81.9,82,56.4639325795227,303600,0,1
2004-11-03,81.9,81.99,81.86,81.99,56.4570467340862,232000,0,1
2004-11-04,81.96,82,81.88,81.92,56.4088458160305,279700,0,1
2004-11-05,81.75,81.78,81.69,81.71,56.2642430618634,335100,0,1
2004-11-08,81.71,81.72,81.62,81.67,56.2366996801173,224400,0,1
2004-11-09,81.73,81.74,81.68,81.73,56.2780147527365,198700,0,1
2004-11-10,81.7,81.72,81.62,81.63,56.2091562983712,170600,0,1
2004-11-11,81.66,81.73,81.6,81.69,56.2504713709904,121500,0,1
2004-11-12,81.69,81.73,81.64,81.67,56.2366996801173,179500,0,1
2004-11-15,81.68,81.7,81.61,81.67,56.2366996801173,210300,0,1
2004-11-16,81.6,81.65,81.59,81.61,56.1953846074982,143600,0,1
2004-11-17,81.66,81.73,81.63,81.73,56.2780147527365,122300,0,1
2004-11-18,81.7,81.72,81.65,81.72,56.2711289073,287700,0,1
2004-11-19,81.69,81.7,81.56,81.59,56.1816129166251,209400,0,1
2004-11-22,81.62,81.63,81.57,81.61,56.1953846074982,466700,0,1
2004-11-23,81.6,81.66,81.55,81.6,56.1884987620616,262600,0,1
2004-11-24,81.59,81.62,81.55,81.59,56.1816129166251,184200,0,1
2004-11-26,81.51,81.55,81.5,81.51,56.1265261531329,138700,0,1
2004-11-29,81.5,81.52,81.47,81.52,56.1334119985694,144100,0,1
2004-11-30,81.51,81.6,81.51,81.54,56.1471836894425,398000,0,1
2004-12-01,81.52,81.52,81.42,81.45,56.1850558393434,188300,0.145,1
2004-12-02,81.4,81.44,81.34,81.42,56.1643615278003,227800,0,1
2004-12-03,81.59,81.64,81.57,81.6,56.2885273970586,418300,0,1
2004-12-06,81.58,81.63,81.54,81.61,56.2954255009062,197200,0,1
2004-12-07,81.59,81.61,81.51,81.61,56.2954255009062,516500,0,1
2004-12-08,81.55,81.67,81.55,81.64,56.3161198124493,141300,0,1
2004-12-09,81.64,81.7,81.59,81.63,56.3092217086016,263600,0,1
2004-12-10,81.65,81.66,81.6,81.64,56.3161198124493,245900,0,1
2004-12-13,81.6,81.64,81.54,81.58,56.2747311893632,237400,0,1
2004-12-14,81.59,81.64,81.53,81.6,56.2885273970586,300400,0,1
2004-12-15,81.65,81.68,81.61,81.68,56.34371222784,325700,0,1
2004-12-16,81.63,81.67,81.53,81.59,56.2816292932109,326100,0,1
2004-12-17,81.52,81.6,81.52,81.56,56.2609349816678,92700,0,1
2004-12-20,81.59,81.61,81.51,81.56,56.2609349816678,260100,0,1
2004-12-21,81.55,81.58,81.52,81.57,56.2678330855155,283300,0,1
2004-12-22,81.57,81.59,81.53,81.57,56.2678330855155,709900,0,1
2004-12-23,81.63,81.63,81.54,81.55,56.2540368778202,417600,0,1
2004-12-27,81.54,81.57,81.47,81.5,56.2195463585818,142900,0,1
2004-12-28,81.51,81.56,81.48,81.53,56.2402406701248,243500,0,1
2004-12-29,81.56,81.56,81.48,81.52,56.2333425662771,214600,0,1
2004-12-30,81.52,81.59,81.49,81.55,56.2540368778202,208000,0,1
2004-12-31,81.45,81.47,81.41,81.43,56.2774214498638,170600,0.1539,1
2005-01-03,81.37,81.45,81.37,81.44,56.284332590899,370200,0,1
2005-01-04,81.41,81.42,81.26,81.26,56.1599320522649,425300,0,1
2005-01-05,81.26,81.32,81.24,81.28,56.1737543343354,273500,0,1
2005-01-06,81.3,81.37,81.3,81.32,56.2013988984763,318800,0,1
2005-01-07,81.33,81.34,81.29,81.33,56.2083100395115,142500,0,1
2005-01-10,81.32,81.33,81.26,81.28,56.1737543343354,296100,0,1
2005-01-11,81.32,81.32,81.27,81.3,56.1875766164058,296000,0,1
2005-01-12,81.29,81.37,81.29,81.31,56.1944877574411,126400,0,1
2005-01-13,81.37,81.41,81.34,81.41,56.2635991677933,104500,0,1
2005-01-14,81.35,81.39,81.28,81.37,56.2359546036524,213100,0,1
2005-01-18,81.26,81.34,81.26,81.34,56.2152211805467,167000,0,1
2005-01-19,81.34,81.35,81.28,81.35,56.222132321582,221700,0,1
2005-01-20,81.37,81.43,81.34,81.42,56.2705103088286,156500,0,1
2005-01-21,81.4,81.5,81.4,81.5,56.3257994371104,188000,0,1
2005-01-24,81.49,81.49,81.4,81.45,56.2912437319342,325700,0,1
2005-01-25,81.43,81.43,81.36,81.42,56.2705103088286,219300,0,1
2005-01-26,81.38,81.44,81.37,81.39,56.2497768857229,114100,0,1
2005-01-27,81.37,81.38,81.33,81.37,56.2359546036524,273700,0,1
2005-01-28,81.4,81.45,81.39,81.41,56.2635991677933,101400,0,1
2005-01-31,81.4,81.41,81.34,81.4,56.2566880267581,179500,0,1
2005-02-01,81.24,81.28,81.22,81.25,56.270994088701,215200,0.1707,1
2005-02-02,81.23,81.27,81.2,81.22,56.2502171062683,179400,0,1
2005-02-03,81.15,81.2,81.15,81.18,56.2225144630246,270600,0,1
2005-02-04,81.25,81.3,81.2,81.25,56.270994088701,451400,0,1
2005-02-07,81.24,81.25,81.19,81.23,56.2571427670792,345800,0,1
2005-02-08,81.21,81.23,81.17,81.2,56.2363657846464,154400,0,1
2005-02-09,81.24,81.37,81.24,81.35,56.3402506968102,415000,0,1
2005-02-10,81.34,81.34,81.26,81.29,56.2986967319447,506600,0,1
2005-02-11,81.3,81.32,81.22,81.25,56.270994088701,298600,0,1
2005-02-14,81.25,81.25,81.18,81.21,56.2432914454574,640800,0,1
2005-02-15,81.19,81.24,81.19,81.22,56.2502171062683,261000,0,1
2005-02-16,81.22,81.26,81.14,81.18,56.2225144630246,163100,0,1
2005-02-17,81.18,81.23,81.15,81.22,56.2502171062683,443800,0,1
2005-02-18,81.17,81.19,81.1,81.11,56.1740348373482,199100,0,1
2005-02-22,81.11,81.17,81.11,81.14,56.1948118197809,177600,0,1
2005-02-23,81.14,81.2,81.13,81.13,56.18788615897,727500,0,1
2005-02-24,81.13,81.17,81.08,81.11,56.1740348373482,223400,0,1
2005-02-25,81.11,81.11,81.05,81.07,56.1463321941045,595100,0,1
2005-02-28,81.06,81.08,80.95,81.02,56.1117038900499,502900,0,1
2005-03-01,80.9,80.91,80.82,80.84,56.0999302666714,265100,0.163,1
2005-03-02,80.88,80.93,80.84,80.89,56.1346283927641,390100,0,1
2005-03-03,80.93,80.95,80.87,80.92,56.1554472684197,1341100,0,1
2005-03-04,80.98,80.98,80.91,80.92,56.1554472684197,438000,0,1
2005-03-07,80.9,80.95,80.88,80.89,56.1346283927641,429300,0,1
2005-03-08,80.88,80.89,80.82,80.89,56.1346283927641,242400,0,1
2005-03-09,80.82,80.9,80.82,80.86,56.1138095171085,376400,0,1
2005-03-10,80.87,80.87,80.79,80.8,56.0721717657972,236900,0,1
2005-03-11,80.83,80.83,80.74,80.78,56.0582925153601,758700,0,1
2005-03-14,80.78,80.78,80.724,80.75,56.0374736397045,214900,0,1
2005-03-15,80.76,80.79,80.72,80.72,56.0166547640489,258900,0,1
2005-03-16,80.82,80.88,80.78,80.82,56.0860510162343,376100,0,1
2005-03-17,80.88,80.9,80.82,80.85,56.1068698918899,224400,0,1
2005-03-18,80.85,80.85,80.8,80.81,56.0791113910158,111200,0,1
2005-03-21,80.81,80.86,80.79,80.86,56.1138095171085,1622400,0,1
2005-03-22,80.87,80.92,80.68,80.72,56.0166547640489,1623900,0,1
2005-03-23,80.66,80.72,80.62,80.71,56.0097151388304,216000,0,1
2005-03-24,80.71,80.76,80.67,80.73,56.0235943892675,270500,0,1
2005-03-28,80.69,80.71,80.65,80.69,55.9958358883933,865700,0,1
2005-03-29,80.68,80.75,80.68,80.75,56.0374736397045,263600,0,1
2005-03-30,80.71,80.78,80.71,80.76,56.0444132649231,168300,0,1
2005-03-31,80.8,80.87,80.79,80.87,56.120749142327,189200,0,1
2005-04-01,80.73,80.77,80.65,80.73,56.1554472684197,779200,0.19,1
2005-04-04,80.72,80.78,80.7,80.73,56.1554472684197,543700,0,1
2005-04-05,80.77,80.78,80.71,80.75,56.1693591840071,134500,0,1
2005-04-06,80.78,80.83,80.77,80.81,56.2110949307692,175200,0,1
2005-04-07,80.84,80.86,80.77,80.78,56.1902270573881,294200,0,1
2005-04-08,80.73,80.78,80.72,80.77,56.1832710995944,136900,0,1
2005-04-11,80.75,80.8,80.72,80.77,56.1832710995944,208000,0,1
2005-04-12,80.75,80.88,80.73,80.82,56.2180508885628,140300,0,1
2005-04-13,80.87,80.94,80.85,80.94,56.3015223820871,262800,0,1
2005-04-14,80.95,81.04,80.94,81.01,56.3502140866429,163100,0,1
2005-04-15,81.08,81.14,81.01,81.14,56.4406415379608,292000,0,1
2005-04-18,81.14,81.18,81.08,81.1,56.412817706786,725600,0,1
2005-04-19,81.08,81.22,81.08,81.2,56.4823772847229,1463600,0,1
2005-04-20,81.1,81.2,81.07,81.17,56.4615094113418,496600,0,1
2005-04-21,81.11,81.14,81.01,81.03,56.3641260022302,200900,0,1
2005-04-22,81.12,81.12,81.03,81.05,56.3780379178176,141300,0,1
2005-04-25,81.07,81.07,81.03,81.07,56.391949833405,315100,0,1
2005-04-26,81.08,81.09,80.99,81.05,56.3780379178176,192400,0,1
2005-04-27,81.13,81.15,81.06,81.11,56.4197736645797,479900,0,1
2005-04-28,81.18,81.21,81.14,81.18,56.4684653691355,273700,0,1
2005-04-29,81.15,81.18,81.08,81.1,56.412817706786,428400,0,1
2005-05-02,80.9,80.95,80.87,80.92,56.4197736645797,246600,0.19,1
2005-05-03,80.92,80.98,80.88,80.97,56.4546351164239,303200,0,1
2005-05-04,80.98,81.01,80.94,81,56.4755519875304,621300,0,1
2005-05-05,81.07,81.13,81,81.08,56.531330310481,214600,0,1
2005-05-06,80.93,80.94,80.84,80.9,56.4058290838421,213600,0,1
2005-05-09,80.86,80.87,80.82,80.86,56.3779399223667,118700,0,1
2005-05-10,80.87,80.96,80.86,80.92,56.4197736645797,229200,0,1
2005-05-11,80.99,81.03,80.95,80.97,56.4546351164239,92800,0,1
2005-05-12,80.96,81.01,80.89,81.01,56.4825242778992,216200,0,1
2005-05-13,81.07,81.11,81.03,81.1,56.5452748912187,129900,0,1
2005-05-16,81.13,81.13,81.08,81.08,56.531330310481,129300,0,1
2005-05-17,81.12,81.15,81.08,81.08,56.531330310481,118800,0,1
2005-05-18,81.16,81.21,81.12,81.16,56.5871086334317,302100,0,1
2005-05-19,81.09,81.14,81.04,81.04,56.5034411490057,200900,0,1
2005-05-20,81.08,81.09,81.02,81.04,56.5034411490057,143500,0,1
2005-05-23,81.09,81.12,81.06,81.09,56.5383026008498,1662900,0,1
2005-05-24,81.11,81.14,81.09,81.14,56.573164052694,123700,0,1
2005-05-25,81.21,81.21,81.11,81.17,56.5940809238005,228300,0,1
2005-05-26,81.13,81.15,81.1,81.14,56.573164052694,191400,0,1
2005-05-27,81.12,81.17,81.11,81.17,56.5940809238005,130100,0,1
2005-05-31,81.17,81.24,81.15,81.23,56.6359146660135,164200,0,1
2005-06-01,81.03,81.29,81.03,81.2,56.7471924203,782400,0.1896,1
2005-06-02,81.14,81.19,81.12,81.17,56.7262267088147,401400,0,1
2005-06-03,81.23,81.23,81.06,81.07,56.6563410038636,180400,0,1
2005-06-06,81.1,81.12,81.05,81.11,56.684295285844,1264700,0,1
2005-06-07,81.15,81.15,81.07,81.13,56.6982724268342,190000,0,1
2005-06-08,81.15,81.15,81.076,81.11,56.684295285844,149300,0,1
2005-06-09,81.08,81.08,81.01,81.06,56.6493524333685,338200,0,1
2005-06-10,81.01,81.03,80.95,80.99,56.6004324399027,313900,0,1
2005-06-13,81,81.01,80.95,80.99,56.6004324399027,153100,0,1
2005-06-14,81,81.01,80.97,81.01,56.6144095808929,264200,0,1
2005-06-15,80.99,81.02,80.95,80.99,56.6004324399027,135000,0,1
2005-06-16,80.99,81.06,80.96,81.06,56.6493524333685,379600,0,1
2005-06-17,81.03,81.06,81,81.05,56.6423638628734,887800,0,1
2005-06-20,81.02,81.04,81,81.03,56.6283867218831,211600,0,1
2005-06-21,81.05,81.09,81.02,81.04,56.6353752923782,253700,0,1
2005-06-22,81.16,81.22,81.08,81.22,56.7611695612902,274500,0,1
2005-06-23,81.19,81.21,81.13,81.19,56.7402038498049,198300,0,1
2005-06-24,81.28,81.28,81.21,81.23,56.7681581317854,383000,0,1
2005-06-27,81.25,81.27,81.21,81.26,56.7891238432707,144500,0,1
2005-06-28,81.2,81.23,81.17,81.17,56.7262267088147,189000,0,1
2005-06-29,81.25,81.25,81.15,81.19,56.7402038498049,291500,0,1
2005-06-30,81.25,81.26,81.15,81.24,56.7751467022805,474900,0,1
2005-07-01,81.01,81.01,80.81,80.83,56.6188822660098,206400,0.1864,1
2005-07-05,80.84,80.89,80.81,80.85,56.6328916393281,198600,0,1
2005-07-06,80.83,80.9,80.83,80.9,56.6679150726239,130500,0,1
2005-07-07,80.99,81.01,80.94,80.97,56.7169478792381,151400,0,1
2005-07-08,80.96,80.96,80.86,80.88,56.6539056993056,126300,0,1
2005-07-11,80.86,80.86,80.8,80.82,56.6118775793506,1435900,0,1
2005-07-12,80.85,80.87,80.81,80.82,56.6118775793506,168100,0,1
2005-07-13,80.83,80.86,80.82,80.83,56.6188822660098,404800,0,1
2005-07-14,80.88,80.88,80.81,80.83,56.6188822660098,280300,0,1
2005-07-15,80.81,80.87,80.8,80.84,56.6258869526689,299200,0,1
2005-07-18,80.83,80.84,80.78,80.82,56.6118775793506,309300,0,1
2005-07-19,80.8,80.86,80.78,80.85,56.6328916393281,216100,0,1
2005-07-20,80.83,80.88,80.76,80.84,56.6258869526689,196200,0,1
2005-07-21,80.8,80.84,80.74,80.76,56.5698494593957,322600,0,1
2005-07-22,80.75,80.86,80.75,80.84,56.6258869526689,547000,0,1
2005-07-25,80.8,80.85,80.79,80.81,56.6048728926915,191600,0,1
2005-07-26,80.82,80.83,80.77,80.79,56.5908635193731,207200,0,1
2005-07-27,80.76,80.81,80.76,80.79,56.5908635193731,160000,0,1
2005-07-28,80.77,80.82,80.77,80.8,56.5978682060323,359100,0,1
2005-07-29,80.8,80.8,80.73,80.75,56.5628447727365,1124300,0,1
2005-08-01,80.58,80.58,80.51,80.52,56.5287319487064,273300,0.1813,1
2005-08-02,80.52,80.58,80.5,80.53,56.5357524072196,512700,0,1
2005-08-03,80.54,80.59,80.52,80.56,56.5568137827594,253500,0,1
2005-08-04,80.56,80.62,80.55,80.56,56.5568137827594,230700,0,1
2005-08-05,80.53,80.53,80.45,80.49,56.5076705731666,289400,0,1
2005-08-08,80.49,80.49,80.41,80.41,56.4515069050606,156600,0,1
2005-08-09,80.41,80.5,80.39,80.5,56.5146910316799,168100,0,1
2005-08-10,80.57,80.57,80.47,80.5,56.5146910316799,260300,0,1
2005-08-11,80.51,80.6,80.48,80.56,56.5568137827594,177800,0,1
2005-08-12,80.59,80.66,80.58,80.66,56.6270183678919,224900,0,1
2005-08-15,80.66,80.66,80.58,80.62,56.5989365338389,148500,0,1
2005-08-16,80.66,80.7,80.64,80.66,56.6270183678919,252800,0,1
2005-08-17,80.67,80.7,80.63,80.68,56.6410592849184,178400,0,1
2005-08-18,80.7,80.75,80.67,80.75,56.6902024945112,115000,0,1
2005-08-19,80.73,80.74,80.68,80.72,56.6691411189714,218000,0,1
2005-08-22,80.7,80.77,80.68,80.73,56.6761615774847,974800,0,1
2005-08-23,80.78,80.82,80.76,80.81,56.7323252455907,192500,0,1
2005-08-24,80.85,80.85,80.76,80.82,56.7393457041039,145900,0,1
2005-08-25,80.83,80.83,80.79,80.81,56.7323252455907,186200,0,1
2005-08-26,80.81,80.82,80.73,80.75,56.6902024945112,272100,0,1
2005-08-29,80.75,80.81,80.74,80.77,56.7042434115377,183200,0,1
2005-08-30,80.81,80.92,80.78,80.89,56.7884889136967,455500,0,1
2005-08-31,80.99,81.1,80.93,81.1,56.935918542475,289000,0,1
2005-09-01,80.88,81.07,80.85,80.97,57.0049296496603,624000,0.2283,1
2005-09-02,80.95,81.07,80.94,81.07,57.0753321810295,204400,0,1
2005-09-06,80.9,80.96,80.85,80.94,56.9838088902495,238600,0,1
2005-09-07,80.93,80.93,80.83,80.88,56.941567371428,887200,0,1
2005-09-08,80.92,80.92,80.84,80.84,56.9134063588803,225800,0,1
2005-09-09,80.84,80.91,80.83,80.86,56.9274868651541,454400,0,1
2005-09-12,80.83,80.84,80.76,80.83,56.9063661057433,157100,0,1
2005-09-13,80.85,80.91,80.84,80.88,56.941567371428,683300,0,1
2005-09-14,80.92,80.92,80.85,80.87,56.934527118291,335000,0,1
2005-09-15,80.87,80.93,80.82,80.85,56.9204466120172,347600,0,1
2005-09-16,80.88,80.9,80.75,80.79,56.8782050931957,240800,0,1
2005-09-19,80.82,80.88,80.77,80.81,56.8922855994695,188800,0,1
2005-09-20,80.81,80.84,80.71,80.75,56.850044080648,284200,0,1
2005-09-21,80.86,80.88,80.81,80.83,56.9063661057433,465100,0,1
2005-09-22,80.87,80.91,80.83,80.86,56.9274868651541,411000,0,1
2005-09-23,80.85,80.87,80.74,80.79,56.8782050931957,131200,0,1
2005-09-26,80.66,80.75,80.66,80.73,56.8359635743741,162800,0,1
2005-09-27,80.76,80.78,80.65,80.7,56.8148428149634,265200,0,1
2005-09-28,80.67,80.75,80.67,80.73,56.8359635743741,243700,0,1
2005-09-29,80.71,80.74,80.66,80.7,56.8148428149634,243900,0,1
2005-09-30,80.7,80.7,80.59,80.63,56.7655610430049,199800,0,1
2005-10-03,80.43,80.43,80.31,80.36,56.740216131712,212300,0.234,1
2005-10-04,80.41,80.41,80.31,80.35,56.7331553780868,488400,0,1
2005-10-05,80.37,80.45,80.37,80.39,56.7613983925874,569000,0,1
2005-10-06,80.45,80.45,80.38,80.39,56.7613983925874,333000,0,1
2005-10-07,80.4,80.47,80.35,80.45,56.8037629143383,156100,0,1
2005-10-10,80.58,80.6,80.43,80.44,56.7967021607132,114400,0,1
2005-10-11,80.37,80.43,80.36,80.42,56.7825806534629,215800,0,1
2005-10-12,80.43,80.43,80.35,80.36,56.740216131712,509100,0,1
2005-10-13,80.39,80.39,80.33,80.36,56.740216131712,548500,0,1
2005-10-14,80.35,80.43,80.31,80.38,56.7543376389623,340700,0,1
2005-10-17,80.4,80.43,80.33,80.34,56.7260946244617,308200,0,1
2005-10-18,80.36,80.42,80.36,80.41,56.7755198998377,241200,0,1
2005-10-19,80.49,80.49,80.4,80.45,56.8037629143383,575200,0,1
2005-10-20,80.41,80.45,80.37,80.45,56.8037629143383,323600,0,1
2005-10-21,80.49,80.51,80.45,80.5,56.8390666824641,362700,0,1
2005-10-24,80.48,80.49,80.41,80.47,56.8178844215886,277500,0,1
2005-10-25,80.42,80.47,80.32,80.33,56.7190338708365,373200,0,1
2005-10-26,80.36,80.37,80.27,80.3,56.6978516099611,224400,0,1
2005-10-27,80.36,80.4,80.3,80.36,56.740216131712,307900,0,1
2005-10-28,80.4,80.41,80.29,80.36,56.740216131712,369900,0,1
2005-10-31,80.32,80.38,80.3,80.33,56.7190338708365,294900,0,1
2005-11-01,80.17,80.1784,80.06,80.12,56.7346395484988,639300,0.2321,1
2005-11-02,80.12,80.14,80.07,80.11,56.7275583403675,150800,0,1
2005-11-03,80.1,80.13,80.03,80.07,56.699233507842,228600,0,1
2005-11-04,80.09,80.11,80.03,80.07,56.699233507842,174800,0,1
2005-11-07,80.09,80.11,80.05,80.06,56.6921522997106,243500,0,1
2005-11-08,80.15,80.19,80.1201,80.16,56.7629643810243,238100,0,1
2005-11-09,80.17,80.17,80.06,80.06,56.6921522997106,199200,0,1
2005-11-10,80.15,80.19,80.1,80.17,56.7700455891557,291600,0,1
2005-11-11,80.11,80.24,80.1,80.2,56.7912892135498,211600,0,1
2005-11-14,80.18,80.18,80.08,80.08,56.7063147159734,448500,0,1
2005-11-15,80.14,80.2,80.1,80.14,56.7488019647616,249700,0,1
2005-11-16,80.2,80.28,80.19,80.24,56.8196140460752,328700,0,1
2005-11-17,80.21,80.35,80.21,80.31,56.8691825029948,456400,0,1
2005-11-18,80.25,80.33,80.25,80.31,56.8691825029948,206400,0,1
2005-11-21,80.35,80.39,80.3,80.36,56.9045885436516,255300,0,1
2005-11-22,80.37,80.49,80.33,80.47,56.9824818330966,1358500,0,1
2005-11-23,80.47,80.47,80.34,80.37,56.911669751783,238400,0,1
2005-11-25,80.41,80.47,80.41,80.44,56.9612382087025,85700,0,1
2005-11-28,80.45,80.49,80.42,80.46,56.9754006249652,214400,0,1
2005-11-29,80.48,80.48,80.36,80.4,56.9329133761771,175900,0,1
2005-11-30,80.4,80.44,80.35,80.41,56.9399945843084,219800,0,1
2005-12-01,80.13,80.17,80.08,80.1,56.8839539031568,745500,0.2309,1
2005-12-02,80.14,80.17,80.11,80.17,56.9336652236714,449400,0,1
2005-12-05,80.13,80.15,80.07,80.08,56.8697506687241,1608600,0,1
2005-12-06,80.15,80.23,80.12,80.19,56.9478684581042,260100,0,1
2005-12-07,80.22,80.24,80.18,80.2,56.9549700753205,317400,0,1
2005-12-08,80.28,80.33,80.2515,80.3,57.0259862474843,155300,0,1
2005-12-09,80.27,80.29,80.21,80.22,56.9691733097533,869500,0,1
2005-12-12,80.26,80.26,80.16,80.21,56.9620716925369,1200500,0,1
2005-12-13,80.23,80.31,80.21,80.25,56.9904781614024,354600,0,1
2005-12-14,80.32,80.38,80.3,80.34,57.0543927163498,368200,0,1
2005-12-15,80.34,80.36,80.27,80.34,57.0543927163498,420900,0,1
2005-12-16,80.41,80.42,80.34,80.39,57.0899008024317,161500,0,1
2005-12-19,80.31,80.4,80.31,80.34,57.0543927163498,182100,0,1
2005-12-20,80.36,80.36,80.29,80.33,57.0472910991334,389300,0,1
2005-12-21,80.36,80.36,80.29,80.33,57.0472910991334,363400,0,1
2005-12-22,80.38,80.43,80.34,80.4,57.097002419648,1288100,0,1
2005-12-23,80.37,80.5,80.35,80.44,57.1254088885135,196100,0,1
2005-12-27,80.39,80.51,80.39,80.45,57.1325105057299,552500,0,1
2005-12-28,80.29,80.3199,80.2,80.3,57.2031552633132,401000,0.2495,1
2005-12-29,80.27,80.27,80.17,80.24,57.1604131796794,418800,0,1
2005-12-30,80.22,80.28,80.17,80.21,57.1390421378624,410400,0,1
2006-01-03,80.17,80.35,80.17,80.32,57.2174026245245,1075400,0,1
2006-01-04,80.3,80.4,80.29,80.4,57.2743920693697,345500,0,1
2006-01-05,80.32,80.4,80.32,80.33,57.2245263051301,274400,0,1
2006-01-06,80.31,80.36,80.3,80.35,57.2387736663414,500200,0,1
2006-01-09,80.35,80.36,80.3,80.36,57.2458973469471,351500,0,1
2006-01-10,80.28,80.33,80.27,80.28,57.1889079021019,406000,0,1
2006-01-11,80.3,80.36,80.25,80.28,57.1889079021019,484700,0,1
2006-01-12,80.31,80.37,80.28,80.32,57.2174026245245,450600,0,1
2006-01-13,80.4,80.48,80.37,80.48,57.3313815142148,226500,0,1
2006-01-17,80.45,80.46,80.4,80.45,57.3100104723979,447900,0,1
2006-01-18,80.46,80.5,80.42,80.44,57.3028867917922,393200,0,1
2006-01-19,80.45,80.46,80.4,80.45,57.3100104723979,588600,0,1
2006-01-20,80.41,80.49,80.39,80.48,57.3313815142148,383900,0,1
2006-01-23,80.44,80.5,80.4,80.49,57.3385051948204,565500,0,1
2006-01-24,80.48,80.48,80.42,80.47,57.3242578336091,227300,0,1
2006-01-25,80.47,80.47,80.36,80.36,57.2458973469471,244600,0,1
2006-01-26,80.33,80.37,80.3,80.37,57.2530210275527,220000,0,1
2006-01-27,80.41,80.41,80.3,80.31,57.2102789439189,362800,0,1
2006-01-30,80.34,80.36,80.29,80.35,57.2387736663414,204100,0,1
2006-01-31,80.32,80.38,80.3,80.35,57.2387736663414,256400,0,1
2006-02-01,80.07,80.1,80,80.03,57.1865043722656,950100,0.2466,1
2006-02-02,80.07,80.07,79.99,80.03,57.1865043722656,435200,0,1
2006-02-03,80,80.07,79.96,80.07,57.2150869060016,250800,0,1
2006-02-06,80.05,80.05,80,80.03,57.1865043722656,192800,0,1
2006-02-07,80.05,80.05,79.97,80.04,57.1936500056996,195800,0,1
2006-02-08,80.07,80.07,79.99,80.01,57.1722131053976,334300,0,1
2006-02-09,80.06,80.06,79.96,79.99,57.1579218385296,226500,0,1
2006-02-10,80.01,80.07,79.93,79.93,57.1150480379256,610800,0,1
2006-02-13,80.01,80.02,79.96,79.99,57.1579218385296,159200,0,1
2006-02-14,79.97,80,79.92,79.99,57.1579218385296,296100,0,1
2006-02-15,80.06,80.06,79.96,79.98,57.1507762050956,435800,0,1
2006-02-16,80.02,80.05,79.981,80.04,57.1936500056996,167200,0,1
2006-02-17,80.09,80.11,80.04,80.1,57.2365238063036,353400,0,1
2006-02-21,80.04,80.08,80.01,80.04,57.1936500056996,11045800,0,1
2006-02-22,80.09,80.1,80.04,80.1,57.2365238063036,230700,0,1
2006-02-23,80.08,80.09,80.01,80.03,57.1865043722656,288200,0,1
2006-02-24,80.07,80.1,80.02,80.06,57.2079412725676,282600,0,1
2006-02-27,80.09,80.1,80.01,80.02,57.1793587388316,216200,0,1
2006-02-28,80.09,80.15,80.08,80.13,57.2579607066055,270800,0,1
2006-03-01,79.9,79.94,79.81,79.81,57.2287722231544,556600,0.2792,1
2006-03-02,79.87,79.87,79.78,79.84,57.2502841034538,207300,0,1
2006-03-03,79.84,79.84,79.74,79.76,57.192919089322,251000,0,1
2006-03-06,79.8,79.81,79.75,79.79,57.2144309696214,797100,0,1
2006-03-07,79.78,79.79,79.72,79.79,57.2144309696214,276800,0,1
2006-03-08,79.81,79.85,79.76,79.84,57.2502841034538,865100,0,1
2006-03-09,79.84,79.87,79.8,79.87,57.2717959837532,785800,0,1
2006-03-10,79.83,79.83,79.76,79.79,57.2144309696214,153300,0,1
2006-03-13,79.82,79.83,79.78,79.79,57.2144309696214,168200,0,1
2006-03-14,79.8,79.96,79.8,79.95,57.3291609978849,556900,0,1
2006-03-15,79.92,79.98,79.91,79.97,57.3435022514178,161900,0,1
2006-03-16,80,80.13,79.97,80.11,57.4438910261483,522100,0,1
2006-03-17,80.09,80.11,80.02,80.08,57.4223791458489,362600,0,1
2006-03-20,80.1,80.12,80.07,80.12,57.4510616529148,421400,0,1
2006-03-21,80.01,80.06,79.95,79.98,57.3506728781843,195500,0,1
2006-03-22,80.01,80.05,79.97,80,57.3650141317172,440000,0,1
2006-03-23,80.02,80.04,79.95,79.98,57.3506728781843,673000,0,1
2006-03-24,80,80.11,79.96,80.09,57.4295497726154,165200,0,1
2006-03-27,80.07,80.08,80,80.07,57.4152085190824,136700,0,1
2006-03-28,80.06,80.09,79.98,80,57.3650141317172,716500,0,1
2006-03-29,79.97,80.01,79.95,80,57.3650141317172,586800,0,1
2006-03-30,79.99,80,79.9,79.96,57.3363316246513,554600,0,1
2006-03-31,79.99,80.01,79.95,79.99,57.3578435049507,333900,0,1
2006-04-03,79.62,79.71,79.59,79.68,57.3261837536514,526700,0.2658,1
2006-04-04,79.71,79.75,79.66,79.74,57.3693510606948,313800,0,1
2006-04-05,79.81,79.81,79.74,79.75,57.3765456118688,1029300,0,1
2006-04-06,79.78,79.79,79.7108,79.74,57.3693510606948,3739500,0,1
2006-04-07,79.74,79.74,79.65,79.69,57.3333783048253,230300,0,1
2006-04-10,79.7,79.71,79.66,79.71,57.3477674071731,1151000,0,1
2006-04-11,79.75,79.78,79.7,79.78,57.3981292653905,397600,0,1
2006-04-12,79.8,79.8,79.71,79.73,57.362156509521,511800,0,1
2006-04-13,79.75,79.75,79.65,79.72,57.354961958347,376500,0,1
2006-04-17,79.75,79.77,79.69,79.76,57.3837401630427,702100,0,1
2006-04-18,79.78,79.92,79.77,79.88,57.4700747771295,3043100,0,1
2006-04-19,79.76,79.86,79.76,79.86,57.4556856747817,694600,0,1
2006-04-20,79.85,79.85,79.8,79.83,57.43410202126,447300,0,1
2006-04-21,79.86,79.86,79.8,79.83,57.43410202126,385400,0,1
2006-04-24,79.85,79.9,79.82,79.87,57.4628802259556,242500,0,1
2006-04-25,79.87,79.87,79.75,79.81,57.4197129189122,344100,0,1
2006-04-26,79.81,79.81,79.73,79.75,57.3765456118688,284200,0,1
2006-04-27,79.71,79.9,79.71,79.88,57.4700747771295,492600,0,1
2006-04-28,79.92,79.96,79.87,79.9,57.4844638794773,207000,0,1
2006-05-01,79.65,79.66,79.53,79.59,57.4504394080657,277700,0.2627,1
2006-05-02,79.59,79.64,79.54,79.6,57.4576577067726,445700,0,1
2006-05-03,79.64,79.65,79.57,79.6,57.4576577067726,1665200,0,1
2006-05-04,79.63,79.63,79.55,79.61,57.4648760054794,397400,0,1
2006-05-05,79.59,79.67,79.59,79.63,57.4793126028932,376800,0,1
2006-05-08,79.64,79.65,79.57,79.62,57.4720943041863,281500,0,1
2006-05-09,79.56,79.64,79.56,79.63,57.4793126028932,233800,0,1
2006-05-10,79.63,79.77,79.55,79.63,57.4793126028932,454100,0,1
2006-05-11,79.64,79.66,79.59,79.66,57.5009674990138,343300,0,1
2006-05-12,79.66,79.67,79.58,79.63,57.4793126028932,2040900,0,1
2006-05-15,79.67,79.69,79.62,79.67,57.5081857977207,350900,0,1
2006-05-16,79.7,79.75,79.65,79.74,57.5587138886689,607600,0,1
2006-05-17,79.71,79.73,79.63,79.7,57.5298406938414,463200,0,1
2006-05-18,79.72,79.82,79.72,79.78,57.5875870834964,491400,0,1
2006-05-19,79.79,79.82,79.73,79.76,57.5731504860827,353000,0,1
2006-05-22,79.78,79.85,79.75,79.76,57.5731504860827,543600,0,1
2006-05-23,79.76,79.81,79.71,79.81,57.6092419796171,307400,0,1
2006-05-24,79.89,79.89,79.8,79.86,57.6453334731515,298000,0,1
2006-05-25,79.91,79.91,79.83,79.86,57.6453334731515,603700,0,1
2006-05-26,79.86,79.95,79.85,79.89,57.6669883692721,1221300,0,1
2006-05-30,79.85,79.89,79.82,79.83,57.6236785770308,977400,0,1
2006-05-31,79.89,79.9,79.77,79.77,57.5803687847895,412200,0,1
2006-06-01,79.56,79.63,79.5,79.6,57.6510135524039,1356100,0.2679,1
2006-06-02,79.73,79.75,79.66,79.72,57.737924628111,1762200,0,1
2006-06-05,79.68,79.73,79.62,79.65,57.6872265006152,325800,0,1
2006-06-06,79.65,79.67,79.6,79.65,57.6872265006152,195800,0,1
2006-06-07,79.59,79.65,79.59,79.6,57.6510135524039,256700,0,1
2006-06-08,79.67,79.74,79.6,79.69,57.7161968591843,772000,0,1
2006-06-09,79.68,79.71,79.62,79.7,57.7234394488265,689600,0,1
2006-06-12,79.68,79.71,79.65,79.7,57.7234394488265,1695900,0,1
2006-06-13,79.67,79.73,79.65,79.68,57.708954269542,322200,0,1
2006-06-14,79.6,79.64,79.55,79.6,57.6510135524039,507600,0,1
2006-06-15,79.52,79.6,79.51,79.58,57.6365283731194,1066600,0,1
2006-06-16,79.52,79.58,79.49,79.54,57.6075580145503,357700,0,1
2006-06-19,79.52,79.53,79.48,79.51,57.5858302456235,286100,0,1
2006-06-20,79.5,79.52,79.47,79.5,57.5785876559813,460500,0,1
2006-06-21,79.56,79.56,79.49,79.52,57.5930728352658,1958400,0,1
2006-06-22,79.51,79.51,79.44,79.48,57.5641024766968,323000,0,1
2006-06-23,79.5,79.5,79.42,79.46,57.5496172974122,322900,0,1
2006-06-26,79.49,79.49,79.43,79.47,57.5568598870545,230200,0,1
2006-06-27,79.5,79.55,79.48,79.52,57.5930728352658,1816700,0,1
2006-06-28,79.53,79.53,79.43,79.48,57.5641024766968,378200,0,1
2006-06-29,79.47,79.63,79.47,79.62,57.6654987316884,557000,0,1
2006-06-30,79.6,79.7,79.6,79.69,57.7161968591843,1242600,0,1
2006-07-03,79.31,79.42,79.3,79.4,57.7072370515378,916000,0.2776,1
2006-07-05,79.37,79.38,79.26,79.33,57.6563616536334,2003600,0,1
2006-07-06,79.322,79.39,79.3,79.39,57.6999691375515,1200600,0,1
2006-07-07,79.43,79.45,79.37,79.45,57.7435766214695,476800,0,1
2006-07-10,79.45,79.46,79.4,79.45,57.7435766214695,667700,0,1
2006-07-11,79.48,79.5,79.44,79.45,57.7435766214695,305600,0,1
2006-07-12,79.44,79.49,79.42,79.48,57.7653803634285,2930100,0,1
2006-07-13,79.5,79.58,79.46,79.58,57.8380595032919,456800,0,1
2006-07-14,79.6,79.64,79.54,79.59,57.8453274172783,333800,0,1
2006-07-17,79.53,79.61,79.53,79.58,57.8380595032919,792500,0,1
2006-07-18,79.52,79.57,79.48,79.52,57.7944520193739,823300,0,1
2006-07-19,79.43,79.65,79.43,79.63,57.8743990732236,594000,0,1
2006-07-20,79.59,79.73,79.59,79.73,57.947078213087,386300,0,1
2006-07-21,79.8,79.8,79.67,79.71,57.9325423851144,1209200,0,1
2006-07-24,79.73,79.77,79.69,79.71,57.9325423851144,161200,0,1
2006-07-25,79.73,79.74,79.65,79.69,57.9180065571417,255000,0,1
2006-07-26,79.74,79.82,79.7,79.79,57.9906856970051,872800,0,1
2006-07-27,79.8,79.87,79.8,79.83,58.0197573529504,724900,0,1
2006-07-28,79.85,79.95,79.85,79.93,58.0924364928138,500800,0,1
2006-07-31,79.96,79.98,79.92,79.94,58.0997044068002,401900,0,1
2006-08-01,79.69,79.72,79.65,79.7,58.1353600660258,202700,0.2891,1
2006-08-02,79.7,79.75,79.67,79.7,58.1353600660258,302400,0,1
2006-08-03,79.72,79.73,79.65,79.69,58.1280657924917,249400,0,1
2006-08-04,79.75,79.84,79.74,79.76,58.1791257072298,681400,0,1
2006-08-07,79.77,79.8,79.75,79.79,58.2010085278318,342700,0,1
2006-08-08,79.78,79.85,79.72,79.83,58.2301856219678,464800,0,1
2006-08-09,79.84,79.87,79.8,79.86,58.2520684425698,499900,0,1
2006-08-10,79.87,79.88,79.8,79.84,58.2374798955018,238600,0,1
2006-08-11,79.81,79.82,79.74,79.77,58.1864199807638,224100,0,1
2006-08-14,79.78,79.79,79.71,79.73,58.1572428866278,351600,0,1
2006-08-15,79.84,79.85,79.8,79.84,58.2374798955018,356800,0,1
2006-08-16,79.94,79.98,79.91,79.97,58.3323054514439,654800,0,1
2006-08-17,79.96,79.98,79.92,79.96,58.3250111779099,262500,0,1
2006-08-18,79.98,80,79.95,79.99,58.3468939985119,252900,0,1
2006-08-21,80.03,80.04,79.98,80.04,58.383365366182,294200,0,1
2006-08-22,80.04,80.06,80,80.03,58.3760710926479,276500,0,1
2006-08-23,80.02,80.04,79.99,80.03,58.3760710926479,389100,0,1
2006-08-24,80.03,80.06,80.02,80.06,58.39795391325,315800,0,1
2006-08-25,80.07,80.1,80.03,80.08,58.412542460318,287700,0,1
2006-08-28,80.09,80.1,80.05,80.1,58.427131007386,210100,0,1
2006-08-29,80.08,80.13,80.01,80.13,58.449013827988,419000,0,1
2006-08-30,80.13,80.18,80.13,80.18,58.485485195658,153400,0,1
2006-08-31,80.22,80.26,80.17,80.25,58.5365451103961,290200,0,1
2006-09-01,79.96,80.1,79.94,80.05,58.6029463412308,312800,0.291,1
2006-09-05,80,80,79.92,79.97,58.5443799988536,369900,0,1
2006-09-06,79.95,79.96,79.89,79.96,58.5370592060564,398200,0,1
2006-09-07,79.98,79.98,79.92,79.96,58.5370592060564,556300,0,1
2006-09-08,80,80.04,79.98,80.01,58.5736631700422,491500,0,1
2006-09-11,80.03,80.03,79.95,80,58.566342377245,371900,0,1
2006-09-12,79.97,80.04,79.95,80.04,58.5956255484337,262500,0,1
2006-09-13,80.04,80.09,80.01,80.05,58.6029463412308,266300,0,1
2006-09-14,80.06,80.08,79.98,79.98,58.5517007916507,560200,0,1
2006-09-15,80.08,80.08,79.95,80.02,58.5809839628394,682900,0,1
2006-09-18,79.97,80,79.9,80,58.566342377245,177000,0,1
2006-09-19,80.1,80.12,80.03,80.11,58.6468710980138,729500,0,1
2006-09-20,80.16,80.2,80.08,80.14,58.6688334764052,645500,0,1
2006-09-21,80.16,80.3,80.1,80.28,58.7713245755654,574400,0,1
2006-09-22,80.33,80.33,80.28,80.3,58.7859661611597,841000,0,1
2006-09-25,80.39,80.41,80.33,80.39,58.8518532963341,382000,0,1
2006-09-26,80.4,80.4,80.29,80.35,58.8225701251455,497800,0,1
2006-09-27,80.41,80.43,80.31,80.36,58.8298909179427,828800,0,1
2006-09-28,80.39,80.39,80.29,80.39,58.8518532963341,766900,0,1
2006-09-29,80.4,80.41,80.29,80.31,58.7932869539569,289900,0,1
2006-10-02,80.1,80.13,80.01,80.11,58.8623564377602,486500,0.2943,1
2006-10-03,80.14,80.16,80.0803,80.12,58.8697041292391,384800,0,1
2006-10-04,80.19,80.28,80.16,80.26,58.9725718099442,438300,0,1
2006-10-05,80.27,80.27,80.13,80.18,58.9137902781128,409000,0,1
2006-10-06,80.15,80.15,80,80.08,58.8403133633234,1015600,0,1
2006-10-09,80.13,80.15,80.03,80.09,58.8476610548023,202800,0,1
2006-10-10,80.05,80.06,79.95,79.98,58.766836448534,296500,0,1
2006-10-11,80.02,80.06,79.9,79.99,58.774184140013,327300,0,1
2006-10-12,79.95,80.03,79.95,80.01,58.7888795229708,1874600,0,1
2006-10-13,79.94,79.99,79.94,79.98,58.766836448534,532800,0,1
2006-10-16,79.93,80.02,79.93,80.02,58.7962272144498,524200,0,1
2006-10-17,80.07,80.08,79.99,80.03,58.8035749059287,391900,0,1
2006-10-18,80.04,80.06,79.99,80.04,58.8109225974076,309300,0,1
2006-10-19,80.05,80.06,79.99,80.03,58.8035749059287,817100,0,1
2006-10-20,80.06,80.06,80.01,80.06,58.8256179803655,542100,0,1
2006-10-23,80.02,80.02,79.97,80.02,58.7962272144498,219900,0,1
2006-10-24,80.01,80.03,79.98,80.02,58.7962272144498,321400,0,1
2006-10-25,80.05,80.13,79.98,80.11,58.8623564377602,1177200,0,1
2006-10-26,80.18,80.22,80.12,80.21,58.9358333525496,1000200,0,1
2006-10-27,80.29,80.3,80.23,80.29,58.9946148843811,612700,0,1
2006-10-30,80.27,80.27,80.22,80.24,58.9578764269864,281400,0,1
2006-10-31,80.24,80.35,80.24,80.35,59.0387010332547,471700,0,1
2006-11-01,80.09,80.19,80.04,80.11,59.0806556168303,745900,0.2971,1
2006-11-02,80.15,80.15,80.08,80.09,59.0659057340149,287800,0,1
2006-11-03,79.99,80,79.9,79.94,58.9552816128999,572800,0,1
2006-11-06,79.92,79.95,79.89,79.93,58.9479066714922,362700,0,1
2006-11-07,80.03,80.05,79.99,80.03,59.0216560855689,150500,0,1
2006-11-08,80.05,80.08,80.01,80.07,59.0511558511996,406800,0,1
2006-11-09,80.1,80.1,80.041,80.06,59.0437809097919,1603400,0,1
2006-11-10,80.13,80.14,80.08,80.12,59.0880305582379,236500,0,1
2006-11-13,80.13,80.13,80.05,80.12,59.0880305582379,785200,0,1
2006-11-14,80.19,80.19,80.11,80.13,59.0954054996456,391800,0,1
2006-11-15,80.13,80.1395,80.05,80.08,59.0585307926073,277400,0,1
2006-11-16,80.1,80.15,80.02,80.05,59.0364059683842,3239700,0,1
2006-11-17,80.12,80.19,80.1,80.15,59.1101553824609,464300,0,1
2006-11-20,80.11,80.19,80.11,80.17,59.1249052652763,309600,0,1
2006-11-21,80.19,80.21,80.14,80.19,59.1396551480916,394500,0,1
2006-11-22,80.28,80.28,80.18,80.25,59.1839047965376,281500,0,1
2006-11-24,80.24,80.32,80.22,80.26,59.1912797379453,271100,0,1
2006-11-27,80.27,80.33,80.19,80.31,59.2281544449836,370300,0,1
2006-11-28,80.34,80.38,80.3,80.35,59.2576542106143,405700,0,1
2006-11-29,80.4,80.41,80.34,80.35,59.2576542106143,357100,0,1
2006-11-30,80.41,80.45,80.38,80.44,59.3240286832833,855400,0,1
2006-12-01,80.22,80.35,80.16,80.31,59.4395785277645,241800,0.2867,1
2006-12-04,80.31,80.33,80.27,80.3,59.4321772603598,276800,0,1
2006-12-05,80.32,80.37,80.22,80.3,59.4321772603598,3681300,0,1
2006-12-06,80.33,80.33,80.26,80.29,59.424775992955,1438800,0,1
2006-12-07,80.3,80.31,80.26,80.27,59.4099734581454,1203900,0,1
2006-12-08,80.28,80.28,80.16,80.17,59.3359607840977,471200,0,1
2006-12-11,80.22,80.24,80.17,80.1801,59.3434360641765,523800,0,1
2006-12-12,80.23,80.3,80.21,80.29,59.424775992955,267500,0,1
2006-12-13,80.2,80.23,80.15,80.1805,59.3437321148727,322000,0,1
2006-12-14,80.19,80.19,80.12,80.14,59.3137569818833,1122100,0,1
2006-12-15,80.29,80.3,80.15,80.17,59.3359607840977,889400,0,1
2006-12-18,80.18,80.19,80.141,80.17,59.3359607840977,1125500,0,1
2006-12-19,80.17,80.21,80.16,80.18,59.3433620515024,261800,0,1
2006-12-20,80.22,80.24,80.19,80.23,59.3803683885263,593100,0,1
2006-12-21,80.25,80.34,80.2,80.29,59.424775992955,1347900,0,1
2006-12-22,80.25,80.32,80.21,80.28,59.4173747255502,1097100,0,1
2006-12-26,80.31,80.31,80.23,80.28,59.4173747255502,1254300,0,1
2006-12-27,80.06,80.06,79.97,79.99,59.3845760090459,547400,0.2457,1
2006-12-28,80.02,80.03,79.9,79.94,59.3474560090403,689900,0,1
2006-12-29,79.92,79.97,79.9,79.96,59.3623040090425,898300,0,1
2007-01-03,80,80.09,79.96,80.04,59.4216960090516,1245700,0,1
2007-01-04,80.07,80.12,80.04,80.12,59.4810880090606,500200,0,1
2007-01-05,80.02,80.07,79.98,80.04,59.4216960090516,261300,0,1
2007-01-08,80.06,80.06,80.02,80.02,59.4068480090493,267000,0,1
2007-01-09,80.05,80.07,80.01,80.05,59.4291200090527,674500,0,1
2007-01-10,80.08,80.08,80.02,80.03,59.4142720090504,286300,0,1
2007-01-11,80,80.03,79.95,79.97,59.3697280090437,685200,0,1
2007-01-12,79.95,80,79.9,79.92,59.332608009038,258200,0,1
2007-01-16,79.98,80.03,79.75,80,59.3920000090471,422500,0,1
2007-01-17,79.98,80.02,79.94,79.97,59.3697280090437,621300,0,1
2007-01-18,79.97,80.02,79.94,80,59.3920000090471,611400,0,1
2007-01-19,80.01,80.02,79.96,79.99,59.3845760090459,412500,0,1
2007-01-22,80.01,80.02,79.97,80.02,59.4068480090493,301300,0,1
2007-01-23,80.01,80.01,79.95,79.98,59.3771520090448,318600,0,1
2007-01-24,79.98,80.2,79.97,80.02,59.4068480090493,529300,0,1
2007-01-25,80,80,79.92,79.96,59.3623040090425,708800,0,1
2007-01-26,79.95,80.005,79.93,79.97,59.3697280090437,502500,0,1
2007-01-29,79.99,80.03,79.94,79.98,59.3771520090448,877600,0,1
2007-01-30,80,80.02,79.97,80,59.3920000090471,297900,0,1
2007-01-31,79.99,80.09,79.99,80.09,59.4588160090572,526800,0,1
2007-02-01,79.88,79.88,79.75,79.78,59.4516221530561,520400,0.3003,1
2007-02-02,79.81,79.82,79.76,79.81,59.4739779899149,303900,0,1
2007-02-05,79.82,79.85,79.78,79.79,59.4590740986757,758800,0,1
2007-02-06,79.83,79.89,79.8,79.88,59.526141609252,296300,0,1
2007-02-07,79.9,79.95,79.89,79.92,59.5559493917303,1107600,0,1
2007-02-08,79.93,79.96,79.9,79.95,59.5783052285891,217200,0,1
2007-02-09,79.91,79.92,79.86,79.87,59.5186896636324,437300,0,1
2007-02-12,79.89,79.91,79.85,79.87,59.5186896636324,534200,0,1
2007-02-13,79.91,79.91,79.86,79.86,59.5112377180128,689500,0,1
2007-02-14,79.93,80.05,79.93,80.04,59.6453727391654,596200,0,1
2007-02-15,80.1,80.11,80.06,80.08,59.6751805216437,435900,0,1
2007-02-16,80.09,80.13,80.05,80.1,59.6900844128829,344200,0,1
2007-02-20,80.09,80.13,80.08,80.09,59.6826324672633,258100,0,1
2007-02-21,80.11,80.14,80.09,80.14,59.7198921953612,223400,0,1
2007-02-22,80.11,80.12,80.05,80.09,59.6826324672633,250200,0,1
2007-02-23,80.13,80.19,80.11,80.18,59.7496999778396,380300,0,1
2007-02-26,80.2,80.25,80.19,80.24,59.7944116515571,462800,0,1
2007-02-27,80.28,80.5,80.24,80.43,59.9359986183292,1362900,0,1
2007-02-28,80.44,80.47,80.32,80.37,59.8912869446117,666500,0,1
2007-03-01,80.2,80.28,80.13,80.22,59.9817349345694,1002300,0.2714,1
2007-03-02,80.25,80.32,80.23,80.3,60.0415521721008,974400,0,1
2007-03-05,80.37,80.37,80.24,80.33,60.063983636175,1420400,0,1
2007-03-06,80.24,80.34,80.2,80.26,60.0116435533351,512300,0,1
2007-03-07,80.29,80.36,80.25,80.34,60.0714607908665,387000,0,1
2007-03-08,80.3,80.35,80.26,80.34,60.0714607908665,365500,0,1
2007-03-09,80.19,80.22,80.15,80.2,59.9667806251866,555100,0,1
2007-03-12,80.24,80.29,80.22,80.27,60.0191207080265,361900,0,1
2007-03-13,80.38,80.42,80.3299,80.38,60.1013694096321,887300,0,1
2007-03-14,80.35,80.47,80.35,80.4,60.116323719015,622800,0,1
2007-03-15,80.38,80.39,80.341,80.38,60.1013694096321,598600,0,1
2007-03-16,80.33,80.38,80.31,80.37,60.0938922549407,842300,0,1
2007-03-19,80.32,80.32,80.28,80.3,60.0415521721008,238500,0,1
2007-03-20,80.4,80.4,80.34,80.37,60.0938922549407,619300,0,1
2007-03-21,80.36,80.51,80.34,80.5,60.1910952659292,414300,0,1
2007-03-22,80.45,80.49,80.38,80.42,60.1312780283978,382000,0,1
2007-03-23,80.44,80.48,80.36,80.37,60.0938922549407,288700,0,1
2007-03-26,80.41,80.48,80.36,80.45,60.1537094924721,524300,0,1
2007-03-27,80.44,80.48,80.41,80.46,60.1611866471635,427900,0,1
2007-03-28,80.5,80.6,80.49,80.5,60.1910952659292,429300,0,1
2007-03-29,80.48,80.48,80.43,80.46,60.1611866471635,335200,0,1
2007-03-30,80.47,80.57,80.37,80.46,60.1611866471635,464700,0,1
2007-04-02,80.17,80.19,80.12,80.18,60.1723096624825,313900,0.2949,1
2007-04-03,80.16,80.2,80.12,80.18,60.1723096624825,419100,0,1
2007-04-04,80.21,80.25,80.17,80.23,60.2098329286726,405300,0,1
2007-04-05,80.2,80.23,80.15,80.2,60.1873189689585,271900,0,1
2007-04-09,80.04,80.06,80.01,80.02,60.052235210674,356200,0,1
2007-04-10,80.07,80.14,80.06,80.12,60.1272817430543,780300,0,1
2007-04-11,80.16,80.1774,80.06,80.12,60.1272817430543,773900,0,1
2007-04-12,80.1,80.12,80.03,80.11,60.1197770898163,374300,0,1
2007-04-13,80.11,80.14,80.02,80.07,60.0897584768642,261100,0,1
2007-04-16,80.1,80.13,80.05,80.06,60.0822538236262,285500,0,1
2007-04-17,80.17,80.2,80.13,80.19,60.1798143157205,398000,0,1
2007-04-18,80.24,80.3,80.23,80.3,60.2623655013387,977800,0,1
2007-04-19,80.3,80.34,80.26,80.3,60.2623655013387,223200,0,1
2007-04-20,80.26,80.3,80.23,80.28,60.2473561948627,293200,0,1
2007-04-23,80.29,80.35,80.1,80.34,60.2923841142908,1900700,0,1
2007-04-24,80.33,80.41,80.32,80.41,60.344916686957,264000,0,1
2007-04-25,80.38,80.41,80.36,80.38,60.3224027272429,847200,0,1
2007-04-26,80.38,80.38,80.28,80.32,60.2773748078148,1356200,0,1
2007-04-27,80.36,80.37,80.3,80.3499,60.2998137209965,267400,0,1
2007-04-30,80.36,80.45,80.35,80.41,60.344916686957,266000,0,1
2007-05-01,80.19,80.2,80.07,80.09,60.3194766629454,352500,0.2861,1
2007-05-02,80.1322,80.15,80.08,80.13,60.3496025096993,240900,0,1
2007-05-03,80.09,80.11,80.04,80.07,60.3044137395685,301300,0,1
2007-05-04,80.12,80.141,80.09,80.11,60.3345395863224,272600,0,1
2007-05-07,80.12,80.15,80.1,80.11,60.3345395863224,917000,0,1
2007-05-08,80.12,80.17,80.11,80.15,60.3646654330763,311100,0,1
2007-05-09,80.15,80.18,80.08,80.09,60.3194766629454,547900,0,1
2007-05-10,80.11,80.16,80.1,80.16,60.3721968947647,458000,0,1
2007-05-11,80.22,80.22,80.09,80.13,60.3496025096993,1229700,0,1
2007-05-14,80.13,80.15,80.07,80.07,60.3044137395685,280100,0,1
2007-05-15,80.15,80.16,80.08,80.09,60.3194766629454,947000,0,1
2007-05-16,80.15,80.19,80.04,80.17,60.3797283564532,1348000,0,1
2007-05-17,80.14,80.15,80.09,80.12,60.3420710480109,394500,0,1
2007-05-18,80.1,80.1001,80.03,80.04,60.2818193545031,859700,0,1
2007-05-21,80.04,80.11,80.04,80.06,60.29688227788,852300,0,1
2007-05-22,80.07,80.11,80.04,80.08,60.311945201257,1016600,0,1
2007-05-23,80.13,80.13,80.06,80.06,60.29688227788,642200,0,1
2007-05-24,80.11,80.12,80.02,80.09,60.3194766629454,844700,0,1
2007-05-25,80.06,80.15,80.05,80.14,60.3571339713878,1649800,0,1
2007-05-29,80.1,80.12,80.06,80.06,60.29688227788,311100,0,1
2007-05-30,80.11,80.14,80.07,80.12,60.3420710480109,466300,0,1
2007-05-31,80.13,80.13,80.044,80.07,60.3044137395685,948300,0,1
2007-06-01,79.77,79.85,79.72,79.74,60.2733080496489,1827100,0.2887,1
2007-06-04,79.76,79.78,79.72,79.77,60.295984237779,242300,0,1
2007-06-05,79.74,79.77,79.69,79.7,60.2430731321422,294400,0,1
2007-06-06,79.75,79.82,79.73,79.8,60.318660425909,779300,0,1
2007-06-07,79.74,79.78,79.65,79.71,60.2506318615189,1047900,0,1
2007-06-08,79.7,79.74,79.68,79.74,60.2733080496489,1129500,0,1
2007-06-11,79.72,79.77,79.71,79.75,60.2808667790256,358400,0,1
2007-06-12,79.69,79.74,79.64,79.68,60.2279556733889,855700,0,1
2007-06-13,79.68,79.73,79.64,79.7,60.2430731321422,592200,0,1
2007-06-14,79.69,79.72,79.66,79.7,60.2430731321422,341300,0,1
2007-06-15,79.74,79.81,79.7,79.81,60.3262191552857,343400,0,1
2007-06-18,79.78,79.8174,79.74,79.81,60.3262191552857,461500,0,1
2007-06-19,79.89,79.97,79.84,79.95,60.4320413665592,1196700,0,1
2007-06-20,79.91,79.9299,79.82,79.9,60.3942477196758,1038700,0,1
2007-06-21,79.94,79.95,79.88,79.9,60.3942477196758,178800,0,1
2007-06-22,79.87,80.01,79.87,80.01,60.4773937428193,353100,0,1
2007-06-25,80.06,80.08,79.98,80.08,60.5303048484561,380200,0,1
2007-06-26,80.06,80.06,80,80.03,60.4925112015727,462100,0,1
2007-06-27,80.13,80.13,80.02,80.02,60.484952472196,450500,0,1
2007-06-28,80.04,80.08,79.98,80,60.4698350134426,360800,0,1
2007-06-29,80.09,80.17,80.03,80.16,60.5907746834695,1063700,0,1
2007-07-02,79.87,79.93,79.85,79.91,60.6304202190502,4806500,0.3024,1
2007-07-03,79.92,79.94,79.83,79.88,60.6076582042013,296400,0,1
2007-07-05,79.8,79.83,79.74,79.77,60.5241974830889,820300,0,1
2007-07-06,79.76,79.78,79.69,79.76,60.516610144806,991700,0,1
2007-07-09,79.74,79.82,79.74,79.82,60.5621341745037,652600,0,1
2007-07-10,79.9,79.97,79.84,79.97,60.6759442487479,673700,0,1
2007-07-11,79.99,79.99,79.9,79.93,60.6455948956161,315300,0,1
2007-07-12,79.99,79.99,79.83,79.88,60.6076582042013,550100,0,1
2007-07-13,79.93,79.93,79.85,79.92,60.6380075573332,1058600,0,1
2007-07-16,79.92,80,79.9099,80,60.6987062635968,295500,0,1
2007-07-17,79.95,80.01,79.93,79.95,60.660769572182,2105200,0,1
2007-07-18,80.01,80.1,79.99,80.07,60.7518176315774,611200,0,1
2007-07-19,80.01,80.07,80,80.06,60.7442302932945,2355100,0,1
2007-07-20,80.12,80.21,80.11,80.19,60.8428656909728,522700,0,1
2007-07-23,80.16,80.19,80.12,80.13,60.7973416612751,294600,0,1
2007-07-24,80.19,80.23,80.17,80.21,60.8580403675387,363100,0,1
2007-07-25,80.23,80.2926,80.21,80.27,60.9035643972364,316100,0,1
2007-07-26,80.39,80.52,80.38,80.46,61.0477238246124,1740500,0,1
2007-07-27,80.5,80.57,80.44,80.55,61.116009869159,1063600,0,1
2007-07-30,80.56,80.61,80.45,80.45,61.0401364863295,778700,0,1
2007-07-31,80.46,80.58,80.41,80.58,61.1387718840078,449900,0,1
2007-08-01,80.26,80.32,80.17,80.2,61.079572435789,865700,0.302,1
2007-08-02,80.2,80.25,80.16,80.24,61.110036062939,386200,0,1
2007-08-03,80.3,80.45,80.29,80.44,61.2623541986891,678200,0,1
2007-08-06,80.42,80.49,80.32,80.34,61.186195130814,2911800,0,1
2007-08-07,80.32,80.46,80.21,80.27,61.1328837833015,818900,0,1
2007-08-08,80.21,80.24,80.12,80.21,61.0871883425764,533600,0,1
2007-08-09,80.38,80.44,80.32,80.44,61.2623541986891,1314300,0,1
2007-08-10,80.5,80.52,80.38,80.41,61.2395064783265,1899400,0,1
2007-08-13,80.39,80.5,80.36,80.48,61.2928178258391,603400,0,1
2007-08-14,80.4,80.59,80.4,80.59,61.3765928005016,1720300,0,1
2007-08-15,80.67,80.77,80.6,80.7,61.4603677751642,1299000,0,1
2007-08-16,80.84,81.15,80.8,80.86,61.5822222837643,2481100,0,1
2007-08-17,80.86,80.97,80.81,80.93,61.6355336312768,936000,0,1
2007-08-20,80.93,81.1,80.92,81.03,61.7116926991519,1029600,0,1
2007-08-21,81.22,81.23,81.01,81.14,61.7954676738144,876500,0,1
2007-08-22,80.97,81.06,80.945,81.03,61.7116926991519,774100,0,1
2007-08-23,80.93,81.08,80.89,80.98,61.6736131652143,842000,0,1
2007-08-24,80.95,80.97,80.79,80.83,61.5593745634018,700700,0,1
2007-08-27,80.89,80.96,80.822,80.94,61.6431495380643,480400,0,1
2007-08-28,80.98,81.15,80.97,81.15,61.8030835806019,602800,0,1
2007-08-29,81.12,81.2,81.05,81.05,61.7269245127269,443600,0,1
2007-08-30,81.13,81.19,81.08,81.12,61.7802358602394,389600,0,1
2007-08-31,81,81.25,80.9,81.25,61.879242648477,2442400,0,1
2007-09-04,80.99,80.99,80.28,80.81,61.7770562191556,603600,0.3058,1
2007-09-05,80.96,81.05,80.9,81.02,61.9375955311965,358700,0,1
2007-09-06,81,81.01,80.79,80.92,61.8611482397484,339600,0,1
2007-09-07,81.1,81.22,81.1,81.22,62.0904901140925,470900,0,1
2007-09-10,81.22,81.32,81.1,81.1,61.9987533643549,691300,0,1
2007-09-11,81.18,81.22,81.11,81.11,62.0063980934997,537700,0,1
2007-09-12,81.15,81.31,81.112,81.18,62.0599111975133,410100,0,1
2007-09-13,81.11,81.15,80.99,81.06,61.9681744477757,532100,0,1
2007-09-14,81.16,81.21,80.81,81.21,62.0828453849477,451100,0,1
2007-09-17,80.96,81.15,80.96,81.04,61.9528849894861,347900,0,1
2007-09-18,80.95,81.2,79.87,81.15,62.0369770100789,743300,0,1
2007-09-19,81.14,81.28,81.07,81.28,62.1363584889614,1602400,0,1
2007-09-20,81.11,81.16,80.97,80.98,61.9070166146173,2156700,0,1
2007-09-21,81.02,81.18,81,81.09,61.9911086352101,418300,0,1
2007-09-24,81.12,81.19,81.06,81.18,62.0599111975133,289400,0,1
2007-09-25,81.23,81.31,81.13,81.25,62.113424301527,611400,0,1
2007-09-26,81.24,81.32,81.17,81.2,62.0752006558029,528000,0,1
2007-09-27,81.23,81.44,81.23,81.35,62.189871592975,878800,0,1
2007-09-28,81.33,81.42,81.26,81.26,62.1210690306718,701000,0,1
2007-10-01,81.02,81.07,80.95,81.04,62.1800947488717,5263100,0.2972,1
2007-10-02,80.92,81.05,80.92,81.03,62.1724219829846,1337200,0,1
2007-10-03,81.11,81.13,80.98,81.02,62.1647492170976,1713300,0,1
2007-10-04,81.03,81.07,81,81.06,62.1954402806459,219200,0,1
2007-10-05,80.94,81.05,80.89,80.97,62.1263853876622,2065600,0,1
2007-10-08,81.06,81.08,80.9,81.05,62.1877675147588,268400,0,1
2007-10-09,80.9,80.96,80.85,80.87,62.0496577287914,1313900,0,1
2007-10-10,80.84,80.92,80.79,80.89,62.0650032605656,477100,0,1
2007-10-11,80.77,80.92,80.77,80.91,62.0803487923397,1196000,0,1
2007-10-12,80.83,80.89,80.78,80.82,62.011293899356,1798400,0,1
2007-10-15,80.75,80.85,80.72,80.82,62.011293899356,2014700,0,1
2007-10-16,80.87,81.1,80.87,80.92,62.0880215582268,561900,0,1
2007-10-17,80.97,81.18,80.97,81.11,62.2338041100813,1432000,0,1
2007-10-18,81.25,81.28,81.17,81.22,62.3182045348391,385600,0,1
2007-10-19,81.3,81.52,81.2705,81.43,62.4793326184677,900600,0,1
2007-10-22,81.35,81.48,81.2,81.36,62.4256232572582,607400,0,1
2007-10-23,81.34,81.4,81.3,81.37,62.4332960231453,380100,0,1
2007-10-24,81.42,81.59,81.42,81.53,62.5560602773385,457500,0,1
2007-10-25,81.56,81.59,81.48,81.48,62.5176964479031,566300,0,1
2007-10-26,81.43,81.57,81.43,81.49,62.5253692137902,1568500,0,1
2007-10-29,81.5,81.53,81.44,81.49,62.5253692137902,592000,0,1
2007-10-30,81.46,81.5,81.44,81.48,62.5176964479031,293000,0,1
2007-10-31,81.46,81.49,81.31,81.35,62.4179504913711,554900,0,1
2007-11-01,81.14,81.32,81.09,81.31,62.6196828520741,1776000,0.3029,1
2007-11-02,81.23,81.69,81.23,81.41,62.6966963594558,418900,0,1
2007-11-05,81.49,81.5,81.35,81.3999,62.6889179952103,520700,0,1
2007-11-06,81.37,81.47,81.35,81.35,62.6504882550268,996400,0,1
2007-11-07,81.49,81.6,81.44,81.58,62.8276193220048,484400,0,1
2007-11-08,81.64,81.81,81.5801,81.71,62.927736881601,1829600,0,1
2007-11-09,81.83,82.06,81.69,81.74,62.9508409338155,1566300,0,1
2007-11-12,81.9,81.97,81.76,81.93,63.0971665978408,699100,0,1
2007-11-13,81.82,81.84,81.6,81.68,62.9046328293865,1081200,0,1
2007-11-14,81.65,81.75,81.62,81.72,62.9354382323392,570400,0,1
2007-11-15,81.89,82,81.84,81.99,63.1433747022698,630200,0,1
2007-11-16,81.99,82.06,81.93,81.99,63.1433747022698,434500,0,1
2007-11-19,82.02,82.299,81.65,82.26,63.3513111722004,973800,0,1
2007-11-20,82.19,82.34,82.15,82.23,63.3282071199859,620000,0,1
2007-11-21,82.39,82.55,82.39,82.49,63.5284422391784,1685000,0,1
2007-11-23,82.35,82.5,82.35,82.4,63.4591300825348,275600,0,1
2007-11-26,83.15,83.15,82.25,82.63,63.6362611495128,983500,0,1
2007-11-27,82.98,82.98,82.33,82.38,63.4437273810585,793900,0,1
2007-11-28,82.38,82.38,82.23,82.31,63.3898179258913,740300,0,1
2007-11-29,82.43,82.6,82.38,82.46,63.5053381869639,509000,0,1
2007-11-30,82.36,82.53,82.3101,82.5,63.5361435899166,640200,0,1
2007-12-03,81.96,82.42,81.96,82.4099,63.6793255625705,486000,0.276,1
2007-12-04,82.53,82.53,82.32,82.4,63.6716756889137,1015400,0,1
2007-12-05,82.3,82.47,82.3,82.43,63.6948571242373,615100,0,1
2007-12-06,82.34,82.37,82.22,82.26,63.5634956574034,1601200,0,1
2007-12-07,82.26,82.26,82.08,82.17,63.4939513514325,888000,0,1
2007-12-10,82.15,82.21,82.07,82.11,63.4475884807852,499000,0,1
2007-12-11,82.15,82.416,82.06,82.41,63.6794028340216,1751200,0,1
2007-12-12,82.01,82.29,82,82.2,63.5171327867561,452900,0,1
2007-12-13,82.07,82.23,82.05,82.08,63.4244070454616,493100,0,1
2007-12-14,82,82.04,81.88,81.88,63.269864143304,539300,0,1
2007-12-17,82,82.12,81.96,82.12,63.4553156258931,662700,0,1
2007-12-18,82.06,82.18,82.02,82.07,63.4166799003537,697000,0,1
2007-12-19,82.18,82.33,82.06,82.28,63.5789499476192,718100,0,1
2007-12-20,82.3,82.4,82.2,82.34,63.6253128182664,1304600,0,1
2007-12-21,82.3,82.32,82.14,82.21,63.524859931864,2023700,0,1
2007-12-24,82.1001,82.16,82.04,82.14,63.4707699161089,314800,0,1
2007-12-26,82.1,82.18,82,82.06,63.4089527552458,472700,0,1
2007-12-27,81.94,82.02,81.85,81.96,63.5476078743471,688500,0.2794,1
2007-12-28,81.98,82.08,81.95,82.06,63.6251427790254,584100,0,1
2007-12-31,82.11,82.19,82.095,82.19,63.7259381551072,1120400,0,1
2008-01-02,82.2,82.44,82.16,82.3401,63.8423180470294,1471100,0,1
2008-01-03,82.43,82.5,82.32,82.47,63.9430358882065,408400,0,1
2008-01-04,82.62,82.67,82.55,82.59,64.0360777738205,884700,0,1
2008-01-07,82.54,82.61,82.5,82.54,63.9973103214813,917400,0,1
2008-01-08,82.53,82.66,82.4695,82.66,64.0903522070953,1154500,0,1
2008-01-09,82.66,82.73,82.61,82.62,64.059338245224,2590700,0,1
2008-01-10,82.65,82.74,82.5899,82.62,64.059338245224,997700,0,1
2008-01-11,82.69,82.87,82.66,82.85,64.2376685259841,490100,0,1
2008-01-14,82.85,82.88,82.79,82.88,64.2609289973876,1272300,0,1
2008-01-15,82.9,82.95,82.84,82.95,64.3152034306624,1448400,0,1
2008-01-16,82.96,83.05,82.9,83.017,64.3671518167969,965700,0,1
2008-01-17,82.98,83.18,82.94,83.16,64.4780267304869,1032200,0,1
2008-01-18,83.138,83.29,83.0994,83.23,64.5323011637617,939100,0,1
2008-01-22,83.57,84.48,83.432,83.58,64.8036733301358,2395400,0,1
2008-01-23,83.97,83.98,83.52,83.54,64.7726593682645,1906100,0,1
2008-01-24,83.51,83.54,83.28,83.28,64.5710686161008,1047100,0,1
2008-01-25,83.17,83.5299,83.15,83.5,64.7416454063931,1281300,0,1
2008-01-28,83.47,83.53,83.4001,83.46,64.7106314445218,758600,0,1
2008-01-29,83.35,83.42,83.3,83.41,64.6718639921827,872000,0,1
2008-01-30,83.41,83.47,83.25,83.47,64.7183849349896,3025000,0,1
2008-01-31,83.63,83.658,83.48,83.55,64.7804128587323,905800,0,1
2008-02-01,83.47,83.5,83.37,83.42,64.8511712127417,1754600,0.2213,1
2008-02-04,83.35,83.92,83.35,83.43,64.8589452682695,787300,0,1
2008-02-05,83.63,83.65,83.53,83.62,65.0066523232973,1949700,0,1
2008-02-06,83.63,83.68,83.55,83.65,65.0299744898807,898700,0,1
2008-02-07,83.7101,83.72,83.47,83.54,64.9444598790751,2791400,0,1
2008-02-08,83.65,83.7,83.57,83.69,65.0610707119918,2447100,0,1
2008-02-11,83.69,83.78,83.67,83.72,65.0843928785751,669400,0,1
2008-02-12,83.63,83.76,83.58,83.75,65.1077150451585,936700,0,1
2008-02-13,83.76,83.86,83.73,83.78,65.1310372117418,632300,0,1
2008-02-14,83.74,83.8,83.69,83.72,65.0843928785751,1471200,0,1
2008-02-15,83.76,83.84,83.56,83.63,65.0144263788251,1830200,0,1
2008-02-19,83.64,83.7,83.52,83.57,64.9677820456584,1031900,0,1
2008-02-20,83.59,83.64,83.42,83.47,64.8900414903806,822500,0,1
2008-02-21,83.4,83.71,83.35,83.7,65.0688447675196,588900,0,1
2008-02-22,83.61,83.74,83.58,83.61,64.9988782677696,1470900,0,1
2008-02-25,83.6,83.65,83.44,83.48,64.8978155459084,689400,0,1
2008-02-26,83.5,83.6201,83.48,83.6,64.9911042122418,657700,0,1
2008-02-27,83.78,83.78,83.6,83.7,65.0688447675196,1626500,0,1
2008-02-28,83.86,83.9,83.8,83.9,65.2243258780752,823700,0,1
2008-02-29,84.08,84.21,83.97,84.1901,65.4498512289361,901700,0,1
2008-03-03,83.97,84.0792,83.9,84.03,65.4520676121671,1341900,0.163,1
2008-03-04,84.04,84.24,83.98,84.01,65.4364893502101,662900,0,1
2008-03-05,84.05,84.1,83.89,83.96,65.3975436953177,607700,0,1
2008-03-06,84.15,84.21,84.06,84.21,65.5922719697797,1482800,0,1
2008-03-07,84.28,84.33,84.01,84.17,65.5611154458658,1557200,0,1
2008-03-10,84.16,84.31,84.09,84.26,65.6312176246721,701400,0,1
2008-03-11,83.99,84,83.84,83.84,65.3040741235759,638300,0,1
2008-03-12,83.92,84.1299,83.9,84.11,65.5143806599949,459200,0,1
2008-03-13,84.22,84.29,84.01,84.07,65.483224136081,915400,0,1
2008-03-14,84.02,84.45,84.02,84.32,65.677952410543,1031000,0,1
2008-03-17,84.54,84.61,84.41,84.51,65.8259458991341,851000,0,1
2008-03-18,84.43,84.5,84.17,84.21,65.5922719697797,735400,0,1
2008-03-19,84.18,84.38,84.07,84.3,65.662374148586,696300,0,1
2008-03-20,84.28,84.44,84.1,84.2,65.5844828388012,1289400,0,1
2008-03-24,84.02,84.02,83.82,83.85,65.3118632545544,849600,0,1
2008-03-25,83.96,84.03,83.91,83.91,65.3585980404253,1870900,0,1
2008-03-26,84.043,84.16,83.95,84.09,65.4988023980379,474100,0,1
2008-03-27,84.11,84.19,84.0791,84.18,65.5689045768443,437800,0,1
2008-03-28,84.15,84.22,84.03,84.22,65.6000611007582,370800,0,1
2008-03-31,84.22,84.27,84.1804,84.2352,65.6119005798455,474400,0,1
2008-04-01,83.91,83.97,83.76,83.76,65.3787726685727,2527500,0.1759,1
2008-04-02,83.72,83.8,83.58,83.69,65.3241342482431,818600,0,1
2008-04-03,83.75,83.78,83.61,83.63,65.2773013165321,688400,0,1
2008-04-04,83.7,83.79,83.68,83.78,65.3943836458097,1027900,0,1
2008-04-07,83.65,83.68,83.5,83.62,65.2694958279136,574700,0,1
2008-04-08,83.66,83.7395,83.63,83.67,65.3085232710061,986000,0,1
2008-04-09,83.81,83.93,83.78,83.83,65.4334110889022,610500,0,1
2008-04-10,83.92,83.94,83.76,83.8,65.4099946230467,433900,0,1
2008-04-11,83.86,83.94,83.85,83.94,65.5192714637057,1193300,0,1
2008-04-14,83.92,83.95,83.868,83.89,65.4802440206132,551000,0,1
2008-04-15,83.83,83.87,83.74,83.78,65.3943836458097,483800,0,1
2008-04-16,83.74,83.8,83.57,83.598,65.2523237529529,1370900,0,1
2008-04-17,83.54,83.62,83.351,83.45,65.1368025213991,792700,0,1
2008-04-18,83.27,83.4,83.19,83.4,65.0977750783066,1436200,0,1
2008-04-21,83.34,83.41,83.29,83.321,65.0361117182204,753400,0,1
2008-04-22,83.28,83.37,83.28,83.35,65.0587476352141,494100,0,1
2008-04-23,83.27,83.39,83.27,83.35,65.0587476352141,505600,0,1
2008-04-24,83.2,83.26,83.072,83.12,64.8792213969885,975700,0,1
2008-04-25,83.06,83.19,83.06,83.13,64.887026885607,1386000,0,1
2008-04-28,83.04,83.23,83.04,83.22,64.9572762831735,593600,0,1
2008-04-29,83.26,83.31,83.19,83.202,64.9432264036602,695300,0,1
2008-04-30,83.23,83.36,83.09,83.36,65.0665531238326,870600,0,1
2008-05-01,83.28,83.28,83.01,83.05,64.9506494233364,1129900,0.1615,1
2008-05-02,82.91,83.49,82.85,82.94,64.8646220731069,878100,0,1
2008-05-05,83.04,83.06,82.936,83.03,64.9350080869311,723600,0,1
2008-05-06,83.11,83.18,82.99,83.08,64.9741114279445,893400,0,1
2008-05-07,83.02,83.18,83.02,83.18,65.0523181099714,861500,0,1
2008-05-08,83.25,83.31,83.14,83.25,65.1070627873902,1319900,0,1
2008-05-09,83.35,83.35,83.24,83.28,65.1305247919983,848600,0,1
2008-05-12,83.21,83.3,83.1201,83.1201,65.0054723074373,569800,0,1
2008-05-13,82.94,83.08,82.9118,82.98,64.8959047459176,557100,0,1
2008-05-14,83.02,83.02,82.81,82.92,64.8489807367015,574000,0,1
2008-05-15,82.89,83.04,82.89,82.99,64.9037254141203,657100,0,1
2008-05-16,82.89,83.089,82.89,83.01,64.9193667505257,417200,0,1
2008-05-19,83.07,83.11,82.9701,83.1,64.9897527643499,371100,0,1
2008-05-20,83.1,83.23,83.1,83.22,65.0836007827822,462600,0,1
2008-05-21,83.24,83.24,83.099,83.13,65.013214768958,900100,0,1
2008-05-22,82.99,83,82.86,82.9,64.8333394002961,433700,0,1
2008-05-23,82.96,83.14,82.96,83.06,64.9584700915391,555000,0,1
2008-05-27,83.07,83.07,82.92,82.97,64.8880840777149,501600,0,1
2008-05-28,82.91,82.93,82.81,82.8199,64.7706958479926,413700,0,1
2008-05-29,82.74,82.82,82.54,82.79,64.7473120500665,439600,0,1
2008-05-30,82.88,82.95,82.8601,82.91,64.8411600684988,1970100,0,1
2008-06-02,82.7,82.9,82.685,82.85,64.9684234559607,369300,0.2227,1
2008-06-03,82.75,83,82.7,82.97,65.0625237675445,445000,0,1
2008-06-04,83,83.02,82.892,82.94,65.0389986896485,607100,0,1
2008-06-05,82.88,82.92,82.8,82.83,64.9527400706967,679300,0,1
2008-06-06,83,83.07,82.89,82.94,65.0389986896485,345400,0,1
2008-06-09,82.79,82.8,82.51,82.52,64.7096475991053,566100,0,1
2008-06-10,82.4,82.46,82.28,82.33,64.5606554390977,1293900,0,1
2008-06-11,82.4,82.53,82.33,82.47,64.6704391359454,641300,0,1
2008-06-12,82.28,82.34,82.07,82.07,64.3567714306662,1064700,0,1
2008-06-13,82.21,82.34,82.14,82.161,64.4281308336172,834300,0,1
2008-06-16,82.2,82.26,82.17,82.21,64.4665551275139,318500,0,1
2008-06-17,82.29,82.38,82.25,82.37,64.5920222096256,388300,0,1
2008-06-18,82.37,82.48,82.37,82.45,64.6547557506815,1229800,0,1
2008-06-19,82.44,82.44,82.28,82.292,64.5308570070962,549000,0,1
2008-06-20,82.48,82.51,82.39,82.44,64.6469140580495,362800,0,1
2008-06-23,82.36,82.44,82.3101,82.3499,64.5762604074354,924300,0,1
2008-06-24,82.4,82.53,82.38,82.5,64.6939642138414,650600,0,1
2008-06-25,82.53,82.6,82.345,82.56,64.7410143696333,838000,0,1
2008-06-26,82.6,82.82,82.59,82.8,64.9292149928008,1378900,0,1
2008-06-27,82.73,82.87,82.7,82.84,64.9605817633287,812900,0,1
2008-06-30,82.8,82.89,82.75,82.89,64.9997902264886,953300,0,1
2008-07-01,82.85,82.85,82.64,82.65,64.9830819319977,1032300,0.2187,1
2008-07-02,82.6,82.75,82.6,82.66,64.9909443738527,903200,0,1
2008-07-03,82.75,82.83,82.66,82.8,65.1010185598234,328900,0,1
2008-07-07,82.82,83.01,82.73,82.849,65.1395445249132,1115100,0,1
2008-07-08,82.88,83,82.81,82.86,65.1481932109537,507000,0,1
2008-07-09,82.85,83,82.81,83,65.2582673969245,459000,0,1
2008-07-10,83,83,82.89,82.9,65.179642978374,736100,0,1
2008-07-11,82.95,82.96,82.68,82.73,65.0459814668381,532200,0,1
2008-07-14,82.76,82.93,82.68,82.92,65.1953678620841,681300,0,1
2008-07-15,83,83.19,82.96,83.04,65.2897171643447,715700,0,1
2008-07-16,83.02,83.07,82.95,82.96,65.2268176295043,618700,0,1
2008-07-17,82.92,82.97,82.7826,82.84,65.1324683272436,937600,0,1
2008-07-18,82.87,82.91,82.63,82.69,65.0145316994179,1190400,0,1
2008-07-21,82.67,82.73,82.59,82.73,65.0459814668381,811900,0,1
2008-07-22,82.72,82.72,82.57,82.66,64.9909443738527,1046200,0,1
2008-07-23,82.55,82.64,82.49,82.6199,64.959415982014,867600,0,1
2008-07-24,82.63,82.86,82.63,82.85,65.1403307690987,520000,0,1
2008-07-25,82.82,82.849,82.7,82.74,65.0538439086931,874800,0,1
2008-07-28,82.84,82.92,82.82,82.91,65.187505420229,513100,0,1
2008-07-29,82.87,82.87,82.76,82.84,65.1324683272436,487900,0,1
2008-07-30,82.77,82.92,82.76,82.862,65.1497656993247,516000,0,1
2008-07-31,82.96,83.04,82.95,83.03,65.2818547224896,629900,0,1
2008-08-01,82.78,82.79,82.71,82.78,65.2940949719696,657400,0.2656,1
2008-08-04,82.76,82.82,82.731,82.77,65.286207306474,935500,0,1
2008-08-05,82.75,82.76,82.68,82.73,65.2546566444919,567900,0,1
2008-08-06,82.76,82.77,82.65,82.74,65.2625443099874,534700,0,1
2008-08-07,82.81,82.94,82.81,82.92,65.4045222889069,445700,0,1
2008-08-08,82.94,83,82.79,82.848,65.3477310973391,530000,0,1
2008-08-11,82.84,82.84,82.57,82.74,65.2625443099874,711000,0,1
2008-08-12,82.87,82.91,82.84,82.89,65.3808592924204,587800,0,1
2008-08-13,82.97,82.98,82.84,82.88,65.3729716269248,1158100,0,1
2008-08-14,82.93,82.95,82.861,82.91,65.3966346234114,1061400,0,1
2008-08-15,83.02,83.05,82.93,82.97,65.4439606163846,1816300,0,1
2008-08-18,82.99,83.07,82.96,83.04,65.4991742748533,537000,0,1
2008-08-19,83.14,83.1499,83.05,83.1,65.5465002678264,683800,0,1
2008-08-20,83.09,83.22,83.09,83.21,65.6332645882772,717200,0,1
2008-08-21,83.19,83.19,83.09,83.14,65.5780509298085,540600,0,1
2008-08-22,83.05,83.05,82.95,82.9901,65.4598148240306,509600,0,1
2008-08-25,83.09,83.14,83.07,83.13,65.570163264313,511800,0,1
2008-08-26,83.09,83.1,83.03,83.1,65.5465002678264,600200,0,1
2008-08-27,83.06,83.15,83.02,83.15,65.585938595304,664000,0,1
2008-08-28,83.11,83.12,83.04,83.11,65.5543879333219,510300,0,1
2008-08-29,83.07,83.15,83.03,83.15,65.585938595304,597400,0,1
2008-09-02,82.84,83.02,82.78,83.02,65.6689270902821,645200,0.2352,1
2008-09-03,83.04,83.1,83.01,83.05,65.6926571289801,947200,0,1
2008-09-04,83.06,83.17,83.05,83.1,65.7322071934768,861400,0,1
2008-09-05,83.2,83.23,83.041,83.07,65.7084771547788,1047500,0,1
2008-09-08,82.89,83.04,82.82,83.03,65.6768371031815,505100,0,1
2008-09-09,82.99,83.21,82.88,83.16,65.7796672708728,642200,0,1
2008-09-10,83.11,83.2,83.04,83.18,65.7954872966715,536600,0,1
2008-09-11,83.27,83.29,83.14,83.15,65.7717572579735,825500,0,1
2008-09-12,83.18,83.24,83.05,83.158,65.778085268293,1061400,0,1
2008-09-15,83.7,83.79,83.49,83.75,66.2463580319336,1710200,0,1
2008-09-16,84.03,84.06,83.58,83.6,66.1277078384436,1671800,0,1
2008-09-17,83.93,84.02,83.42,84,66.444108354417,5535100,0,1
2008-09-18,83.87,84.29,83.65,83.73,66.2305380061349,13824800,0,1
2008-09-19,83.06,83.36,83.02,83.26,65.8587673998662,3398300,0,1
2008-09-22,83.06,83.33,83.01,83.32,65.9062274772622,1542400,0,1
2008-09-23,83.42,83.42,83.22,83.38,65.9536875546582,1226200,0,1
2008-09-24,83.4,83.58,83.31,83.56,66.0960677868462,831100,0,1
2008-09-25,83.55,83.5599,83.27,83.41,65.9774175933562,1089800,0,1
2008-09-26,83.6,83.62,83.4,83.41,65.9774175933562,1268200,0,1
2008-09-29,83.68,84.16,83.58,83.89,66.3570982125243,2506000,0,1
2008-09-30,83.97,84.02,83.56,83.56,66.0960677868462,1460200,0,1
2008-10-01,83.55,83.63,83.32,83.54,66.301728122229,4156600,0.28,1
2008-10-02,83.71,83.87,83.59,83.72,66.4445855685062,2180500,0,1
2008-10-03,83.82,83.95,83.5,83.95,66.6271256387494,1009900,0,1
2008-10-06,84.05,84.27,83.98,84.12,66.7620465602334,2985200,0,1
2008-10-07,83.97,84.17,83.86,84.137,66.7755386523818,5766800,0,1
2008-10-08,84.33,84.34,83.61,83.776,66.489030107348,7752100,0,1
2008-10-09,83.72,83.8497,83.59,83.83,66.5318873412312,6909600,0,1
2008-10-10,84,84.12,83.49,83.96,66.6350621635425,4586600,0,1
2008-10-13,83.83,83.83,82.73,83.59,66.3414107461949,1399300,0,1
2008-10-14,83.55,83.73,83.35,83.61,66.3572837957812,3418700,0,1
2008-10-15,83.61,84.03,83.61,83.886,66.576331880073,1202300,0,1
2008-10-16,83.79,84.15,83.78,83.84,66.5398238660244,1174500,0,1
2008-10-17,83.95,84.02,83.75,83.9,66.5874430147835,942100,0,1
2008-10-20,83.98,84.07,83.78,83.8399,66.5397445007765,1514800,0,1
2008-10-21,84.09,84.11,83.84,84.01,66.6747447875085,711100,0,1
2008-10-22,84.03,84.16,83.89,84.13,66.7699830850266,1161600,0,1
2008-10-23,84.08,84.31,83.93,84.0798,66.7301417305649,901100,0,1
2008-10-24,84.35,84.37,84.04,84.15,66.785856134613,1208800,0,1
2008-10-27,84.02,84.1282,83.88,83.94,66.6191891139562,1122100,0,1
2008-10-28,83.96,84.08,83.88,84.0395,66.6981575356483,1028700,0,1
2008-10-29,84.12,84.22,84,84.09,66.7382369858539,1302400,0,1
2008-10-30,84.11,84.2,84.01,84.16,66.7937926594062,821500,0,1
2008-10-31,84.13,84.2,84.02,84.2,66.8255387585789,1271700,0,1
2008-11-03,83.94,84.03,83.8,84.0268,66.947602509898,901900,0.327,1
2008-11-04,84,84.12,83.84,84,66.9262498492318,1290100,0,1
2008-11-05,83.99,84.15,83.95,84.15,67.0457610096769,1421400,0,1
2008-11-06,84.02,84.19,83.97,84.18,67.0696632417659,2190300,0,1
2008-11-07,84.08,84.15,84.01,84.03,66.9501520813208,661000,0,1
2008-11-10,84.08,84.29,84.01,84.29,67.1573047594256,703900,0,1
2008-11-11,84.15,84.37,84.15,84.35,67.2051092236036,493200,0,1
2008-11-12,84.34,84.48,84.31,84.4784,67.3074107769446,972600,0,1
2008-11-13,84.45,84.47,84.25,84.27,67.1413699380329,1089400,0,1
2008-11-14,84.29,84.41,84.25,84.25,67.1254351166402,858300,0,1
2008-11-17,84.25,84.41,84.25,84.4,67.2449462770853,613000,0,1
2008-11-18,84.31,84.5,84.3,84.49,67.3166529733523,649600,0,1
2008-11-19,84.47,84.61,84.43,84.61,67.4122619017084,740000,0,1
2008-11-20,84.75,84.8,84.57,84.77,67.5397404728498,2529500,0,1
2008-11-21,84.63,84.7,84.46,84.63,67.428196723101,1693400,0,1
2008-11-24,84.46,84.53,84.34,84.42,67.260881098478,957100,0,1
2008-11-25,84.53,84.66,84.41,84.49,67.3166529733523,810300,0,1
2008-11-26,84.5,84.76,84.5,84.75,67.5238056514571,671900,0,1
2008-11-28,84.64,84.8,84.54,84.8,67.5636427049388,234700,0,1
2008-12-01,84.63,84.72,84.52,84.66,67.6745458748675,869100,0.2792,1
2008-12-02,84.63,84.71,84.55,84.6496,67.6662324414031,725000,0,1
2008-12-03,84.57,84.78,84.57,84.72,67.7225079910084,956300,0,1
2008-12-04,84.73,84.85,84.648,84.74,67.7384953630554,1181300,0,1
2008-12-05,84.77,84.8,84.51,84.64,67.6585585028205,877800,0,1
2008-12-08,84.62,84.66,84.48,84.52,67.5626342705386,1051300,0,1
2008-12-09,84.64,84.78,84.45,84.78,67.7704701071494,980400,0,1
2008-12-10,84.69,84.77,84.55,84.67,67.682539560891,938100,0,1
2008-12-11,84.75,84.87,84.65,84.87,67.8424132813608,919400,0,1
2008-12-12,84.78,84.95,84.65,84.9124,67.8763065101004,538500,0,1
2008-12-15,84.85,84.98,84.7501,84.97,67.9223501415957,1399200,0,1
2008-12-16,84.81,85.14,84.74,85.01,67.9543248856897,734500,0,1
2008-12-17,84.99,85.17,84.83,84.83,67.8104385372668,1398100,0,1
2008-12-18,85.01,85.03,84.86,84.87,67.8424132813608,1120900,0,1
2008-12-19,84.8626,84.89,84.75,84.79,67.7784637931729,848900,0,1
2008-12-22,84.79,84.82,84.62,84.63,67.650564816797,812700,0,1
2008-12-23,84.65,84.75,84.62,84.65,67.666552188844,698300,0,1
2008-12-24,84.69,84.79,84.66,84.67,67.682539560891,271600,0,1
2008-12-26,84.66,84.8,84.65,84.77,67.7624764211259,444400,0,1
2008-12-29,84.57,84.68,84.45,84.62,67.9113444346786,715900,0.3362,1
2008-12-30,84.6,84.7,84.53,84.7,67.9755480219484,531900,0,1
2008-12-31,84.67,84.69,84.46,84.658,67.9418411386317,587400,0,1
2009-01-02,84.68,84.68,84.21,84.21,67.5823010499206,1138500,0,1
2009-01-05,84.35,84.46,84.31,84.38,67.718733672869,5046300,0,1
2009-01-06,84.32,84.46,84.27,84.4201,67.750915720988,1459700,0,1
2009-01-07,84.45,84.45,84.3,84.36,67.7026827760515,2015400,0,1
2009-01-08,84.33,84.49,84.33,84.38,67.718733672869,805800,0,1
2009-01-09,84.39,84.53,84.38,84.44,67.7668863633214,847200,0,1
2009-01-12,84.44,84.59,84.42,84.46,67.7829372601389,1228000,0,1
2009-01-13,84.47,84.54,84.4,84.47,67.7909627085476,583400,0,1
2009-01-14,84.52,84.65,84.52,84.57,67.8712171926349,1117800,0,1
2009-01-15,84.56,84.59,84.4101,84.48,67.7989881569563,4473500,0,1
2009-01-16,84.42,84.56,84.4,84.52,67.8310899505912,660600,0,1
2009-01-20,84.5,84.58,84.38,84.56,67.8631917442262,2102800,0,1
2009-01-21,84.48,84.55,84.41,84.43,67.7588609149127,992100,0,1
2009-01-22,84.47,84.55,84.42,84.47,67.7909627085476,568900,0,1
2009-01-23,84.43,84.48,84.28,84.45,67.7749118117301,1840900,0,1
2009-01-26,84.43,84.43,84.28,84.34,67.6866318792341,910100,0,1
2009-01-27,84.3,84.44,84.3,84.43,67.7588609149127,1186800,0,1
2009-01-28,84.39,84.46,84.33,84.4,67.7347845696865,1637100,0,1
2009-01-29,84.27,84.326,84.22,84.24,67.6063773951468,1642800,0,1
2009-01-30,84.28,84.38,84.23,84.29,67.6465046371904,1134300,0,1
2009-02-02,84.14,84.24,84.12,84.23,67.7087018623581,775500,0.1375,1
2009-02-03,84.21,84.24,84.08,84.14,67.6363549174737,872000,0,1
2009-02-04,84.12,84.14,83.97,84,67.5238152254313,1806100,0,1
2009-02-05,84.04,84.09,83.97,84.02,67.5398923242945,1131500,0,1
2009-02-06,84.12,84.12,83.97,83.97,67.4996995771365,970500,0,1
2009-02-09,83.98,84.05,83.92,83.94,67.4755839288417,823200,0,1
2009-02-10,84,84.18,83.96,84.13,67.6283163680421,1168400,0,1
2009-02-11,84.16,84.23,84.1,84.11,67.6122392691789,880200,0,1
2009-02-12,84.17,84.26,84.17,84.21,67.6926247634949,879800,0,1
2009-02-13,84.15,84.17,84.04,84.05,67.5640079725893,658100,0,1
2009-02-17,84.15,84.28,84.15,84.27,67.7408560600845,901700,0,1
2009-02-18,84.17,84.24,84.07,84.13,67.6283163680421,622500,0,1
2009-02-19,84.07,84.15,84.02,84.1,67.6042007197473,646200,0,1
2009-02-20,84.13,84.26,84.12,84.17,67.6604705657685,888400,0,1
2009-02-23,84.08,84.17,84.01,84.16,67.6524320163369,2477700,0,1
2009-02-24,84.11,84.19,84.07,84.1,67.6042007197473,863900,0,1
2009-02-25,84.1,84.14,83.94,83.94,67.4755839288417,919000,0,1
2009-02-26,83.96,83.99,83.91,83.98,67.5077381265681,863300,0,1
2009-02-27,84.01,84.09,83.95,84.03,67.5479308737261,793500,0,1
2009-03-02,84.01,84.11,83.97,84.09,67.7001006144663,1559300,0.1293,1
2009-03-03,84.17,84.17,83.97,84.02,67.6437442457778,1011700,0,1
2009-03-04,83.92,83.94,83.83,83.93,67.5712860574641,2098600,0,1
2009-03-05,83.94,84.06,83.91,84.03,67.6517951555905,1025300,0,1
2009-03-06,83.9,84.06,83.88,83.9684,67.6022015511446,1402800,0,1
2009-03-09,83.98,83.99,83.8,83.89,67.5390824182136,896100,0,1
2009-03-10,83.87,83.87,83.5,83.84,67.4988278691504,2253200,0,1
2009-03-11,83.83,83.89,83.77,83.88,67.5310315084009,1011700,0,1
2009-03-12,83.85,83.94,83.83,83.91,67.5551842378388,902300,0,1
2009-03-13,83.85,83.99,83.842,83.98,67.6115406065273,1320000,0,1
2009-03-16,83.85,83.92,83.85,83.87,67.5229805985883,730400,0,1
2009-03-17,83.9,83.93,83.8,83.85,67.506878778963,1135200,0,1
2009-03-18,83.87,84.2,83.86,84.17,67.7645078929674,2771700,0,1
2009-03-19,84.14,84.1721,84.06,84.07,67.683998794841,2064700,0,1
2009-03-20,84.14,84.21,84.07,84.17,67.7645078929674,1939900,0,1
2009-03-23,84.08,84.15,84.04,84.1,67.7081515242789,1068700,0,1
2009-03-24,84.11,84.12,83.98,83.99,67.6195915163399,2632300,0,1
2009-03-25,84.04,84.06,83.96,83.97,67.6034896967146,1233200,0,1
2009-03-26,84.06,84.17,84.01,84.08,67.6920497046537,1249300,0,1
2009-03-27,84.1,84.17,84.1,84.12,67.7242533439042,704600,0,1
2009-03-30,84.19,84.25,84.161,84.2,67.7886606224053,787000,0,1
2009-03-31,84.2,84.33,84.2,84.32,67.8852715401569,2398100,0,1
2009-04-01,84.14,84.2,84.11,84.16,67.8701140922527,968800,0.1412,1
2009-04-02,84.07,84.12,83.97,84.02,67.7572122864909,996700,0,1
2009-04-03,83.97,83.98,83.81,83.83,67.6039884072427,1979300,0,1
2009-04-06,83.8,83.91,83.8,83.89,67.6523748954263,1236400,0,1
2009-04-07,83.93,83.97,83.8952,83.92,67.6765681395181,592100,0,1
2009-04-08,83.95,84.01,83.87,83.92,67.6765681395181,1021000,0,1
2009-04-09,83.89,83.92,83.82,83.82,67.5959239925454,1768800,0,1
2009-04-13,83.87,84.06,83.87,83.98,67.7249546277018,664800,0,1
2009-04-14,84,84.1,83.99,84.05,67.7814055305827,1485700,0,1
2009-04-15,84.04,84.11,84,84.09,67.8136631893718,726200,0,1
2009-04-16,84.01,84.09,83.97,83.97,67.7168902130045,1374700,0,1
2009-04-17,83.94,84.09,83.84,83.88,67.644310480729,826800,0,1
2009-04-20,83.93,84.04,83.93,83.96,67.7088257983072,618200,0,1
2009-04-21,84.04,84.07,83.97,83.97,67.7168902130045,284600,0,1
2009-04-22,84.01,84.01,83.89,83.97,67.7168902130045,884900,0,1
2009-04-23,83.96,83.97,83.89,83.91,67.6685037248209,1306900,0,1
2009-04-24,83.92,83.96,83.87,83.91,67.6685037248209,1050300,0,1
2009-04-27,84.03,84.05,83.93,84.01,67.7491478717936,848600,0,1
2009-04-28,84.05,84.07,83.92,83.93,67.6846325542154,869300,0,1
2009-04-29,83.97,84.01,83.9,83.97,67.7168902130045,867700,0,1
2009-04-30,83.95,84.04,83.91,84.04,67.7733411158854,690100,0,1
2009-05-01,83.77,83.83,83.76,83.81,67.7223740149986,695400,0.1668,1
2009-05-04,83.85,83.85,83.75,83.79,67.7062130857503,959800,0,1
2009-05-05,83.74,83.8,83.71,83.77,67.690052156502,1067400,0,1
2009-05-06,83.8,83.85,83.75,83.82,67.7304544796228,660200,0,1
2009-05-07,83.72,83.78,83.67,83.7,67.633488904133,1587600,0,1
2009-05-08,83.72,83.78,83.71,83.76,67.6819716918779,946000,0,1
2009-05-11,83.79,83.91,83.79,83.9,67.795098196616,528500,0,1
2009-05-12,83.87,83.92,83.87,83.89,67.7870177319918,1212900,0,1
2009-05-13,83.92,84,83.91,83.93,67.8193395904884,827700,0,1
2009-05-14,83.91,83.99,83.91,83.96,67.8435809843609,1673100,0,1
2009-05-15,83.95,84.01,83.93,83.95,67.8355005197367,1158000,0,1
2009-05-18,83.95,83.97,83.87,83.87,67.7708568027435,1131700,0,1
2009-05-19,83.9,83.95,83.84,83.92,67.8112591258643,1081800,0,1
2009-05-20,84,84.03,83.92,84.03,67.9001442367299,1122100,0,1
2009-05-21,84.03,84.0397,83.92,83.922,67.8128752187891,1612700,0,1
2009-05-22,83.9,83.95,83.87,83.94,67.8274200551126,654900,0,1
2009-05-26,83.94,83.97,83.82,83.83,67.7385349442469,840600,0,1
2009-05-27,83.83,83.93,83.8,83.81,67.7223740149986,553300,0,1
2009-05-28,83.83,83.9,83.8,83.8,67.7142935503745,728200,0,1
2009-05-29,83.84,83.97,83.83,83.92,67.8112591258643,852800,0,1
2009-06-01,83.7,83.82,83.66,83.72,67.7553584715944,1745800,0.1308,1
2009-06-02,83.75,83.8,83.69,83.69,67.7310791983724,2210000,0,1
2009-06-03,83.79,83.85,83.74,83.8396,67.8521518408396,1227700,0,1
2009-06-04,83.74,83.84,83.74,83.76,67.7877308358905,1196400,0,1
2009-06-05,83.4,83.53,83.18,83.21,67.34261082682,1198700,0,1
2009-06-08,83.16,83.21,82.99,82.99,67.1645628231918,1100900,0,1
2009-06-09,83.15,83.24,83.15,83.1788,67.3173603826691,996100,0,1
2009-06-10,83.21,83.26,83.06,83.17,67.310238462524,759400,0,1
2009-06-11,83.12,83.23,83.11,83.1801,67.3184124845087,763000,0,1
2009-06-12,83.18,83.3103,83.17,83.2699,67.3910884423533,607800,0,1
2009-06-15,83.33,83.38,83.3,83.33,67.4397279197081,959400,0,1
2009-06-16,83.36,83.48,83.33,83.42,67.5125657393742,1126500,0,1
2009-06-17,83.52,83.57,83.46,83.51,67.5854035590403,752200,0,1
2009-06-18,83.47,83.47,83.3074,83.37,67.4721002840042,619800,0,1
2009-06-19,83.36,83.45,83.3,83.4219,67.5141034266782,1051200,0,1
2009-06-22,83.45,83.5374,83.45,83.53,67.6015897411883,1054400,0,1
2009-06-23,83.47,83.59,83.46,83.53,67.6015897411883,721300,0,1
2009-06-24,83.57,83.71,83.5,83.52,67.5934966501143,698700,0,1
2009-06-25,83.57,83.72,83.56,83.68,67.7229861072984,1241300,0,1
2009-06-26,83.69,83.74,83.67,83.72,67.7553584715944,692200,0,1
2009-06-29,83.73,83.75,83.69,83.72,67.7553584715944,652300,0,1
2009-06-30,83.64,83.74,83.61,83.71,67.7472653805204,703300,0,1
2009-07-01,83.59,83.68,83.56,83.68,67.8137646912573,1202200,0.1122,1
2009-07-02,83.77,83.8,83.724,83.77,67.8867001456337,544300,0,1
2009-07-06,83.76,83.84,83.74,83.8,67.9110119637591,474400,0,1
2009-07-07,83.8,83.87,83.76,83.79,67.902908024384,1668300,0,1
2009-07-08,83.81,83.96,83.77,83.92,68.0082592362609,773700,0,1
2009-07-09,83.85,83.92,83.8401,83.88,67.9758434787603,824100,0,1
2009-07-10,83.94,83.98,83.9,83.96,68.0406749937615,666200,0,1
2009-07-13,83.93,83.98,83.89,83.91,68.0001552968858,699800,0,1
2009-07-14,83.84,83.91,83.8206,83.85,67.9515316606349,488900,0,1
2009-07-15,83.78,83.8,83.65,83.65,67.7894528731319,747200,0,1
2009-07-16,83.81,83.83,83.761,83.78,67.8948040850088,504500,0,1
2009-07-17,83.72,83.77,83.71,83.75,67.8704922668834,833100,0,1
2009-07-20,83.66,83.781,83.65,83.74,67.8623883275082,808800,0,1
2009-07-21,83.71,83.91,83.71,83.84,67.9434277212597,1071800,0,1
2009-07-22,83.9,83.9,83.78,83.8,67.9110119637591,628000,0,1
2009-07-23,83.79,83.8,83.62,83.65,67.7894528731319,1026000,0,1
2009-07-24,83.66,83.73,83.65,83.7,67.8299725700076,969800,0,1
2009-07-27,83.61,83.68,83.57,83.64,67.7813489337567,707600,0,1
2009-07-28,83.67,83.7199,83.56,83.586,67.7375876611309,763200,0,1
2009-07-29,83.63,83.6458,83.45,83.54,67.7003095400052,635700,0,1
2009-07-30,83.51,83.56,83.48,83.55,67.7084134793804,774200,0,1
2009-07-31,83.57,83.69,83.57,83.69,67.8218686306325,624200,0,1
2009-08-03,83.51,83.52,83.38,83.46,67.7260249604305,1073800,0.1117,1
2009-08-04,83.48,83.5,83.3508,83.39,67.6692214408135,940200,0,1
2009-08-05,83.32,83.5,83.32,83.36,67.6448770752634,1230500,0,1
2009-08-06,83.34,83.41,83.33,83.36,67.6448770752634,892300,0,1
2009-08-07,83.24,83.27,83.19,83.22,67.5312700360295,1192200,0,1
2009-08-10,83.28,83.38,83.27,83.3503,67.6370057304022,639000,0,1
2009-08-11,83.37,83.46,83.37,83.44,67.709795383397,870800,0,1
2009-08-12,83.47,83.5,83.38,83.47,67.7341397489472,856900,0,1
2009-08-13,83.52,83.62,83.48,83.61,67.847746788181,874800,0,1
2009-08-14,83.6,83.7399,83.59,83.67,67.8964355192813,515000,0,1
2009-08-17,83.72,83.8,83.72,83.76,67.9694686159316,750800,0,1
2009-08-18,83.76,83.77,83.7,83.74,67.9532390388982,691600,0,1
2009-08-19,83.79,83.82,83.75,83.78,67.9856981929651,1102800,0,1
2009-08-20,83.77,83.8,83.74,83.76,67.9694686159316,588800,0,1
2009-08-21,83.76,83.792,83.6,83.63,67.8639763652145,848100,0,1
2009-08-24,83.62,83.75,83.59,83.73,67.9451242503815,555900,0,1
2009-08-25,83.75,83.76,83.66,83.73,67.9451242503815,664500,0,1
2009-08-26,83.8,83.81,83.73,83.78,67.9856981929651,733200,0,1
2009-08-27,83.77,83.82,83.73,83.77,67.9775834044483,605200,0,1
2009-08-28,83.72,83.86,83.72,83.86,68.0506165010987,764100,0,1
2009-08-31,83.86,83.93,83.82,83.92,68.0993052321989,541100,0,1
2009-09-01,83.84,83.92,83.76,83.88,68.1541595796142,927000,0.1076,1
2009-09-02,83.92,83.97,83.87,83.97,68.227286360279,690900,0,1
2009-09-03,83.93,83.93,83.87,83.89,68.1622847774658,505300,0,1
2009-09-04,83.89,83.91,83.84,83.85,68.1297839860592,489900,0,1
2009-09-08,83.89,83.89,83.82,83.86,68.1379091839109,640800,0,1
2009-09-09,83.84,83.89,83.8,83.87,68.1460343817625,598500,0,1
2009-09-10,83.92,83.98,83.9,83.92,68.1866603710208,577700,0,1
2009-09-11,83.95,84.0193,83.89,83.89,68.1622847774658,850500,0,1
2009-09-14,83.95,83.95,83.83,83.84,68.1216587882076,636100,0,1
2009-09-15,83.81,83.89,83.81,83.88,68.1541595796142,657500,0,1
2009-09-16,83.88,83.9,83.76,83.77,68.0647824032461,709300,0,1
2009-09-17,83.77,83.9,83.74,83.89,68.1622847774658,832600,0,1
2009-09-18,83.86,83.8799,83.42,83.81,68.0972831946526,1287300,0,1
2009-09-21,83.81,83.88,83.81,83.84,68.1216587882076,600800,0,1
2009-09-22,83.84,83.87,83.82,83.82,68.1054083925043,711300,0,1
2009-09-23,83.83,83.96,83.8,83.95,68.2110359645757,943300,0,1
2009-09-24,83.91,83.99,83.902,83.9752,68.2315114631619,859900,0,1
2009-09-25,83.96,83.97,83.88,83.94,68.202910766724,866400,0,1
2009-09-28,83.96,83.97,83.9,83.93,68.1947855688724,716400,0,1
2009-09-29,83.87,83.94,83.83,83.92,68.1866603710208,1051300,0,1
2009-09-30,83.89,84.03,83.89,84.01,68.2597871516856,1421900,0,1
2009-10-01,83.99,84.04,83.941,83.99,68.3280786271089,1122900,0.104,1
2009-10-02,84.05,84.08,83.96,84.02,68.3524844177841,883500,0,1
2009-10-05,84.06,84.06,83.99,84.02,68.3524844177841,683000,0,1
2009-10-06,83.98,84,83.9326,83.97,68.3118080999921,1163100,0,1
2009-10-07,84.02,84.1,83.99,84.08,68.4012959991346,880300,0,1
2009-10-08,84.06,84.0695,83.97,84,68.3362138906673,817700,0,1
2009-10-09,83.9,83.91,83.82,83.88,68.2385907279663,1141400,0,1
2009-10-12,83.85,84.2,83.85,83.98,68.3199433635505,624300,0,1
2009-10-13,83.96,84.03,83.96,84.03,68.3606196813425,886200,0,1
2009-10-14,83.94,84,83.9,83.92,68.2711317822,1078700,0,1
2009-10-15,83.88,83.96,83.87,83.87,68.2304554644079,719500,0,1
2009-10-16,83.85,83.93,83.83,83.9174,68.2690166136748,508400,0,1
2009-10-19,83.88,83.92,83.85,83.92,68.2711317822,670100,0,1
2009-10-20,83.97,84.02,83.91,83.96,68.3036728364336,1642100,0,1
2009-10-21,83.94,83.96,83.87,83.92,68.2711317822,1529300,0,1
2009-10-22,83.85,83.93,83.85,83.93,68.2792670457584,572600,0,1
2009-10-23,83.82,83.84,83.79,83.79,68.1653733559406,572500,0,1
2009-10-26,83.79,83.79,83.7,83.7,68.0921559839149,1301600,0,1
2009-10-27,83.76,83.9,83.74,83.87,68.2304554644079,1267500,0,1
2009-10-28,83.94,84,83.89,83.99,68.3280786271089,795500,0,1
2009-10-29,83.93,83.93,83.87,83.92,68.2711317822,788200,0,1
2009-10-30,83.98,84.06,83.95,84.02,68.3524844177841,988900,0,1
2009-11-02,83.85,83.87,83.8004,83.84,68.3607262532952,1469400,0.1901,1
2009-11-03,83.88,83.88,83.8,83.83,68.3525725407172,779200,0,1
2009-11-04,83.8,83.86,83.76,83.82,68.3444188281393,658500,0,1
2009-11-05,83.84,83.9091,83.84,83.9,68.4096485287627,667900,0,1
2009-11-06,83.96,83.962,83.91,83.96,68.4585708042302,798000,0,1
2009-11-09,83.91,83.96,83.91,83.96,68.4585708042302,590800,0,1
2009-11-10,83.98,84,83.94,83.94,68.4422633790744,546700,0,1
2009-11-11,84,84.04,83.94,84.03,68.5156467922757,399000,0,1
2009-11-12,83.97,84.03,83.9609,84.02,68.5074930796977,909000,0,1
2009-11-13,83.99,84.04,83.97,84.04,68.5238005048536,584700,0,1
2009-11-16,83.97,84.1,83.97,84.09,68.5645690677432,845200,0,1
2009-11-17,84.06,84.12,84.0309,84.11,68.580876492899,1033000,0,1
2009-11-18,84.11,84.14,84.08,84.11,68.580876492899,876600,0,1
2009-11-19,84.14,84.22,84.14,84.14,68.6053376306328,936100,0,1
2009-11-20,84.17,84.22,84.14,84.16,68.6216450557886,566500,0,1
2009-11-23,84.1,84.15,84.09,84.15,68.6134913432107,745600,0,1
2009-11-24,84.16,84.23,84.15,84.22,68.6705673312562,680300,0,1
2009-11-25,84.21,84.26,84.18,84.26,68.7031821815679,879100,0,1
2009-11-27,84.33,84.34,84.26,84.32,68.7521044570354,346400,0,1
2009-11-30,84.32,84.38,84.28,84.33,68.7602581696133,683500,0,1
2009-12-01,83.89,83.89,83.73,83.77,68.7767131769668,1355900,0.5802,1
2009-12-02,83.75,83.77,83.67,83.7,68.7192418874552,863700,0,1
2009-12-03,83.63,83.69,83.6,83.65,68.6781909663755,1045800,0,1
2009-12-04,83.5,83.5,83.4201,83.44,68.5057770978406,730400,0,1
2009-12-07,83.55,83.62,83.49,83.62,68.6535604137276,753600,0,1
2009-12-08,83.68,83.71,83.63,83.7,68.7192418874552,657300,0,1
2009-12-09,83.68,83.7,83.633,83.64,68.6699807821595,642400,0,1
2009-12-10,83.6,83.65,83.55,83.61,68.6453502295117,535700,0,1
2009-12-11,83.55,83.57,83.49,83.52,68.5714585715682,486800,0,1
2009-12-14,83.56,83.56,83.4299,83.43,68.4975669136247,525800,0,1
2009-12-15,83.44,83.44,83.36,83.41,68.4811465451928,566900,0,1
2009-12-16,83.46,83.53,83.43,83.47,68.5304076504885,686200,0,1
2009-12-17,83.6,83.63,83.53,83.63,68.6617705979436,698000,0,1
2009-12-18,83.58,83.6,83.52,83.57,68.6125094926479,540600,0,1
2009-12-21,83.5,83.51,83.4,83.44,68.5057770978406,958500,0,1
2009-12-22,83.4,83.42,83.32,83.34,68.4236752556812,846800,0,1
2009-12-23,83.39,83.42,83.32,83.34,68.4236752556812,767400,0,1
2009-12-24,83.27,83.3,83.24,83.24,68.3415734135218,325400,0,1
2009-12-28,83.2,83.22,83.12,83.12,68.2430512029304,1728200,0,1
2009-12-29,83.05,83.09,83.02,83.09,68.2882392358366,857500,0.085,1
2009-12-30,83.08,83.09,83.04,83.06,68.2635834748897,785600,0,1
2009-12-31,82.98,83.01,82.88,82.96,68.1813976050668,633000,0,1
2010-01-04,83.03,83.09,83.0001,83.07,68.271802061872,1220600,0,1
2010-01-05,83.15,83.21,83.15,83.17,68.3539879316949,598200,0,1
2010-01-06,83.19,83.23,83.12,83.18,68.3622065186772,1534900,0,1
2010-01-07,83.18,83.2,83.15,83.16,68.3457693447126,772000,0,1
2010-01-08,83.26,83.28,83.2,83.2398,68.4113536688312,713200,0,1
2010-01-11,83.27,83.31,83.27,83.28,68.4443923885,756600,0,1
2010-01-12,83.34,83.37,83.33,83.35,68.5019224973761,582900,0,1
2010-01-13,83.31,83.36,83.28,83.28,68.4443923885,590500,0,1
2010-01-14,83.33,83.4,83.33,83.36,68.5101410843584,549900,0,1
2010-01-15,83.41,83.46,83.41,83.43,68.5676711932344,648300,0,1
2010-01-19,83.41,83.45,83.39,83.45,68.584108367199,1154000,0,1
2010-01-20,83.46,83.5,83.44,83.45,68.584108367199,1085600,0,1
2010-01-21,83.42,83.53,83.4,83.52,68.641638476075,1281000,0,1
2010-01-22,83.52,83.59,83.5,83.59,68.699168584951,725600,0,1
2010-01-25,83.55,83.56,83.51,83.52,68.641638476075,624600,0,1
2010-01-26,83.57,83.59,83.51,83.53,68.6498570630573,758500,0,1
2010-01-27,83.6,83.62,83.46,83.4983,68.6238041423234,875700,0,1
2010-01-28,83.49,83.54,83.46,83.54,68.6580756500395,982100,0,1
2010-01-29,83.49,83.62,83.46,83.62,68.7238243458979,900600,0,1
2010-02-01,83.52,83.52,83.43,83.5,68.6943105781858,1001000,0.0841,1
2010-02-02,83.48,83.52,83.48,83.51,68.7025374417281,724800,0,1
2010-02-03,83.46,83.48,83.43,83.45,68.6531762604743,1283800,0,1
2010-02-04,83.54,83.59,83.52,83.57,68.7518986229818,624300,0,1
2010-02-05,83.63,83.73,83.61,83.7,68.8588478490317,1362400,0,1
2010-02-08,83.62,83.66,83.6,83.64,68.8094866677779,857100,0,1
2010-02-09,83.61,83.63,83.52,83.56,68.7436717594396,1415000,0,1
2010-02-10,83.58,83.58,83.45,83.47,68.6696299875589,670100,0,1
2010-02-11,83.46,83.5,83.431,83.5,68.6943105781858,1266000,0,1
2010-02-12,83.55,83.58,83.54,83.57,68.7518986229818,505700,0,1
2010-02-16,83.56,83.62,83.53,83.58,68.7601254865241,733000,0,1
2010-02-17,83.53,83.57,83.48,83.51,68.7025374417281,672300,0,1
2010-02-18,83.53,83.53,83.45,83.46,68.6614031240166,888900,0,1
2010-02-19,83.42,83.44,83.35,83.43,68.6367225333897,1352700,0,1
2010-02-22,83.46,83.47,83.42,83.46,68.6614031240166,681700,0,1
2010-02-23,83.52,83.56,83.49,83.53,68.7189911688127,832000,0,1
2010-02-24,83.52,83.59,83.51,83.57,68.7518986229818,1194200,0,1
2010-02-25,83.64,83.66,83.61,83.64,68.8094866677779,733600,0,1
2010-02-26,83.64,83.69,83.62,83.67,68.8341672584048,936700,0,1
2010-03-01,83.55,83.61,83.55,83.58,68.8215768664397,863200,0.0747,1
2010-03-02,83.57,83.61,83.56,83.58,68.8215768664397,1148800,0,1
2010-03-03,83.56,83.61,83.53,83.57,68.8133426504949,1204600,0,1
2010-03-04,83.53,83.5758,83.5,83.54,68.7886400026606,820800,0,1
2010-03-05,83.46,83.48,83.4,83.47,68.7310004910472,1145300,0,1
2010-03-08,83.44,83.45,83.42,83.43,68.6980636272681,943100,0,1
2010-03-09,83.48,83.5,83.45,83.49,68.7474689229367,641400,0,1
2010-03-10,83.44,83.49,83.44,83.47,68.7310004910472,1220100,0,1
2010-03-11,83.39,83.43,83.37,83.37,68.6486583315994,1763300,0,1
2010-03-12,83.36,83.41,83.34,83.38,68.6568925475442,1100500,0,1
2010-03-15,83.39,83.41,83.37,83.41,68.6815951953785,423400,0,1
2010-03-16,83.42,83.4804,83.37,83.43,68.6980636272681,773100,0,1
2010-03-17,83.45,83.46,83.42,83.45,68.7145320591576,961200,0,1
2010-03-18,83.43,83.43,83.3695,83.4,68.6733609794337,605400,0,1
2010-03-19,83.37,83.4,83.3274,83.34,68.6239556837651,597100,0,1
2010-03-22,83.37,83.4,83.35,83.37,68.6486583315994,461900,0,1
2010-03-23,83.38,83.4,83.33,83.34,68.6239556837651,465300,0,1
2010-03-24,83.28,83.32,83.2,83.21,68.516910876483,651700,0,1
2010-03-25,83.24,83.25,83.16,83.24,68.5416135243173,759700,0,1
2010-03-26,83.24,83.3,83.22,83.29,68.5827846040412,595000,0,1
2010-03-29,83.3,83.33,83.2701,83.33,68.6157214678203,1219600,0,1
2010-03-30,83.32,83.33,83.29,83.31,68.5992530359307,703300,0,1
2010-03-31,83.34,83.42,83.32,83.37,68.6486583315994,2179100,0,1
2010-04-01,83.3,83.31,83.25,83.26,68.6235991422147,609000,0.0796,1
2010-04-05,83.12,83.14,83.02,83.03,68.4340311887831,3762900,0,1
2010-04-06,83.09,83.1,83.05,83.09,68.483483698374,1014200,0,1
2010-04-07,83.14,83.22,83.14,83.22,68.5906308024874,1811100,0,1
2010-04-08,83.27,83.28,83.2,83.2,68.5741466326238,709900,0,1
2010-04-09,83.18,83.23,83.16,83.22,68.5906308024874,481800,0,1
2010-04-12,83.23,83.28,83.22,83.26,68.6235991422147,1050800,0,1
2010-04-13,83.3,83.3,83.22,83.24,68.607114972351,736700,0,1
2010-04-14,83.26,83.29,83.24,83.24,68.607114972351,970900,0,1
2010-04-15,83.25,83.32,83.24,83.3,68.6565674819419,1206300,0,1
2010-04-16,83.35,83.45,83.3301,83.43,68.7637145860554,801800,0,1
2010-04-19,83.43,83.43,83.35,83.35,68.6977779066009,661300,0,1
2010-04-20,83.35,83.36,83.31,83.36,68.7060199915327,895200,0,1
2010-04-21,83.34,83.37,83.3,83.37,68.7142620764645,648500,0,1
2010-04-22,83.39,83.43,83.31,83.31,68.6648095668737,169300,0,1
2010-04-23,83.28,83.3,83.24,83.28,68.6400833120783,658300,0,1
2010-04-26,83.29,83.32,83.26,83.28,68.6400833120783,545600,0,1
2010-04-27,83.36,83.48,83.33,83.44,68.7719566709872,1530800,0,1
2010-04-28,83.39,83.425,83.35,83.42,68.7554725011235,1269900,0,1
2010-04-29,83.43,83.44,83.3915,83.44,68.7719566709872,421600,0,1
2010-04-30,83.46,83.54,83.45,83.54,68.8543775203052,517300,0,1
2010-05-03,83.37,83.41,83.35,83.38,68.7871369430146,494900,0.0784,1
2010-05-04,83.45,83.48,83.42,83.43,68.8283861256381,1219600,0,1
2010-05-05,83.56,83.6895,83.52,83.54,68.9191343274099,1777200,0,1
2010-05-06,83.6,83.83,83.55,83.72,69.0676313848546,1864500,0,1
2010-05-07,83.72,83.81,83.6,83.69,69.0428818752805,3637100,0,1
2010-05-10,83.5,83.64,83.49,83.58,68.9521336735087,1349100,0,1
2010-05-11,83.64,83.66,83.58,83.63,68.9933828561323,709400,0,1
2010-05-12,83.62,83.63,83.57,83.61,68.9768831830828,734200,0,1
2010-05-13,83.6,83.66,83.5805,83.66,69.0181323657064,992800,0,1
2010-05-14,83.7,83.8,83.69,83.77,69.1088805674782,1110500,0,1
2010-05-17,83.76,83.81,83.7126,83.74,69.084131057904,1433400,0,1
2010-05-18,83.72,83.8399,83.7,83.83,69.1583795866264,764200,0,1
2010-05-19,83.8,83.86,83.777,83.79,69.1253802405276,3042700,0,1
2010-05-20,83.87,83.95,83.83,83.89,69.2078786057747,4210900,0,1
2010-05-21,83.94,83.96,83.82,83.83,69.1583795866264,2753800,0,1
2010-05-24,83.85,83.8722,83.8,83.82,69.1501297501017,1095600,0,1
2010-05-25,83.87,83.9,83.78,83.81,69.141879913577,1777400,0,1
2010-05-26,83.77,83.77,83.64,83.74,69.084131057904,1238600,0,1
2010-05-27,83.65,83.69,83.64,83.68,69.0346320387558,1114900,0,1
2010-05-28,83.76,83.85,83.71,83.84,69.1666294231511,751200,0,1
2010-06-01,83.76,83.83,83.74,83.77,69.1670765642908,1439300,0.0705,1
2010-06-02,83.76,83.78,83.7,83.71,69.1175358624422,2091500,0,1
2010-06-03,83.66,83.74,83.65,83.69,69.1010222951593,1095300,0,1
2010-06-04,83.83,83.89,83.82,83.88,69.2579011843466,1429300,0,1
2010-06-07,83.8,83.88,83.79,83.85,69.2331308334222,1553900,0,1
2010-06-08,83.83,83.88,83.81,83.84,69.2248740497808,1050800,0,1
2010-06-09,83.81,83.87,83.799,83.85,69.2331308334222,569400,0,1
2010-06-10,83.83,83.83,83.74,83.74,69.1423062133665,656900,0,1
2010-06-11,83.81,83.87,83.77,83.83,69.2166172661394,705200,0,1
2010-06-14,83.77,83.86,83.77,83.85,69.2331308334222,694000,0,1
2010-06-15,83.86,83.87,83.79,83.81,69.2001036988565,1212700,0,1
2010-06-16,83.87,83.87,83.81,83.83,69.2166172661394,1467000,0,1
2010-06-17,83.86,83.95,83.86,83.88,69.2579011843466,1394200,0,1
2010-06-18,83.89,83.91,83.87,83.89,69.266157967988,592000,0,1
2010-06-21,83.83,83.9,83.811,83.9,69.2744147516294,1900900,0,1
2010-06-22,83.87,83.94,83.86,83.94,69.3074418861952,2290200,0,1
2010-06-23,83.95,84.0119,83.95,84,69.3569825880437,2075700,0,1
2010-06-24,84.02,84.05,83.98,84.02,69.3734961553266,819200,0,1
2010-06-25,84.01,84.07,83.98,84.05,69.3982665062509,959000,0,1
2010-06-28,84.08,84.1,84.05,84.1,69.4395504244581,662000,0,1
2010-06-29,84.09,84.145,84.09,84.14,69.4725775590238,1043400,0,1
2010-06-30,84.1,84.13,84.04,84.12,69.456063991741,1304200,0,1
2010-07-01,84.02,84.08,84,84.02,69.4335015047624,1760800,0.0727,1
2010-07-02,84,84.03,83.955,84.02,69.4335015047624,565500,0,1
2010-07-06,84,84.05,83.96,84.02,69.4335015047624,1365300,0,1
2010-07-07,84.04,84.06,83.98,84.01,69.4252375793274,1024600,0,1
2010-07-08,84,84.04,83.97,84.02,69.4335015047624,1074300,0,1
2010-07-09,84,84.02,83.97,83.99,69.4087097284574,614300,0,1
2010-07-12,84.01,84.02,83.98,84,69.4169736538924,1013900,0,1
2010-07-13,83.96,83.98,83.92,83.94,69.3673901012825,1374000,0,1
2010-07-14,83.99,84.06,83.98,84.03,69.4417654301974,1081800,0,1
2010-07-15,84.04,84.11,84.04,84.05,69.4582932810673,540700,0,1
2010-07-16,84.07,84.14,84.05,84.13,69.5244046845472,812400,0,1
2010-07-19,84.11,84.13,84.09,84.1,69.4996129082423,529600,0,1
2010-07-20,84.14,84.14,84.1,84.13,69.5244046845472,1246900,0,1
2010-07-21,84.12,84.19,84.1101,84.17,69.5574603862872,676700,0,1
2010-07-22,84.15,84.16,84.11,84.14,69.5326686099822,591800,0,1
2010-07-23,84.14,84.18,84.1,84.1,69.4996129082423,1075600,0,1
2010-07-26,84.1,84.1,84.05,84.07,69.4748211319373,2052000,0,1
2010-07-27,84.05,84.05,84,84.02,69.4335015047624,1320300,0,1
2010-07-28,84.08,84.14,84.04,84.1,69.4996129082423,1274700,0,1
2010-07-29,84.15,84.18,84.12,84.17,69.5574603862872,2207900,0,1
2010-07-30,84.24,84.24,84.19,84.21,69.5905160880271,1064400,0,1
2010-08-02,84.13,84.15,84.11,84.12,69.5744187876723,1174200,0.0705,1
2010-08-03,84.18,84.21,84.17,84.18,69.624043908063,1444300,0,1
2010-08-04,84.17,84.17,84.11,84.11,69.5661479342739,1962200,0,1
2010-08-05,84.15,84.21,84.14,84.21,69.6488564682583,1559300,0,1
2010-08-06,84.23,84.26,84.21,84.23,69.6653981750552,941200,0,1
2010-08-09,84.22,84.23,84.18,84.18,69.624043908063,1120200,0,1
2010-08-10,84.15,84.23,84.14,84.22,69.6571273216567,1465900,0,1
2010-08-11,84.26,84.28,84.23,84.24,69.6736690284536,748700,0,1
2010-08-12,84.25,84.25,84.1902,84.22,69.6571273216567,1556800,0,1
2010-08-13,84.21,84.23,84.2,84.21,69.6488564682583,427900,0,1
2010-08-16,84.26,84.29,84.25,84.29,69.7150232954458,652100,0,1
2010-08-17,84.26,84.27,84.22,84.27,69.6984815886489,794000,0,1
2010-08-18,84.3,84.3,84.25,84.29,69.7150232954458,838100,0,1
2010-08-19,84.27,84.32,84.26,84.31,69.7315650022427,756200,0,1
2010-08-20,84.31,84.31,84.26,84.28,69.7067524420474,703700,0,1
2010-08-23,84.26,84.3,84.26,84.29,69.7150232954458,527800,0,1
2010-08-24,84.33,84.37,84.3,84.35,69.7646484158364,1533700,0,1
2010-08-25,84.33,84.36,84.25,84.2725,69.7005493019985,1168600,0,1
2010-08-26,84.27,84.3,84.26,84.27,69.6984815886489,724400,0,1
2010-08-27,84.24,84.29,84.18,84.21,69.6488564682583,904100,0,1
2010-08-30,84.29,84.32,84.26,84.31,69.7315650022427,726800,0,1
2010-08-31,84.32,84.35,84.3,84.34,69.756377562438,938600,0,1
2010-09-01,84.23,84.26,84.1801,84.2225,69.7168180706333,2009100,0.0697,1
2010-09-02,84.21,84.24,84.19,84.2,69.6981932565208,1251400,0,1
2010-09-03,84.14,84.19,84.14,84.16,69.6650824758763,892600,0,1
2010-09-07,84.19,84.25,84.19,84.25,69.7395817323263,1104000,0,1
2010-09-08,84.21,84.21,84.16,84.19,69.6899155613597,1677100,0,1
2010-09-09,84.18,84.18,84.08,84.1,69.6154163049097,1291500,0,1
2010-09-10,84.08,84.11,84.07,84.09,69.6071386097486,1096200,0,1
2010-09-13,84.12,84.18,84.1,84.16,69.6650824758763,522000,0,1
2010-09-14,84.19,84.23,84.17,84.22,69.714748646843,968100,0,1
2010-09-15,84.25,84.27,84.22,84.24,69.7313040371652,664400,0,1
2010-09-16,84.26,84.2673,84.22,84.26,69.7478594274874,730900,0,1
2010-09-17,84.26,84.28,84.25,84.28,69.7644148178096,548800,0,1
2010-09-20,84.25,84.29,84.24,84.29,69.7726925129707,1132900,0,1
2010-09-21,84.29,84.369,84.24,84.35,69.8223586839374,1430900,0,1
2010-09-22,84.36,84.38,84.33,84.34,69.8140809887763,1158200,0,1
2010-09-23,84.38,84.3899,84.34,84.35,69.8223586839374,779000,0,1
2010-09-24,84.33,84.35,84.32,84.34,69.8140809887763,1214500,0,1
2010-09-27,84.36,84.37,84.33,84.36,69.8306363790985,2443500,0,1
2010-09-28,84.36,84.4,84.35,84.38,69.8471917694207,764700,0,1
2010-09-29,84.38,84.39,84.36,84.36,69.8306363790985,798400,0,1
2010-09-30,84.38,84.39,84.32,84.37,69.8389140742596,1451800,0,1
2010-10-01,84.3,84.34,84.3,84.32,69.8516849023542,2388000,0.0654,1
2010-10-04,84.3499,84.37,84.33,84.33,69.8599690205826,1035100,0,1
2010-10-05,84.36,84.37,84.34,84.37,69.8931054934964,945100,0,1
2010-10-06,84.41,84.42,84.38,84.38,69.9013896117249,1772600,0,1
2010-10-07,84.43,84.45,84.42,84.45,69.9593784393241,1430200,0,1
2010-10-08,84.47,84.4899,84.45,84.45,69.9593784393241,1604700,0,1
2010-10-11,84.47,84.5,84.42,84.46,69.9676625575526,1051900,0,1
2010-10-12,84.48,84.48,84.4,84.4,69.9179578481818,950600,0,1
2010-10-13,84.44,84.44,84.38,84.41,69.9262419664103,645700,0,1
2010-10-14,84.42,84.42,84.37,84.37,69.8931054934964,1130100,0,1
2010-10-15,84.44,84.45,84.391,84.4,69.9179578481818,883700,0,1
2010-10-18,84.42,84.45,84.42,84.42,69.9345260846387,765500,0,1
2010-10-19,84.43,84.47,84.43,84.46,69.9676625575526,740900,0,1
2010-10-20,84.47,84.49,84.44,84.47,69.975946675781,1247500,0,1
2010-10-21,84.47,84.49,84.45,84.48,69.9842307940095,1035700,0,1
2010-10-22,84.47,84.48,84.46,84.46,69.9676625575526,522000,0,1
2010-10-25,84.47,84.51,84.47,84.48,69.9842307940095,1594800,0,1
2010-10-26,84.42,84.43,84.39,84.4,69.9179578481818,1325400,0,1
2010-10-27,84.4,84.41,84.36,84.36,69.884821375268,751900,0,1
2010-10-28,84.44,84.47,84.42,84.47,69.975946675781,782300,0,1
2010-10-29,84.48,84.51,84.46,84.49,69.9925149122379,875500,0,1
2010-11-01,84.44,84.46,84.427,84.46,70.0229905263768,709700,0.0668,1
2010-11-02,84.43,84.45,84.41,84.41,69.9815371812866,610100,0,1
2010-11-03,84.44,84.45,84.33,84.44,70.0064091883407,643400,0,1
2010-11-04,84.46,84.48,84.46,84.46,70.0229905263768,874600,0,1
2010-11-05,84.43,84.45,84.38,84.39,69.9649558432505,1782600,0,1
2010-11-08,84.37,84.38,84.33,84.35,69.9317931671783,1086100,0,1
2010-11-09,84.3698,84.3698,84.24,84.24,69.8405958079799,1709900,0,1
2010-11-10,84.25,84.29,84.1699,84.29,69.8820491530701,1019100,0,1
2010-11-11,84.27,84.28,84.13,84.16,69.7742704558356,553500,0,1
2010-11-12,84.21,84.25,84.16,84.16,69.7742704558356,1465400,0,1
2010-11-15,84.11,84.18,84.09,84.11,69.7328171107454,1869600,0,1
2010-11-16,84.15,84.18,84.11,84.15,69.7659797868175,1070400,0,1
2010-11-17,84.2,84.22,84.17,84.2,69.8074331319077,1860000,0,1
2010-11-18,84.16,84.21,84.13,84.21,69.8157238009258,799100,0,1
2010-11-19,84.17,84.19,84.16,84.16,69.7742704558356,1324400,0,1
2010-11-22,84.16,84.25,84.16,84.24,69.8405958079799,741000,0,1
2010-11-23,84.31,84.32,84.28,84.29,69.8820491530701,722600,0,1
2010-11-24,84.23,84.24,84.13,84.145,69.7618344523085,1604700,0,1
2010-11-26,84.15,84.2,84.15,84.2,69.8074331319077,221300,0,1
2010-11-29,84.21,84.21,84.16,84.19,69.7991424628897,664000,0,1
2010-11-30,84.25,84.27,84.23,84.25,69.8488864769979,884500,0,1
2010-12-01,84.11,84.12,84.05,84.06,69.7445998095538,1000000,0.0642,1
2010-12-02,84.06,84.1,84.03,84.06,69.7445998095538,896500,0,1
2010-12-03,84.16,84.19,84.12,84.17,69.8358668328592,1364900,0,1
2010-12-06,84.22,84.25,84.2,84.22,69.8773518434525,1686500,0,1
2010-12-07,84.2,84.2,84.04,84.07,69.7528968116725,1018800,0,1
2010-12-08,83.98,83.99,83.9,83.94,69.6450357841297,1235900,0,1
2010-12-09,83.96,83.98,83.9,83.93,69.6367387820111,1132700,0,1
2010-12-10,83.95,83.9599,83.89,83.9,69.6118477756551,912300,0,1
2010-12-13,83.91,83.99,83.8801,83.95,69.6533327862484,944200,0,1
2010-12-14,83.96,83.9736,83.8501,83.91,69.6201447777737,873100,0,1
2010-12-15,83.89,83.95,83.83,83.88,69.5952537714177,720700,0,1
2010-12-16,83.86,83.93,83.82,83.9,69.6118477756551,1131600,0,1
2010-12-17,83.9,83.99,83.9,83.97,69.6699267904857,1075900,0,1
2010-12-20,83.99,84.04,83.97,83.99,69.6865207947231,621100,0,1
2010-12-21,83.99,83.99,83.93,83.97,69.6699267904857,879700,0,1
2010-12-22,83.97,83.98,83.9,83.95,69.6533327862484,526900,0,1
2010-12-23,83.88,83.9,83.84,83.84,69.562065762943,581000,0,1
2010-12-27,83.82,83.89,83.77,83.89,69.6035507735364,730000,0,1
2010-12-28,83.79,83.83,83.71,83.71,69.5102833430202,823400,0.0676,1
2010-12-29,83.75,83.94,83.74,83.91,69.6763573684485,1204800,0,1
2010-12-30,83.89,83.9,83.8308,83.88,69.6514462646342,1119100,0,1
2010-12-31,83.9,83.99,83.89,83.98,69.7344832773484,664600,0,1
2011-01-03,83.94,83.975,83.9,83.96,69.7178758748056,676200,0,1
2011-01-04,83.96,84.01,83.92,83.94,69.7012684722627,2022500,0,1
2011-01-05,83.82,83.85,83.77,83.79,69.5767129531915,1276200,0,1
2011-01-06,83.83,83.9,83.8101,83.88,69.6514462646342,1686600,0,1
2011-01-07,83.94,84.02,83.93,83.9975,69.7490147545734,792200,0,1
2011-01-10,84,84.05,84,84.04,69.7843054849769,1202900,0,1
2011-01-11,84.05,84.05,83.98,83.99,69.7427869786198,1060400,0,1
2011-01-12,83.9501,84,83.93,83.99,69.7427869786198,703200,0,1
2011-01-13,83.99,84.03,83.96,84.02,69.7676980824341,685900,0,1
2011-01-14,84.04,84.07,84.01,84.02,69.7676980824341,841900,0,1
2011-01-18,84,84.04,83.98,84,69.7510906798912,692200,0,1
2011-01-19,84.02,84.05,84.01,84.04,69.7843054849769,1450300,0,1
2011-01-20,84.02,84.02,83.94,83.95,69.7095721735342,781700,0,1
2011-01-21,83.94,83.98,83.94,83.97,69.726179576077,463600,0,1
2011-01-24,83.94,83.98,83.94,83.96,69.7178758748056,631800,0,1
2011-01-25,83.96,84.04,83.94,84.02,69.7676980824341,1627100,0,1
2011-01-26,83.98,84.0099,83.95,84,69.7510906798912,1130100,0,1
2011-01-27,84.04,84.07,84.01,84.06,69.8009128875197,917600,0,1
2011-01-28,84.05,84.14,84.04,84.1,69.8341276926054,678500,0,1
2011-01-31,84.12,84.13,84.07,84.09,69.825823991334,1139000,0,1
2011-02-01,83.98,83.98,83.93,83.93,69.7491251938003,1358700,0.0676,1
2011-02-02,83.93,83.96,83.85,83.88,69.7075732307395,1139300,0,1
2011-02-03,83.81,83.84,83.76,83.8,69.6410900898423,1843800,0,1
2011-02-04,83.75,83.78,83.7,83.73,69.5829173415572,612300,0,1
2011-02-07,83.67,83.72,83.65,83.69,69.5496757711086,532500,0,1
2011-02-08,83.68,83.69,83.56,83.58,69.4582614523749,1348600,0,1
2011-02-09,83.6201,83.69,83.61,83.64,69.5081238080478,1278000,0,1
2011-02-10,83.63,83.66,83.5901,83.6,69.4748822375992,607200,0,1
2011-02-11,83.65,83.688,83.6,83.6,69.4748822375992,786700,0,1
2011-02-14,83.59,83.6201,83.59,83.6,69.4748822375992,1257700,0,1
2011-02-15,83.56,83.64,83.56,83.64,69.5081238080478,981700,0,1
2011-02-16,83.61,83.68,83.59,83.63,69.4998134154357,963300,0,1
2011-02-17,83.69,83.74,83.69,83.73,69.5829173415572,1095900,0,1
2011-02-18,83.69,83.77,83.68,83.76,69.6078485193937,709200,0,1
2011-02-22,83.8,83.87,83.77,83.85,69.682642052903,1885000,0,1
2011-02-23,83.86,83.89,83.8249,83.83,69.6660212676788,831600,0,1
2011-02-24,83.85,83.89,83.84,83.87,69.6992628381274,666700,0,1
2011-02-25,83.84,83.9,83.84,83.89,69.7158836233517,786000,0,1
2011-02-28,83.91,83.9464,83.89,83.92,69.7408148011881,667600,0,1
2011-03-01,83.81,83.92,83.81,83.91,69.7829958609696,785200,0.0608,1
2011-03-02,83.91,83.9325,83.86,83.87,69.7497302211837,834800,0,1
2011-03-03,83.75,83.77,83.7,83.7,69.6083512520934,740400,0,1
2011-03-04,83.79,83.89,83.79,83.89,69.7663630410767,627700,0,1
2011-03-07,83.81,83.89,83.81,83.83,69.7164645813977,668500,0,1
2011-03-08,83.79,83.82,83.77,83.8,69.6915153515583,863500,0,1
2011-03-09,83.85,83.9099,83.82,83.86,69.7414138112372,924200,0,1
2011-03-10,83.89,83.97,83.86,83.95,69.8162615007556,692000,0,1
2011-03-11,83.95,83.98,83.93,83.965,69.8287361156753,678200,0,1
2011-03-14,84.03,84.0863,84.01,84.01,69.8661599604345,1522200,0,1
2011-03-15,84.13,84.14,83.97,83.97,69.8328943206485,1152200,0,1
2011-03-16,84.04,84.16,84.02,84.12,69.9576404698459,2603900,0,1
2011-03-17,84.06,84.09,84.01,84.08,69.9243748300599,1012000,0,1
2011-03-18,84.04,84.0799,84.03,84.04,69.891109190274,814000,0,1
2011-03-21,84.01,84.01,83.94,83.95,69.8162615007556,611900,0,1
2011-03-22,83.9,83.95,83.9,83.93,69.7996286808626,1402600,0,1
2011-03-23,84,84,83.93,83.94,69.8079450908091,868700,0,1
2011-03-24,83.91,83.94,83.87,83.88,69.7580466311302,1038400,0,1
2011-03-25,83.92,83.92,83.8,83.82,69.7081481714512,811100,0,1
2011-03-28,83.78,83.8284,83.76,83.78,69.6748825316653,1493000,0,1
2011-03-29,83.79,83.8199,83.74,83.75,69.6499333018258,863400,0,1
2011-03-30,83.78,83.81,83.77,83.8,69.6915153515583,631200,0,1
2011-03-31,83.83,83.85,83.75,83.75,69.6499333018258,935200,0,1
2011-04-01,83.61,83.75,83.6,83.75,69.7058811180998,855800,0.0673,1
2011-04-04,83.77,83.81,83.76,83.77,69.7225272986653,1159400,0,1
2011-04-05,83.74,83.772,83.68,83.68,69.6476194861205,1581000,0,1
2011-04-06,83.68,83.71,83.6622,83.68,69.6476194861205,663000,0,1
2011-04-07,83.7,83.76,83.69,83.74,69.6975580278171,501800,0,1
2011-04-08,83.7,83.73,83.69,83.71,69.6725887569688,692200,0,1
2011-04-11,83.71,83.73,83.682,83.7,69.664265666686,679500,0,1
2011-04-12,83.76,83.84,83.76,83.84,69.7807889306447,826100,0,1
2011-04-13,83.8,83.89,83.78,83.88,69.8140812917757,859000,0,1
2011-04-14,83.87,83.9,83.8,83.8,69.7474965695136,919400,0,1
2011-04-15,83.87,83.96,83.87,83.96,69.8806660140377,1139000,0,1
2011-04-18,83.99,84.03,83.97,83.98,69.8973121946033,616000,0,1
2011-04-19,84,84.02,83.98,84,69.9139583751688,628400,0,1
2011-04-20,83.97,84,83.9432,83.99,69.905635284886,746700,0,1
2011-04-21,83.99,84.0071,83.96,83.97,69.8889891043205,1119500,0,1
2011-04-25,83.97,84.01,83.95,83.98,69.8973121946033,1049600,0,1
2011-04-26,84.02,84.08,84,84.06,69.9638969168653,569000,0,1
2011-04-27,84.01,84.09,83.98,84.09,69.9888661877136,1169700,0,1
2011-04-28,84.11,84.12,84.08,84.09,69.9888661877136,704400,0,1
2011-04-29,84.1,84.15,84.08,84.13,70.0221585488446,803000,0,1
2011-05-02,84.07,84.099,84.05,84.05,70.0106402242023,716200,0.0662,1
2011-05-03,84.08,84.09,84.05,84.08,70.0356291499219,451000,0,1
2011-05-04,84.08,84.14,84.04,84.12,70.0689477175479,1527400,0,1
2011-05-05,84.11,84.14,84.1,84.14,70.0856070013609,899600,0,1
2011-05-06,84.09,84.19,84.07,84.15,70.0939366432674,1627000,0,1
2011-05-09,84.19,84.2,84.17,84.19,70.1272552108935,530900,0,1
2011-05-10,84.17,84.17,84.11,84.11,70.0606180756414,725400,0,1
2011-05-11,84.13,84.2,84.12,84.19,70.1272552108935,1403100,0,1
2011-05-12,84.19,84.19,84.13,84.15,70.0939366432674,745000,0,1
2011-05-13,84.17,84.21,84.16,84.19,70.1272552108935,683200,0,1
2011-05-16,84.19,84.23,84.1734,84.23,70.1605737785195,1458600,0,1
2011-05-17,84.22,84.27,84.21,84.24,70.168903420426,949700,0,1
2011-05-18,84.22,84.2299,84.18,84.2,70.1355848528,1321800,0,1
2011-05-19,84.11,84.23,84.11,84.21,70.1439144947065,756000,0,1
2011-05-20,84.23,84.26,84.22,84.24,70.168903420426,1059900,0,1
2011-05-23,84.27,84.28,84.24,84.25,70.1772330623325,708400,0,1
2011-05-24,84.23,84.26,84.22,84.25,70.1772330623325,903000,0,1
2011-05-25,84.29,84.29,84.26,84.288,70.2088857015772,712100,0,1
2011-05-26,84.3,84.34,84.3,84.34,70.2521998394911,653800,0,1
2011-05-27,84.33,84.37,84.32,84.37,70.2771887652106,635700,0,1
2011-05-31,84.32,84.39,84.32,84.37,70.2771887652106,775300,0,1
2011-06-01,84.32,84.37,84.32,84.36,70.3238789069891,2248000,0.0661,1
2011-06-02,84.32,84.35,84.3,84.31,70.282198087343,696300,0,1
2011-06-03,84.38,84.38,84.31,84.34,70.3072065791307,975500,0,1
2011-06-06,84.33,84.38,84.32,84.35,70.3155427430599,1836500,0,1
2011-06-07,84.36,84.41,84.33,84.41,70.3655597266353,1384700,0,1
2011-06-08,84.39,84.44,84.39,84.42,70.3738958905645,914300,0,1
2011-06-09,84.39,84.4,84.32,84.33,70.2988704152014,1145900,0,1
2011-06-10,84.36,84.4,84.36,84.4,70.3572235627061,717200,0,1
2011-06-13,84.36,84.419,84.34,84.37,70.3322150709184,898400,0,1
2011-06-14,84.31,84.35,84.3,84.3,70.2738619234138,1300600,0,1
2011-06-15,84.35,84.44,84.35,84.42,70.3738958905645,695100,0,1
2011-06-16,84.43,84.44,84.39,84.43,70.3822320544938,1112300,0,1
2011-06-17,84.43,84.45,84.41,84.45,70.3989043823522,1689000,0,1
2011-06-20,84.44,84.45,84.4,84.45,70.3989043823522,917300,0,1
2011-06-21,84.41,84.46,84.41,84.46,70.4072405462814,7491500,0,1
2011-06-22,84.47,84.48,84.42,84.44,70.390568218423,1174000,0,1
2011-06-23,84.49,84.51,84.47,84.49,70.4322490380691,1875000,0,1
2011-06-24,84.49,84.55,84.47,84.54,70.4739298577153,1068600,0,1
2011-06-27,84.5,84.52,84.43,84.46,70.4072405462814,1431800,0,1
2011-06-28,84.4,84.43,84.3,84.31,70.282198087343,1126700,0,1
2011-06-29,84.32,84.34,84.28,84.31,70.282198087343,1312800,0,1
2011-06-30,84.35,84.36,84.24,84.3,70.2738619234138,1898000,0,1
2011-07-01,84.28,84.29,84.19,84.21,70.2500196609598,3176800,0.0614,1
2011-07-05,84.27,84.32,84.27,84.31,70.3334420806973,1128700,0,1
2011-07-06,84.32,84.36,84.32,84.34,70.3584688066185,669900,0,1
2011-07-07,84.29,84.29,84.23,84.26,70.2917308708285,959800,0,1
2011-07-08,84.37,84.41,84.37,84.38,70.3918377745135,830500,0,1
2011-07-11,84.4,84.45,84.4,84.44,70.441891226356,1723500,0,1
2011-07-12,84.43,84.45,84.39,84.43,70.4335489843823,1065600,0,1
2011-07-13,84.43,84.46,84.41,84.45,70.4502334683298,612400,0,1
2011-07-14,84.4,84.44,84.4,84.42,70.4252067424085,920300,0,1
2011-07-15,84.4,84.44,84.39,84.44,70.441891226356,607500,0,1
2011-07-18,84.43,84.46,84.42,84.44,70.441891226356,1518000,0,1
2011-07-19,84.45,84.47,84.42,84.44,70.441891226356,850000,0,1
2011-07-20,84.42,84.44,84.4,84.41,70.4168645004348,615600,0,1
2011-07-21,84.4,84.42,84.36,84.37,70.3834955325398,718900,0,1
2011-07-22,84.41,84.43,84.38,84.38,70.3918377745135,712600,0,1
2011-07-25,84.36,84.4,84.34,84.34,70.3584688066185,3881100,0,1
2011-07-26,84.36,84.41,84.36,84.39,70.4001800164873,1157200,0,1
2011-07-27,84.37,84.38,84.32,84.34,70.3584688066185,1120100,0,1
2011-07-28,84.42,84.43,84.38,84.39,70.4001800164873,3369200,0,1
2011-07-29,84.43,84.51,84.43,84.48,70.475260194251,1178200,0,1
2011-08-01,84.4,84.45,84.38,84.39,70.4510026230398,2428900,0.0609,1
2011-08-02,84.46,84.51,84.44,84.5,70.5428335305944,1104600,0,1
2011-08-03,84.47,84.51,84.46,84.49,70.5344852662712,2656600,0,1
2011-08-04,84.48,84.58,84.48,84.57,70.6012713808564,2556300,0,1
2011-08-05,84.51,84.58,84.49,84.55,70.5845748522101,3777400,0,1
2011-08-08,84.56,84.64,84.56,84.58,70.6096196451796,3003000,0,1
2011-08-09,84.55,84.74,84.51,84.67,70.6847540240879,5224400,0,1
2011-08-10,84.71,84.75,84.68,84.73,70.7348436100268,2682500,0,1
2011-08-11,84.71,84.73,84.68,84.71,70.7181470813805,1352200,0,1
2011-08-12,84.69,84.72,84.67,84.72,70.7264953457036,4026200,0,1
2011-08-15,84.7,84.7,84.66,84.69,70.7014505527342,924400,0,1
2011-08-16,84.68,84.69,84.66,84.69,70.7014505527342,2724700,0,1
2011-08-17,84.7,84.71,84.66,84.71,70.7181470813805,1471600,0,1
2011-08-18,84.73,84.74,84.69,84.7,70.7097988170573,1197000,0,1
2011-08-19,84.67,84.7,84.67,84.7,70.7097988170573,1894500,0,1
2011-08-22,84.68,84.69,84.67,84.69,70.7014505527342,1112400,0,1
2011-08-23,84.67,84.68,84.65,84.65,70.6680574954416,1531000,0,1
2011-08-24,84.66,84.67,84.63,84.65,70.6680574954416,780700,0,1
2011-08-25,84.68,84.71,84.68,84.7,70.7097988170573,1397200,0,1
2011-08-26,84.72,84.7385,84.7,84.71,70.7181470813805,1011300,0,1
2011-08-29,84.7,84.71,84.68,84.69,70.7014505527342,533300,0,1
2011-08-30,84.7,84.73,84.7,84.71,70.7181470813805,2234000,0,1
2011-08-31,84.73,84.73,84.67,84.71,70.7181470813805,1416500,0,1
2011-09-01,84.68,84.69,84.64,84.68,70.7385661010885,1562800,0.0545,1
2011-09-02,84.66,84.66,84.62,84.64,70.7051515682113,1988100,0,1
2011-09-06,84.64,84.65,84.61,84.65,70.7135052014306,1125600,0,1
2011-09-07,84.62,84.65,84.62,84.63,70.6967979349919,1087400,0,1
2011-09-08,84.67,84.67,84.64,84.66,70.7218588346499,755600,0,1
2011-09-09,84.68,84.7,84.67,84.69,70.7469197343078,921700,0,1
2011-09-12,84.6599,84.67,84.63,84.63,70.6967979349919,2117700,0,1
2011-09-13,84.63,84.65,84.62,84.64,70.7051515682113,992400,0,1
2011-09-14,84.66,84.68,84.63,84.64,70.7051515682113,808700,0,1
2011-09-15,84.63,84.65,84.61,84.65,70.7135052014306,1466400,0,1
2011-09-16,84.62,84.68,84.62,84.67,70.7302124678692,997900,0,1
2011-09-19,84.71,84.72,84.69,84.71,70.7636270007464,644600,0,1
2011-09-20,84.68,84.71,84.67,84.67,70.7302124678692,1905900,0,1
2011-09-21,84.7,84.71,84.58,84.58,70.6550297688954,984800,0,1
2011-09-22,84.63,84.64,84.59,84.59,70.6633834021147,2479700,0,1
2011-09-23,84.62,84.62,84.58,84.6,70.671737035334,2848600,0,1
2011-09-26,84.59,84.59,84.56,84.57,70.6466761356761,977500,0,1
2011-09-27,84.53,84.56,84.53,84.54,70.6216152360182,1303100,0,1
2011-09-28,84.52,84.54,84.5,84.51,70.5965543363603,2755700,0,1
2011-09-29,84.52,84.54,84.51,84.53,70.6132616027989,1206500,0,1
2011-09-30,84.56,84.57,84.53,84.57,70.6466761356761,2114100,0,1
2011-10-03,84.52,84.55,84.5,84.54,70.6623726124952,2885800,0.0488,1
2011-10-04,84.53,84.54,84.49,84.49,70.6205803410187,4037200,0,1
2011-10-05,84.5,84.5,84.47,84.49,70.6205803410187,1734600,0,1
2011-10-06,84.47,84.49,84.47,84.47,70.6038634324281,1221500,0,1
2011-10-07,84.46,84.47,84.4001,84.44,70.5787880695422,2255300,0,1
2011-10-10,84.47,84.47,84.35,84.37,70.520278889475,1532300,0,1
2011-10-11,84.4,84.42,84.39,84.41,70.5537127066562,948000,0,1
2011-10-12,84.37,84.41,84.37,84.41,70.5537127066562,3140200,0,1
2011-10-13,84.46,84.47,84.43,84.43,70.5704296152469,2722800,0,1
2011-10-14,84.43,84.48,84.43,84.47,70.6038634324281,1096600,0,1
2011-10-17,84.47,84.49,84.46,84.48,70.6122218867234,834800,0,1
2011-10-18,84.48,84.5,84.47,84.48,70.6122218867234,1390000,0,1
2011-10-19,84.47,84.51,84.47,84.51,70.6372972496093,1987400,0,1
2011-10-20,84.49,84.52,84.48,84.52,70.6456557039046,2206000,0,1
2011-10-21,84.51,84.51,84.48,84.49,70.6205803410187,1426600,0,1
2011-10-24,84.49,84.49,84.47,84.49,70.6205803410187,1742300,0,1
2011-10-25,84.49,84.54,84.47,84.54,70.6623726124952,3601800,0,1
2011-10-26,84.5,84.51,84.48,84.49,70.6205803410187,1070400,0,1
2011-10-27,84.4799,84.4799,84.42,84.43,70.5704296152469,1521600,0,1
2011-10-28,84.46,84.48,84.42,84.47,70.6038634324281,2016000,0,1
2011-10-31,84.51,84.55,84.51,84.55,70.6707310667905,1376000,0,1
2011-11-01,84.54,84.54,84.5,84.51,70.6774796827885,5677600,0.0481,1
2011-11-02,84.52,84.55,84.52,84.53,70.6942061008888,1863600,0,1
2011-11-03,84.53,84.54,84.52,84.54,70.702569309939,1559800,0,1
2011-11-04,84.52,84.55,84.52,84.54,70.702569309939,618700,0,1
2011-11-07,84.54,84.56,84.52,84.52,70.6858428918387,1082500,0,1
2011-11-08,84.51,84.54,84.51,84.51,70.6774796827885,711300,0,1
2011-11-09,84.52,84.55,84.52,84.53,70.6942061008888,1154900,0,1
2011-11-10,84.54,84.55,84.52,84.54,70.702569309939,3677900,0,1
2011-11-11,84.52,84.54,84.5,84.5,70.6691164737384,1011800,0,1
2011-11-14,84.51,84.57,84.51,84.54,70.702569309939,2637100,0,1
2011-11-15,84.54,84.55,84.52,84.53,70.6942061008888,788200,0,1
2011-11-16,84.53,84.5385,84.51,84.51,70.6774796827885,978300,0,1
2011-11-17,84.5,84.52,84.49,84.52,70.6858428918387,1751200,0,1
2011-11-18,84.5,84.51,84.48,84.49,70.6607532646882,1504000,0,1
2011-11-21,84.5,84.5,84.48,84.5,70.6691164737384,1352100,0,1
2011-11-22,84.52,84.52,84.49,84.51,70.6774796827885,2871900,0,1
2011-11-23,84.49,84.53,84.49,84.52,70.6858428918387,1470200,0,1
2011-11-25,84.52,84.52,84.5,84.52,70.6858428918387,554700,0,1
2011-11-28,84.48,84.53,84.48,84.53,70.6942061008888,1210200,0,1
2011-11-29,84.52,84.54,84.51,84.54,70.702569309939,1693200,0,1
2011-11-30,84.51,84.54,84.5,84.54,70.702569309939,1486200,0,1
2011-12-01,84.5,84.5,84.46,84.5,70.7066145941565,6682400,0.0448,1
2011-12-02,84.49,84.49,84.46,84.48,70.6898793007615,1780300,0,1
2011-12-05,84.48,84.5,84.47,84.49,70.698246947459,1356600,0,1
2011-12-06,84.48,84.5,84.47,84.49,70.698246947459,817300,0,1
2011-12-07,84.49,84.52,84.49,84.52,70.7233498875516,1330000,0,1
2011-12-08,84.53,84.54,84.51,84.53,70.7317175342491,2097100,0,1
2011-12-09,84.53,84.54,84.52,84.53,70.7317175342491,1726600,0,1
2011-12-12,84.52,84.54,84.52,84.53,70.7317175342491,1750800,0,1
2011-12-13,84.52,84.54,84.51,84.53,70.7317175342491,836100,0,1
2011-12-14,84.49,84.52,84.49,84.51,70.7149822408541,2196200,0,1
2011-12-15,84.52,84.52,84.49,84.5,70.7066145941565,2872000,0,1
2011-12-16,84.53,84.54,84.51,84.54,70.7400851809467,2330700,0,1
2011-12-19,84.53,84.54,84.51,84.53,70.7317175342491,1544000,0,1
2011-12-20,84.52,84.52,84.49,84.51,70.7149822408541,1549200,0,1
2011-12-21,84.49,84.5,84.46,84.48,70.6898793007615,1205300,0,1
2011-12-22,84.47,84.48,84.44,84.47,70.6815116540639,2395300,0,1
2011-12-23,84.45,84.49,84.44,84.49,70.698246947459,1029000,0,1
2011-12-27,84.4,84.42,84.4,84.42,70.6720051706509,669100,0.0386,1
2011-12-28,84.4,84.45,84.4,84.44,70.688748123783,2493200,0,1
2011-12-29,84.43,84.46,84.43,84.45,70.697119600349,1510900,0,1
2011-12-30,84.48,84.5,84.46,84.5,70.7389769831793,2343700,0,1
2012-01-03,84.49,84.49,84.45,84.45,70.697119600349,5743100,0,1
2012-01-04,84.46,84.47,84.45,84.46,70.7054910769151,1767300,0,1
2012-01-05,84.45,84.48,84.45,84.47,70.7138625534811,1583400,0,1
2012-01-06,84.47,84.85,84.45,84.46,70.7054910769151,2068000,0,1
2012-01-09,84.49,84.49,84.47,84.48,70.7222340300472,1236100,0,1
2012-01-10,84.48,84.51,84.47,84.49,70.7306055066133,813400,0,1
2012-01-11,84.5,84.53,84.5,84.52,70.7557199363114,2467000,0,1
2012-01-12,84.51,84.54,84.51,84.51,70.7473484597454,2119900,0,1
2012-01-13,84.54,84.54,84.53,84.53,70.7640914128775,1151800,0,1
2012-01-17,84.54,84.56,84.53,84.54,70.7724628894435,2337200,0,1
2012-01-18,84.54,84.55,84.53,84.53,70.7640914128775,1189700,0,1
2012-01-19,84.52,84.54,84.5,84.53,70.7640914128775,2062000,0,1
2012-01-20,84.5,84.52,84.5,84.51,70.7473484597454,2601600,0,1
2012-01-23,84.51,84.52,84.49,84.52,70.7557199363114,2628500,0,1
2012-01-24,84.52,84.52,84.49,84.52,70.7557199363114,3799300,0,1
2012-01-25,84.51,84.59,84.51,84.57,70.7975773191417,2108000,0,1
2012-01-26,84.57,84.6,84.57,84.58,70.8059487957078,1436100,0,1
2012-01-27,84.59,84.6,84.58,84.6,70.8226917488399,1297900,0,1
2012-01-30,84.57,84.59,84.57,84.57,70.7975773191417,1885700,0,1
2012-01-31,84.55,84.57,84.55,84.57,70.7975773191417,2644300,0,1
2012-02-01,84.53,84.55,84.51,84.51,70.7735135097526,5980200,0.0313,1
2012-02-02,84.52,84.54,84.51,84.52,70.7818880824079,2990400,0,1
2012-02-03,84.51,84.53,84.5,84.52,70.7818880824079,2434800,0,1
2012-02-06,84.52,84.52,84.5,84.5,70.7651389370973,2384500,0,1
2012-02-07,84.5,84.505,84.47,84.48,70.7483897917867,1930100,0,1
2012-02-08,84.46,84.49,84.46,84.48,70.7483897917867,1207300,0,1
2012-02-09,84.48,84.48,84.44,84.44,70.7148915011656,766500,0,1
2012-02-10,84.44,84.47,84.44,84.46,70.7316406464762,1025300,0,1
2012-02-13,84.44,84.46,84.41,84.41,70.6897677831998,1083500,0,1
2012-02-14,84.41,84.43,84.41,84.43,70.7065169285104,1069400,0,1
2012-02-15,84.42,84.46,84.41,84.44,70.7148915011656,1229700,0,1
2012-02-16,84.44,84.45,84.41,84.41,70.6897677831998,1467200,0,1
2012-02-17,84.41,84.42,84.39,84.39,70.6730186378893,827900,0,1
2012-02-21,84.4,84.4,84.37,84.37,70.6562694925787,1954600,0,1
2012-02-22,84.39,84.41,84.38,84.41,70.6897677831998,1604800,0,1
2012-02-23,84.39,84.42,84.39,84.4,70.6813932105445,3341900,0,1
2012-02-24,84.4,84.41,84.38,84.38,70.664644065234,3698600,0,1
2012-02-27,84.42,84.43,84.4,84.4,70.6813932105445,1060900,0,1
2012-02-28,84.42,84.44,84.41,84.42,70.6981423558551,982800,0,1
2012-02-29,84.42,84.42,84.39,84.42,70.6981423558551,656500,0,1
2012-03-01,84.35,84.37,84.35,84.37,70.6857814866159,1044000,0.0352,1
2012-03-02,84.38,84.4,84.38,84.39,70.7025376277766,914500,0,1
2012-03-05,84.38,84.39,84.37,84.39,70.7025376277766,1166200,0,1
2012-03-06,84.41,84.41,84.39,84.39,70.7025376277766,2282700,0,1
2012-03-07,84.39,84.4,84.37,84.37,70.6857814866159,587900,0,1
2012-03-08,84.37,84.373,84.34,84.34,70.6606472748748,960100,0,1
2012-03-09,84.36,84.368,84.34,84.34,70.6606472748748,660400,0,1
2012-03-12,84.36,84.3687,84.34,84.35,70.6690253454552,761700,0,1
2012-03-13,84.32,84.33,84.29,84.3,70.6271349925533,1284700,0,1
2012-03-14,84.26,84.265,84.18,84.18,70.5265981455888,1351500,0,1
2012-03-15,84.22,84.26,84.21,84.23,70.5684884984907,3730100,0,1
2012-03-16,84.27,84.29,84.24,84.28,70.6103788513925,2790700,0,1
2012-03-19,84.24,84.25,84.2,84.22,70.5601104279103,2260800,0,1
2012-03-20,84.22,84.24,84.18,84.2,70.5433542867495,793800,0,1
2012-03-21,84.23,84.25,84.21,84.25,70.5852446396514,572200,0,1
2012-03-22,84.27,84.27,84.25,84.26,70.5936227102318,840000,0,1
2012-03-23,84.28,84.29,84.27,84.27,70.6020007808122,698400,0,1
2012-03-26,84.28,84.29,84.27,84.29,70.6187569219729,1035600,0,1
2012-03-27,84.31,84.33,84.29,84.32,70.643891133714,1091100,0,1
2012-03-28,84.32,84.34,84.3,84.3,70.6271349925533,736600,0,1
2012-03-29,84.33,84.33,84.31,84.33,70.6522692042944,739200,0,1
2012-03-30,84.32,84.33,84.31,84.32,70.643891133714,949300,0,1
2012-04-02,84.33,84.33,84.29,84.31,70.6608852120793,695600,0.0303,1
2012-04-03,84.31,84.31,84.24,84.25,70.6105987322699,1631600,0,1
2012-04-04,84.3,84.3,84.26,84.27,70.6273608922064,1395900,0,1
2012-04-05,84.29,84.3,84.28,84.3,70.652504132111,758900,0,1
2012-04-09,84.33,84.36,84.33,84.36,70.7027906119204,898600,0,1
2012-04-10,84.36,84.4,84.35,84.4,70.7363149317933,1024900,0,1
2012-04-11,84.37,84.4,84.37,84.39,70.727933851825,2299100,0,1
2012-04-12,84.41,84.41,84.39,84.4,70.7363149317933,845700,0,1
2012-04-13,84.42,84.42,84.4,84.41,70.7446960117615,2859200,0,1
2012-04-16,84.42,84.43,84.41,84.41,70.7446960117615,569900,0,1
2012-04-17,84.42,84.43,84.4,84.41,70.7446960117615,773000,0,1
2012-04-18,84.44,84.44,84.42,84.43,70.7614581716979,469200,0,1
2012-04-19,84.42,84.44,84.42,84.44,70.7698392516661,558800,0,1
2012-04-20,84.43,84.44,84.41,84.44,70.7698392516661,503200,0,1
2012-04-23,84.46,84.46,84.44,84.46,70.7866014116026,741000,0,1
2012-04-24,84.46,84.47,84.43,84.43,70.7614581716979,1149600,0,1
2012-04-25,84.42,84.46,84.42,84.45,70.7782203316344,914100,0,1
2012-04-26,84.46,84.47,84.44,84.46,70.7866014116026,711600,0,1
2012-04-27,84.47,84.47,84.44,84.44,70.7698392516661,741700,0,1
2012-04-30,84.47,84.47,84.45,84.46,70.7866014116026,644700,0,1
2012-05-01,84.43,84.45,84.41,84.43,70.7846326959181,8197400,0.0277,1
2012-05-02,84.43,84.44,84.42,84.44,70.7930165207073,2107000,0,1
2012-05-03,84.43,84.45,84.42,84.43,70.7846326959181,876700,0,1
2012-05-04,84.46,84.46,84.45,84.46,70.8097841702859,798700,0,1
2012-05-07,84.46,84.47,84.45,84.46,70.8097841702859,1315200,0,1
2012-05-08,84.46,84.47,84.44,84.47,70.8181679950752,1016600,0,1
2012-05-09,84.46,84.47,84.45,84.46,70.8097841702859,1260700,0,1
2012-05-10,84.44,84.46,84.43,84.45,70.8014003454966,1071300,0,1
2012-05-11,84.46,84.46,84.44,84.46,70.8097841702859,432100,0,1
2012-05-14,84.45,84.46,84.45,84.45,70.8014003454966,799600,0,1
2012-05-15,84.45,84.47,84.43,84.44,70.7930165207073,3270000,0,1
2012-05-16,84.42,84.43,84.41,84.43,70.7846326959181,1186300,0,1
2012-05-17,84.42,84.42,84.39,84.39,70.7510973967609,1894100,0,1
2012-05-18,84.39,84.4,84.37,84.3985,70.7582236478318,2716100,0,1
2012-05-21,84.4,84.41,84.38,84.41,70.7678650463395,954600,0,1
2012-05-22,84.4,84.4,84.38,84.38,70.7427135719716,1193100,0,1
2012-05-23,84.41,84.42,84.39,84.42,70.7762488711288,928000,0,1
2012-05-24,84.39,84.39,84.38,84.39,70.7510973967609,644900,0,1
2012-05-25,84.42,84.43,84.39,84.43,70.7846326959181,795600,0,1
2012-05-29,84.4,84.43,84.4,84.41,70.7678650463395,1296100,0,1
2012-05-30,84.42,84.46,84.42,84.45,70.8014003454966,1239600,0,1
2012-05-31,84.48,84.49,84.44,84.48,70.8265518198645,3737600,0,1
2012-06-01,84.49,84.49,84.45,84.46,70.8331456980612,2218600,0.0279,1
2012-06-04,84.46,84.47,84.45,84.45,70.8247591072848,5799600,0,1
2012-06-05,84.46,84.47,84.44,84.47,70.8415322888377,1666200,0,1
2012-06-06,84.47,84.47,84.43,84.44,70.8163725165083,1382500,0,1
2012-06-07,84.44,84.44,84.4,84.43,70.8079859257318,2898800,0,1
2012-06-08,84.44,84.44,84.42,84.43,70.8079859257318,1090400,0,1
2012-06-11,84.4,84.43,84.4,84.43,70.8079859257318,1065300,0,1
2012-06-12,84.42,84.42,84.37,84.39,70.774439562626,1588500,0,1
2012-06-13,84.4,84.4,84.37,84.38,70.7660529718495,537400,0,1
2012-06-14,84.41,84.41,84.38,84.39,70.774439562626,996000,0,1
2012-06-15,84.4,84.42,84.3902,84.42,70.7995993349554,478800,0,1
2012-06-18,84.41,84.41,84.39,84.4,70.7828261534024,3803700,0,1
2012-06-19,84.4,84.41,84.39,84.39,70.774439562626,1761700,0,1
2012-06-20,84.4,84.415,84.35,84.36,70.7492797902966,3044100,0,1
2012-06-21,84.36,84.38,84.36,84.37,70.757666381073,701000,0,1
2012-06-22,84.37,84.38,84.36,84.38,70.7660529718495,1243300,0,1
2012-06-25,84.37,84.4,84.37,84.38,70.7660529718495,2960900,0,1
2012-06-26,84.37,84.38,84.35,84.36,70.7492797902966,3320900,0,1
2012-06-27,84.38,84.38,84.34,84.36,70.7492797902966,3125900,0,1
2012-06-28,84.38,84.39,84.36,84.37,70.757666381073,907000,0,1
2012-06-29,84.35,84.39,84.35,84.37,70.757666381073,1163200,0,1
2012-07-02,84.35,84.38,84.35,84.37,70.7795797041129,14979800,0.0261,1
2012-07-03,84.36,84.38,84.35,84.35,70.7628013279829,1127700,0,1
2012-07-05,84.37,84.39,84.37,84.382,70.7896467297908,1205400,0,1
2012-07-06,84.41,84.42,84.4,84.41,70.8131364563727,1603300,0,1
2012-07-09,84.42,84.43,84.41,84.41,70.8131364563727,561100,0,1
2012-07-10,84.43,84.43,84.41,84.41,70.8131364563727,490200,0,1
2012-07-11,84.42,84.43,84.41,84.42,70.8215256444377,559500,0,1
2012-07-12,84.43,84.44,84.42,84.44,70.8383040205676,356800,0,1
2012-07-13,84.45,84.47,84.43,84.46,70.8550823966975,634100,0,1
2012-07-16,84.49,84.51,84.49,84.49,70.8802499608924,830800,0,1
2012-07-17,84.48,84.49,84.47,84.48,70.8718607728275,2200000,0,1
2012-07-18,84.48,84.51,84.48,84.5,70.8886391489574,2998500,0,1
2012-07-19,84.51,84.53,84.51,84.52,70.9054175250873,1443300,0,1
2012-07-20,84.52,84.54,84.51,84.53,70.9138067131523,2246300,0,1
2012-07-23,84.54,84.55,84.52,84.54,70.9221959012173,403900,0,1
2012-07-24,84.53,84.54,84.52,84.52,70.9054175250873,2868800,0,1
2012-07-25,84.55,84.55,84.52,84.53,70.9138067131523,1007100,0,1
2012-07-26,84.52,84.53,84.52,84.53,70.9138067131523,2028400,0,1
2012-07-27,84.49,84.51,84.45,84.47,70.8634715847625,907800,0,1
2012-07-30,84.5,84.52,84.49,84.51,70.8970283370224,2318600,0,1
2012-07-31,84.54,84.55,84.52,84.53,70.9138067131523,917000,0,1
2012-08-01,84.53,84.53,84.49,84.49,70.9020148704082,2012600,0.0259,1
2012-08-02,84.5,84.52,84.49,84.5,70.910406634507,591400,0,1
2012-08-03,84.48,84.49,84.46,84.47,70.8852313422107,909300,0,1
2012-08-06,84.49,84.49,84.47,84.48,70.8936231063094,2344700,0,1
2012-08-07,84.46,84.46,84.43,84.44,70.8600560499144,644100,0,1
2012-08-08,84.44,84.44,84.4,84.41,70.8348807576181,1274600,0,1
2012-08-09,84.4,84.42,84.4,84.41,70.8348807576181,557300,0,1
2012-08-10,84.44,84.44,84.43,84.43,70.8516642858156,622900,0,1
2012-08-13,84.43,84.44,84.43,84.44,70.8600560499144,619000,0,1
2012-08-14,84.43,84.43,84.41,84.42,70.8432725217169,1756500,0,1
2012-08-15,84.4,84.41,84.39,84.39,70.8180972294206,694000,0,1
2012-08-16,84.4,84.41,84.37,84.38,70.8097054653219,797700,0,1
2012-08-17,84.4,84.4,84.39,84.39,70.8180972294206,577100,0,1
2012-08-20,84.39,84.41,84.39,84.39,70.8180972294206,536500,0,1
2012-08-21,84.39,84.4,84.37,84.39,70.8180972294206,1660500,0,1
2012-08-22,84.42,84.45,84.4,84.44,70.8600560499144,632300,0,1
2012-08-23,84.45,84.47,84.44,84.45,70.8684478140132,488900,0,1
2012-08-24,84.45,84.46,84.43,84.45,70.8684478140132,646600,0,1
2012-08-27,84.45,84.45,84.44,84.44,70.8600560499144,731000,0,1
2012-08-28,84.45,84.45,84.43,84.45,70.8684478140132,759300,0,1
2012-08-29,84.44,84.45,84.43,84.45,70.8684478140132,512600,0,1
2012-08-30,84.46,84.48,84.44,84.46,70.8768395781119,664900,0,1
2012-08-31,84.48,84.53,84.48,84.51,70.9187983986057,944900,0,1
2012-09-04,84.51,84.51,84.46,84.48,70.9133789973507,1795800,0.0235,1
2012-09-05,84.48,84.49,84.47,84.48,70.9133789973507,575500,0,1
2012-09-06,84.44,84.46,84.43,84.44,70.8798025868406,1133200,0,1
2012-09-07,84.46,84.49,84.45,84.46,70.8965907920957,1666500,0,1
2012-09-10,84.45,84.46,84.44,84.44,70.8798025868406,2298900,0,1
2012-09-11,84.45,84.46,84.44,84.46,70.8965907920957,526500,0,1
2012-09-12,84.45,84.46,84.45,84.45,70.8881966894682,1211800,0,1
2012-09-13,84.47,84.5,84.44,84.48,70.9133789973507,783900,0,1
2012-09-14,84.48,84.48,84.43,84.44,70.8798025868406,890100,0,1
2012-09-17,84.44,84.45,84.44,84.44,70.8798025868406,1002700,0,1
2012-09-18,84.44,84.45,84.44,84.45,70.8881966894682,626100,0,1
2012-09-19,84.44,84.45,84.44,84.45,70.8881966894682,533300,0,1
2012-09-20,84.44,84.46,84.43,84.43,70.8714084842131,702200,0,1
2012-09-21,84.43,84.44,84.42,84.44,70.8798025868406,625100,0,1
2012-09-24,84.45,84.45,84.44,84.45,70.8881966894682,578200,0,1
2012-09-25,84.43,84.44,84.42,84.43,70.8714084842131,1278800,0,1
2012-09-26,84.44,84.45,84.43,84.45,70.8881966894682,628800,0,1
2012-09-27,84.45,84.47,84.44,84.46,70.8965907920957,446100,0,1
2012-09-28,84.48,84.5,84.47,84.5,70.9301672026058,876400,0,1
2012-10-01,84.48,84.48,84.47,84.48,70.931663031694,2690600,0.0218,1
2012-10-02,84.47,84.47,84.46,84.46,70.9148704978323,677300,0,1
2012-10-03,84.46,84.47,84.46,84.46,70.9148704978323,2717100,0,1
2012-10-04,84.46,84.47,84.45,84.46,70.9148704978323,552900,0,1
2012-10-05,84.44,84.45,84.42,84.42,70.881285430109,1617700,0,1
2012-10-08,84.42,84.44,84.42,84.43,70.8896816970398,350600,0,1
2012-10-09,84.42,84.43,84.42,84.43,70.8896816970398,1039400,0,1
2012-10-10,84.42,84.43,84.42,84.42,70.881285430109,494500,0,1
2012-10-11,84.43,84.43,84.41,84.41,70.8728891631782,624400,0,1
2012-10-12,84.41,84.44,84.41,84.44,70.8980779639707,479000,0,1
2012-10-15,84.44,84.44,84.42,84.42,70.881285430109,342800,0,1
2012-10-16,84.42,84.43,84.41,84.416,70.8779269233367,571500,0,1
2012-10-17,84.4,84.41,84.37,84.37,70.8393040954548,563400,0,1
2012-10-18,84.37,84.38,84.36,84.38,70.8477003623857,1273100,0,1
2012-10-19,84.36,84.39,84.36,84.38,70.8477003623857,426500,0,1
2012-10-22,84.35,84.37,84.35,84.35,70.8225115615932,264300,0,1
2012-10-23,84.38,84.39,84.36,84.39,70.8560966293165,491700,0,1
2012-10-24,84.37,84.4,84.37,84.38,70.8477003623857,1059300,0,1
2012-10-25,84.35,84.37,84.35,84.35,70.8225115615932,588200,0,1
2012-10-26,84.38,84.38,84.36,84.37,70.8393040954548,478400,0,1
2012-10-31,84.38,84.42,84.38,84.42,70.881285430109,1086600,0,1
2012-11-01,84.35,84.411,84.35,84.4,70.8831821468087,732800,0.0223,1
2012-11-02,84.37,84.39,84.37,84.39,70.8747836655117,353200,0,1
2012-11-05,84.42,84.42,84.39,84.39,70.8747836655117,2192500,0,1
2012-11-06,84.4,84.41,84.36,84.36,70.8495882216206,583400,0,1
2012-11-07,84.42,84.4355,84.42,84.43,70.9083775906997,697600,0,1
2012-11-08,84.43,84.44,84.42,84.43,70.9083775906997,779500,0,1
2012-11-09,84.43,84.45,84.42,84.43,70.9083775906997,2365500,0,1
2012-11-12,84.42,84.44,84.42,84.43,70.9083775906997,524300,0,1
2012-11-13,84.45,84.45,84.44,84.44,70.9167760719968,917300,0,1
2012-11-14,84.44,84.46,84.44,84.46,70.9335730345908,2273000,0,1
2012-11-15,84.46,84.47,84.45,84.46,70.9335730345908,1048700,0,1
2012-11-16,84.45,84.47,84.45,84.46,70.9335730345908,810500,0,1
2012-11-19,84.45,84.46,84.45,84.45,70.9251745532938,951700,0,1
2012-11-20,84.45,84.45,84.43,84.43,70.9083775906997,1248500,0,1
2012-11-21,84.41,84.42,84.41,84.42,70.8999791094027,422200,0,1
2012-11-23,84.4,84.42,84.4,84.42,70.8999791094027,157800,0,1
2012-11-26,84.42,84.43,84.41,84.4107,70.8921685217965,746400,0,1
2012-11-27,84.4,84.43,84.4,84.42,70.8999791094027,527000,0,1
2012-11-28,84.43,84.44,84.42,84.43,70.9083775906997,352700,0,1
2012-11-29,84.42,84.44,84.42,84.43,70.9083775906997,496300,0,1
2012-11-30,84.44,84.45,84.44,84.44,70.9167760719968,1053400,0,1
2012-12-03,84.43,84.44,84.41,84.43,70.9252585381067,1090600,0.0201,1
2012-12-04,84.43,84.44,84.43,84.43,70.9252585381067,1624900,0,1
2012-12-05,84.44,84.45,84.44,84.45,70.9420594995039,591000,0,1
2012-12-06,84.46,84.46,84.44,84.45,70.9420594995039,685300,0,1
2012-12-07,84.42,84.45,84.42,84.45,70.9420594995039,929500,0,1
2012-12-10,84.44,84.45,84.44,84.45,70.9420594995039,770500,0,1
2012-12-11,84.45,84.45,84.43,84.45,70.9420594995039,1157700,0,1
2012-12-12,84.44,84.45,84.43,84.44,70.9336590188053,1108500,0,1
2012-12-13,84.44,84.45,84.43,84.44,70.9336590188053,790400,0,1
2012-12-14,84.44,84.46,84.44,84.46,70.9504599802025,566300,0,1
2012-12-17,84.45,84.46,84.42,84.44,70.9336590188053,503900,0,1
2012-12-18,84.42,84.43,84.39,84.39,70.8916566153124,1295600,0,1
2012-12-19,84.4,84.41,84.4,84.41,70.9084575767096,1485100,0,1
2012-12-20,84.42,84.42,84.4,84.4,70.900057096011,1167500,0,1
2012-12-21,84.42,84.43,84.41,84.41,70.9084575767096,899300,0,1
2012-12-24,84.41,84.42,84.41,84.41,70.9084575767096,388400,0,1
2012-12-26,84.39,84.4055,84.39,84.39,70.9091623770402,677200,0.0208,1
2012-12-27,84.39,84.42,84.39,84.42,70.9343700423004,1351200,0,1
2012-12-28,84.41,84.43,84.41,84.42,70.9343700423004,1334500,0,1
2012-12-31,84.45,84.45,84.39,84.42,70.9343700423004,818700,0,1
2013-01-02,84.4,84.41,84.4,84.4,70.917564932127,2469100,0,1
2013-01-03,84.41,84.43,84.39,84.4,70.917564932127,1816100,0,1
2013-01-04,84.39,84.41,84.39,84.41,70.9259674872137,1028700,0,1
2013-01-07,84.39,84.41,84.39,84.41,70.9259674872137,672300,0,1
2013-01-08,84.4,84.43,84.4,84.42,70.9343700423004,712300,0,1
2013-01-09,84.44,84.45,84.43,84.45,70.9595777075607,1159100,0,1
2013-01-10,84.43,84.45,84.43,84.44,70.9511751524739,1687300,0,1
2013-01-11,84.43,84.44,84.42,84.43,70.9427725973872,824000,0,1
2013-01-14,84.45,84.45,84.43,84.43,70.9427725973872,472400,0,1
2013-01-15,84.45,84.46,84.44,84.44,70.9511751524739,521400,0,1
2013-01-16,84.44,84.45,84.44,84.44,70.9511751524739,499800,0,1
2013-01-17,84.42,84.44,84.42,84.43,70.9427725973872,5547800,0,1
2013-01-18,84.44,84.44,84.42,84.43,70.9427725973872,390500,0,1
2013-01-22,84.44,84.46,84.43,84.45,70.9595777075607,956100,0,1
2013-01-23,84.45,84.46,84.45,84.45,70.9595777075607,747300,0,1
2013-01-24,84.45,84.46,84.44,84.45,70.9595777075607,595500,0,1
2013-01-25,84.44,84.44,84.4,84.41,70.9259674872137,694000,0,1
2013-01-28,84.37,84.4,84.37,84.38,70.9007598219534,642300,0,1
2013-01-29,84.42,84.42,84.39,84.39,70.9091623770402,672300,0,1
2013-01-30,84.4,84.42,84.39,84.42,70.9343700423004,526500,0,1
2013-01-31,84.44,84.44,84.42,84.43,70.9427725973872,641600,0,1
2013-02-01,84.42,84.45,84.4,84.4,70.9349254511917,1081200,0.0207,1
2013-02-04,84.42,84.44,84.41,84.42,70.9517346752322,749700,0,1
2013-02-05,84.41,84.42,84.41,84.42,70.9517346752322,2165500,0,1
2013-02-06,84.43,84.44,84.43,84.44,70.9685438992728,1691600,0,1
2013-02-07,84.45,84.45,84.43,84.44,70.9685438992728,672800,0,1
2013-02-08,84.42,84.45,84.42,84.45,70.9769485112931,590500,0,1
2013-02-11,84.43,84.44,84.42,84.4222,70.9535836898767,755100,0,1
2013-02-12,84.42,84.42,84.4,84.4,70.9349254511917,529600,0,1
2013-02-13,84.42,84.42,84.39,84.39,70.9265208391714,505800,0,1
2013-02-14,84.4,84.41,84.4,84.4,70.9349254511917,580400,0,1
2013-02-15,84.4,84.41,84.4,84.41,70.9433300632119,1113600,0,1
2013-02-19,84.41,84.42,84.4,84.4,70.9349254511917,793000,0,1
2013-02-20,84.4,84.41,84.4,84.4,70.9349254511917,480300,0,1
2013-02-21,84.43,84.4399,84.42,84.43,70.9601392872525,610700,0,1
2013-02-22,84.43,84.44,84.43,84.43,70.9601392872525,693200,0,1
2013-02-25,84.42,84.46,84.42,84.45,70.9769485112931,433500,0,1
2013-02-26,84.45,84.47,84.45,84.47,70.9937577353337,1370600,0,1
2013-02-27,84.46,84.47,84.46,84.47,70.9937577353337,1158800,0,1
2013-02-28,84.46,84.48,84.46,84.46,70.9853531233134,663800,0,1
2013-03-01,84.45,84.46,84.45,84.46,71.0008192903531,1563100,0.0184,1
2013-03-04,84.45,84.46,84.45,84.45,70.9924128471503,485800,0,1
2013-03-05,84.44,84.45,84.44,84.44,70.9840064039476,583200,0,1
2013-03-06,84.43,84.43,84.42,84.43,70.9755999607449,452800,0,1
2013-03-07,84.42,84.43,84.41,84.41,70.9587870743394,519800,0,1
2013-03-08,84.4,84.42,84.39,84.42,70.9671935175421,727400,0,1
2013-03-11,84.42,84.42,84.41,84.41,70.9587870743394,1269800,0,1
2013-03-12,84.42,84.43,84.41,84.43,70.9755999607449,1154800,0,1
2013-03-13,84.41,84.42,84.405,84.41,70.9587870743394,858800,0,1
2013-03-14,84.4,84.42,84.4,84.41,70.9587870743394,480900,0,1
2013-03-15,84.42,84.44,84.41,84.44,70.9840064039476,599400,0,1
2013-03-18,84.43,84.46,84.43,84.46,71.0008192903531,416900,0,1
2013-03-19,84.46,84.46,84.44,84.45,70.9924128471503,528700,0,1
2013-03-20,84.43,84.44,84.43,84.44,70.9840064039476,592000,0,1
2013-03-21,84.43,84.45,84.43,84.45,70.9924128471503,691200,0,1
2013-03-22,84.46,84.46,84.43,84.43,70.9755999607449,593700,0,1
2013-03-25,84.43,84.44,84.43,84.43,70.9755999607449,610500,0,1
2013-03-26,84.44,84.44,84.42,84.44,70.9840064039476,504300,0,1
2013-03-27,84.46,84.47,84.44,84.46,71.0008192903531,1263800,0,1
2013-03-28,84.44,84.47,84.44,84.47,71.0092257335558,691200,0,1
2013-04-01,84.39,84.46,84.39,84.46,71.0159265094327,1015600,0.018,1
2013-04-02,84.43,84.47,84.43,84.46,71.0159265094327,5059900,0,1
2013-04-03,84.42,84.46,84.42,84.45,71.0075182775467,723400,0,1
2013-04-04,84.46,84.48,84.46,84.48,71.0327429732048,457100,0,1
2013-04-05,84.47,84.48,84.47,84.48,71.0327429732048,614100,0,1
2013-04-08,84.46,84.48,84.46,84.46,71.0159265094327,596500,0,1
2013-04-09,84.46,84.48,84.46,84.46,71.0159265094327,1046800,0,1
2013-04-10,84.45,84.47,84.45,84.46,71.0159265094327,1647200,0,1
2013-04-11,84.46,84.47,84.45,84.46,71.0159265094327,4089300,0,1
2013-04-12,84.46,84.48,84.46,84.47,71.0243347413188,486700,0,1
2013-04-15,84.47,84.49,84.47,84.48,71.0327429732048,604000,0,1
2013-04-16,84.47,84.48,84.47,84.48,71.0327429732048,533500,0,1
2013-04-17,84.47,84.49,84.47,84.48,71.0327429732048,386900,0,1
2013-04-18,84.47,84.49,84.47,84.48,71.0327429732048,1195100,0,1
2013-04-19,84.47,84.48,84.46,84.48,71.0327429732048,591800,0,1
2013-04-22,84.48,84.49,84.46,84.49,71.0411512050908,797400,0,1
2013-04-23,84.49,84.49,84.48,84.48,71.0327429732048,524900,0,1
2013-04-24,84.48,84.49,84.47,84.49,71.0411512050908,578300,0,1
2013-04-25,84.47,84.5,84.47,84.48,71.0327429732048,688100,0,1
2013-04-26,84.48,84.51,84.48,84.5,71.0495594369769,685900,0,1
2013-04-29,84.5,84.52,84.5,84.52,71.0663759007489,496700,0,1
2013-04-30,84.53,84.53,84.51,84.51,71.0579676688629,506700,0,1
2013-05-01,84.5,84.52,84.49,84.51,71.0719867138865,1051500,0.0167,1
2013-05-02,84.49,84.51,84.49,84.5,71.0635768231382,544900,0,1
2013-05-03,84.5,84.5,84.47,84.47,71.0383471508933,1145200,0,1
2013-05-06,84.49,84.49,84.47,84.47,71.0383471508933,576100,0,1
2013-05-07,84.47,84.49,84.47,84.47,71.0383471508933,539800,0,1
2013-05-08,84.48,84.48,84.47,84.48,71.0467570416416,540000,0,1
2013-05-09,84.47,84.48,84.47,84.47,71.0383471508933,353500,0,1
2013-05-10,84.47,84.48,84.45,84.46,71.029937260145,470800,0,1
2013-05-13,84.46,84.46,84.44,84.44,71.0131174786484,829600,0,1
2013-05-14,84.44,84.46,84.43,84.44,71.0131174786484,517900,0,1
2013-05-15,84.45,84.46,84.45,84.45,71.0215273693967,538400,0,1
2013-05-16,84.46,84.48,84.46,84.47,71.0383471508933,499400,0,1
2013-05-17,84.48,84.48,84.45,84.45,71.0215273693967,460300,0,1
2013-05-20,84.48,84.48,84.44,84.46,71.029937260145,364700,0,1
2013-05-21,84.45,84.47,84.45,84.46,71.029937260145,440800,0,1
2013-05-22,84.46,84.47,84.43,84.43,71.0047075879001,1022500,0,1
2013-05-23,84.45,84.46,84.43,84.45,71.0215273693967,835700,0,1
2013-05-24,84.45,84.45,84.43,84.43,71.0047075879001,1251800,0,1
2013-05-28,84.46,84.46,84.37,84.37,70.9542482434103,995800,0,1
2013-05-29,84.37,84.39,84.36,84.37,70.9542482434103,796000,0,1
2013-05-30,84.4,84.4,84.38,84.39,70.9710680249069,1437300,0,1
2013-05-31,84.4,84.4,84.35,84.38,70.9626581341586,1320700,0,1
2013-06-03,84.37,84.41,84.35,84.39,70.9854152985235,2606400,0.0171,1
2013-06-04,84.38,84.39,84.35,84.39,70.9854152985235,764900,0,1
2013-06-05,84.37,84.4,84.36,84.4,70.9938268893872,663900,0,1
2013-06-06,84.39,84.41,84.37,84.39,70.9854152985235,1572400,0,1
2013-06-07,84.35,84.38,84.35,84.38,70.9770037076598,501800,0,1
2013-06-10,84.34,84.35,84.32,84.35,70.9517689350688,789800,0,1
2013-06-11,84.32,84.34,84.3,84.34,70.9433573442051,683100,0,1
2013-06-12,84.32,84.36,84.31,84.33,70.9349457533415,2149200,0,1
2013-06-13,84.31,84.39,84.31,84.37,70.9685921167961,1568700,0,1
2013-06-14,84.39,84.43,84.39,84.43,71.0190616619782,791700,0,1
2013-06-17,84.44,84.44,84.42,84.43,71.0190616619782,890800,0,1
2013-06-18,84.41,84.44,84.39,84.43,71.0190616619782,1762700,0,1
2013-06-19,84.42,84.43,84.32,84.33,70.9349457533415,884400,0,1
2013-06-20,84.3,84.34,84.29,84.32,70.9265341624778,3282200,0,1
2013-06-21,84.28,84.3,84.23,84.245,70.8634472310003,3785200,0,1
2013-06-24,84.14,84.23,84.14,84.21,70.8340066629774,1885200,0,1
2013-06-25,84.24,84.24,84.18,84.195,70.8213892766819,2382600,0,1
2013-06-26,84.24,84.25,84.2,84.24,70.8592414355684,1452800,0,1
2013-06-27,84.27,84.3,84.25,84.29,70.9012993898868,2783900,0,1
2013-06-28,84.27,84.31,84.25,84.28,70.8928877990231,3109100,0,1
2013-07-01,84.26,84.31,84.25,84.3,70.9242091987631,4884800,0.0172,1
2013-07-02,84.3,84.31,84.29,84.31,70.9326225094628,1026500,0,1
2013-07-03,84.27,84.32,84.26,84.3,70.9242091987631,692600,0,1
2013-07-05,84.19,84.24,84.19,84.21,70.8484894024654,484500,0,1
2013-07-08,84.21,84.28,84.21,84.27,70.8989692666639,753800,0,1
2013-07-09,84.3,84.3,84.25,84.26,70.8905559559641,947900,0,1
2013-07-10,84.25,84.27,84.24,84.26,70.8905559559641,1401900,0,1
2013-07-11,84.3001,84.33,84.27,84.33,70.9494491308623,835200,0,1
2013-07-12,84.31,84.35,84.28,84.28,70.9073825773636,2106800,0,1
2013-07-15,84.31,84.33,84.3,84.32,70.9410358201625,1025700,0,1
2013-07-16,84.35,84.355,84.32,84.33,70.9494491308623,836000,0,1
2013-07-17,84.38,84.4,84.35,84.36,70.9746890629615,728400,0,1
2013-07-18,84.37,84.39,84.34,84.35,70.9662757522617,909900,0,1
2013-07-19,84.37,84.4,84.35,84.39,70.9999289950607,519100,0,1
2013-07-22,84.38,84.4,84.36,84.39,70.9999289950607,1377400,0,1
2013-07-23,84.39,84.39,84.36,84.38,70.9915156843609,1087100,0,1
2013-07-24,84.34,84.38,84.31,84.34,70.957862441562,575400,0,1
2013-07-25,84.32,84.39,84.32,84.39,70.9999289950607,582700,0,1
2013-07-26,84.38,84.4,84.37,84.4,71.0083423057604,644800,0,1
2013-07-29,84.37,84.4,84.37,84.39,70.9999289950607,440300,0,1
2013-07-30,84.38,84.41,84.38,84.4,71.0083423057604,542100,0,1
2013-07-31,84.37,84.41,84.34,84.4,71.0083423057604,1283900,0,1
2013-08-01,84.36,84.37,84.31,84.35,70.981789897192,6766100,0.0184,1
2013-08-02,84.33,84.41,84.33,84.41,71.0322807969411,1187100,0,1
2013-08-05,84.4,84.41,84.3705,84.4,71.0238656469829,870600,0,1
2013-08-06,84.37,84.4,84.37,84.39,71.0154504970247,881800,0,1
2013-08-07,84.4,84.41,84.3801,84.41,71.0322807969411,704600,0,1
2013-08-08,84.39,84.41,84.39,84.41,71.0322807969411,709400,0,1
2013-08-09,84.4,84.41,84.39,84.39,71.0154504970247,566000,0,1
2013-08-12,84.43,84.43,84.39,84.39,71.0154504970247,511600,0,1
2013-08-13,84.38,84.38,84.34,84.35,70.981789897192,531400,0,1
2013-08-14,84.35,84.37,84.34,84.35,70.981789897192,972600,0,1
2013-08-15,84.31,84.34,84.3,84.32,70.9565444473175,704200,0,1
2013-08-16,84.31,84.34,84.29,84.33,70.9649595972757,2293500,0,1
2013-08-19,84.32,84.32,84.28,84.31,70.9481292973594,1951100,0,1
2013-08-20,84.32,84.34,84.319,84.33,70.9649595972757,1649400,0,1
2013-08-21,84.32,84.34,84.28,84.28,70.9228838474848,651200,0,1
2013-08-22,84.26,84.28,84.2201,84.25,70.8976383976103,735000,0,1
2013-08-23,84.19,84.28,84.19,84.25,70.8976383976103,638200,0,1
2013-08-26,84.27,84.2988,84.27,84.28,70.9228838474848,733100,0,1
2013-08-27,84.28,84.32,84.28,84.32,70.9565444473175,802800,0,1
2013-08-28,84.27,84.3,84.251,84.27,70.9144686975267,709200,0,1
2013-08-29,84.27,84.29,84.24,84.29,70.931298997443,653200,0,1
2013-08-30,84.28,84.3,84.27,84.3,70.9397141474012,847700,0,1
2013-09-03,84.21,84.25,84.2,84.25,70.9124103518469,2991200,0.0176,1
2013-09-04,84.21,84.23,84.16,84.17,70.8450751254,947200,0,1
2013-09-05,84.09,84.12,84.05,84.09,70.7777398989532,1315100,0,1
2013-09-06,84.13,84.2,84.13,84.17,70.8450751254,765500,0,1
2013-09-09,84.18,84.21,84.18,84.19,70.8619089320117,795600,0,1
2013-09-10,84.16,84.17,84.14,84.16,70.8366582220942,922200,0,1
2013-09-11,84.18,84.21,84.16,84.2,70.8703258353176,864100,0,1
2013-09-12,84.21,84.23,84.19,84.2,70.8703258353176,1586100,0,1
2013-09-13,84.19,84.218,84.19,84.2,70.8703258353176,564700,0,1
2013-09-16,84.32,84.32,84.26,84.26,70.9208272551528,737400,0,1
2013-09-17,84.28,84.31,84.27,84.29,70.9460779650703,668400,0,1
2013-09-18,84.29,84.42,84.26,84.4,71.0386639014348,744300,0,1
2013-09-19,84.41,84.43,84.37,84.37,71.0134131915172,5185900,0,1
2013-09-20,84.38,84.39,84.36,84.38,71.021830094823,606600,0,1
2013-09-23,84.36,84.4,84.36,84.4,71.0386639014348,849600,0,1
2013-09-24,84.41,84.42,84.38,84.41,71.0470808047406,674500,0,1
2013-09-25,84.41,84.44,84.39,84.44,71.0723315146582,1570500,0,1
2013-09-26,84.45,84.45,84.39,84.4,71.0386639014348,497100,0,1
2013-09-27,84.44,84.47,84.42,84.45,71.080748417964,2082200,0,1
2013-09-30,84.43,84.47,84.43,84.47,71.0975822245757,1717500,0,1
2013-10-01,84.44,84.45,84.4,84.43,71.0794530565453,7696500,0.0185,1
2013-10-02,84.44,84.46,84.43,84.44,71.087871800245,1773800,0,1
2013-10-03,84.42,84.46,84.42,84.44,71.087871800245,693200,0,1
2013-10-04,84.42,84.436,84.41,84.41,71.0626155691459,498600,0,1
2013-10-07,84.44,84.44,84.39,84.41,71.0626155691459,602100,0,1
2013-10-08,84.39,84.39,84.33,84.34,71.003684363248,572200,0,1
2013-10-09,84.36,84.38,84.33,84.37,71.0289405943471,696200,0,1
2013-10-10,84.35,84.37,84.35,84.365,71.0247312224972,469700,0,1
2013-10-11,84.41,84.42,84.37,84.37,71.0289405943471,889600,0,1
2013-10-14,84.35,84.37,84.32,84.34,71.003684363248,581200,0,1
2013-10-15,84.37,84.39,84.3501,84.37,71.0289405943471,1396400,0,1
2013-10-16,84.38,84.41,84.34,84.4,71.0541968254462,785600,0,1
2013-10-17,84.44,84.45,84.42,84.43,71.0794530565453,1823500,0,1
2013-10-18,84.44,84.45,84.43,84.43,71.0794530565453,647100,0,1
2013-10-21,84.44,84.45,84.4201,84.43,71.0794530565453,453700,0,1
2013-10-22,84.47,84.5,84.47,84.495,71.1341748905933,1274200,0,1
2013-10-23,84.5,84.5,84.47,84.47,71.113128031344,1109600,0,1
2013-10-24,84.47,84.48,84.46,84.46,71.1047092876444,1312200,0,1
2013-10-25,84.48,84.5,84.46,84.48,71.1215467750438,1739300,0,1
2013-10-28,84.47,84.5,84.47,84.5,71.1383842624432,716400,0,1
2013-10-29,84.49,84.5,84.48,84.5,71.1383842624432,548500,0,1
2013-10-30,84.5,84.52,84.49,84.5,71.1383842624432,524500,0,1
2013-10-31,84.5,84.51,84.48,84.51,71.1468030061428,1532500,0,1
2013-11-01,84.47,84.48,84.46,84.46,71.1207596225078,1213600,0.0191,1
2013-11-04,84.47,84.49,84.47,84.48,71.1376009106022,933500,0,1
2013-11-05,84.48,84.48,84.45,84.48,71.1376009106022,1523800,0,1
2013-11-06,84.5,84.52,84.49,84.5,71.1544421986966,1145400,0,1
2013-11-07,84.52,84.53,84.51,84.52,71.1712834867909,627300,0,1
2013-11-08,84.48,84.49,84.46,84.46,71.1207596225078,1591100,0,1
2013-11-11,84.45,84.48,84.45,84.48,71.1376009106022,257500,0,1
2013-11-12,84.44,84.47,84.44,84.46,71.1207596225078,1296400,0,1
2013-11-13,84.47,84.49,84.46,84.46,71.1207596225078,3394800,0,1
2013-11-14,84.49,84.52,84.48,84.51,71.1628628427437,470300,0,1
2013-11-15,84.53,84.53,84.51,84.51,71.1628628427437,544700,0,1
2013-11-18,84.53,84.55,84.51,84.55,71.1965454189325,1592900,0,1
2013-11-19,84.52,84.54,84.52,84.52,71.1712834867909,729700,0,1
2013-11-20,84.54,84.57,84.5201,84.53,71.1797041308381,862500,0,1
2013-11-21,84.54,84.57,84.53,84.57,71.2133867070268,490600,0,1
2013-11-22,84.55,84.55,84.53,84.55,71.1965454189325,661800,0,1
2013-11-25,84.55,84.55,84.53,84.55,71.1965454189325,462700,0,1
2013-11-26,84.53,84.56,84.53,84.56,71.2049660629797,505800,0,1
2013-11-27,84.55,84.56,84.54,84.56,71.2049660629797,449600,0,1
2013-11-29,84.51,84.57,84.51,84.57,71.2133867070268,627900,0,1
2013-12-02,84.44,84.54,84.44,84.5,71.170482683542,2508400,0.019,1
2013-12-03,84.52,84.53,84.52,84.52,71.1873277682008,577400,0,1
2013-12-04,84.49,84.52,84.49,84.5,71.170482683542,827700,0,1
2013-12-05,84.5,84.52,84.48,84.51,71.1789052258714,454600,0,1
2013-12-06,84.48,84.5,84.47,84.475,71.1494263277185,984900,0,1
2013-12-09,84.48,84.5,84.47,84.48,71.1536375988832,397300,0,1
2013-12-10,84.5,84.51,84.48,84.51,71.1789052258714,390100,0,1
2013-12-11,84.49,84.51,84.48,84.48,71.1536375988832,418400,0,1
2013-12-12,84.47,84.47,84.43,84.45,71.128369971895,1247900,0,1
2013-12-13,84.46,84.47,84.44,84.47,71.1452150565538,445300,0,1
2013-12-16,84.45,84.48,84.45,84.47,71.1452150565538,724700,0,1
2013-12-17,84.47,84.49,84.46,84.49,71.1620601412126,826700,0,1
2013-12-18,84.47,84.52,84.46,84.49,71.1620601412126,1675600,0,1
2013-12-19,84.44,84.47,84.43,84.44,71.1199474295655,767900,0,1
2013-12-20,84.41,84.45,84.41,84.41,71.0946798025773,851000,0,1
2013-12-23,84.42,84.42,84.4,84.4,71.0862572602479,624400,0,1
2013-12-24,84.38,84.4,84.37,84.37,71.0609896332597,711000,0,1
2013-12-26,84.35,84.37,84.34,84.34,71.0532215224692,729000,0.0208,1
2013-12-27,84.38,84.3899,84.37,84.38,71.0869199912966,423700,0,1
2013-12-30,84.39,84.4,84.38,84.4,71.1037692257103,442900,0,1
2013-12-31,84.39,84.41,84.38,84.38,71.0869199912966,609800,0,1
2014-01-02,84.4,84.42,84.39,84.42,71.1206184601239,2412500,0,1
2014-01-03,84.39,84.42,84.38,84.39,71.0953446085034,1062700,0,1
2014-01-06,84.38,84.4,84.38,84.4,71.1037692257103,699500,0,1
2014-01-07,84.4,84.4,84.39,84.4,71.1037692257103,664900,0,1
2014-01-08,84.37,84.37,84.31,84.32,71.0363722880555,608600,0,1
2014-01-09,84.34,84.34,84.31,84.34,71.0532215224692,1121100,0,1
2014-01-10,84.39,84.43,84.3801,84.42,71.1206184601239,491900,0,1
2014-01-13,84.43,84.46,84.43,84.44,71.1374676945376,1269200,0,1
2014-01-14,84.43,84.45,84.4,84.42,71.1206184601239,487000,0,1
2014-01-15,84.39,84.39,84.37,84.39,71.0953446085034,800100,0,1
2014-01-16,84.4,84.41,84.39,84.41,71.1121938429171,738600,0,1
2014-01-17,84.42,84.42,84.4,84.41,71.1121938429171,418300,0,1
2014-01-21,84.42,84.43,84.4,84.4,71.1037692257103,498600,0,1
2014-01-22,84.37,84.39,84.36,84.36,71.0700707568829,622700,0,1
2014-01-23,84.36,84.45,84.36,84.44,71.1374676945376,886600,0,1
2014-01-24,84.43,84.5,84.43,84.47,71.1627415461581,781200,0,1
2014-01-27,84.45,84.48,84.44,84.46,71.1543169289513,1166400,0,1
2014-01-28,84.47,84.48,84.45,84.46,71.1543169289513,645100,0,1
2014-01-29,84.49,84.52,84.481,84.52,71.2048646321923,538500,0,1
2014-01-30,84.5,84.51,84.48,84.51,71.1964400149855,579400,0,1
2014-01-31,84.54,84.55,84.52,84.55,71.2301384838128,939500,0,1
2014-02-03,84.51,84.5811,84.49,84.55,71.2494064258266,54448200,0.0229,1
2014-02-04,84.53,84.56,84.53,84.56,71.2578333219148,2357300,0,1
2014-02-05,84.53,84.55,84.52,84.52,71.2241257375619,3985300,0,1
2014-02-06,84.52,84.53,84.5,84.53,71.2325526336501,1420700,0,1
2014-02-07,84.52,84.56,84.52,84.55,71.2494064258266,1426700,0,1
2014-02-10,84.54,84.55,84.52,84.53,71.2325526336501,1571900,0,1
2014-02-11,84.5,84.51,84.49,84.51,71.2156988414737,1295500,0,1
2014-02-12,84.49,84.49,84.46,84.47,71.1819912571209,2196700,0,1
2014-02-13,84.5,84.54,84.45,84.52,71.2241257375619,1334300,0,1
2014-02-14,84.52,84.54,84.51,84.52,71.2241257375619,1279000,0,1
2014-02-18,84.53,84.57,84.53,84.55,71.2494064258266,1081300,0,1
2014-02-19,84.57,84.58,84.52,84.52,71.2241257375619,1357800,0,1
2014-02-20,84.5,84.53,84.5,84.53,71.2325526336501,1012600,0,1
2014-02-21,84.51,84.54,84.5001,84.54,71.2409795297384,750300,0,1
2014-02-24,84.52,84.54,84.51,84.54,71.2409795297384,1647600,0,1
2014-02-25,84.53,84.55,84.52,84.53,71.2325526336501,666400,0,1
2014-02-26,84.53,84.58,84.53,84.57,71.266260218003,2079600,0,1
2014-02-27,84.57,84.58,84.56,84.56,71.2578333219148,362600,0,1
2014-02-28,84.55,84.57,84.53,84.56,71.2578333219148,2360500,0,1
2014-03-03,84.55,84.59,84.55,84.59,71.2985790498805,2587200,0.0184,1
2014-03-04,84.55,84.55,84.5074,84.52,71.2395779796182,49419100,0,1
2014-03-05,84.5,84.55,84.49,84.55,71.2648641525877,2176200,0,1
2014-03-06,84.5,84.52,84.49,84.5,71.2227205309718,1044400,0,1
2014-03-07,84.44,84.48,84.44,84.44,71.1721481850326,807400,0,1
2014-03-10,84.43,84.47,84.43,84.45,71.1805769093558,450100,0,1
2014-03-11,84.46,84.47,84.44,84.45,71.1805769093558,337500,0,1
2014-03-12,84.49,84.49,84.47,84.48,71.2058630823254,342400,0,1
2014-03-13,84.45,84.53,84.43,84.53,71.2480067039414,2012000,0,1
2014-03-14,84.54,84.54,84.51,84.51,71.231149255295,1035600,0,1
2014-03-17,84.5,84.51,84.47,84.48,71.2058630823254,659700,0,1
2014-03-18,84.49,84.51,84.48,84.5,71.2227205309718,317000,0,1
2014-03-19,84.49,84.51,84.33,84.36,71.1047183904471,567200,0,1
2014-03-20,84.36,84.38,84.35,84.37,71.1131471147703,826800,0,1
2014-03-21,84.37,84.39,84.35,84.38,71.1215758390935,452200,0,1
2014-03-24,84.31,84.36,84.31,84.34,71.0878609418007,1761600,0,1
2014-03-25,84.34,84.38,84.34,84.35,71.0962896661239,962000,0,1
2014-03-26,84.36,84.425,84.36,84.41,71.146862012063,598400,0,1
2014-03-27,84.38,84.42,84.38,84.4,71.1384332877399,447800,0,1
2014-03-28,84.37,84.41,84.37,84.4,71.1384332877399,335900,0,1
2014-03-31,84.39,84.45,84.38,84.42,71.1552907363862,1502200,0,1
2014-04-01,84.4,84.41,84.38,84.38,71.1394455775311,4107900,0.0212,1
2014-04-02,84.36,84.3726,84.345,84.35,71.1141530512532,504800,0,1
2014-04-03,84.35,84.38,84.35,84.37,71.1310147354385,2637400,0,1
2014-04-04,84.42,84.4444,84.4,84.44,71.1900306300868,726400,0,1
2014-04-07,84.44,84.47,84.44,84.445,71.1942460511331,423300,0,1
2014-04-08,84.46,84.47,84.44,84.46,71.206892314272,455900,0,1
2014-04-09,84.45,84.52,84.42,84.5,71.2406156826425,939600,0,1
2014-04-10,84.52,84.56,84.51,84.55,71.2827698931056,731900,0,1
2014-04-11,84.55,84.56,84.53,84.54,71.274339051013,2225800,0,1
2014-04-14,84.57,84.57,84.5,84.53,71.2659082089204,520300,0,1
2014-04-15,84.51,84.54,84.49,84.53,71.2659082089204,303500,0,1
2014-04-16,84.5,84.52,84.49,84.5,71.2406156826425,381100,0,1
2014-04-17,84.49,84.5,84.45,84.48,71.2237539984573,2592700,0,1
2014-04-21,84.46,84.48,84.45,84.48,71.2237539984573,592800,0,1
2014-04-22,84.46,84.47,84.44,84.44,71.1900306300868,543100,0,1
2014-04-23,84.48,84.5,84.47,84.48,71.2237539984573,553100,0,1
2014-04-24,84.45,84.49,84.45,84.46,71.206892314272,979000,0,1
2014-04-25,84.48,84.5,84.47,84.47,71.2153231563647,270300,0,1
2014-04-28,84.47,84.5,84.47,84.47,71.2153231563647,280400,0,1
2014-04-29,84.48,84.48,84.4347,84.46,71.206892314272,401300,0,1
2014-04-30,84.5,84.52,84.5,84.52,71.2574773668278,484000,0,1
2014-05-01,84.48,84.52,84.48,84.5,71.2583415281422,1141100,0.021,1
2014-05-02,84.45,84.5,84.44,84.49,71.2499085883164,543100,0,1
2014-05-05,84.49,84.5,84.47,84.5,71.2583415281422,1540800,0,1
2014-05-06,84.47,84.48,84.46,84.47,71.2330427086648,432900,0,1
2014-05-07,84.46,84.52,84.46,84.5,71.2583415281422,645400,0,1
2014-05-08,84.52,84.55,84.5,84.52,71.2752074077939,729300,0,1
2014-05-09,84.47,84.55,84.47,84.55,71.3005062272713,361700,0,1
2014-05-12,84.51,84.55,84.51,84.53,71.2836403476197,1001200,0,1
2014-05-13,84.56,84.57,84.54,84.56,71.3089391670971,486500,0,1
2014-05-14,84.56,84.62,84.56,84.59,71.3342379865746,644600,0,1
2014-05-15,84.59,84.62,84.58,84.6,71.3426709264004,337200,0,1
2014-05-16,84.59,84.62,84.59,84.61,71.3511038662262,446600,0,1
2014-05-19,84.62,84.65,84.61,84.63,71.3679697458778,362200,0,1
2014-05-20,84.61,84.65,84.61,84.64,71.3764026857037,349900,0,1
2014-05-21,84.61,84.64,84.61,84.64,71.3764026857037,372800,0,1
2014-05-22,84.61,84.63,84.6,84.62,71.359536806052,468300,0,1
2014-05-23,84.63,84.65,84.56,84.6,71.3426709264004,381500,0,1
2014-05-27,84.63,84.63,84.6,84.62,71.359536806052,850200,0,1
2014-05-28,84.64,84.67,84.64,84.64,71.3764026857037,562000,0,1
2014-05-29,84.65,84.68,84.63,84.63,71.3679697458778,1651000,0,1
2014-05-30,84.63,84.66,84.62,84.62,71.359536806052,895600,0,1
2014-06-02,84.6,84.61,84.56,84.57,71.3364288643413,978100,0.0226,1
2014-06-03,84.56,84.58,84.55,84.55,71.319558477948,411200,0,1
2014-06-04,84.56,84.58,84.55,84.58,71.344864057538,1034300,0,1
2014-06-05,84.56,84.6,84.56,84.59,71.3532992507347,1187800,0,1
2014-06-06,84.58,84.599,84.55,84.57,71.3364288643413,733600,0,1
2014-06-09,84.52,84.54,84.51,84.51,71.2858177051613,586500,0,1
2014-06-10,84.66,84.66,84.49,84.49,71.2689473187679,662600,0,1
2014-06-11,84.51,84.52,84.5,84.52,71.2942528983579,288000,0,1
2014-06-12,84.5,84.56,84.5,84.55,71.319558477948,1129200,0,1
2014-06-13,84.45,84.51,84.45,84.5,71.2773825119646,582100,0,1
2014-06-16,84.46,84.49,84.46,84.48,71.2605121255712,337700,0,1
2014-06-17,84.42,84.45,84.41,84.41,71.2014657731944,726900,0,1
2014-06-18,84.46,84.48,84.44,84.48,71.2605121255712,540100,0,1
2014-06-19,84.5,84.5,84.46,84.47,71.2520769323745,318700,0,1
2014-06-20,84.48,84.48,84.44,84.47,71.2520769323745,508700,0,1
2014-06-23,84.5,84.5,84.46,84.47,71.2520769323745,668600,0,1
2014-06-24,84.47,84.5,84.46,84.5,71.2773825119646,576000,0,1
2014-06-25,84.5,84.53,84.5,84.51,71.2858177051613,453700,0,1
2014-06-26,84.61,84.61,84.53,84.53,71.3026880915546,368700,0,1
2014-06-27,84.56,84.57,84.54,84.55,71.319558477948,524900,0,1
2014-06-30,84.55,84.57,84.54,84.56,71.3279936711447,1091800,0,1
2014-07-01,84.54,84.54,84.5,84.5,71.298322035556,542700,0.0248,1
2014-07-02,84.46,84.5,84.46,84.47,71.2730090218156,594300,0,1
2014-07-03,84.44,84.46,84.42,84.46,71.2645713505687,492600,0,1
2014-07-07,84.41,84.44,84.41,84.44,71.2476960080751,506100,0,1
2014-07-08,84.45,84.47,84.43,84.46,71.2645713505687,627700,0,1
2014-07-09,84.44,84.49,84.4,84.47,71.2730090218156,380900,0,1
2014-07-10,84.5,84.54,84.5,84.51,71.3067597068028,466100,0,1
2014-07-11,84.54,84.55,84.52,84.53,71.3236350492964,2614500,0,1
2014-07-14,84.5,84.53,84.5,84.52,71.3151973780496,672900,0,1
2014-07-15,84.5,84.55,84.47,84.48,71.2814466930624,435700,0,1
2014-07-16,84.49,84.4999,84.46,84.47,71.2730090218156,426700,0,1
2014-07-17,84.5,84.52,84.47,84.47,71.2730090218156,2408500,0,1
2014-07-18,84.5,84.52,84.47,84.47,71.2730090218156,2316600,0,1
2014-07-21,84.52,84.52,84.47,84.48,71.2814466930624,2455200,0,1
2014-07-22,84.48,84.5,84.47,84.48,71.2814466930624,2456000,0,1
2014-07-23,84.52,84.52,84.5,84.51,71.3067597068028,478400,0,1
2014-07-24,84.47,84.49,84.46,84.48,71.2814466930624,221200,0,1
2014-07-25,84.49,84.5,84.47,84.49,71.2898843643092,2324500,0,1
2014-07-28,84.46,84.48,84.45,84.45,71.2561336793219,2286900,0,1
2014-07-29,84.46,84.47,84.45,84.47,71.2730090218156,255200,0,1
2014-07-30,84.43,84.43,84.38,84.43,71.2392583368283,1110200,0,1
2014-07-31,84.43,84.47,84.41,84.44,71.2476960080751,1446200,0,1
2014-08-01,84.47,84.5628,84.47,84.55,71.3631773518275,19826500,0.0269,1
2014-08-04,84.54,84.56,84.53,84.55,71.3631773518275,1419200,0,1
2014-08-05,84.52,84.57,84.52,84.55,71.3631773518275,1278200,0,1
2014-08-06,84.56,84.5899,84.55,84.57,71.3800580561094,949900,0,1
2014-08-07,84.58,84.61,84.5401,84.61,71.4138194646733,1129200,0,1
2014-08-08,84.6,84.62,84.56,84.56,71.3716177039684,500400,0,1
2014-08-11,84.58,84.59,84.56,84.56,71.3716177039684,1264700,0,1
2014-08-12,84.57,84.59,84.55,84.56,71.3716177039684,1587100,0,1
2014-08-13,84.62,84.62,84.58,84.6,71.4053791125323,708500,0,1
2014-08-14,84.57,84.64,84.57,84.62,71.4222598168142,975800,0,1
2014-08-15,84.59,84.68,84.58,84.62,71.4222598168142,911200,0,1
2014-08-18,84.57,84.63,84.57,84.62,71.4222598168142,721600,0,1
2014-08-19,84.63,84.63,84.6,84.62,71.4222598168142,1047000,0,1
2014-08-20,84.6,84.6,84.53,84.54,71.3547369996865,668300,0,1
2014-08-21,84.53,84.58,84.53,84.54,71.3547369996865,720300,0,1
2014-08-22,84.52,84.56,84.5,84.52,71.3378562954046,758700,0,1
2014-08-25,84.5,84.52,84.49,84.49,71.3125352389817,1146100,0,1
2014-08-26,84.5,84.53,84.49,84.52,71.3378562954046,372100,0,1
2014-08-27,84.53,84.55,84.53,84.54,71.3547369996865,473300,0,1
2014-08-28,84.53,84.57,84.53,84.56,71.3716177039684,459100,0,1
2014-08-29,84.56,84.6,84.55,84.57,71.3800580561094,515700,0,1
2014-09-02,84.54,84.55,84.4977,84.5,71.3446921366036,13519800,0.0281,1
2014-09-03,84.5,84.53,84.49,84.52,71.361578454269,741300,0,1
2014-09-04,84.51,84.54,84.48,84.51,71.3531352954363,1702900,0,1
2014-09-05,84.54,84.56,84.53,84.54,71.3784647719345,422000,0,1
2014-09-08,84.54,84.5551,84.49,84.49,71.3362489777708,533300,0,1
2014-09-09,84.49,84.5,84.44,84.44,71.2940331836072,506900,0,1
2014-09-10,84.43,84.46,84.43,84.45,71.3024763424399,367900,0,1
2014-09-11,84.48,84.49,84.45,84.46,71.3109195012726,774800,0,1
2014-09-12,84.43,84.46,84.43,84.44,71.2940331836072,340600,0,1
2014-09-15,84.46,84.49,84.46,84.48,71.3278058189381,431000,0,1
2014-09-16,84.5,84.53,84.4701,84.53,71.3700216131018,1624100,0,1
2014-09-17,84.47,84.575,84.43,84.44,71.2940331836072,541600,0,1
2014-09-18,84.42,84.45,84.41,84.45,71.3024763424399,419000,0,1
2014-09-19,84.43,84.46,84.42,84.44,71.2940331836072,425400,0,1
2014-09-22,84.47,84.5,84.46,84.5,71.3446921366036,332614,0,1
2014-09-23,84.48,84.52,84.48,84.52,71.361578454269,745807,0,1
2014-09-24,84.5,84.52,84.48,84.49,71.3362489777708,1455858,0,1
2014-09-25,84.48,84.55,84.48,84.55,71.3869079307672,892431,0,1
2014-09-26,84.53,84.53,84.48,84.51,71.3531352954363,1486320,0,1
2014-09-29,84.53,84.54,84.51,84.53,71.3700216131018,533240,0,1
2014-09-30,84.51,84.53,84.49,84.51,71.3531352954363,1507960,0,1
2014-10-01,84.55,84.6,84.53,84.57,71.4293727981165,20930812,0.0303,1
2014-10-02,84.58,84.59,84.54,84.56,71.420926614742,1828328,0,1
2014-10-03,84.51,84.52,84.47,84.48,71.353357147746,2110103,0,1
2014-10-06,84.54,84.575,84.51,84.56,71.420926614742,841287,0,1
2014-10-07,84.57,84.62,84.57,84.61,71.4631575316145,1333886,0,1
2014-10-08,84.6,84.71,84.59,84.7,71.5391731819849,1367249,0,1
2014-10-09,84.69,84.72,84.68,84.7,71.5391731819849,622990,0,1
2014-10-10,84.71,84.74,84.69,84.74,71.5729579154829,629282,0,1
2014-10-13,84.79,85.37,84.76,84.77,71.5982964656064,1238984,0,1
2014-10-14,84.81,84.84,84.79,84.82,71.6405273824789,2228765,0,1
2014-10-15,85.01,85.068,84.83,84.93,71.7334353995983,2526709,0,1
2014-10-16,84.95,84.96,84.86,84.88,71.6912044827259,27217278,0,1
2014-10-17,84.85,84.86,84.81,84.83,71.6489735658534,2035033,0,1
2014-10-20,84.84,84.88,84.84,84.88,71.6912044827259,1139833,0,1
2014-10-21,84.84,84.88,84.84,84.86,71.6743121159769,1356698,0,1
2014-10-22,84.82,84.84,84.81,84.84,71.6574197492279,1814064,0,1
2014-10-23,84.79,84.815,84.78,84.8,71.6236350157299,1081533,0,1
2014-10-24,84.79,84.8267,84.79,84.82,71.6405273824789,1171395,0,1
2014-10-27,84.8,84.84,84.8,84.82,71.6405273824789,919726,0,1
2014-10-28,84.82,84.8389,84.79,84.8,71.6236350157299,738277,0,1
2014-10-29,84.79,84.8,84.69,84.69,71.5307269986104,1452224,0,1
2014-10-30,84.71,84.75,84.7,84.72,71.5560655487339,1485845,0,1
2014-10-31,84.6515,84.6914,84.6515,84.6715,71.5151015593676,1770172,0,1
2014-11-03,84.72,84.72,84.6066,84.66,71.5294617603409,14207316,0.0285,1
2014-11-04,84.62,84.67,84.59,84.65,71.521012733438,1177734,0,1
2014-11-05,84.64,84.64,84.62,84.63,71.5041146796321,1289660,0,1
2014-11-06,84.61,84.64,84.6,84.61,71.4872166258262,815210,0,1
2014-11-07,84.65,84.69,84.63,84.67,71.5379107872439,1389032,0,1
2014-11-10,84.67,84.69,84.61,84.61,71.4872166258262,1381667,0,1
2014-11-11,84.58,84.7099,84.57,84.6,71.4787675989232,580276,0,1
2014-11-12,84.63,84.66,84.61,84.63,71.5041146796321,894640,0,1
2014-11-13,84.63,84.66,84.63,84.65,71.521012733438,746250,0,1
2014-11-14,84.64,84.69,84.61,84.69,71.5548088410497,1064438,0,1
2014-11-17,84.67,84.69,84.66,84.68,71.5463598141468,850040,0,1
2014-11-18,84.69,84.69,84.656,84.67,71.5379107872439,23372002,0,1
2014-11-19,84.63,84.7,84.63,84.66,71.5294617603409,961982,0,1
2014-11-20,84.7,84.71,84.66,84.68,71.5463598141468,723596,0,1
2014-11-21,84.71,84.72,84.69,84.7,71.5632578679527,1048714,0,1
2014-11-24,84.66,84.71,84.66,84.71,71.5717068948556,1582144,0,1
2014-11-25,84.7,84.74,84.69,84.72,71.5801559217586,472716,0,1
2014-11-26,84.72,84.76,84.72,84.73,71.5886049486615,840008,0,1
2014-11-28,84.78,84.78,84.75,84.76,71.6139520293704,319686,0,1
2014-12-01,84.79,84.81,84.73,84.73,71.6131409227877,2475853,0.029,1
2014-12-02,84.71,84.71,84.66,84.68,71.5708813093551,825303,0,1
2014-12-03,84.67,84.67,84.63,84.64,71.5370736186091,782060,0,1
2014-12-04,84.66,84.69,84.65,84.69,71.5793332320416,901357,0,1
2014-12-05,84.53,84.5704,84.51,84.53,71.4441024690575,494171,0,1
2014-12-08,84.51,84.54,84.49,84.52,71.435650546371,427381,0,1
2014-12-09,84.58,84.61,84.54,84.55,71.4610063144305,544966,0,1
2014-12-10,84.54,84.64,84.54,84.62,71.5201697732361,734340,0,1
2014-12-11,84.6,84.6,84.56,84.58,71.4863620824901,678871,0,1
2014-12-12,84.65,84.72,84.62,84.66,71.5539774639821,942719,0,1
2014-12-15,84.63,84.66,84.59,84.6,71.5032659278631,1662126,0,1
2014-12-16,84.67,84.69,84.62,84.65,71.5455255412956,1239481,0,1
2014-12-17,84.63,84.7245,84.506,84.57,71.4779101598035,966895,0,1
2014-12-18,84.49,84.53,84.49,84.52,71.435650546371,1009086,0,1
2014-12-19,84.56,84.56,84.46,84.46,71.384939010252,785141,0,1
2014-12-22,84.46,84.5,84.46,84.48,71.401842855625,680261,0,1
2014-12-23,84.47,84.47,84.39,84.39,71.3257755514464,1083537,0,1
2014-12-24,84.36,84.435,84.35,84.4,71.3621653045732,958671,0.0331,1
2014-12-26,84.35,84.4,84.35,84.37,71.3367996060052,414327,0,1
2014-12-29,84.43,84.46,84.43,84.45,71.4044414688531,749468,0,1
2014-12-30,84.49,84.51,84.4601,84.48,71.4298071674211,665859,0,1
2014-12-31,84.47,84.52,84.45,84.45,71.4044414688531,724137,0,1
2015-01-02,84.49,84.54,84.47,84.54,71.4805385645571,1735429,0,1
2015-01-05,84.47,84.55,84.47,84.54,71.4805385645571,1214261,0,1
2015-01-06,84.56,84.68,84.56,84.58,71.514359495981,959392,0,1
2015-01-07,84.59,84.63,84.57,84.62,71.548180427405,768787,0,1
2015-01-08,84.61,84.64,84.59,84.61,71.539725194549,862531,0,1
2015-01-09,84.67,84.73,84.67,84.68,71.5989118245409,422054,0,1
2015-01-12,84.73,84.75,84.7,84.73,71.6411879888209,641738,0,1
2015-01-13,84.74,84.7899,84.71,84.78,71.6834641531009,525557,0,1
2015-01-14,84.85,84.88,84.83,84.83,71.7257403173808,690751,0,1
2015-01-15,84.85,84.96,84.84,84.96,71.8356583445087,577853,0,1
2015-01-16,84.93,84.93,84.86,84.88,71.7680164816608,756251,0,1
2015-01-20,84.87,84.91,84.84,84.84,71.7341955502368,695960,0,1
2015-01-21,84.83,84.8875,84.82,84.84,71.7341955502368,606384,0,1
2015-01-22,84.87,84.87,84.78,84.81,71.7088298516688,588265,0,1
2015-01-23,84.83,84.86,84.81,84.85,71.7426507830928,1089863,0,1
2015-01-26,84.83,84.85,84.79,84.8,71.7003746188128,1576396,0,1
2015-01-27,84.86,84.8806,84.82,84.85,71.7426507830928,414895,0,1
2015-01-28,84.83,84.92,84.82,84.91,71.7933821802288,743855,0,1
2015-01-29,84.88,84.88,84.83,84.88,71.7680164816608,516093,0,1
2015-01-30,84.94,84.98,84.8749,84.98,71.8525688102207,474371,0,1
2015-02-02,84.94,84.95,84.88,84.92,71.8297430636027,1883811,0.033,1
2015-02-03,84.89,84.89,84.83,84.85,71.7705334308371,1015038,0,1
2015-02-04,84.82,84.88,84.79,84.863,71.7815295054936,798195,0,1
2015-02-05,84.85,84.85,84.81,84.83,71.7536163929041,428384,0,1
2015-02-06,84.7,84.7,84.61,84.63,71.5844460135739,774327,0,1
2015-02-09,84.65,84.65,84.61,84.62,71.5759874946074,1616202,0,1
2015-02-10,84.63,84.63,84.59,84.6,71.5590704566743,1194527,0,1
2015-02-11,84.63,84.63,84.6,84.61,71.5675289756409,840513,0,1
2015-02-12,84.64,84.68,84.62,84.64,71.5929045325404,1036288,0,1
2015-02-13,84.66,84.69,84.64,84.64,71.5929045325404,1118633,0,1
2015-02-17,84.62,84.66,84.57,84.6,71.5590704566743,562421,0,1
2015-02-18,84.62,84.73,84.59,84.7,71.6436556463394,998367,0,1
2015-02-19,84.65,84.7199,84.64,84.65,71.6013630515069,744045,0,1
2015-02-20,84.7,84.72,84.61,84.64,71.5929045325404,415214,0,1
2015-02-23,84.67,84.69,84.64,84.68,71.6267386084064,715475,0,1
2015-02-24,84.67,84.76,84.62,84.75,71.685948241172,482809,0,1
2015-02-25,84.71,84.75,84.71,84.75,71.685948241172,485326,0,1
2015-02-26,84.68,84.7099,84.65,84.67,71.6182800894399,530580,0,1
2015-02-27,84.71,84.72,84.67,84.7,71.6436556463394,3103085,0,1
2015-03-02,84.64,84.66,84.6,84.6,71.5853214702869,3233241,0.031,1
2015-03-03,84.6,84.62,84.57,84.58,71.5683982264405,1288839,0,1
2015-03-04,84.61,84.63,84.58,84.6,71.5853214702869,572912,0,1
2015-03-05,84.64,84.6565,84.61,84.63,71.6107063360565,386849,0,1
2015-03-06,84.51,84.56,84.5,84.54,71.5345517387477,503250,0,1
2015-03-09,84.54,84.58,84.5335,84.58,71.5683982264405,367211,0,1
2015-03-10,84.63,84.63,84.57,84.6,71.5853214702869,1039641,0,1
2015-03-11,84.6,84.62,84.57,84.6,71.5853214702869,607489,0,1
2015-03-12,84.64,84.6699,84.6,84.62,71.6022447141333,1158084,0,1
2015-03-13,84.61,84.67,84.61,84.63,71.6107063360565,436512,0,1
2015-03-16,84.64,84.68,84.63,84.64,71.6191679579797,934028,0,1
2015-03-17,84.67,84.67,84.62,84.62,71.6022447141333,1255566,0,1
2015-03-18,84.62,84.827,84.575,84.82,71.7714771525973,873468,0,1
2015-03-19,84.75,84.78,84.7,84.71,71.6783993114421,350966,0,1
2015-03-20,84.78,84.79,84.75,84.77,71.7291690429813,721889,0,1
2015-03-23,84.78,84.81,84.75,84.8,71.7545539087509,683940,0,1
2015-03-24,84.8,84.83,84.77,84.83,71.7799387745206,535881,0,1
2015-03-25,84.83,84.84,84.78,84.81,71.7630155306742,931962,0,1
2015-03-26,84.78,84.78,84.73,84.77,71.7291690429813,963399,0,1
2015-03-27,84.79,84.83,84.79,84.82,71.7714771525973,595280,0,1
2015-03-30,84.83,84.84,84.8,84.81,71.7630155306742,793649,0,1
2015-03-31,84.83,84.88,84.82,84.88,71.8222468841366,1035220,0,1
2015-04-01,84.84,84.88,84.84,84.88,71.8532883441618,2228705,0.0367,1
2015-04-02,84.88,84.88,84.83,84.87,71.8448230651392,643531,0,1
2015-04-06,84.98,84.98,84.91,84.94,71.9040800182977,1162394,0,1
2015-04-07,84.88,84.9,84.88,84.88,71.8532883441618,544501,0,1
2015-04-08,84.89,84.9,84.84,84.88,71.8532883441618,1086755,0,1
2015-04-09,84.86,84.87,84.84,84.85,71.8278925070939,459049,0,1
2015-04-10,84.86,84.87,84.83,84.83,71.8109619490486,614379,0,1
2015-04-13,84.83,84.88,84.83,84.88,71.8532883441618,754415,0,1
2015-04-14,84.9,84.9396,84.89,84.92,71.8871494602524,449193,0,1
2015-04-15,84.91,84.93,84.9,84.92,71.8871494602524,772167,0,1
2015-04-16,84.94,84.97,84.9,84.96,71.921010576343,11419405,0,1
2015-04-17,84.91,84.95,84.91,84.92,71.8871494602524,727218,0,1
2015-04-20,84.9,84.93,84.88,84.91,71.8786841812298,460947,0,1
2015-04-21,84.86,84.92,84.86,84.92,71.8871494602524,565717,0,1
2015-04-22,84.87,84.89,84.85,84.85,71.8278925070939,582181,0,1
2015-04-23,84.86,84.89,84.86,84.89,71.8617536231845,561698,0,1
2015-04-24,84.92,84.93,84.9,84.92,71.8871494602524,405827,0,1
2015-04-27,84.92,84.92,84.89,84.91,71.8786841812298,439253,0,1
2015-04-28,84.87,84.91,84.87,84.87,71.8448230651392,506439,0,1
2015-04-29,84.85,84.88,84.83,84.88,71.8532883441618,461384,0,1
2015-04-30,84.84,84.88,84.801,84.87,71.8448230651392,746760,0,1
2015-05-01,84.8,84.82,84.78,84.8,71.8154146858145,1996312,0.0353,1
2015-05-04,84.79,84.82,84.77,84.8,71.8154146858145,535675,0,1
2015-05-05,84.78,84.82,84.74,84.78,71.7984770880113,8800884,0,1
2015-05-06,84.75,84.77,84.72,84.75,71.7730706913064,1583012,0,1
2015-05-07,84.75,84.76,84.72,84.72,71.7476642946015,909529,0,1
2015-05-08,84.84,84.86,84.82,84.84,71.8492898814211,855392,0,1
2015-05-11,84.82,84.83,84.76,84.76,71.781539490208,2438643,0,1
2015-05-12,84.78,84.8,84.75,84.77,71.7900082891097,497568,0,1
2015-05-13,84.83,84.86,84.8,84.81,71.8238834847162,670894,0,1
2015-05-14,84.85,84.89,84.85,84.89,71.8916338759292,992810,0,1
2015-05-15,84.85,84.91,84.85,84.89,71.8916338759292,599237,0,1
2015-05-18,84.87,84.89,84.82,84.84,71.8492898814211,5576444,0,1
2015-05-19,84.78,84.82,84.77,84.79,71.8069458869129,544576,0,1
2015-05-20,84.81,84.83,84.79,84.82,71.8323522836178,541606,0,1
2015-05-21,84.82,84.86,84.81,84.85,71.8577586803227,677917,0,1
2015-05-22,84.8,84.82,84.78,84.79,71.8069458869129,530540,0,1
2015-05-26,84.76,84.82,84.76,84.8,71.8154146858145,633953,0,1
2015-05-27,84.78,84.82,84.77,84.81,71.8238834847162,597130,0,1
2015-05-28,84.81,84.86,84.81,84.85,71.8577586803227,888216,0,1
2015-05-29,84.84,84.89,84.84,84.87,71.874696278126,565883,0,1
2015-06-01,84.86,84.86,84.76,84.78,71.8296498898883,8556408,0.0368,1
2015-06-02,84.74,84.77,84.74,84.77,71.8211774140815,715282,0,1
2015-06-03,84.72,84.74,84.71,84.74,71.7957599866612,1359786,0,1
2015-06-04,84.75,84.77,84.72,84.75,71.804232462468,934345,0,1
2015-06-05,84.63,84.69,84.63,84.665,71.7322164181103,599309,0,1
2015-06-08,84.68,84.72,84.68,84.72,71.7788150350476,985362,0,1
2015-06-09,84.71,84.71,84.66,84.68,71.7449251318205,1189694,0,1
2015-06-10,84.67,84.67,84.64,84.66,71.7279801802069,817069,0,1
2015-06-11,84.66,84.68,84.63,84.68,71.7449251318205,938579,0,1
2015-06-12,84.64,84.69,84.64,84.66,71.7279801802069,398942,0,1
2015-06-15,84.71,84.73,84.69,84.7,71.761870083434,542740,0,1
2015-06-16,84.7,84.73,84.695,84.73,71.7872875108544,6452875,0,1
2015-06-17,84.68,84.79,84.5901,84.79,71.8381223656951,2940895,0,1
2015-06-18,84.77,84.81,84.752,84.81,71.8550673173086,625884,0,1
2015-06-19,84.84,84.85,84.82,84.83,71.8720122689222,397742,0,1
2015-06-22,84.8,84.8,84.76,84.77,71.8211774140815,438114,0,1
2015-06-23,84.72,84.77,84.72,84.75,71.804232462468,495298,0,1
2015-06-24,84.76,84.79,84.73,84.79,71.8381223656951,681762,0,1
2015-06-25,84.75,84.78,84.73,84.77,71.8211774140815,461930,0,1
2015-06-26,84.72,84.75,84.72,84.72,71.7788150350476,476645,0,1
2015-06-29,84.83,84.87,84.79,84.86,71.8974296963425,895709,0,1
2015-06-30,84.84,84.89,84.825,84.86,71.8974296963425,3121335,0,1
2015-07-01,84.76,84.7798,84.74,84.75,71.8361381118611,11472971,0.0377,1
2015-07-02,84.85,84.88,84.8,84.88,71.9463292381684,2175058,0,1
2015-07-06,84.9,84.92,84.86,84.9,71.9632817191388,1088316,0,1
2015-07-07,84.95,84.975,84.89,84.89,71.9548054786536,2665259,0,1
2015-07-08,84.92,84.99,84.91,84.98,72.0310916430202,1628588,0,1
2015-07-09,84.93,84.94,84.9,84.92,71.9802342001091,1995925,0,1
2015-07-10,84.86,84.8772,84.81,84.84,71.9124242762277,1999234,0,1
2015-07-13,84.79,84.8,84.77,84.8,71.878519314287,856704,0,1
2015-07-14,84.82,84.84,84.82,84.84,71.9124242762277,1062073,0,1
2015-07-15,84.82,84.87,84.79,84.87,71.9378529976832,1068786,0,1
2015-07-16,84.77,84.83,84.77,84.83,71.9039480357425,5841922,0,1
2015-07-17,84.78,84.82,84.78,84.81,71.8869955547722,934880,0,1
2015-07-20,84.75,84.77,84.74,84.76,71.8446143523463,1104907,0,1
2015-07-21,84.73,84.8,84.73,84.77,71.8530905928315,653416,0,1
2015-07-22,84.76,84.77,84.74,84.76,71.8446143523463,760420,0,1
2015-07-23,84.71,84.78,84.71,84.77,71.8530905928315,854227,0,1
2015-07-24,84.77,84.83,84.76,84.79,71.8700430738018,810493,0,1
2015-07-27,84.86,84.865,84.825,84.85,71.9209005167129,4482774,0,1
2015-07-28,84.83,84.85,84.81,84.83,71.9039480357425,2113812,0,1
2015-07-29,84.82,84.85,84.79,84.81,71.8869955547722,1590901,0,1
2015-07-30,84.77,84.79,84.75,84.77,71.8530905928315,581364,0,1
2015-07-31,84.86,84.8799,84.84,84.86,71.9293767571981,4190615,0,1
2015-08-03,84.79,84.86,84.79,84.85,71.9531483736387,5562923,0.038,1
2015-08-04,84.8,84.82,84.72,84.72,71.8429078398901,1228832,0,1
2015-08-05,84.71,84.73,84.68,84.73,71.8513878809477,1825573,0,1
2015-08-06,84.74,84.77,84.73,84.75,71.8683479630628,1132310,0,1
2015-08-07,84.7,84.75,84.69,84.71,71.8344277988325,934342,0,1
2015-08-10,84.71,84.73,84.7,84.71,71.8344277988325,1397652,0,1
2015-08-11,84.82,84.83,84.79,84.82,71.927708250466,1889424,0,1
2015-08-12,84.84,84.88,84.8,84.82,71.927708250466,1508294,0,1
2015-08-13,84.78,84.8,84.74,84.75,71.8683479630628,537033,0,1
2015-08-14,84.71,84.75,84.71,84.71,71.8344277988325,837640,0,1
2015-08-17,84.75,84.78,84.75,84.76,71.8768280041204,646737,0,1
2015-08-18,84.74,84.76,84.7201,84.75,71.8683479630628,466281,0,1
2015-08-19,84.74,84.84,84.71,84.83,71.9361882915235,960566,0,1
2015-08-20,84.84,84.84,84.8,84.8,71.9107481683508,5878950,0,1
2015-08-21,84.85,84.9,84.8301,84.89,71.9870685378691,2062886,0,1
2015-08-24,85.05,85.05,84.89,84.93,72.0209887020994,4491377,0,1
2015-08-25,84.89,84.94,84.85,84.89,71.9870685378691,2708043,0,1
2015-08-26,84.87,84.935,84.84,84.84,71.9446683325811,2519371,0,1
2015-08-27,84.84,84.87,84.8,84.85,71.9531483736387,2985253,0,1
2015-08-28,84.87,84.88,84.7801,84.81,71.9192282094084,1683171,0,1
2015-08-31,84.81,84.84,84.77,84.78,71.8937880862356,7294483,0,1
2015-09-01,84.78,84.8,84.75,84.77,71.9190501285461,6316961,0.0398,1
2015-09-02,84.79,84.8,84.75,84.79,71.9360181715162,5691310,0,1
2015-09-03,84.83,84.83,84.78,84.79,71.9360181715162,2627789,0,1
2015-09-04,84.81,84.84,84.78,84.8,71.9445021930012,1393914,0,1
2015-09-08,84.76,84.78,84.75,84.77,71.9190501285461,3251514,0,1
2015-09-09,84.72,84.77,84.72,84.75,71.9020820855761,1720972,0,1
2015-09-10,84.77,84.78,84.75,84.78,71.9275341500312,1004143,0,1
2015-09-11,84.78,84.82,84.78,84.81,71.9529862144863,539551,0,1
2015-09-14,84.81,84.83,84.79,84.79,71.9360181715162,1649111,0,1
2015-09-15,84.78,84.78,84.67,84.67,71.8342099136959,2200070,0,1
2015-09-16,84.68,84.73,84.66,84.66,71.8257258922109,1454213,0,1
2015-09-17,84.66,84.87,84.66,84.85,71.9869223004263,1268226,0,1
2015-09-18,84.85,84.89,84.85,84.89,72.0208583863664,1424890,0,1
2015-09-21,84.84,84.85,84.82,84.84,71.9784382789413,1668218,0,1
2015-09-22,84.88,84.9,84.86,84.89,72.0208583863664,834262,0,1
2015-09-23,84.87,84.8999,84.84,84.86,71.9954063219114,1659765,0,1
2015-09-24,84.89,84.95,84.89,84.91,72.0378264293365,1480651,0,1
2015-09-25,84.9,84.9204,84.85,84.87,72.0038903433964,1115869,0,1
2015-09-28,84.9,84.94,84.88,84.93,72.0547944723065,2572042,0,1
2015-09-29,84.95,84.99,84.9301,84.97,72.0887305582466,1896624,0,1
2015-09-30,84.95,85,84.95,84.99,72.1056986012167,9534803,0,1
2015-10-01,84.95,84.98,84.92,84.95,72.1055662504815,5262908,0.0398,1
2015-10-02,85.1,85.12,85.05,85.07,72.2074222593109,1668675,0,1
2015-10-05,85.05,85.05,84.98,85.01,72.1564942548962,5500696,0,1
2015-10-06,84.97,85.02,84.97,85,72.1480062541604,1519149,0,1
2015-10-07,84.98,84.99,84.95,84.98,72.1310302526889,3660694,0,1
2015-10-08,84.94,85,84.94,84.96,72.1140542512173,1793099,0,1
2015-10-09,84.93,84.96,84.92,84.96,72.1140542512173,1107728,0,1
2015-10-12,84.9,84.98,84.9,84.94,72.0970782497457,1486902,0,1
2015-10-13,84.96,84.98,84.95,84.97,72.1225422519531,1071317,0,1
2015-10-14,85.08,85.1,85.03,85.09,72.2243982607825,3419065,0,1
2015-10-15,85.02,85.05,85.01,85.04,72.1819582571036,1585979,0,1
2015-10-16,85.01,85.03,85,85,72.1480062541604,942499,0,1
2015-10-19,85.01,85.03,84.99,85.03,72.1734702563678,1434925,0,1
2015-10-20,84.97,84.9827,84.96,84.98,72.1310302526889,1029440,0,1
2015-10-21,84.98,85.03,84.97,85.01,72.1564942548962,11122243,0,1
2015-10-22,85.01,85.06,85.01,85.04,72.1819582571036,2382444,0,1
2015-10-23,84.98,85.01,84.95,84.97,72.1225422519531,5657179,0,1
2015-10-26,84.97,84.99,84.96,84.97,72.1225422519531,5901660,0,1
2015-10-27,85,85.03,85,85,72.1480062541604,1024644,0,1
2015-10-28,84.98,85,84.85,84.89,72.0546382460668,1658927,0,1
2015-10-29,84.84,84.86,84.83,84.83,72.0037102416521,1526461,0,1
2015-10-30,84.83,84.85,84.82,84.83,72.0037102416521,3242426,0,1
2015-11-02,84.71,84.78,84.71,84.74,71.9622446604577,14599420,0.0411,1
2015-11-03,84.72,84.74,84.71,84.73,71.9537525381234,3643476,0,1
2015-11-04,84.7,84.73,84.64,84.64,71.8773234371151,2120474,0,1
2015-11-05,84.64,84.6601,84.61,84.64,71.8773234371151,2775006,0,1
2015-11-06,84.56,84.58,84.54,84.56,71.8093864584411,1832740,0,1
2015-11-09,84.54,84.56,84.53,84.54,71.7924022137726,1619901,0,1
2015-11-10,84.58,84.61,84.55,84.58,71.8263707031096,2139277,0,1
2015-11-11,84.62,84.636,84.56,84.56,71.8093864584411,6885477,0,1
2015-11-12,84.58,84.62,84.58,84.59,71.8348628254439,5866540,0,1
2015-11-13,84.6,84.66,84.6,84.66,71.8943076817836,771463,0,1
2015-11-16,84.66,84.68,84.64,84.66,71.8943076817836,1835179,0,1
2015-11-17,84.59,84.66,84.58,84.63,71.8688313147809,4707698,0,1
2015-11-18,84.62,84.635,84.58,84.6,71.8433549477781,1803448,0,1
2015-11-19,84.62,84.63,84.58,84.58,71.8263707031096,1707274,0,1
2015-11-20,84.59,84.62,84.57,84.58,71.8263707031096,798758,0,1
2015-11-23,84.54,84.58,84.54,84.57,71.8178785807754,936647,0,1
2015-11-24,84.58,84.59,84.56,84.57,71.8178785807754,1024349,0,1
2015-11-25,84.58,84.59,84.55,84.58,71.8263707031096,3067840,0,1
2015-11-27,84.58,84.61,84.58,84.6,71.8433549477781,429639,0,1
2015-11-30,84.58,84.59,84.56,84.57,71.8178785807754,1469270,0,1
2015-12-01,84.51,84.6,84.51,84.58,71.8612945562092,4410551,0.0411,1
2015-12-02,84.54,84.54,84.5,84.51,71.8018207962313,1008686,0,1
2015-12-03,84.51,84.51,84.43,84.51,71.8018207962313,4856367,0,1
2015-12-04,84.54,84.57,84.51,84.53,71.8188132990821,4440417,0,1
2015-12-07,84.52,84.54,84.51,84.52,71.8103170476567,2025614,0,1
2015-12-08,84.53,84.54,84.49,84.51,71.8018207962313,1043025,0,1
2015-12-09,84.5,84.55,84.47,84.54,71.8273095505076,3642840,0,1
2015-12-10,84.52,84.53,84.48,84.49,71.7848282933804,963001,0,1
2015-12-11,84.54,84.62,84.5301,84.59,71.8697908076347,1073843,0,1
2015-12-14,84.52,84.55,84.48,84.49,71.7848282933804,1757361,0,1
2015-12-15,84.45,84.48,84.44,84.48,71.776332041955,1052082,0,1
2015-12-16,84.44,84.46,84.31,84.41,71.7168582819771,1241589,0,1
2015-12-17,84.4,84.45,84.4,84.41,71.7168582819771,1777399,0,1
2015-12-18,84.48,84.52,84.46,84.52,71.8103170476567,1494770,0,1
2015-12-21,84.52,84.52,84.49,84.51,71.8018207962313,3037163,0,1
2015-12-22,84.49,84.51,84.46,84.49,71.7848282933804,1234684,0,1
2015-12-23,84.49,84.4984,84.44,84.46,71.7593395391042,2785751,0,1
2015-12-24,84.44,84.45,84.41,84.45,71.7874995148286,564606,0.0431,1
2015-12-28,84.4,84.42,84.39,84.4,71.7449965547843,1096734,0,1
2015-12-29,84.36,84.4,84.35,84.38,71.7279953707666,1085122,0,1
2015-12-30,84.36,84.4,84.34,84.4,71.7449965547843,4797020,0,1
2015-12-31,84.43,84.44,84.36,84.36,71.7109941867489,2466240,0,1
2016-01-04,84.48,84.49,84.44,84.47,71.8045006988463,7548038,0,1
2016-01-05,84.44,84.46,84.41,84.42,71.761997738802,2472171,0,1
2016-01-06,84.48,84.5,84.45,84.47,71.8045006988463,2409940,0,1
2016-01-07,84.53,84.54,84.47,84.5,71.8300024748729,2702886,0,1
2016-01-08,84.53,84.58,84.501,84.56,71.8810060269261,7139940,0,1
2016-01-11,84.54,84.61,84.5201,84.59,71.9065078029527,3557980,0,1
2016-01-12,84.54,84.63,84.53,84.6,71.9150083949615,1275602,0,1
2016-01-13,84.59,84.65,84.57,84.65,71.9575113550058,1820803,0,1
2016-01-14,84.65,84.67,84.62,84.67,71.9745125390235,1297392,0,1
2016-01-15,84.73,84.78,84.71,84.74,72.0340166830856,2136020,0,1
2016-01-19,84.72,84.75,84.7,84.73,72.0255160910767,5109939,0,1
2016-01-20,84.78,84.84,84.77,84.79,72.0765196431299,2140418,0,1
2016-01-21,84.81,84.82,84.76,84.78,72.068019051121,2326501,0,1
2016-01-22,84.71,84.75,84.7,84.75,72.0425172750944,3184929,0,1
2016-01-25,84.73,84.77,84.73,84.75,72.0425172750944,1800114,0,1
2016-01-26,84.75,84.8,84.7401,84.79,72.0765196431299,1176785,0,1
2016-01-27,84.74,84.81,84.72,84.81,72.0935208271476,1742349,0,1
2016-01-28,84.8,84.84,84.78,84.81,72.0935208271476,1271816,0,1
2016-01-29,84.9,84.91,84.86,84.91,72.1785267472362,1521478,0,1
2016-02-01,84.84,84.84,84.8,84.82,72.1403990418988,5665256,0.0451,1
2016-02-02,84.86,84.93,84.86,84.93,72.2339553245516,2528175,0,1
2016-02-03,84.91,85.02,84.91,84.95,72.2509655577612,1962412,0,1
2016-02-04,84.95,84.98,84.95,84.97,72.2679757909708,1305665,0,1
2016-02-05,84.91,84.97,84.9,84.95,72.2509655577612,1294813,0,1
2016-02-08,85.01,85.07,84.99,85.05,72.3360167238092,1467679,0,1
2016-02-09,85.08,85.08,85,85.02,72.3105013739948,1919165,0,1
2016-02-10,84.95,85.03,84.95,85.02,72.3105013739948,1061244,0,1
2016-02-11,85.15,85.1775,85.08,85.1,72.3785423068332,1814444,0,1
2016-02-12,85.06,85.08,84.99,85,72.2934911407852,1194041,0,1
2016-02-16,84.99,85,84.95,84.95,72.2509655577612,2545923,0,1
2016-02-17,84.92,84.97,84.91,84.97,72.2679757909708,1999422,0,1
2016-02-18,84.94,85.04,84.94,85.04,72.3275116072044,859071,0,1
2016-02-19,84.98,85.01,84.96,84.96,72.259470674366,975386,0,1
2016-02-22,84.93,84.97,84.93,84.97,72.2679757909708,1101610,0,1
2016-02-23,84.96,85,84.9401,84.98,72.2764809075756,1227708,0,1
2016-02-24,85.02,85.08,84.98,85,72.2934911407852,1066811,0,1
2016-02-25,85.01,85.0448,85,85.02,72.3105013739948,1526522,0,1
2016-02-26,84.96,84.9733,84.89,84.91,72.216945091342,1891104,0,1
2016-02-29,84.88,84.96,84.88,84.96,72.259470674366,2634729,0,1
2016-03-01,84.92,84.92,84.79,84.8,72.1631748936549,4584825,0.0468,1
2016-03-02,84.77,84.8,84.75,84.79,72.1546650852948,2651963,0,1
2016-03-03,84.78,84.82,84.77,84.82,72.180194510375,5601059,0,1
2016-03-04,84.77,84.8071,84.74,84.76,72.1291356602145,1532646,0,1
2016-03-07,84.72,84.74,84.7,84.7,72.0780768100538,1990789,0,1
2016-03-08,84.76,84.8,84.75,84.76,72.1291356602145,2878906,0,1
2016-03-09,84.75,84.76,84.73,84.73,72.1036062351342,1284440,0,1
2016-03-10,84.7,84.73,84.68,84.72,72.095096426774,2227451,0,1
2016-03-11,84.68,84.68,84.63,84.64,72.0270179598932,4112345,0,1
2016-03-14,84.67,84.67,84.64,84.64,72.0270179598932,1875458,0,1
2016-03-15,84.68,84.7,84.63,84.67,72.0525473849736,1508621,0,1
2016-03-16,84.59,84.84,84.55,84.84,72.1972141270953,5972147,0,1
2016-03-17,84.8,84.83,84.77,84.83,72.1887043187352,1677147,0,1
2016-03-18,84.85,84.88,84.8345,84.85,72.2057239354554,3010214,0,1
2016-03-21,84.83,84.84,84.8,84.84,72.1972141270953,1892085,0,1
2016-03-22,84.85,84.86,84.77,84.79,72.1546650852948,1899818,0,1
2016-03-23,84.79,84.86,84.78,84.84,72.1972141270953,1357600,0,1
2016-03-24,84.85,84.85,84.79,84.8,72.1631748936549,859826,0,1
2016-03-28,84.82,84.86,84.82,84.82,72.180194510375,2820551,0,1
2016-03-29,84.85,84.98,84.85,84.98,72.3163514441367,1219702,0,1
2016-03-30,84.97,85,84.93,84.99,72.3248612524968,1307572,0,1
2016-03-31,85.02,85.06,84.99,85.03,72.3589004859372,1554955,0,1
2016-04-01,84.93,84.97,84.91,84.93,72.3168713934275,5307162,0.0506,1
2016-04-04,84.95,84.99,84.93,84.99,72.3679606702861,2863505,0,1
2016-04-05,85,85.02,84.98,85.02,72.3935053087155,4654995,0,1
2016-04-06,85.01,85.01,84.95,84.99,72.3679606702861,1029152,0,1
2016-04-07,85.01,85.06,85,85.04,72.4105350676683,1475196,0,1
2016-04-08,85.01,85.05,85.01,85.04,72.4105350676683,594345,0,1
2016-04-11,85.02,85.06,85.01,85.03,72.4020201881919,851141,0,1
2016-04-12,85.01,85.02,85,85.01,72.384990429239,524896,0,1
2016-04-13,84.99,84.99,84.96,84.97,72.3509309113333,1365773,0,1
2016-04-14,84.98,84.99,84.95,84.97,72.3509309113333,1103523,0,1
2016-04-15,84.98,85.03,84.98,85.03,72.4020201881919,825586,0,1
2016-04-18,85.01,85.03,85,85.02,72.3935053087155,870850,0,1
2016-04-19,85.02,85.02,84.97,84.99,72.3679606702861,1508403,0,1
2016-04-20,85.01,85.01,84.92,84.93,72.3168713934275,1080742,0,1
2016-04-21,84.9,84.95,84.9,84.91,72.2998416344746,1599860,0,1
2016-04-22,84.91,84.92,84.9,84.91,72.2998416344746,2593686,0,1
2016-04-25,84.9,84.93,84.89,84.89,72.2828118755217,1512917,0,1
2016-04-26,84.89,84.9,84.86,84.87,72.2657821165688,969327,0,1
2016-04-27,84.9,84.93,84.8183,84.93,72.3168713934275,748280,0,1
2016-04-28,84.94,85.01,84.93,84.98,72.3594457908097,694644,0,1
2016-04-29,84.97,85.03,84.96,85.01,72.384990429239,1609580,0,1
2016-05-02,84.94,84.96,84.92,84.93,72.358627510892,1017917,0.049,1
2016-05-03,85.03,85.03,84.98,85.02,72.4353056749798,3788146,0,1
2016-05-04,85.03,85.03,84.97,85.01,72.4267858789701,1621118,0,1
2016-05-05,85.03,85.07,84.98,85.04,72.4523452669994,556855,0,1
2016-05-06,85.09,85.0999,85.02,85.02,72.4353056749798,1117605,0,1
2016-05-09,85.08,85.09,85.05,85.06,72.4693848590189,609981,0,1
2016-05-10,85.07,85.08,85.04,85.08,72.4864244510384,2854805,0,1
2016-05-11,85.06,85.076,85.04,85.05,72.4608650630091,1607399,0,1
2016-05-12,85.03,85.04,84.995,85,72.4182660829603,562683,0,1
2016-05-13,84.99,85.03,84.98,85.01,72.4267858789701,1114977,0,1
2016-05-16,85,85,84.95,84.97,72.392706694931,600841,0,1
2016-05-17,84.95,84.97,84.91,84.94,72.3671473069018,819539,0,1
2016-05-18,84.86,84.9,84.78,84.79,72.2393503667554,3690544,0,1
2016-05-19,84.81,84.85,84.81,84.81,72.2563899587749,1619647,0,1
2016-05-20,84.81,84.85,84.8,84.84,72.2819493468042,1942554,0,1
2016-05-23,84.79,84.83,84.79,84.83,72.2734295507944,654704,0,1
2016-05-24,84.8,84.81,84.76,84.77,72.2223107747358,778197,0,1
2016-05-25,84.8,84.82,84.77,84.82,72.2649097547846,5242421,0,1
2016-05-26,84.85,84.89,84.83,84.87,72.3075087348334,1253170,0,1
2016-05-27,84.87,84.895,84.79,84.82,72.2649097547846,696211,0,1
2016-05-31,84.78,84.89,84.78,84.86,72.2989889388237,1368298,0,1
2016-06-01,84.81,84.84,84.75,84.75,72.2483413074845,1484701,0.0506,1
2016-06-02,84.78,84.82,84.78,84.82,72.3080154536971,4565797,0,1
2016-06-03,84.97,84.99,84.95,84.96,72.4273637461225,1875204,0,1
2016-06-06,84.95,84.98,84.91,84.94,72.4103139900617,672104,0,1
2016-06-07,84.96,84.99,84.95,84.96,72.4273637461225,624769,0,1
2016-06-08,84.95,84.99,84.95,84.98,72.4444135021832,906633,0,1
2016-06-09,85.02,85.02,84.98,85,72.461463258244,794398,0,1
2016-06-10,85.01,85.07,85.01,85.05,72.5040876483959,425143,0,1
2016-06-13,85.08,85.11,85.07,85.07,72.5211374044567,610523,0,1
2016-06-14,85.13,85.13,85.07,85.08,72.529662282487,990216,0,1
2016-06-15,85.07,85.32,85.07,85.18,72.6149110627909,785718,0,1
2016-06-16,85.18,85.205,85.12,85.13,72.5722866726389,1129548,0,1
2016-06-17,85.14,85.159,85.11,85.14,72.5808115506693,1574742,0,1
2016-06-20,85.08,85.1,85.05,85.09,72.5381871605174,1698761,0,1
2016-06-21,85.07,85.096,85.03,85.03,72.4870378923351,919060,0,1
2016-06-22,85.07,85.08,85.04,85.06,72.5126125264263,1740298,0,1
2016-06-23,85.03,85.05,85,85.03,72.4870378923351,2302831,0,1
2016-06-24,85.28,85.3,85.2,85.2,72.6319608188516,2321781,0,1
2016-06-27,85.3,85.35,85.28,85.28,72.7001598430947,1166107,0,1
2016-06-28,85.27,85.31,85.255,85.31,72.7257344771858,1590925,0,1
2016-06-29,85.25,85.29,85.25,85.28,72.7001598430947,838781,0,1
2016-06-30,85.29,85.34,85.26,85.32,72.7342593552162,2284033,0,1
2016-07-01,85.33,85.33,85.25,85.3,72.7601536722335,3690165,0.0504,1
2016-07-05,85.31,85.35,85.29,85.34,72.7942733222556,1974570,0,1
2016-07-06,85.31,85.34,85.28,85.3,72.7601536722335,5742329,0,1
2016-07-07,85.27,85.3,85.24,85.26,72.7260340222113,1094569,0,1
2016-07-08,85.24,85.27,85.2,85.26,72.7260340222113,1157827,0,1
2016-07-11,85.21,85.23,85.17,85.17,72.6492648096615,1619241,0,1
2016-07-12,85.17,85.17,85.11,85.14,72.6236750721449,5990131,0,1
2016-07-13,85.17,85.18,85.14,85.16,72.640734897156,836602,0,1
2016-07-14,85.1,85.15,85.09,85.11,72.5980853346283,638479,0,1
2016-07-15,85.1,85.1,85.06,85.07,72.5639656846061,1532134,0,1
2016-07-18,85.11,85.13,85.09,85.12,72.6066152471338,867827,0,1
2016-07-19,85.11,85.13,85.095,85.13,72.6151451596393,739411,0,1
2016-07-20,85.09,85.1099,85.07,85.09,72.5810255096172,627523,0,1
2016-07-21,85.08,85.15,85.0746,85.15,72.6322049846504,465500,0,1
2016-07-22,85.11,85.14,85.1,85.12,72.6066152471338,382699,0,1
2016-07-25,85.1,85.11,85.06,85.06,72.5554357721006,803522,0,1
2016-07-26,85.09,85.09,85.04,85.07,72.5639656846061,1348510,0,1
2016-07-27,85.07,85.13,85.05,85.13,72.6151451596393,657420,0,1
2016-07-28,85.12,85.15,85.1,85.12,72.6066152471338,913677,0,1
2016-07-29,85.18,85.23,85.17,85.23,72.7004442846947,1041452,0,1
2016-08-01,85.11,85.15,85.11,85.15,72.6757817486674,3053445,0.0511,1
2016-08-02,85.11,85.16,85.085,85.12,72.6501766582099,967655,0,1
2016-08-03,85.15,85.16,85.1,85.13,72.6587116883624,3365320,0,1
2016-08-04,85.17,85.2,85.16,85.19,72.7099218692775,610471,0,1
2016-08-05,85.12,85.12,85.05,85.07,72.6075015074473,1170953,0,1
2016-08-08,85.04,85.07,85.02,85.04,72.5818964169898,2576793,0,1
2016-08-09,85.06,85.09,85.03,85.09,72.6245715677524,2337277,0,1
2016-08-10,85.11,85.13,85.09,85.13,72.6587116883624,971947,0,1
2016-08-11,85.13,85.13,85.02,85.05,72.5904314471423,929609,0,1
2016-08-12,85.14,85.1475,85.09,85.11,72.6416416280574,584101,0,1
2016-08-15,85.08,85.1,85.06,85.09,72.6245715677524,873237,0,1
2016-08-16,85.05,85.07,85.025,85.06,72.5989664772948,774435,0,1
2016-08-17,85.03,85.1,85.005,85.06,72.5989664772948,1221271,0,1
2016-08-18,85.07,85.12,85.04,85.12,72.6501766582099,696526,0,1
2016-08-19,85.06,85.08,85.03,85.04,72.5818964169898,589993,0,1
2016-08-22,85.07,85.08,85.045,85.05,72.5904314471423,480048,0,1
2016-08-23,85.05,85.0799,85.04,85.06,72.5989664772948,455207,0,1
2016-08-24,85.08,85.08,85.04,85.04,72.5818964169898,466434,0,1
2016-08-25,85.04,85.04,85,85.01,72.5562913265322,547345,0,1
2016-08-26,85.02,85.065,84.93,84.93,72.4880110853121,709811,0,1
2016-08-29,84.93,85,84.93,84.98,72.5306862360747,473561,0,1
2016-08-30,84.99,85.01,84.97,84.99,72.5392212662272,480386,0,1
2016-08-31,85,85.03,84.98,84.98,72.5306862360747,937440,0,1
2016-09-01,84.91,84.98,84.89,84.97,72.5648826878838,1191641,0.0501,1
2016-09-02,84.98,84.99,84.925,84.97,72.5648826878838,726053,0,1
2016-09-06,84.96,85.08,84.95,85.03,72.6161230428475,1336163,0,1
2016-09-07,85.06,85.08,85.03,85.03,72.6161230428475,1049314,0,1
2016-09-08,85.02,85.04,84.97,84.97,72.5648826878838,614167,0,1
2016-09-09,84.95,84.98,84.9266,84.94,72.5392625104019,2727292,0,1
2016-09-12,84.95,85.01,84.94,84.97,72.5648826878838,2123607,0,1
2016-09-13,84.99,85,84.91,84.94,72.5392625104019,1108628,0,1
2016-09-14,84.96,85.02,84.96,84.99,72.581962806205,1632611,0,1
2016-09-15,85.01,85.08,84.99,85.06,72.6417432203294,10599223,0,1
2016-09-16,85.02,85.05,85,85.02,72.6075829836869,846165,0,1
2016-09-19,85,85.02,84.99,85,72.5905028653657,657733,0,1
2016-09-20,85,85.01,84.98,84.98,72.5734227470444,984272,0,1
2016-09-21,84.96,85,84.91,85,72.5905028653657,816343,0,1
2016-09-22,84.99,85.02,84.97,84.98,72.5734227470444,759599,0,1
2016-09-23,85,85.03,84.98,85.03,72.6161230428475,7016905,0,1
2016-09-26,85.05,85.09,85.035,85.08,72.6588233386507,786344,0,1
2016-09-27,85.11,85.11,85.06,85.09,72.6673633978113,645337,0,1
2016-09-28,85.07,85.09,85.06,85.08,72.6588233386507,1017336,0,1
2016-09-29,85.05,85.11,85.03,85.11,72.6844435161326,1163982,0,1
2016-09-30,85.1,85.11,85.04,85.04,72.6246631020082,1379989,0,1
2016-10-03,84.99,84.99,84.95,84.98,72.6150077111212,1646554,0.0487,1
2016-10-04,84.95,84.95,84.9,84.91,72.5551930424959,933087,0,1
2016-10-05,84.94,84.94,84.86,84.86,72.5124682791921,1644041,0,1
2016-10-06,84.86,84.91,84.85,84.86,72.5124682791921,679468,0,1
2016-10-07,84.88,84.91,84.86,84.89,72.5381031371744,809027,0,1
2016-10-10,84.86,84.87,84.83,84.85,72.5039233265313,923990,0,1
2016-10-11,84.82,84.85,84.82,84.84,72.4953783738706,1259101,0,1
2016-10-12,84.83,84.84,84.8,84.84,72.4953783738706,1311057,0,1
2016-10-13,84.86,84.89,84.84,84.87,72.5210132318528,5123326,0,1
2016-10-14,84.87,84.9,84.85,84.85,72.5039233265313,1481062,0,1
2016-10-17,84.9,84.93,84.89,84.92,72.5637379951566,3860376,0,1
2016-10-18,84.92,84.95,84.88,84.95,72.5893728531389,2067358,0,1
2016-10-19,84.93,84.96,84.92,84.95,72.5893728531389,643278,0,1
2016-10-20,84.95,84.95,84.9,84.91,72.5551930424959,2593245,0,1
2016-10-21,84.93,84.94,84.9,84.93,72.5722829478174,1041868,0,1
2016-10-24,84.92,84.93,84.88,84.9,72.5466480898351,582600,0,1
2016-10-25,84.89,84.92,84.87,84.9,72.5466480898351,3762380,0,1
2016-10-26,84.88,84.89,84.86,84.87,72.5210132318528,516960,0,1
2016-10-27,84.87,84.89,84.84,84.89,72.5381031371744,724775,0,1
2016-10-28,84.86,84.93,84.86,84.89,72.5381031371744,1229310,0,1
2016-10-31,84.92,84.95,84.92,84.95,72.5893728531389,1346315,0,1
2016-11-01,84.87,84.94,84.86,84.9,72.5898889682796,8239581,0.0506,1
2016-11-02,84.93,84.97,84.91,84.95,72.632639197354,1516638,0,1
2016-11-03,84.92,84.96,84.92,84.96,72.6411892431689,2616603,0,1
2016-11-04,84.95,85,84.94,84.99,72.6668393806135,2108263,0,1
2016-11-07,84.93,84.96,84.92,84.96,72.6411892431689,2698350,0,1
2016-11-08,84.93,84.94,84.86,84.87,72.564238830835,1944554,0,1
2016-11-09,84.89,84.905,84.76,84.76,72.4701883268714,1784110,0,1
2016-11-10,84.79,84.84,84.73,84.73,72.4445381894268,1927091,0,1
2016-11-11,84.75,84.77,84.7,84.73,72.4445381894268,3404971,0,1
2016-11-14,84.64,84.69,84.6,84.6,72.3333875938334,18305122,0,1
2016-11-15,84.6,84.63,84.59,84.63,72.359037731278,2080832,0,1
2016-11-16,84.61,84.6385,84.58,84.62,72.3504876854632,1007921,0,1
2016-11-17,84.62,84.63,84.59,84.61,72.3419376396483,1145594,0,1
2016-11-18,84.59,84.61,84.53,84.56,72.2991874105739,2044451,0,1
2016-11-21,84.55,84.5798,84.51,84.55,72.290637364759,889344,0,1
2016-11-22,84.53,84.58,84.52,84.53,72.2735372731293,2122629,0,1
2016-11-23,84.47,84.52,84.45,84.48,72.2307870440549,1433561,0,1
2016-11-25,84.47,84.51,84.46,84.47,72.22223699824,347449,0,1
2016-11-28,84.49,84.549,84.49,84.52,72.2649872273144,1131319,0,1
2016-11-29,84.5,84.57,84.5,84.53,72.2735372731293,1232618,0,1
2016-11-30,84.5,84.54,84.5,84.5,72.2478871356847,1449738,0,1
2016-12-01,84.4,84.45,84.3838,84.41,72.2133064753864,6249097,0.0496,1
2016-12-02,84.49,84.52,84.47,84.5,72.2903020633829,2448982,0,1
2016-12-05,84.47,84.52,84.44,84.5,72.2903020633829,1785732,0,1
2016-12-06,84.51,84.51,84.47,84.48,72.273191932717,1325545,0,1
2016-12-07,84.52,84.53,84.5,84.51,72.2988571287159,1282656,0,1
2016-12-08,84.48,84.52,84.48,84.5,72.2903020633829,1272501,0,1
2016-12-09,84.52,84.52,84.46,84.49,72.28174699805,1321453,0,1
2016-12-12,84.46,84.49,84.45,84.46,72.2560818020511,931312,0,1
2016-12-13,84.46,84.46,84.41,84.45,72.2475267367182,1926670,0,1
2016-12-14,84.45,84.46,84.25,84.29,72.1106456913911,1157630,0,1
2016-12-15,84.25,84.29,84.23,84.25,72.0764254300593,1355778,0,1
2016-12-16,84.27,84.33,84.26,84.29,72.1106456913911,937931,0,1
2016-12-19,84.31,84.35,84.31,84.33,72.1448659527228,1258838,0,1
2016-12-20,84.29,84.3499,84.28,84.34,72.1534210180558,1089836,0,1
2016-12-21,84.35,84.38,84.34,84.38,72.1876412793876,1657877,0,1
2016-12-22,84.31,84.34,84.3,84.34,72.2052082505422,1388054,0.0605,1
2016-12-23,84.34,84.34,84.32,84.34,72.2052082505422,1058553,0,1
2016-12-27,84.29,84.31,84.28,84.3,72.1709634280378,893653,0,1
2016-12-28,84.3,84.35,84.28,84.33,72.1966470449161,1312257,0,1
2016-12-29,84.36,84.42,84.35,84.42,72.2736978955511,1274750,0,1
2016-12-30,84.43,84.46,84.415,84.45,72.2993815124294,1214703,0,1
2017-01-03,84.37,84.41,84.35,84.38,72.2394530730466,4196266,0,1
2017-01-04,84.35,84.4,84.35,84.4,72.2565754842988,2182475,0,1
2017-01-05,84.41,84.49,84.4,84.46,72.3079427180555,1614232,0,1
2017-01-06,84.41,84.43,84.38,84.39,72.2480142786727,919028,0,1
2017-01-09,84.43,84.46,84.42,84.46,72.3079427180555,1014145,0,1
2017-01-10,84.44,84.455,84.43,84.43,72.2822591011772,1125799,0,1
2017-01-11,84.47,84.5,84.42,84.47,72.3165039236816,1166785,0,1
2017-01-12,84.5,84.505,84.46,84.5,72.3421875405599,820906,0,1
2017-01-13,84.46,84.46,84.3935,84.46,72.3079427180555,1436252,0,1
2017-01-17,84.53,84.55,84.5,84.52,72.3593099518121,1326552,0,1
2017-01-18,84.49,84.52,84.4235,84.44,72.2908203068033,996058,0,1
2017-01-19,84.39,84.44,84.385,84.41,72.2651366899249,963531,0,1
2017-01-20,84.42,84.5,84.42,84.46,72.3079427180555,1134425,0,1
2017-01-23,84.52,84.57,84.49,84.54,72.3764323630643,1546891,0,1
2017-01-24,84.53,84.5345,84.48,84.49,72.3336263349338,5300097,0,1
2017-01-25,84.48,84.48,84.44,84.47,72.3165039236816,1454517,0,1
2017-01-26,84.46,84.5,84.44,84.48,72.3250651293077,1658113,0,1
2017-01-27,84.49,84.53,84.49,84.52,72.3593099518121,1184989,0,1
2017-01-30,84.52,84.54,84.5,84.52,72.3593099518121,1381339,0,1
2017-01-31,84.51,84.57,84.51,84.54,72.3764323630643,1207874,0,1
2017-02-01,84.41,84.5,84.38,84.46,72.3515945933018,2079961,0.051,1
2017-02-02,84.48,84.51,84.47,84.49,72.377293715227,1341806,0,1
2017-02-03,84.52,84.55,84.46,84.46,72.3515945933018,1433290,0,1
2017-02-06,84.53,84.57,84.52,84.55,72.4286919590773,1663355,0,1
2017-02-07,84.56,84.58,84.53,84.53,72.4115592111272,729959,0,1
2017-02-08,84.57,84.61,84.55,84.61,72.4800902029276,1196984,0,1
2017-02-09,84.58,84.59,84.52,84.54,72.4201255851023,1149788,0,1
2017-02-10,84.51,84.5464,84.51,84.53,72.4115592111272,968378,0,1
2017-02-13,84.5,84.52,84.49,84.51,72.3944264631771,666027,0,1
2017-02-14,84.49,84.51,84.4254,84.45,72.3430282193268,781141,0,1
2017-02-15,84.4,84.44,84.39,84.42,72.3173290974016,963945,0,1
2017-02-16,84.45,84.5,84.4337,84.46,72.3515945933018,1933663,0,1
2017-02-17,84.53,84.54,84.5,84.52,72.4029928371521,986600,0,1
2017-02-21,84.51,84.53,84.49,84.53,72.4115592111272,840372,0,1
2017-02-22,84.55,84.57,84.49,84.55,72.4286919590773,695332,0,1
2017-02-23,84.57,84.6,84.57,84.59,72.4629574549775,1517104,0,1
2017-02-24,84.62,84.67,84.62,84.63,72.4972229508777,587859,0,1
2017-02-27,84.64,84.64,84.55,84.56,72.4372583330524,1030702,0,1
2017-02-28,84.57,84.6,84.52,84.52,72.4029928371521,1043644,0,1
2017-03-01,84.37,84.4,84.36,84.4,72.3460324466798,1541514,0.0535,1
2017-03-02,84.35,84.36,84.29,84.31,72.2688862035495,930254,0,1
2017-03-03,84.32,84.36,84.2954,84.33,72.286029813134,1569247,0,1
2017-03-06,84.34,84.36,84.33,84.35,72.3031734227185,684611,0,1
2017-03-07,84.33,84.34,84.3,84.32,72.2774580083417,652604,0,1
2017-03-08,84.25,84.29,84.24,84.25,72.2174553747959,862702,0,1
2017-03-09,84.26,84.27,84.23,84.24,72.2088835700036,862884,0,1
2017-03-10,84.26,84.29,84.25,84.29,72.251742593965,784466,0,1
2017-03-13,84.28,84.29,84.25,84.25,72.2174553747959,884103,0,1
2017-03-14,84.24,84.29,84.24,84.24,72.2088835700036,966015,0,1
2017-03-15,84.26,84.41,84.24,84.4,72.3460324466798,1102753,0,1
2017-03-16,84.35,84.39,84.34,84.34,72.2946016179263,925734,0,1
2017-03-17,84.38,84.41,84.36,84.38,72.3288888370953,657769,0,1
2017-03-20,84.4,84.43,84.3801,84.4259,72.3682334210918,778047,0,1
2017-03-21,84.42,84.48,84.41,84.47,72.4060350802256,739002,0,1
2017-03-22,84.51,84.53,84.49,84.49,72.4231786898102,1028644,0,1
2017-03-23,84.51,84.53,84.461,84.49,72.4231786898102,868203,0,1
2017-03-24,84.48,84.52,84.47,84.49,72.4231786898102,1119701,0,1
2017-03-27,84.54,84.57,84.51,84.52,72.4488941041869,943413,0,1
2017-03-28,84.54,84.55,84.4601,84.48,72.4146068850179,782611,0,1
2017-03-29,84.5,84.53,84.5,84.53,72.4574659089792,1043868,0,1
2017-03-30,84.5,84.53,84.49,84.51,72.4403222993947,576910,0,1
2017-03-31,84.53,84.56,84.52,84.52,72.4488941041869,949921,0,1
2017-04-03,84.48,84.54,84.48,84.54,72.5161707712795,2146615,0.0585,1
2017-04-04,84.52,84.52,84.49,84.51,72.4904375666055,927099,0,1
2017-04-05,84.5,84.54,84.465,84.51,72.4904375666055,1177008,0,1
2017-04-06,84.5,84.53,84.49,84.53,72.5075930363882,500828,0,1
2017-04-07,84.51,84.54,84.42,84.42,72.4132379525836,504020,0,1
2017-04-10,84.45,84.49,84.4416,84.46,72.4475488921489,605734,0,1
2017-04-11,84.5,84.5667,84.5,84.54,72.5161707712795,560802,0,1
2017-04-12,84.56,84.6,84.53,84.6,72.5676371806274,576243,0,1
2017-04-13,84.59,84.64,84.58,84.64,72.6019481201927,969905,0,1
2017-04-17,84.63,84.65,84.61,84.63,72.5933703853014,727657,0,1
2017-04-18,84.65,84.7,84.65,84.7,72.6534145295407,905327,0,1
2017-04-19,84.67,84.69,84.65,84.66,72.6191035899754,968328,0,1
2017-04-20,84.64,84.67,84.6326,84.65,72.6105258550841,668286,0,1
2017-04-21,84.67,84.7,84.66,84.69,72.6448367946494,589750,0,1
2017-04-24,84.59,84.62,84.57,84.6,72.5676371806274,1001587,0,1
2017-04-25,84.56,84.57,84.52,84.52,72.4990153014968,905940,0,1
2017-04-26,84.55,84.57,84.5201,84.55,72.5247485061708,594259,0,1
2017-04-27,84.56,84.62,84.555,84.58,72.5504817108448,785169,0,1
2017-04-28,84.57,84.62,84.5601,84.62,72.5847926504101,1708217,0,1
2017-05-01,84.52,84.55,84.49,84.5,72.5349285619398,2918630,0.0619,1
2017-05-02,84.5,84.55,84.5,84.53,72.5606806075831,982543,0,1
2017-05-03,84.53,84.53,84.47,84.47,72.5091765162965,923391,0,1
2017-05-04,84.45,84.48,84.44,84.46,72.5005925010821,817359,0,1
2017-05-05,84.46,84.49,84.45,84.49,72.5263445467254,615213,0,1
2017-05-08,84.47,84.47,84.43,84.45,72.4920084858677,633476,0,1
2017-05-09,84.42,84.44,84.4,84.41,72.45767242501,802124,0,1
2017-05-10,84.45,84.45,84.41,84.43,72.4748404554388,665674,0,1
2017-05-11,84.39,84.46,84.39,84.44,72.4834244706532,545688,0,1
2017-05-12,84.5,84.55,84.5,84.54,72.5692646227976,470537,0,1
2017-05-15,84.51,84.54,84.51,84.53,72.5606806075831,751437,0,1
2017-05-16,84.52,84.55,84.5,84.53,72.5606806075831,611899,0,1
2017-05-17,84.59,84.64,84.58,84.62,72.637936744513,663195,0,1
2017-05-18,84.62,84.62,84.58,84.58,72.6036006836553,829069,0,1
2017-05-19,84.61,84.61,84.56,84.6,72.6207687140842,503797,0,1
2017-05-22,84.58,84.59,84.57,84.57,72.5950166684408,478047,0,1
2017-05-23,84.58,84.6,84.5135,84.54,72.5692646227976,1060248,0,1
2017-05-24,84.55,84.59,84.52,84.59,72.6121846988697,1117201,0,1
2017-05-25,84.57,84.6,84.57,84.59,72.6121846988697,644314,0,1
2017-05-26,84.59,84.6,84.5723,84.58,72.6036006836553,482090,0,1
2017-05-30,84.6,84.61,84.59,84.61,72.6293527292986,486613,0,1
2017-05-31,84.62,84.63,84.6,84.62,72.637936744513,1043162,0,1
2017-06-01,84.5,84.54,84.5,84.54,72.6238460835385,1191842,0.0636,1
2017-06-02,84.57,84.6,84.56,84.6,72.6753889125545,1068724,0,1
2017-06-05,84.55,84.55,84.53,84.53,72.6152556120359,661480,0,1
2017-06-06,84.57,84.58,84.55,84.56,72.6410270265439,688013,0,1
2017-06-07,84.53,84.55,84.52,84.53,72.6152556120359,765925,0,1
2017-06-08,84.51,84.53,84.5,84.51,72.5980746690305,2621037,0,1
2017-06-09,84.48,84.51,84.47,84.48,72.5723032545225,1255212,0,1
2017-06-12,84.46,84.5,84.46,84.47,72.5637127830199,804688,0,1
2017-06-13,84.45,84.48,84.45,84.47,72.5637127830199,533285,0,1
2017-06-14,84.56,84.6,84.49,84.51,72.5980746690305,788754,0,1
2017-06-15,84.49,84.49,84.47,84.48,72.5723032545225,627990,0,1
2017-06-16,84.5,84.54,84.5,84.52,72.6066651405332,685621,0,1
2017-06-19,84.48,84.4901,84.45,84.47,72.5637127830199,617654,0,1
2017-06-20,84.45,84.4936,84.45,84.48,72.5723032545225,751452,0,1
2017-06-21,84.46,84.51,84.46,84.49,72.5808937260252,1073553,0,1
2017-06-22,84.52,84.54,84.5,84.5,72.5894841975279,542009,0,1
2017-06-23,84.53,84.55,84.51,84.55,72.6324365550412,679035,0,1
2017-06-26,84.52,84.55,84.52,84.55,72.6324365550412,1068503,0,1
2017-06-27,84.5,84.51,84.48,84.5,72.5894841975279,1192552,0,1
2017-06-28,84.52,84.54,84.51,84.54,72.6238460835385,4031776,0,1
2017-06-29,84.48,84.51,84.48,84.49,72.5808937260252,565531,0,1
2017-06-30,84.52,84.52,84.47,84.49,72.5808937260252,825033,0,1
2017-07-03,84.42,84.42,84.35,84.36,72.526725648918,968096,0.0669,1
2017-07-05,84.36,84.41,84.35,84.39,72.5525175143693,3032872,0,1
2017-07-06,84.385,84.41,84.37,84.41,72.5697120913367,652864,0,1
2017-07-07,84.41,84.429,84.381,84.4,72.561114802853,783116,0,1
2017-07-10,84.43,84.44,84.4193,84.44,72.595503956788,402526,0,1
2017-07-11,84.42,84.47,84.42,84.47,72.6212958222392,1615460,0,1
2017-07-12,84.51,84.5265,84.48,84.51,72.6556849761743,1070042,0,1
2017-07-13,84.48,84.5,84.46,84.47,72.6212958222392,532206,0,1
2017-07-14,84.54,84.55,84.5,84.51,72.6556849761743,1362322,0,1
2017-07-17,84.5,84.5284,84.49,84.52,72.664282264658,496735,0,1
2017-07-18,84.52,84.54,84.52,84.54,72.6814768416255,625546,0,1
2017-07-19,84.53,84.54,84.52,84.54,72.6814768416255,919021,0,1
2017-07-20,84.55,84.56,84.53,84.54,72.6814768416255,1083237,0,1
2017-07-21,84.55,84.58,84.55,84.58,72.7158659955605,589568,0,1
2017-07-24,84.54,84.56,84.54,84.55,72.6900741301093,441034,0,1
2017-07-25,84.51,84.52,84.481,84.5,72.6470876876905,571596,0,1
2017-07-26,84.5,84.57,84.5,84.56,72.698671418593,493364,0,1
2017-07-27,84.54,84.56,84.53,84.54,72.6814768416255,475376,0,1
2017-07-28,84.56,84.59,84.55,84.59,72.7244632840443,709059,0,1
2017-07-31,84.56,84.59,84.56,84.58,72.7158659955605,876411,0,1
2017-08-01,84.49,84.54,84.49,84.54,72.7424118432118,1314537,0.0709,1
2017-08-02,84.49,84.53,84.49,84.5,72.7079938579536,994224,0,1
2017-08-03,84.53,84.55,84.51,84.53,72.7338073468972,1149162,0,1
2017-08-04,84.52,84.5275,84.5,84.5,72.7079938579536,617151,0,1
2017-08-07,84.51,84.53,84.5,84.53,72.7338073468972,712269,0,1
2017-08-08,84.53,84.53,84.49,84.53,72.7338073468972,747233,0,1
2017-08-09,84.57,84.6,84.52,84.52,72.7252028505827,734280,0,1
2017-08-10,84.55,84.58,84.55,84.55,72.7510163395263,959713,0,1
2017-08-11,84.58,84.66,84.58,84.66,72.8456657989864,737062,0,1
2017-08-14,84.63,84.64,84.58,84.59,72.7854343247845,405539,0,1
2017-08-15,84.56,84.57,84.54,84.55,72.7510163395263,432274,0,1
2017-08-16,84.53,84.61,84.53,84.6,72.7940388210991,655493,0,1
2017-08-17,84.6,84.64,84.5765,84.62,72.8112478137282,581413,0,1
2017-08-18,84.66,84.67,84.61,84.61,72.8026433174136,673998,0,1
2017-08-21,84.62,84.66,84.62,84.63,72.8198523100427,928711,0,1
2017-08-22,84.63,84.63,84.59,84.62,72.8112478137282,1012124,0,1
2017-08-23,84.62,84.7,84.62,84.7,72.8800837842446,438313,0,1
2017-08-24,84.64,84.64,84.6,84.62,72.8112478137282,494806,0,1
2017-08-25,84.62,84.65,84.59,84.65,72.8370613026718,513667,0,1
2017-08-28,84.64,84.65,84.615,84.62,72.8112478137282,866272,0,1
2017-08-29,84.7,84.7,84.65,84.66,72.8456657989864,1181851,0,1
2017-08-30,84.66,84.68,84.64,84.68,72.8628747916155,665667,0,1
2017-08-31,84.67,84.68,84.65,84.68,72.8628747916155,582496,0,1
2017-09-01,84.6,84.62,84.55,84.59,72.8474245580331,943567,0.072,1
2017-09-05,84.63,84.68,84.62,84.67,72.9163191550853,853808,0,1
2017-09-06,84.66,84.68,84.63,84.66,72.9077073304537,1118713,0,1
2017-09-07,84.69,84.72,84.67,84.71,72.9507664536113,482988,0,1
2017-09-08,84.7,84.72,84.68,84.69,72.9335428043483,486795,0,1
2017-09-11,84.66,84.67,84.61,84.61,72.8646482072961,1052482,0,1
2017-09-12,84.6,84.62,84.57,84.57,72.83020090877,1752616,0,1
2017-09-13,84.59,84.59,84.55,84.55,72.812977259507,568334,0,1
2017-09-14,84.53,84.57,84.52,84.56,72.8215890841385,849210,0,1
2017-09-15,84.56,84.56,84.52,84.55,72.812977259507,581637,0,1
2017-09-18,84.5,84.53,84.5,84.5,72.7699181363494,621676,0,1
2017-09-19,84.52,84.53,84.5,84.51,72.7785299609809,433255,0,1
2017-09-20,84.54,84.55,84.44,84.44,72.7182471885603,830928,0,1
2017-09-21,84.45,84.48,84.42,84.42,72.7010235392972,949785,0,1
2017-09-22,84.47,84.5,84.44,84.44,72.7182471885603,529845,0,1
2017-09-25,84.47,84.52,84.46,84.49,72.7613063117179,587744,0,1
2017-09-26,84.49,84.5,84.47,84.47,72.7440826624548,922432,0,1
2017-09-27,84.44,84.46,84.44,84.46,72.7354708378233,462413,0,1
2017-09-28,84.47,84.49,84.45,84.47,72.7440826624548,290848,0,1
2017-09-29,84.48,84.5,84.42,84.45,72.7268590131918,880728,0,1
2017-10-02,84.38,84.44,84.33,84.44,72.7807354492691,1087358,0.0726,1
2017-10-03,84.37,84.41,84.35,84.39,72.7376393245359,1170209,0,1
2017-10-04,84.38,84.55,84.35,84.55,72.8755469236819,1180590,0,1
2017-10-05,84.36,84.38,84.34,84.37,72.7204008746427,2329445,0,1
2017-10-06,84.3,84.37,84.29,84.34,72.6945431998029,699225,0,1
2017-10-09,84.39,84.42,84.33,84.34,72.6945431998029,504002,0,1
2017-10-10,84.33,84.38,84.33,84.36,72.7117816496961,700797,0,1
2017-10-11,84.34,84.36,84.32,84.35,72.7031624247495,1205176,0,1
2017-10-12,84.33,84.36,84.33,84.34,72.6945431998029,1248884,0,1
2017-10-13,84.37,84.39,84.35,84.39,72.7376393245359,667768,0,1
2017-10-16,84.34,84.36,84.3,84.31,72.668685524963,586703,0,1
2017-10-17,84.29,84.32,84.29,84.32,72.6773047499096,818847,0,1
2017-10-18,84.26,84.3,84.25,84.29,72.6514470750697,500094,0,1
2017-10-19,84.31,84.3499,84.3,84.34,72.6945431998029,524290,0,1
2017-10-20,84.3,84.32,84.27,84.29,72.6514470750697,437067,0,1
2017-10-23,84.29,84.32,84.29,84.29,72.6514470750697,582185,0,1
2017-10-24,84.3,84.3,84.2662,84.27,72.6342086251765,2554600,0,1
2017-10-25,84.25,84.3,84.25,84.25,72.6169701752833,1726879,0,1
2017-10-26,84.27,84.29,84.24,84.25,72.6169701752833,554076,0,1
2017-10-27,84.25,84.32,84.24,84.31,72.668685524963,698156,0,1
2017-10-30,84.34,84.35,84.3,84.35,72.7031624247495,432429,0,1
2017-10-31,84.35,84.35,84.28,84.3,72.6600663000164,626077,0,1
2017-11-01,84.17,84.21,84.17,84.21,72.6500981663656,840321,0.0784,1
2017-11-02,84.23,84.24,84.18,84.23,72.6673526725208,1821042,0,1
2017-11-03,84.26,84.26,84.18,84.18,72.6242164071328,1300377,0,1
2017-11-06,84.19,84.23,84.19,84.23,72.6673526725208,947406,0,1
2017-11-07,84.23,84.23,84.19,84.19,72.6328436602104,747214,0,1
2017-11-08,84.18,84.22,84.17,84.18,72.6242164071328,724812,0,1
2017-11-09,84.18,84.22,84.16,84.17,72.6155891540552,769174,0,1
2017-11-10,84.21,84.21,84.14,84.14,72.5897073948225,619259,0,1
2017-11-13,84.16,84.17,84.13,84.13,72.5810801417449,632779,0,1
2017-11-14,84.13,84.15,84.12,84.15,72.5983346479001,2678026,0,1
2017-11-15,84.18,84.18,84.11,84.12,72.5724528886673,3980979,0,1
2017-11-16,84.1,84.13,84.08,84.13,72.5810801417449,3046747,0,1
2017-11-17,84.14,84.14,84.08,84.08,72.5379438763569,1339785,0,1
2017-11-20,84.11,84.11,84.05,84.05,72.5120621171242,557558,0,1
2017-11-21,84.07,84.07,84.02,84.03,72.494807610969,584563,0,1
2017-11-22,84.08,84.12,84.06,84.1,72.5551983825121,900945,0,1
2017-11-24,84.16,84.16,84.08,84.1,72.5551983825121,626024,0,1
2017-11-27,84.09,84.12,84.07,84.1,72.5551983825121,1078997,0,1
2017-11-28,84.13,84.13,84.08,84.11,72.5638256355897,564228,0,1
2017-11-29,84.08,84.09,84.05,84.09,72.5465711294345,670572,0,1
2017-11-30,84.11,84.11,84.02,84.04,72.5034348640466,1010738,0,1
2017-12-01,83.98,84.04,83.92,83.98,72.5194185758235,1133004,0.0785,1
2017-12-04,83.97,83.97,83.91,83.93,72.4762419750996,2441158,0,1
2017-12-05,83.96,83.96,83.89,83.92,72.4676066549548,1422181,0,1
2017-12-06,84.03,84.03,83.94,83.96,72.5021479355339,1175617,0,1
2017-12-07,83.98,83.98,83.94,83.97,72.5107832556787,1168237,0,1
2017-12-08,83.99,84,83.96,83.97,72.5107832556787,922962,0,1
2017-12-11,83.98,83.98,83.92,83.93,72.4762419750996,2432036,0,1
2017-12-12,83.93,83.94,83.9,83.93,72.4762419750996,992470,0,1
2017-12-13,84,84.07,83.93,84.02,72.5539598564025,1112435,0,1
2017-12-14,84,84,83.95,83.99,72.5280538959682,1471872,0,1
2017-12-15,83.96,83.96,83.91,83.95,72.4935126153891,983754,0,1
2017-12-18,83.96,83.97,83.93,83.95,72.4935126153891,664914,0,1
2017-12-19,83.94,83.94,83.9,83.91,72.45897133481,759984,0,1
2017-12-20,83.91,83.94,83.9,83.92,72.4676066549548,840081,0,1
2017-12-21,83.84,83.84,83.8,83.82,72.4624997266212,964470,0.0941,1
2017-12-22,83.8,83.82,83.79,83.79,72.4365646873489,1050903,0,1
2017-12-26,83.77,83.81,83.77,83.78,72.4279196742582,1185511,0,1
2017-12-27,83.8,83.82,83.79,83.82,72.4624997266212,1122278,0,1
2017-12-28,83.81,83.84,83.8,83.83,72.4711447397119,1108246,0,1
2017-12-29,83.86,83.87,83.84,83.85,72.4884347658934,1210743,0,1
2018-01-02,83.85,83.85,83.79,83.82,72.4624997266212,1786046,0,1
2018-01-03,83.81,83.84,83.79,83.82,72.4624997266212,1040937,0,1
2018-01-04,83.77,83.8,83.75,83.78,72.4279196742582,955446,0,1
2018-01-05,83.77,83.79,83.76,83.78,72.4279196742582,850599,0,1
2018-01-08,83.8,83.8,83.76,83.78,72.4279196742582,597787,0,1
2018-01-09,83.8,83.8,83.75,83.75,72.401984634986,1551131,0,1
2018-01-10,83.78,83.78,83.74,83.78,72.4279196742582,789546,0,1
2018-01-11,83.77,83.79,83.75,83.75,72.401984634986,1047876,0,1
2018-01-12,83.8,83.8,83.72,83.74,72.3933396218952,904967,0,1
2018-01-16,83.66,83.75,83.66,83.73,72.3846946088045,2707733,0,1
2018-01-17,83.72,83.72,83.68,83.7,72.3587595695323,2950768,0,1
2018-01-18,83.68,83.7,83.66,83.68,72.3414695433508,1090678,0,1
2018-01-19,83.7,83.71,83.66,83.71,72.367404582623,1052061,0,1
2018-01-22,83.68,83.68,83.65,83.67,72.33282453026,973549,0,1
2018-01-23,83.68,83.72,83.68,83.72,72.3760495957137,885609,0,1
2018-01-24,83.71,83.71,83.67,83.7,72.3587595695323,865652,0,1
2018-01-25,83.69,83.7,83.64,83.68,72.3414695433508,757205,0,1
2018-01-26,83.71,83.71,83.62,83.63,72.298244477897,990699,0,1
2018-01-29,83.61,83.62,83.58,83.6,72.2723094386248,1440058,0,1
2018-01-30,83.65,83.65,83.59,83.61,72.2809544517155,1708637,0,1
2018-01-31,83.64,83.64,83.56,83.61,72.2809544517155,2078654,0,1
2018-02-01,83.52,83.53,83.47,83.49,72.2517273914584,2243803,0.0862,1
2018-02-02,83.48,83.52,83.44,83.5,72.2603813293421,1825540,0,1
2018-02-05,83.45,83.68,83.45,83.65,72.3901903975984,2019772,0,1
2018-02-06,83.51,83.65,83.51,83.59,72.3382667702959,2386681,0,1
2018-02-07,83.52,83.58,83.49,83.53,72.2863431429934,2053983,0,1
2018-02-08,83.53,83.57,83.48,83.54,72.2949970808771,1178608,0,1
2018-02-09,83.54,83.7,83.52,83.61,72.3555746460634,3159919,0,1
2018-02-12,83.59,83.59,83.54,83.57,72.3209588945284,1592814,0,1
2018-02-13,83.55,83.57,83.53,83.57,72.3209588945284,1292877,0,1
2018-02-14,83.5,83.5,83.43,83.45,72.2171116399233,953396,0,1
2018-02-15,83.44,83.46,83.4,83.42,72.1911498262721,1452820,0,1
2018-02-16,83.37,83.47,83.37,83.44,72.2084577020396,728338,0,1
2018-02-20,83.41,83.44,83.41,83.43,72.1998037641558,1448475,0,1
2018-02-21,83.43,83.45,83.38,83.44,72.2084577020396,1540741,0,1
2018-02-22,83.45,83.46,83.41,83.45,72.2171116399233,839306,0,1
2018-02-23,83.47,83.5,83.45,83.47,72.2344195156909,753813,0,1
2018-02-26,83.51,83.54,83.48,83.48,72.2430734535746,1445777,0,1
2018-02-27,83.53,83.53,83.41,83.42,72.1911498262721,852344,0,1
2018-02-28,83.45,83.47,83.43,83.44,72.2084577020396,3721301,0,1
2018-03-01,83.39,83.49,83.36,83.47,72.3091454039233,2049917,0.0863,1
2018-03-02,83.45,83.45,83.4,83.43,72.2744938426898,1716636,0,1
2018-03-05,83.45,83.47,83.4,83.43,72.2744938426898,1112239,0,1
2018-03-06,83.43,83.45,83.4,83.41,72.2571680620731,737314,0,1
2018-03-07,83.42,83.45,83.4,83.41,72.2571680620731,1230960,0,1
2018-03-08,83.42,83.44,83.41,83.43,72.2744938426898,608889,0,1
2018-03-09,83.39,83.43,83.38,83.39,72.2398422814563,668970,0,1
2018-03-12,83.43,83.44,83.39,83.43,72.2744938426898,1281180,0,1
2018-03-13,83.45,83.47,83.43,83.45,72.2918196233065,609891,0,1
2018-03-14,83.42,83.49,83.4,83.44,72.2831567329982,1525844,0,1
2018-03-15,83.43,83.47,83.42,83.45,72.2918196233065,1106584,0,1
2018-03-16,83.45,83.45,83.41,83.41,72.2571680620731,878523,0,1
2018-03-19,83.4,83.45,83.39,83.41,72.2571680620731,834896,0,1
2018-03-20,83.39,83.4,83.36,83.38,72.231179391148,1074682,0,1
2018-03-21,83.35,83.45,83.33,83.44,72.2831567329982,2404467,0,1
2018-03-22,83.44,83.51,83.44,83.48,72.3178082942316,1954888,0,1
2018-03-23,83.48,83.52,83.46,83.5,72.3351340748484,1202847,0,1
2018-03-26,83.48,83.5,83.45,83.46,72.3004825136149,1729368,0,1
2018-03-27,83.46,83.54,83.46,83.52,72.3524598554651,1732617,0,1
2018-03-28,83.54,83.57,83.49,83.53,72.3611227457735,1899270,0,1
2018-03-29,83.5,83.56,83.5,83.56,72.3871114166986,2998890,0,1
2018-04-02,83.45,83.53,83.42,83.49,72.4082765903,3047693,0.0944,1
2018-04-03,83.47,83.48,83.42,83.45,72.3735858361544,3418567,0,1
2018-04-04,83.47,83.47,83.4,83.4,72.3302223934725,1717588,0,1
2018-04-05,83.4,83.43,83.4,83.42,72.3475677705453,1109600,0,1
2018-04-06,83.47,83.49,83.44,83.49,72.4082765903,1097435,0,1
2018-04-09,83.44,83.48,83.43,83.48,72.3996039017636,1737990,0,1
2018-04-10,83.43,83.46,83.41,83.44,72.364913147618,1218506,0,1
2018-04-11,83.44,83.46,83.42,83.44,72.364913147618,985647,0,1
2018-04-12,83.41,83.41,83.38,83.39,72.3215497049361,791078,0,1
2018-04-13,83.37,83.39,83.36,83.37,72.3042043278633,1040927,0,1
2018-04-16,83.35,83.37,83.33,83.36,72.2955316393269,1155907,0,1
2018-04-17,83.35,83.36,83.33,83.36,72.2955316393269,892312,0,1
2018-04-18,83.3,83.31,83.28,83.29,72.2348228195722,971745,0,1
2018-04-19,83.3,83.31,83.27,83.29,72.2348228195722,1410798,0,1
2018-04-20,83.27,83.29,83.25,83.26,72.2088047539631,904797,0,1
2018-04-23,83.26,83.26,83.22,83.25,72.2001320654267,1861066,0,1
2018-04-24,83.22,83.27,83.21,83.27,72.2174774424994,1999369,0,1
2018-04-25,83.23,83.27,83.23,83.26,72.2088047539631,2176421,0,1
2018-04-26,83.29,83.29,83.25,83.28,72.2261501310358,2538650,0,1
2018-04-27,83.27,83.3,83.27,83.3,72.2434955081086,1443706,0,1
2018-04-30,83.28,83.3,83.27,83.27,72.2174774424994,1944705,0,1
2018-05-01,83.17,83.18,83.13,83.13,72.1854786908756,2027800,0.1031,1
2018-05-02,83.15,83.17,83.13,83.16,72.211529026022,1688925,0,1
2018-05-03,83.2,83.23,83.2,83.22,72.263629696315,2961476,0,1
2018-05-04,83.22,83.24,83.18,83.19,72.2375793611685,1348068,0,1
2018-05-07,83.21,83.22,83.19,83.19,72.2375793611685,7560352,0,1
2018-05-08,83.19,83.2,83.18,83.2,72.2462628062174,9734936,0,1
2018-05-09,83.17,83.18,83.16,83.16,72.211529026022,1009597,0,1
2018-05-10,83.19,83.2,83.16,83.16,72.211529026022,937867,0,1
2018-05-11,83.18,83.18,83.16,83.16,72.211529026022,710177,0,1
2018-05-14,83.17,83.17,83.15,83.16,72.211529026022,1024705,0,1
2018-05-15,83.12,83.14,83.09,83.11,72.1681118007779,1086994,0,1
2018-05-16,83.11,83.12,83.1,83.11,72.1681118007779,704695,0,1
2018-05-17,83.14,83.14,83.12,83.13,72.1854786908756,1015776,0,1
2018-05-18,83.18,83.2,83.17,83.17,72.2202124710709,922763,0,1
2018-05-21,83.16,83.17,83.15,83.17,72.2202124710709,1286494,0,1
2018-05-22,83.16,83.18,83.15,83.17,72.2202124710709,793012,0,1
2018-05-23,83.2,83.27,83.19,83.24,72.2809965864126,1179594,0,1
2018-05-24,83.3,83.33,83.29,83.29,72.3244138116568,1384770,0,1
2018-05-25,83.35,83.38,83.35,83.36,72.3851979269985,612037,0,1
2018-05-29,83.43,83.64,83.43,83.6,72.5936006081703,2137546,0,1
2018-05-30,83.54,83.54,83.47,83.5,72.5067661576821,1674664,0,1
2018-05-31,83.49,83.5,83.43,83.46,72.4720323774868,5749294,0,1
2018-06-01,83.28,83.3,83.25,83.27,72.4164583291743,3230685,0.126,1
2018-06-04,83.24,83.26,83.2,83.2,72.3555822383488,1146336,0,1
2018-06-05,83.24,83.29,83.21,83.25,72.399065160367,16965753,0,1
2018-06-06,83.22,83.24,83.21,83.22,72.3729754071561,4984660,0,1
2018-06-07,83.21,83.34,83.21,83.3,72.4425480823853,4350996,0,1
2018-06-08,83.28,83.31,83.26,83.28,72.425154913578,2375980,0,1
2018-06-11,83.23,83.26,83.21,83.25,72.399065160367,3758978,0,1
2018-06-12,83.21,83.23,83.21,83.21,72.3642788227524,3024743,0,1
2018-06-13,83.21,83.23,83.14,83.17,72.3294924851378,2351572,0,1
2018-06-14,83.19,83.21,83.18,83.2,72.3555822383488,1737412,0,1
2018-06-15,83.24,83.27,83.23,83.24,72.3903685759634,2663668,0,1
2018-06-18,83.24,83.26,83.23,83.26,72.4077617447707,1027046,0,1
2018-06-19,83.3,83.3,83.27,83.29,72.4338514979816,2348523,0,1
2018-06-20,83.28,83.29,83.24,83.25,72.399065160367,1369250,0,1
2018-06-21,83.26,83.31,83.26,83.3,72.4425480823853,825383,0,1
2018-06-22,83.3,83.31,83.28,83.31,72.4512446667889,1154315,0,1
2018-06-25,83.32,83.35,83.31,83.34,72.4773344199998,721344,0,1
2018-06-26,83.34,83.35,83.32,83.34,72.4773344199998,3127723,0,1
2018-06-27,83.38,83.4,83.35,83.39,72.5208173420181,4012229,0,1
2018-06-28,83.41,83.41,83.36,83.39,72.5208173420181,1049975,0,1
2018-06-29,83.36,83.38,83.35,83.37,72.5034241732108,4905004,0,1
2018-07-02,83.26,83.26,83.2,83.23,72.4946197511605,3517797,0.1299,1
2018-07-03,83.23,83.26,83.21,83.26,72.5207502160474,1330618,0,1
2018-07-05,83.25,83.2668,83.22,83.25,72.5120400610851,1892567,0,1
2018-07-06,83.27,83.27,83.25,83.27,72.5294603710097,3113182,0,1
2018-07-09,83.24,83.25,83.22,83.22,72.4859095961982,1378696,0,1
2018-07-10,83.23,83.23,83.2,83.21,72.4771994412359,2161787,0,1
2018-07-11,83.23,83.24,83.2,83.24,72.5033299061228,953314,0,1
2018-07-12,83.21,83.23,83.2,83.23,72.4946197511605,1298971,0,1
2018-07-13,83.25,83.26,83.23,83.25,72.5120400610851,1241435,0,1
2018-07-16,83.22,83.23,83.2,83.23,72.4946197511605,1530694,0,1
2018-07-17,83.24,83.24,83.21,83.22,72.4859095961982,2830639,0,1
2018-07-18,83.23,83.23,83.2,83.21,72.4771994412359,972797,0,1
2018-07-19,83.21,83.29,83.21,83.25,72.5120400610851,1185255,0,1
2018-07-20,83.28,83.29,83.24,83.25,72.5120400610851,1730787,0,1
2018-07-23,83.24,83.25,83.2,83.2,72.4684892862737,1083088,0,1
2018-07-24,83.21,83.21,83.18,83.21,72.4771994412359,1563389,0,1
2018-07-25,83.21,83.22,83.18,83.18,72.4510689763491,682784,0,1
2018-07-26,83.2,83.21,83.15,83.18,72.4510689763491,2208519,0,1
2018-07-27,83.19,83.21,83.18,83.19,72.4597791313114,1425339,0,1
2018-07-30,83.19,83.2,83.18,83.19,72.4597791313114,4199587,0,1
2018-07-31,83.21,83.21,83.19,83.19,72.4597791313114,2525735,0,1
2018-08-01,83.05,83.07,83.04,83.06,72.4668282597223,9125550,0.1381,1
2018-08-02,83.09,83.11,83.08,83.11,72.5104514407118,1911300,0,1
2018-08-03,83.1,83.14,83.1,83.12,72.5191760769097,1371156,0,1
2018-08-06,83.15,83.15,83.13,83.14,72.5366253493055,1148229,0,1
2018-08-07,83.13,83.13,83.09,83.11,72.5104514407118,927514,0,1
2018-08-08,83.13,83.13,83.11,83.12,72.5191760769097,1438258,0,1
2018-08-09,83.14,83.17,83.14,83.17,72.5627992578992,660690,0,1
2018-08-10,83.22,83.26,83.21,83.25,72.6325963474824,1496558,0,1
2018-08-13,83.22,83.25,83.21,83.23,72.6151470750866,1577408,0,1
2018-08-14,83.23,83.23,83.21,83.23,72.6151470750866,1285475,0,1
2018-08-15,83.25,83.29,83.23,83.27,72.6500456198781,775015,0,1
2018-08-16,83.25,83.27,83.23,83.25,72.6325963474824,987976,0,1
2018-08-17,83.27,83.29,83.26,83.28,72.658770256076,783350,0,1
2018-08-20,83.31,83.33,83.29,83.33,72.7023934370655,761675,0,1
2018-08-21,83.29,83.31,83.29,83.31,72.6849441646697,1449884,0,1
2018-08-22,83.32,83.34,83.31,83.33,72.7023934370655,609800,0,1
2018-08-23,83.33,83.34,83.31,83.32,72.6936688008676,702726,0,1
2018-08-24,83.29,83.33,83.29,83.33,72.7023934370655,2277157,0,1
2018-08-27,83.29,83.31,83.29,83.3,72.6762195284718,952799,0,1
2018-08-28,83.27,83.29,83.26,83.27,72.6500456198781,931844,0,1
2018-08-29,83.28,83.28,83.24,83.26,72.6413209836803,582219,0,1
2018-08-30,83.28,83.32,83.28,83.32,72.6936688008676,1657127,0,1
2018-08-31,83.34,83.35,83.33,83.34,72.7111180732634,4047499,0,1
2018-09-04,83.2,83.22,83.16,83.19,72.6947244818476,1358700,0.1312,1
2018-09-05,83.19,83.2,83.17,83.19,72.6947244818476,846298,0,1
2018-09-06,83.21,83.25,83.2,83.22,72.7209396727894,5085853,0,1
2018-09-07,83.17,83.17,83.13,83.13,72.6422940999638,835522,0,1
2018-09-10,83.14,83.15,83.13,83.14,72.6510324969444,623814,0,1
2018-09-11,83.09,83.11,83.07,83.09,72.6073405120413,763703,0,1
2018-09-12,83.11,83.11,83.07,83.09,72.6073405120413,687552,0,1
2018-09-13,83.1,83.11,83.08,83.1,72.6160789090219,687203,0,1
2018-09-14,83.05,83.08,83.05,83.07,72.58986371808,718481,0,1
2018-09-17,83.06,83.08,83.05,83.05,72.5723869241188,2312938,0,1
2018-09-18,83.07,83.07,83.02,83.04,72.5636485271381,860424,0,1
2018-09-19,83.02,83.03,83,83.02,72.5461717331769,659836,0,1
2018-09-20,83,83.05,83,83.05,72.5723869241188,945281,0,1
2018-09-21,83.03,83.06,83.02,83.03,72.5549101301575,1873330,0,1
2018-09-24,83.03,83.06,83.02,83.03,72.5549101301575,777060,0,1
2018-09-25,83.02,83.04,83.01,83.04,72.5636485271381,1217491,0,1
2018-09-26,83.03,83.07,83.03,83.05,72.5723869241188,1325876,0,1
2018-09-27,83.07,83.07,83.05,83.05,72.5723869241188,901893,0,1
2018-09-28,83.09,83.11,83.09,83.09,72.6073405120413,2340290,0,1
2018-10-01,82.96,82.97,82.93,82.93,72.5871792825276,3392500,0.1369,1
2018-10-02,82.95,82.99,82.95,82.96,72.613437758091,3058552,0,1
2018-10-03,82.94,82.96,82.89,82.92,72.5784264573398,1468215,0,1
2018-10-04,82.87,82.9,82.87,82.9,72.5609208069641,1245360,0,1
2018-10-05,82.88,82.89,82.86,82.89,72.5521679817763,1692130,0,1
2018-10-08,82.89,82.92,82.87,82.87,72.5346623314007,1601939,0,1
2018-10-09,82.9,82.91,82.88,82.9,72.5609208069641,2939012,0,1
2018-10-10,82.87,82.93,82.87,82.92,72.5784264573398,1956802,0,1
2018-10-11,82.96,83,82.93,82.95,72.6046849329032,2116117,0,1
2018-10-12,82.98,83.01,82.95,82.95,72.6046849329032,2273934,0,1
2018-10-15,82.99,82.99,82.96,82.98,72.6309434084666,1770920,0,1
2018-10-16,82.97,82.97,82.94,82.95,72.6046849329032,2148784,0,1
2018-10-17,82.97,82.99,82.92,82.945,72.6003085203093,1607414,0,1
2018-10-18,82.93,83.01,82.92,83,72.6484490588423,1329377,0,1
2018-10-19,82.99,82.99,82.94,82.95,72.6046849329032,4101009,0,1
2018-10-22,82.94,82.97,82.93,82.93,72.5871792825276,2027983,0,1
2018-10-23,83.03,83.05,82.98,82.98,72.6309434084666,2864711,0,1
2018-10-24,83.02,83.11,83.02,83.11,72.7447301359082,2957270,0,1
2018-10-25,83.09,83.1,83.06,83.08,72.7184716603448,2680103,0,1
2018-10-26,83.14,83.19,83.12,83.13,72.7622357862838,3797349,0,1
2018-10-29,83.11,83.17,83.1,83.16,72.7884942618472,4785446,0,1
2018-10-30,83.13,83.13,83.09,83.12,72.753482961096,5203691,0,1
2018-10-31,83.07,83.1,83.05,83.08,72.7184716603448,12635754,0,1
2018-11-01,82.96,82.99,82.94,82.98,72.7583223981423,3623641,0.1455,1
2018-11-02,82.93,82.94,82.88,82.88,72.6706406406126,3723833,0,1
2018-11-05,82.92,82.92,82.89,82.91,72.6969451678715,2360996,0,1
2018-11-06,82.88,82.9,82.87,82.89,72.6794088163656,4431487,0,1
2018-11-07,82.87,82.88,82.85,82.86,72.6531042891067,1675014,0,1
2018-11-08,82.88,82.88,82.83,82.85,72.6443361133537,1332802,0,1
2018-11-09,82.86,82.92,82.86,82.89,72.6794088163656,1229474,0,1
2018-11-12,82.92,82.98,82.92,82.95,72.7320178708834,994296,0,1
2018-11-13,82.95,82.98,82.95,82.96,72.7407860466364,2990072,0,1
2018-11-14,82.97,83.07,82.96,83.02,72.7933951011542,3329790,0,1
2018-11-15,83.09,83.11,83.04,83.06,72.8284678041661,1952428,0,1
2018-11-16,83.12,83.14,83.1,83.12,72.8810768586839,1293168,0,1
2018-11-19,83.12,83.2,83.11,83.19,72.9424540889547,1547730,0,1
2018-11-20,83.18,83.2,83.16,83.17,72.9249177374488,2307648,0,1
2018-11-21,83.18,83.18,83.15,83.17,72.9249177374488,9309915,0,1
2018-11-23,83.2,83.2,83.15,83.15,72.9073813859428,1666242,0,1
2018-11-26,83.15,83.16,83.13,83.16,72.9161495616958,1764042,0,1
2018-11-27,83.15,83.18,83.14,83.17,72.9249177374488,1555150,0,1
2018-11-28,83.16,83.22,83.14,83.2,72.9512222647077,2986099,0,1
2018-11-29,83.24,83.25,83.2,83.22,72.9687586162136,2217281,0,1
2018-11-30,83.22,83.27,83.21,83.25,72.9950631434725,4712684,0,1
2018-12-03,83.06,83.09,83.04,83.04,72.9357069777128,2828848,0.1423,1
2018-12-04,83.07,83.14,83.07,83.1,72.9884061879568,4062035,0,1
2018-12-06,83.22,83.2983,83.18,83.18,73.0586718016155,4012187,0,1
2018-12-07,83.19,83.28,83.18,83.27,73.1377206169815,2079347,0,1
2018-12-10,83.26,83.33,83.24,83.27,73.1377206169815,9725081,0,1
2018-12-11,83.23,83.26,83.18,83.19,73.0674550033228,5675489,0,1
2018-12-12,83.18,83.21,83.18,83.18,73.0586718016155,4565494,0,1
2018-12-13,83.23,83.26,83.22,83.26,73.1289374152742,7531870,0,1
2018-12-14,83.27,83.32,83.26,83.31,73.1728534238108,4449241,0,1
2018-12-17,83.32,83.39,83.3,83.39,73.2431190374695,5815253,0,1
2018-12-18,83.28,83.33,83.26,83.32,73.2859415373936,6567020,0.1188,1
2018-12-19,83.34,83.38,83.27,83.34,73.3035329779931,12279171,0,1
2018-12-20,83.35,83.36,83.31,83.33,73.2947372576934,7297257,0,1
2018-12-21,83.33,83.39,83.32,83.39,73.3475115794918,5548838,0,1
2018-12-24,83.4,83.46,83.4,83.46,73.4090816215899,4049118,0,1
2018-12-26,83.48,83.51,83.38,83.38,73.338715859192,6207737,0,1
2018-12-27,83.46,83.54,83.46,83.47,73.4178773418897,4207682,0,1
2018-12-28,83.51,83.59,83.5,83.59,73.5234259854865,6740101,0,1
2018-12-31,83.57,83.67,83.55,83.62,73.5498131463857,4892319,0,1
2019-01-02,83.63,83.64,83.6,83.63,73.5586088666854,5380228,0,1
2019-01-03,83.64,83.84,83.63,83.8,73.7081361117809,5284577,0,1
2019-01-04,83.67,83.68,83.62,83.62,73.5498131463857,5969520,0,1
2019-01-07,83.65,83.67,83.56,83.56,73.4970388245873,3632610,0,1
2019-01-08,83.53,83.56,83.5,83.51,73.4530602230886,2061642,0,1
2019-01-09,83.51,83.58,83.51,83.55,73.4882431042875,4161931,0,1
2019-01-10,83.61,83.63,83.55,83.56,73.4970388245873,4037274,0,1
2019-01-11,83.61,83.63,83.6,83.61,73.541017426086,2057091,0,1
2019-01-14,83.63,83.65,83.43,83.61,73.541017426086,1872813,0,1
2019-01-15,83.65,83.66,83.61,83.64,73.5674045869852,3311318,0,1
2019-01-16,83.6,83.63,83.58,83.62,73.5498131463857,3262194,0,1
2019-01-17,83.62,83.63,83.58,83.61,73.541017426086,2507667,0,1
2019-01-18,83.58,83.59,83.52,83.54,73.4794473839878,4135295,0,1
2019-01-22,83.58,83.61,83.57,83.61,73.541017426086,4049826,0,1
2019-01-23,83.58,83.62,83.56,83.59,73.5234259854865,7921724,0,1
2019-01-24,83.65,83.68,83.63,83.66,73.5849960275846,2012982,0,1
2019-01-25,83.63,83.64,83.59,83.6,73.5322217057862,1603503,0,1
2019-01-28,83.6,83.64,83.59,83.61,73.541017426086,5781018,0,1
2019-01-29,83.63,83.66,83.63,83.65,73.5762003072849,4065748,0,1
2019-01-30,83.65,83.76,83.63,83.76,73.672953230582,3634997,0,1
2019-01-31,83.79,83.85,83.79,83.83,73.7345232726801,7267052,0,1
2019-02-01,83.64,83.66,83.58,83.58,73.6485125625851,7391198,0.1522,1
2019-02-04,83.59,83.6,83.56,83.58,73.6485125625851,9052478,0,1
2019-02-05,83.57,83.61,83.57,83.58,73.6485125625851,3074174,0,1
2019-02-06,83.63,83.64,83.6,83.62,73.6837595176282,2689783,0,1
2019-02-07,83.67,83.7,83.65,83.68,73.7366299501929,2483148,0,1
2019-02-08,83.73,83.75,83.71,83.71,73.7630651664752,2459486,0,1
2019-02-11,83.68,83.7,83.67,83.68,73.7366299501929,3230701,0,1
2019-02-12,83.68,83.69,83.66,83.67,73.7278182114321,2366038,0,1
2019-02-13,83.62,83.65,83.61,83.61,73.6749477788674,3539179,0,1
2019-02-14,83.71,83.73,83.67,83.72,73.771876905236,5773784,0,1
2019-02-15,83.7,83.7,83.68,83.68,73.7366299501929,3556359,0,1
2019-02-19,83.72,83.74,83.7,83.74,73.7895003827576,8248452,0,1
2019-02-20,83.73,83.76,83.71,83.73,73.7806886439968,2679753,0,1
2019-02-21,83.71,83.71,83.69,83.7,73.7542534277145,2136655,0,1
2019-02-22,83.72,83.78,83.72,83.76,73.8071238602791,2640774,0,1
2019-02-25,83.73,83.75,83.71,83.75,73.7983121215184,2964288,0,1
2019-02-26,83.77,83.79,83.75,83.79,73.8335590765615,4570655,0,1
2019-02-27,83.76,83.77,83.73,83.77,73.8159355990399,2463535,0,1
2019-02-28,83.75,83.76,83.72,83.75,73.7983121215184,4136790,0,1
2019-03-01,83.56,83.57,83.52,83.54,73.7492659835759,3697815,0.1543,1
2019-03-04,83.54,83.58,83.53,83.56,73.7669220204405,6418777,0,1
2019-03-05,83.54,83.57,83.52,83.57,73.7757500388728,6175908,0,1
2019-03-06,83.57,83.63,83.57,83.63,73.8287181494667,4167312,0,1
2019-03-07,83.65,83.71,83.65,83.7,73.8905142784929,3215516,0,1
2019-03-08,83.71,83.74,83.69,83.73,73.9169983337899,2626921,0,1
2019-03-11,83.72,83.72,83.69,83.71,73.8993422969252,2213579,0,1
2019-03-12,83.71,83.75,83.71,83.74,73.9258263522222,3665601,0,1
2019-03-13,83.73,83.75,83.72,83.75,73.9346543706545,1174194,0,1
2019-03-14,83.75,83.77,83.73,83.77,73.9523104075191,1173305,0,1
2019-03-15,83.79,83.81,83.78,83.8,73.9787944628161,1570371,0,1
2019-03-18,83.78,83.8,83.77,83.78,73.9611384259515,1092048,0,1
2019-03-19,83.76,83.78,83.74,83.77,73.9523104075191,1000106,0,1
2019-03-20,83.78,83.9,83.78,83.89,74.0582466287069,2459405,0,1
2019-03-21,83.91,83.91,83.87,83.89,74.0582466287069,1371112,0,1
2019-03-22,83.95,84.05,83.95,84.03,74.1818388867594,3113557,0,1
2019-03-25,84.06,84.17,84.04,84.12,74.2612910526502,3572729,0,1
2019-03-26,84.08,84.13,84.06,84.11,74.2524630342179,2374644,0,1
2019-03-27,84.17,84.21,84.15,84.18,74.3142591632441,1872516,0,1
2019-03-28,84.17,84.18,84.13,84.17,74.3054311448118,1322746,0,1
2019-03-29,84.1,84.13,84.08,84.12,74.2612910526502,2277145,0,1
2019-04-01,83.91,83.93,83.85,83.87,74.1851767605286,4381749,0.1638,1
2019-04-02,83.89,83.92,83.88,83.91,74.220557791534,2662153,0,1
2019-04-03,83.88,83.89,83.86,83.87,74.1851767605286,5005553,0,1
2019-04-04,83.9,83.9,83.87,83.89,74.2028672760313,1481193,0,1
2019-04-05,83.87,83.89,83.86,83.88,74.19402201828,6617118,0,1
2019-04-08,83.88,83.9,83.85,83.86,74.1763315027773,2756407,0,1
2019-04-09,83.89,83.91,83.87,83.87,74.1851767605286,3661933,0,1
2019-04-10,83.91,83.94,83.91,83.94,74.247093564788,2364326,0,1
2019-04-11,83.9,83.92,83.89,83.89,74.2028672760313,3379211,0,1
2019-04-12,83.84,83.86,83.83,83.84,74.1586409872746,1213279,0,1
2019-04-15,83.83,83.86,83.83,83.85,74.1674862450259,1021426,0,1
2019-04-16,83.84,83.85,83.81,83.84,74.1586409872746,1335681,0,1
2019-04-17,83.84,83.87,83.84,83.87,74.1851767605286,1600604,0,1
2019-04-18,83.9,83.91,83.88,83.89,74.2028672760313,1076791,0,1
2019-04-22,83.9,83.91,83.89,83.9,74.2117125337827,6156360,0,1
2019-04-23,83.92,83.95,83.92,83.94,74.247093564788,1824560,0,1
2019-04-24,83.99,84.01,83.98,83.99,74.2913198535448,3424353,0,1
2019-04-25,84.01,84.02,83.99,83.99,74.2913198535448,903033,0,1
2019-04-26,84.07,84.08,84.06,84.08,74.3709271733069,2275785,0,1
2019-04-29,84.05,84.07,84.04,84.05,74.3443914000528,1009342,0,1
2019-04-30,84.06,84.11,84.04,84.11,74.3974629465609,1876007,0,1
2019-05-01,83.93,84.05,83.87,83.88,74.3323300065831,1313600,0.1564,1
2019-05-02,83.88,83.89,83.84,83.84,74.2968830204092,2138766,0,1
2019-05-03,83.87,83.9,83.85,83.87,74.3234682600396,1332337,0,1
2019-05-06,83.93,83.94,83.91,83.92,74.367776992757,1312194,0,1
2019-05-07,83.95,83.98,83.95,83.96,74.4032239789308,2815199,0,1
2019-05-08,83.98,84,83.94,83.95,74.3943622323874,1474535,0,1
2019-05-09,84.02,84.06,83.99,84,74.4386709651047,1297012,0,1
2019-05-10,84.03,84.07,84,84.02,74.4563944581916,1558687,0,1
2019-05-13,84.11,84.15,84.1,84.12,74.5450119236263,2720845,0,1
2019-05-14,84.12,84.13,84.09,84.12,74.5450119236263,3785705,0,1
2019-05-15,84.21,84.21,84.14,84.18,74.598182402887,1521814,0,1
2019-05-16,84.14,84.15,84.12,84.13,74.5538736701697,1046621,0,1
2019-05-17,84.18,84.19,84.12,84.15,74.5715971632567,1067880,0,1
2019-05-20,84.14,84.16,84.11,84.11,74.5361501770828,1095917,0,1
2019-05-21,84.09,84.1,84.06,84.07,74.5007031909089,1161519,0,1
2019-05-22,84.12,84.13,84.1,84.11,74.5361501770828,2067741,0,1
2019-05-23,84.17,84.29,84.17,84.26,74.6690763752348,2773757,0,1
2019-05-24,84.24,84.25,84.21,84.23,74.6424911356044,1019645,0,1
2019-05-28,84.26,84.3,84.24,84.3,74.7045233614086,1130365,0,1
2019-05-29,84.35,84.38,84.3,84.31,74.7133851079521,2631956,0,1
2019-05-30,84.33,84.39,84.3,84.38,74.7754173337563,1929384,0,1
2019-05-31,84.46,84.59,84.46,84.56,74.9349287715387,11965456,0,1
2019-06-03,84.47,84.59,84.43,84.55,75.0755434209918,4621997,0.1687,1
2019-06-04,84.44,84.5067,84.42,84.49,75.022266867411,3320420,0,1
2019-06-05,84.6,84.63,84.52,84.53,75.0577845697982,14752956,0,1
2019-06-06,84.54,84.57,84.47,84.48,75.0133874418142,20687723,0,1
2019-06-07,84.62,84.64,84.54,84.57,75.0933022721854,13622531,0,1
2019-06-10,84.52,84.52,84.48,84.49,75.022266867411,7611271,0,1
2019-06-11,84.45,84.48,84.44,84.46,74.9956285906205,2211777,0,1
2019-06-12,84.51,84.55,84.5,84.53,75.0577845697982,1147896,0,1
2019-06-13,84.57,84.64,84.55,84.62,75.1376994001694,2450348,0,1
2019-06-14,84.57,84.61,84.56,84.59,75.111061123379,1992182,0,1
2019-06-17,84.6,84.6,84.55,84.55,75.0755434209918,2105272,0,1
2019-06-18,84.65,84.66,84.56,84.56,75.0844228465886,5589161,0,1
2019-06-19,84.54,84.75,84.52,84.74,75.2442525073311,1893203,0,1
2019-06-20,84.81,84.85,84.77,84.78,75.2797702097183,1790067,0,1
2019-06-21,84.71,84.74,84.69,84.74,75.2442525073311,8008943,0,1
2019-06-24,84.76,84.82,84.76,84.79,75.2886496353151,1715959,0,1
2019-06-25,84.8,84.85,84.76,84.81,75.3064084865087,1742673,0,1
2019-06-26,84.77,84.77,84.7,84.71,75.2176142305407,1221959,0,1
2019-06-27,84.76,84.78,84.73,84.78,75.2797702097183,1276334,0,1
2019-06-28,84.77,84.8,84.75,84.78,75.2797702097183,4134206,0,1
2019-07-01,84.63,84.63,84.54,84.57,75.2317742505399,4213856,0.1559,1
2019-07-02,84.59,84.64,84.58,84.62,75.276253246786,4841213,0,1
2019-07-03,84.63,84.65,84.62,84.64,75.2940448452844,2176428,0,1
2019-07-05,84.51,84.51,84.44,84.47,75.1428162580478,1759453,0,1
2019-07-08,84.49,84.5,84.43,84.43,75.107233061051,1587171,0,1
2019-07-09,84.46,84.46,84.4,84.4,75.0805456633034,1457305,0,1
2019-07-10,84.5,84.55,84.47,84.55,75.2139826520415,1704788,0,1
2019-07-11,84.54,84.55,84.49,84.51,75.1783994550447,1227299,0,1
2019-07-12,84.5,84.54,84.49,84.52,75.1872952542939,871640,0,1
2019-07-15,84.54,84.56,84.53,84.54,75.2050868527923,1385775,0,1
2019-07-16,84.5,84.53,84.48,84.51,75.1783994550447,1350075,0,1
2019-07-17,84.52,84.59,84.51,84.59,75.2495658490383,1457492,0,1
2019-07-18,84.58,84.7,84.56,84.69,75.3385238415304,1438856,0,1
2019-07-19,84.62,84.64,84.58,84.6,75.2584616482875,863979,0,1
2019-07-22,84.63,84.64,84.61,84.61,75.2673574475367,823315,0,1
2019-07-23,84.6,84.62,84.58,84.59,75.2495658490383,1026891,0,1
2019-07-24,84.61,84.64,84.59,84.61,75.2673574475367,1364767,0,1
2019-07-25,84.59,84.59,84.53,84.56,75.2228784512907,1093756,0,1
2019-07-26,84.56,84.57,84.52,84.57,75.2317742505399,1002976,0,1
2019-07-29,84.57,84.6,84.57,84.57,75.2317742505399,930572,0,1
2019-07-30,84.59,84.6,84.57,84.58,75.2406700497891,933455,0,1
2019-07-31,84.62,84.65,84.43,84.57,75.2317742505399,2313402,0,1
2019-08-01,84.46,84.72,84.45,84.66,75.4452938928592,3098981,0.15,1
2019-08-02,84.65,84.7,84.64,84.68,75.4631170192218,2626460,0,1
2019-08-05,84.83,84.91,84.81,84.85,75.6146135933038,3154513,0,1
2019-08-06,84.86,84.89,84.82,84.89,75.650259846029,3277777,0,1
2019-08-07,85,85.04,84.87,84.9,75.6591714092103,2352447,0,1
2019-08-08,84.87,84.88,84.81,84.87,75.6324367196664,1499003,0,1
2019-08-09,84.87,84.91,84.82,84.82,75.5878789037599,1833595,0,1
2019-08-12,84.89,84.94,84.88,84.91,75.6680829723916,2403478,0,1
2019-08-13,84.9,84.91,84.77,84.81,75.5789673405786,1839466,0,1
2019-08-14,84.89,84.95,84.88,84.92,75.6769945355729,3312842,0,1
2019-08-15,84.96,85.11,84.96,85.1,75.8374026728362,4823023,0,1
2019-08-16,85.05,85.1,85.0106,85.09,75.8284911096549,1886567,0,1
2019-08-19,85.01,85.04,84.98,85,75.7482870410232,1485600,0,1
2019-08-20,85.05,85.09,85.04,85.06,75.801756420111,2015666,0,1
2019-08-21,85.01,85.05,84.97,84.98,75.7304639146607,2082451,0,1
2019-08-22,84.96,85.01,84.93,84.94,75.6948176619355,956165,0,1
2019-08-23,84.97,85.1,84.95,85.08,75.8195795464736,2448864,0,1
2019-08-26,85.07,85.1,85.01,85.04,75.7839332937484,1768689,0,1
2019-08-27,85.01,85.09,85.01,85.07,75.8106679832923,2179560,0,1
2019-08-28,85.09,85.12,85.07,85.09,75.8284911096549,1944372,0,1
2019-08-29,85.08,85.09,85.04,85.05,75.7928448569297,3270587,0,1
2019-08-30,85.05,85.09,85.03,85.08,75.8195795464736,2542982,0,1
2019-09-03,84.95,85.07,84.93,85,75.8785963736418,4574286,0.1462,1
2019-09-04,85,85.07,85,85.07,75.9410846294789,1455937,0,1
2019-09-05,84.96,84.96,84.84,84.88,75.7714736493496,2145249,0,1
2019-09-06,84.9,84.93,84.87,84.89,75.7804005430406,2485471,0,1
2019-09-09,84.83,84.85,84.8,84.8,75.7000584998214,2423874,0,1
2019-09-10,84.79,84.8,84.65,84.66,75.5750819881472,2262303,0,1
2019-09-11,84.66,84.71,84.66,84.66,75.5750819881472,3004985,0,1
2019-09-12,84.71,84.72,84.61,84.64,75.5572282007652,3319684,0,1
2019-09-13,84.57,84.59,84.48,84.5,75.4322516890909,1951373,0,1
2019-09-16,84.55,84.57,84.53,84.57,75.494739944928,3034060,0,1
2019-09-17,84.56,84.63,84.55,84.61,75.5304475196921,1397702,0,1
2019-09-18,84.66,84.71,84.55,84.56,75.485813051237,3278011,0,1
2019-09-19,84.64,84.64,84.57,84.57,75.494739944928,2399308,0,1
2019-09-20,84.61,84.69,84.59,84.66,75.5750819881472,2383323,0,1
2019-09-23,84.72,84.79,84.71,84.71,75.6197164566023,1537135,0,1
2019-09-24,84.72,84.84,84.72,84.8,75.7000584998214,3693090,0,1
2019-09-25,84.79,84.81,84.69,84.69,75.6018626692202,2729990,0,1
2019-09-26,84.75,84.79,84.73,84.73,75.6375702439843,871488,0,1
2019-09-27,84.74,84.81,84.74,84.78,75.6822047124394,1691671,0,1
2019-09-30,84.77,84.82,84.76,84.82,75.7179122872035,2325556,0,1
2019-10-01,84.62,84.81,84.62,84.78,75.8027177772681,4668917,0.135,1
2019-10-02,84.84,84.91,84.83,84.87,75.8831877536771,2613032,0,1
2019-10-03,84.93,85.07,84.92,85.05,76.0441277064951,2441581,0,1
2019-10-04,85.01,85.05,84.99,85.04,76.0351865980052,1760774,0,1
2019-10-07,84.99,85,84.93,84.95,75.9547166215962,1611695,0,1
2019-10-08,85.01,85.04,84.94,85,75.9994221640457,2153282,0,1
2019-10-09,85,85.02,84.93,84.95,75.9547166215962,1472532,0,1
2019-10-10,84.96,84.96,84.85,84.85,75.8653055366973,3566867,0,1
2019-10-11,84.79,84.8,84.71,84.77,75.7937766687782,2933815,0,1
2019-10-14,84.78,84.8,84.76,84.78,75.8027177772681,1336666,0,1
2019-10-15,84.81,84.82,84.73,84.76,75.7848355602884,2469983,0,1
2019-10-16,84.8,84.82,84.77,84.8,75.8205999942479,1840704,0,1
2019-10-17,84.8,84.85,84.78,84.8,75.8205999942479,1641211,0,1
2019-10-18,84.82,84.87,84.82,84.83,75.8474233197176,1901614,0,1
2019-10-21,84.82,84.84,84.77,84.79,75.811658885758,985532,0,1
2019-10-22,84.81,84.83,84.76,84.82,75.8384822112277,1192305,0,1
2019-10-23,84.84,84.85,84.8,84.81,75.8295411027378,1578624,0,1
2019-10-24,84.83,84.87,84.81,84.81,75.8295411027378,1229111,0,1
2019-10-25,84.83,84.83,84.74,84.76,75.7848355602884,982862,0,1
2019-10-28,84.73,84.74,84.7,84.73,75.7580122348187,2045014,0,1
2019-10-29,84.76,84.77,84.73,84.75,75.7758944517985,1768728,0,1
2019-10-30,84.75,84.81,84.71,84.8,75.8205999942479,1622520,0,1
2019-10-31,84.85,84.96,84.85,84.95,75.9547166215962,2719252,0,1
2019-11-01,84.78,84.81,84.72,84.76,75.909613199819,3436219,0.1396,1
2019-11-04,84.72,84.72,84.69,84.7,75.8558782211499,2540441,0,1
2019-11-05,84.67,84.67,84.61,84.64,75.8021432424809,2078543,0,1
2019-11-06,84.69,84.71,84.66,84.69,75.8469223913718,1237093,0,1
2019-11-07,84.63,84.63,84.54,84.59,75.75736409359,2284942,0,1
2019-11-08,84.59,84.65,84.59,84.6,75.7663199233682,2300498,0,1
2019-11-11,84.62,84.63,84.59,84.62,75.7842315829245,1329557,0,1
2019-11-12,84.61,84.64,84.59,84.63,75.7931874127027,2647807,0,1
2019-11-13,84.68,84.69,84.65,84.67,75.8290107318154,1679807,0,1
2019-11-14,84.74,84.78,84.73,84.75,75.9006573700408,2754468,0,1
2019-11-15,84.71,84.74,84.71,84.72,75.8737898807063,2456123,0,1
2019-11-18,84.76,84.77,84.74,84.76,75.909613199819,1049900,0,1
2019-11-19,84.73,84.76,84.73,84.75,75.9006573700408,1630744,0,1
2019-11-20,84.77,84.81,84.76,84.79,75.9364806891535,1767097,0,1
2019-11-21,84.76,84.78,84.74,84.75,75.9006573700408,1288043,0,1
2019-11-22,84.76,84.77,84.72,84.74,75.8917015402626,3148137,0,1
2019-11-25,84.74,84.76,84.72,84.75,75.9006573700408,3597072,0,1
2019-11-26,84.79,84.8,84.77,84.79,75.9364806891535,1792204,0,1
2019-11-27,84.77,84.77,84.73,84.74,75.8917015402626,1090079,0,1
2019-11-29,84.73,84.77,84.72,84.77,75.9185690295972,1220152,0,1
2019-12-02,84.59,84.68,84.57,84.61,75.8954047758759,4211493,0.1341,1
2019-12-03,84.72,84.78,84.71,84.73,76.003045108852,2036800,0,1
2019-12-04,84.71,84.72,84.66,84.69,75.96716499786,2018068,0,1
2019-12-05,84.65,84.69,84.64,84.65,75.9312848868679,1965936,0,1
2019-12-06,84.6,84.65,84.59,84.62,75.9043748036239,2024444,0,1
2019-12-09,84.64,84.64,84.61,84.62,75.9043748036239,1482224,0,1
2019-12-10,84.63,84.64,84.58,84.58,75.8684946926319,1214057,0,1
2019-12-11,84.59,84.66,84.59,84.65,75.9312848868679,1223112,0,1
2019-12-12,84.67,84.67,84.52,84.57,75.8595246648839,1627420,0,1
2019-12-13,84.64,84.69,84.6,84.67,75.949224942364,1632074,0,1
2019-12-16,84.64,84.64,84.59,84.62,75.9043748036239,1568755,0,1
2019-12-17,84.65,84.66,84.63,84.64,75.9223148591199,1764027,0,1
2019-12-18,84.63,84.65,84.61,84.65,75.9312848868679,1677418,0,1
2019-12-19,84.51,84.55,84.51,84.53,75.9461141367409,1464475,0.1365,1
2019-12-20,84.52,84.54,84.5,84.53,75.9461141367409,1413579,0,1
2019-12-23,84.51,84.52,84.49,84.51,75.928145104649,2008618,0,1
2019-12-24,84.47,84.54,84.47,84.52,75.937129620695,895507,0,1
2019-12-26,84.56,84.56,84.53,84.55,75.9640831688329,1156886,0,1
2019-12-27,84.58,84.62,84.57,84.61,76.0179902651089,1388343,0,1
2019-12-30,84.6,84.66,84.6,84.64,76.0449438132468,1630793,0,1
2019-12-31,84.64,84.67,84.61,84.63,76.0359592972008,3025577,0,1
2020-01-02,84.67,84.71,84.64,84.67,76.0718973613848,2665249,0,1
2020-01-03,84.72,84.76,84.69,84.74,76.1347889737067,2039864,0,1
2020-01-06,84.73,84.74,84.68,84.71,76.1078354255687,1132074,0,1
2020-01-07,84.72,84.73,84.7,84.71,76.1078354255687,1103652,0,1
2020-01-08,84.72,84.74,84.66,84.67,76.0718973613848,1864334,0,1
2020-01-09,84.65,84.7,84.64,84.68,76.0808818774308,1424364,0,1
2020-01-10,84.69,84.72,84.69,84.7,76.0988509095228,1065931,0,1
2020-01-13,84.7,84.7,84.67,84.69,76.0898663934768,1275636,0,1
2020-01-14,84.69,84.73,84.69,84.7,76.0988509095228,2323419,0,1
2020-01-15,84.73,84.74,84.71,84.74,76.1347889737067,2467908,0,1
2020-01-16,84.73,84.74,84.71,84.74,76.1347889737067,1995066,0,1
2020-01-17,84.73,84.77,84.72,84.77,76.1617425218447,1592584,0,1
2020-01-21,84.78,84.8,84.78,84.79,76.1797115539367,2814623,0,1
2020-01-22,84.79,84.82,84.79,84.81,76.1976805860286,1878403,0,1
2020-01-23,84.84,84.88,84.82,84.84,76.2246341341666,6874173,0,1
2020-01-24,84.85,84.9,84.84,84.87,76.2515876823046,3717512,0,1
2020-01-27,84.97,84.98,84.94,84.96,76.3324483267184,1915484,0,1
2020-01-28,84.96,84.97,84.91,84.92,76.2965102625345,1233417,0,1
2020-01-29,84.95,85,84.93,85,76.3683863909024,1269063,0,1
2020-01-30,85.03,85.07,85,85.01,76.3773709069484,1348276,0,1
2020-01-31,85.05,85.14,85.05,85.12,76.4762005834543,4298922,0,1
2020-02-03,84.96,84.98,84.91,84.96,76.4536180023727,4133898,0.1349,1
2020-02-04,84.88,84.89,84.84,84.87,76.3726290002515,1575547,0,1
2020-02-05,84.82,84.84,84.81,84.81,76.3186363321708,2229279,0,1
2020-02-06,84.81,84.83,84.8,84.83,76.3366338881977,1505777,0,1
2020-02-07,84.87,84.9,84.86,84.88,76.381627778265,1408168,0,1
2020-02-10,84.93,84.95,84.9,84.92,76.4176228903188,982748,0,1
2020-02-11,84.89,84.9,84.86,84.88,76.381627778265,1911184,0,1
2020-02-12,84.85,84.86,84.84,84.84,76.3456326662111,1400470,0,1
2020-02-13,84.87,84.89,84.85,84.86,76.3636302222381,1700698,0,1
2020-02-14,84.9,84.91,84.89,84.9,76.3996253342919,1560047,0,1
2020-02-18,84.93,84.95,84.91,84.93,76.4266216683323,1669419,0,1
2020-02-19,84.91,84.94,84.89,84.94,76.4356204463458,1422834,0,1
2020-02-20,84.93,84.98,84.93,84.96,76.4536180023727,2051793,0,1
2020-02-21,85,85.08,84.99,85.03,76.5166094484669,1798828,0,1
2020-02-24,85.17,85.2,85.16,85.17,76.6425923406554,2725232,0,1
2020-02-25,85.19,85.3,85.19,85.26,76.7235813427765,3026990,0,1
2020-02-26,85.24,85.35,85.22,85.32,76.7775740108573,3688178,0,1
2020-02-27,85.44,85.5,85.36,85.42,76.8675617909919,6008760,0,1
2020-02-28,85.65,85.77,85.62,85.73,77.1465239094093,9558329,0,1
2020-03-02,85.72,85.8,85.57,85.57,77.1149975905169,14995960,0.125,1
2020-03-03,85.63,86.02,85.61,85.91,77.4214028631682,7232343,0,1
2020-03-04,85.97,86.05,85.92,85.92,77.4304147829521,5711925,0,1
2020-03-05,86.11,86.14,86.07,86.1,77.5926293390616,3797271,0,1
2020-03-06,86.31,86.37,86.17,86.2,77.6827485369003,4378295,0,1
2020-03-09,86.54,86.67,86.37,86.67,78.1063087667418,44360024,0,1
2020-03-10,86.3,86.37,86.15,86.29,77.763855814955,11970240,0,1
2020-03-11,86.3,86.32,86.18,86.19,77.6737366171164,7873170,0,1
2020-03-12,86.3,86.54,86.17,86.17,77.6557127775487,12312320,0,1
2020-03-13,86.05,86.32,85.95,86.28,77.7548438951712,9422433,0,1
2020-03-16,86.58,86.73,86.4,86.42,77.8810107721453,12123866,0,1
2020-03-17,86.49,86.53,86.13,86.22,77.700772376468,10487838,0,1
2020-03-18,86.22,86.78,86.11,86.11,77.6016412588455,11907456,0,1
2020-03-19,86.22,86.53,86.22,86.26,77.7368200556034,12898427,0,1
2020-03-20,86.38,86.63,86.38,86.49,77.9440942106323,10683738,0,1
2020-03-23,86.71,86.73,86.56,86.59,78.0342134084709,9471996,0,1
2020-03-24,86.5,86.57,86.47,86.47,77.9260703710646,8366404,0,1
2020-03-25,86.49,86.63,86.49,86.57,78.0161895689032,6098016,0,1
2020-03-26,86.59,86.71,86.58,86.67,78.1063087667418,8381033,0,1
2020-03-27,86.7,86.7,86.52,86.65,78.0882849271741,37087863,0,1
2020-03-30,86.73,86.76,86.66,86.69,78.1243326063096,5650832,0,1
2020-03-31,86.72,86.78,86.67,86.67,78.1063087667418,5677868,0,1
2020-04-01,86.62,86.67,86.58,86.62,78.1567809246833,6923871,0.106,1
2020-04-02,86.64,86.67,86.62,86.64,78.1748268219183,5879706,0,1
2020-04-03,86.61,86.7,86.58,86.62,78.1567809246833,5018134,0,1
2020-04-06,86.58,86.61,86.55,86.56,78.1026432329784,4869086,0,1
2020-04-07,86.51,86.57,86.49,86.54,78.0845973357434,7881246,0,1
2020-04-08,86.54,86.62,86.54,86.59,78.1297120788309,4890633,0,1
2020-04-09,86.59,86.65,86.58,86.62,78.1567809246833,5400997,0,1
2020-04-13,86.63,86.63,86.59,86.63,78.1658038733008,3356174,0,1
2020-04-14,86.62,86.65,86.59,86.63,78.1658038733008,4712243,0,1
2020-04-15,86.68,86.7,86.65,86.66,78.1928727191533,4270044,0,1
2020-04-16,86.68,86.7,86.66,86.68,78.2109186163883,2383565,0,1
2020-04-17,86.66,86.69,86.65,86.65,78.1838497705358,3282747,0,1
2020-04-20,86.67,86.69,86.65,86.65,78.1838497705358,5969410,0,1
2020-04-21,86.68,86.69,86.65,86.67,78.2018956677708,3610356,0,1
2020-04-22,86.66,86.66,86.64,86.64,78.1748268219183,4836958,0,1
2020-04-23,86.64,86.66,86.62,86.63,78.1658038733008,3010011,0,1
2020-04-24,86.64,86.66,86.63,86.63,78.1658038733008,3117641,0,1
2020-04-27,86.63,86.64,86.6,86.63,78.1658038733008,4928828,0,1
2020-04-28,86.67,86.68,86.65,86.66,78.1928727191533,3706978,0,1
2020-04-29,86.68,86.69,86.65,86.65,78.1838497705358,4285717,0,1
2020-04-30,86.66,86.8,86.66,86.8,78.3191939997981,9557260,0,1
2020-05-01,86.62,86.62,86.57,86.6,78.2040268882342,5135002,0.0724,1
2020-05-04,86.585,86.64,86.58,86.6,78.2040268882342,5813434,0,1
2020-05-05,86.61,86.62,86.59,86.59,78.1949964001409,4334026,0,1
2020-05-06,86.6,86.62,86.59,86.62,78.2220878644209,2007285,0,1
2020-05-07,86.62,86.7,86.61,86.68,78.2762707929809,2455580,0,1
2020-05-08,86.69,86.73,86.65,86.66,78.2582098167942,2690005,0,1
2020-05-11,86.67,86.67,86.6,86.63,78.2311183525142,4067638,0,1
2020-05-12,86.62,86.65,86.6,86.65,78.2491793287009,2670398,0,1
2020-05-13,86.66,86.68,86.64,86.65,78.2491793287009,3829446,0,1
2020-05-14,86.66,86.69,86.63,86.63,78.2311183525142,2284601,0,1
2020-05-15,86.69,86.7,86.67,86.68,78.2762707929809,1942895,0,1
2020-05-18,86.67,86.67,86.61,86.61,78.2130573763275,2762100,0,1
2020-05-19,86.62,86.66,86.62,86.66,78.2582098167942,2976457,0,1
2020-05-20,86.63,86.67,86.63,86.66,78.2582098167942,3497882,0,1
2020-05-21,86.65,86.66,86.64,86.64,78.2401488406075,3246339,0,1
2020-05-22,86.66,86.67,86.64,86.64,78.2401488406075,2592499,0,1
2020-05-26,86.63,86.65,86.62,86.64,78.2401488406075,4356165,0,1
2020-05-27,86.63,86.67,86.62,86.62,78.2220878644209,3507628,0,1
2020-05-28,86.63,86.66,86.62,86.66,78.2582098167942,3433392,0,1
2020-05-29,86.64,86.68,86.64,86.66,78.2582098167942,6906736,0,1
2020-06-01,86.59,86.6,86.56,86.58,78.2492335116294,6995489,0.0701,1
2020-06-02,86.58,86.59,86.56,86.58,78.2492335116294,3869304,0,1
2020-06-03,86.56,86.56,86.51,86.51,78.1859689430707,4476420,0,1
2020-06-04,86.52,86.54,86.5,86.53,78.2040445340875,4350037,0,1
2020-06-05,86.49,86.5,86.47,86.5,78.1769311475623,4391336,0,1
2020-06-08,86.48,86.51,86.46,86.48,78.1588555565455,4200221,0,1
2020-06-09,86.49,86.52,86.49,86.51,78.1859689430707,7839894,0,1
2020-06-10,86.54,86.58,86.53,86.56,78.2311579206126,3146570,0,1
2020-06-11,86.57,86.58,86.52,86.52,78.1950067385791,3244689,0,1
2020-06-12,86.54,86.56,86.53,86.55,78.2221201251043,3355977,0,1
2020-06-15,86.55,86.57,86.53,86.53,78.2040445340875,3245974,0,1
2020-06-16,86.53,86.56,86.52,86.52,78.1950067385791,5306440,0,1
2020-06-17,86.53,86.55,86.53,86.55,78.2221201251043,3369564,0,1
2020-06-18,86.56,86.56,86.54,86.54,78.2130823295959,2027071,0,1
2020-06-19,86.55,86.58,86.54,86.56,78.2311579206126,3477557,0,1
2020-06-22,86.56,86.57,86.54,86.54,78.2130823295959,2597914,0,1
2020-06-23,86.55,86.56,86.54,86.56,78.2311579206126,2792100,0,1
2020-06-24,86.55,86.57,86.54,86.57,78.240195716121,2111002,0,1
2020-06-25,86.56,86.58,86.56,86.57,78.240195716121,1716773,0,1
2020-06-26,86.57,86.61,86.57,86.6,78.2673091026462,4109942,0,1
2020-06-29,86.5965,86.62,86.59,86.62,78.285384693663,2766179,0,1
2020-06-30,86.63,86.63,86.6,86.61,78.2763468981546,4443443,0,1
2020-07-01,86.56,86.56,86.52,86.52,78.2498083154237,4789400,0.0606,1
2020-07-02,86.54,86.56,86.52,86.56,78.2859848333689,2662838,0,1
2020-07-06,86.54,86.55,86.53,86.53,78.25885244491,3406835,0,1
2020-07-07,86.54,86.55,86.53,86.55,78.2769407038826,2938978,0,1
2020-07-08,86.55,86.56,86.54,86.55,78.2769407038826,3454937,0,1
2020-07-09,86.55,86.57,86.54,86.57,78.2950289628552,2508925,0,1
2020-07-10,86.58,86.58,86.54,86.54,78.2678965743963,2447400,0,1
2020-07-13,86.54,86.55,86.53,86.54,78.2678965743963,2332417,0,1
2020-07-14,86.56,86.57,86.54,86.55,78.2769407038826,2112500,0,1
2020-07-15,86.54,86.56,86.53,86.56,78.2859848333689,4553359,0,1
2020-07-16,86.57,86.58,86.56,86.56,78.2859848333689,1750109,0,1
2020-07-17,86.57,86.58,86.55,86.58,78.3040730923415,2016868,0,1
2020-07-20,86.58,86.58,86.55,86.56,78.2859848333689,3534555,0,1
2020-07-21,86.55,86.58,86.55,86.58,78.3040730923415,4017934,0,1
2020-07-22,86.58,86.58,86.56,86.57,78.2950289628552,3776567,0,1
2020-07-23,86.57,86.579,86.56,86.57,78.2950289628552,2263147,0,1
2020-07-24,86.57,86.58,86.56,86.58,78.3040730923415,3056043,0,1
2020-07-27,86.58,86.58,86.54,86.55,78.2769407038826,2250869,0,1
2020-07-28,86.56,86.58,86.56,86.57,78.2950289628552,3804525,0,1
2020-07-29,86.58,86.6,86.57,86.59,78.3131172218278,2551304,0,1
2020-07-30,86.6,86.62,86.6,86.62,78.3402496102867,2016890,0,1
2020-07-31,86.629,86.63,86.61,86.63,78.349293739773,3229790,0,1
2020-08-03,86.56,86.58,86.5405,86.58,78.3496943947092,2979843,0.0504,1
2020-08-04,86.58,86.59,86.57,86.59,78.3587437934612,2871042,0,1
2020-08-05,86.57,86.58,86.56,86.57,78.3406449959572,3037492,0,1
2020-08-06,86.57,86.59,86.56,86.57,78.3406449959572,1793433,0,1
2020-08-07,86.56,86.57,86.55,86.56,78.3315955972053,3944486,0,1
2020-08-10,86.56,86.56,86.53,86.54,78.3134967997013,2089867,0,1
2020-08-11,86.52,86.53,86.49,86.52,78.2953980021973,3345702,0,1
2020-08-12,86.5,86.51,86.49,86.5,78.2772992046933,4246913,0,1
2020-08-13,86.4922,86.5,86.48,86.49,78.2682498059414,2073844,0,1
2020-08-14,86.5,86.52,86.49,86.5,78.2772992046933,2548612,0,1
2020-08-17,86.52,86.52,86.5,86.51,78.2863486034453,2655060,0,1
2020-08-18,86.51,86.53,86.51,86.52,78.2953980021973,2106596,0,1
2020-08-19,86.53,86.53,86.51,86.52,78.2953980021973,2065128,0,1
2020-08-20,86.53,86.54,86.52,86.52,78.2953980021973,2121038,0,1
2020-08-21,86.53,86.54,86.51,86.51,78.2863486034453,3337635,0,1
2020-08-24,86.515,86.53,86.5,86.5,78.2772992046933,2834055,0,1
2020-08-25,86.49,86.51,86.48,86.51,78.2863486034453,1986558,0,1
2020-08-26,86.51,86.51,86.49,86.51,78.2863486034453,2983266,0,1
2020-08-27,86.53,86.54,86.49,86.5,78.2772992046933,2608987,0,1
2020-08-28,86.52,86.55,86.52,86.53,78.3044474009493,3445506,0,1
2020-08-31,86.53,86.56,86.53,86.56,78.3315955972053,2357174,0,1
2020-09-01,86.49,86.5,86.48,86.49,78.3127113118896,3093554,0.0491,1
2020-09-02,86.48,86.5,86.48,86.5,78.3217658512944,3682630,0,1
2020-09-03,86.5,86.52,86.49,86.49,78.3127113118896,2547328,0,1
2020-09-04,86.49,86.5,86.45,86.46,78.2855476936753,2904359,0,1
2020-09-08,86.48,86.49,86.47,86.47,78.2946022330801,2014693,0,1
2020-09-09,86.47,86.48,86.46,86.48,78.3036567724849,3009068,0,1
2020-09-10,86.46,86.49,86.46,86.47,78.2946022330801,2909980,0,1
2020-09-11,86.48,86.51,86.48,86.49,78.3127113118896,2109783,0,1
2020-09-14,86.5,86.5,86.48,86.48,78.3036567724849,1993045,0,1
2020-09-15,86.48,86.49,86.48,86.485,78.3081840421872,2013059,0,1
2020-09-16,86.49,86.5,86.47,86.5,78.3217658512944,2551223,0,1
2020-09-17,86.5,86.51,86.48,86.48,78.3036567724849,2494688,0,1
2020-09-18,86.5,86.51,86.48,86.49,78.3127113118896,2334170,0,1
2020-09-21,86.5,86.5,86.48,86.48,78.3036567724849,3969181,0,1
2020-09-22,86.49,86.5,86.48,86.5,78.3217658512944,2108452,0,1
2020-09-23,86.49,86.5,86.48,86.5,78.3217658512944,3298330,0,1
2020-09-24,86.49,86.5,86.48,86.49,78.3127113118896,2955171,0,1
2020-09-25,86.5,86.51,86.5,86.5,78.3217658512944,1786147,0,1
2020-09-28,86.5065,86.51,86.49,86.51,78.3308203906992,2777709,0,1
2020-09-29,86.51,86.515,86.5,86.5,78.3217658512944,2568922,0,1
2020-09-30,86.51,86.51,86.49,86.51,78.3308203906992,3112042,0,1
2020-10-01,86.45,86.47,86.45,86.45,78.3127547736788,3890777,0.04,1
2020-10-02,86.46,86.47,86.44,86.46,78.3218135076028,3081296,0,1
2020-10-05,86.45,86.45,86.42,86.43,78.2946373058306,3139826,0,1
2020-10-06,86.43,86.44,86.42,86.43,78.2946373058306,2618210,0,1
2020-10-07,86.4,86.42,86.4,86.42,78.2855785719065,3613434,0,1
2020-10-08,86.42,86.43,86.41,86.42,78.2855785719065,1996740,0,1
2020-10-09,86.43,86.43,86.41,86.42,78.2855785719065,1977719,0,1
2020-10-12,86.42,86.44,86.41,86.44,78.3036960397547,2400888,0,1
2020-10-13,86.4264,86.45,86.42,86.43,78.2946373058306,5330575,0,1
2020-10-14,86.43,86.45,86.43,86.43,78.2946373058306,8129592,0,1
2020-10-15,86.44,86.46,86.43,86.45,78.3127547736788,6851519,0,1
2020-10-16,86.4441,86.45,86.43,86.44,78.3036960397547,1562138,0,1
2020-10-19,86.42,86.44,86.41,86.44,78.3036960397547,2499188,0,1
2020-10-20,86.43,86.439,86.42,86.43,78.2946373058306,1991795,0,1
2020-10-21,86.42,86.43,86.41,86.43,78.2946373058306,1788722,0,1
2020-10-22,86.42,86.43,86.4,86.4,78.2674611040584,3063285,0,1
2020-10-23,86.42,86.43,86.41,86.41,78.2765198379824,2014396,0,1
2020-10-26,86.42,86.43,86.41,86.42,78.2855785719065,2319209,0,1
2020-10-27,86.43,86.44,86.42,86.42,78.2855785719065,1981998,0,1
2020-10-28,86.43,86.44,86.42,86.42,78.2855785719065,4930214,0,1
2020-10-29,86.43,86.44,86.42,86.44,78.3036960397547,3688786,0,1
2020-10-30,86.44,86.44,86.41,86.43,78.2946373058306,3562349,0,1
2020-11-02,86.384,86.39,86.37,86.39,78.2933736124482,3642472,0.0386,1
2020-11-03,86.37,86.3757,86.35,86.37,78.275248048468,1739617,0,1
2020-11-04,86.39,86.41,86.38,86.39,78.2933736124482,4432569,0,1
2020-11-05,86.39,86.4,86.37,86.37,78.275248048468,4645998,0,1
2020-11-06,86.39,86.39,86.37,86.38,78.2843108304581,2479203,0,1
2020-11-09,86.34,86.35,86.32,86.35,78.2571224844878,5418552,0,1
2020-11-10,86.32,86.34,86.32,86.34,78.2480597024977,3162195,0,1
2020-11-11,86.32,86.33,86.31,86.32,78.2299341385175,2643226,0,1
2020-11-12,86.35,86.36,86.33,86.33,78.2389969205076,3915821,0,1
2020-11-13,86.35,86.355,86.33,86.33,78.2389969205076,3156801,0,1
2020-11-16,86.3431,86.356341,86.33,86.35,78.2571224844878,3752942,0,1
2020-11-17,86.34,86.36,86.34,86.34,78.2480597024977,3457886,0,1
2020-11-18,86.35,86.36,86.34,86.34,78.2480597024977,2325192,0,1
2020-11-19,86.35,86.37,86.35,86.36,78.2661852664779,1900692,0,1
2020-11-20,86.38,86.38,86.37,86.37,78.275248048468,1784746,0,1
2020-11-23,86.37,86.38,86.37,86.37,78.275248048468,1640515,0,1
2020-11-24,86.37,86.38,86.37,86.38,78.2843108304581,2649455,0,1
2020-11-25,86.38,86.39,86.38,86.39,78.2933736124482,2449882,0,1
2020-11-27,86.39,86.4,86.39,86.39,78.2933736124482,1378931,0,1
2020-11-30,86.4085,86.41,86.39,86.41,78.3114991764284,3375332,0,1
2020-12-01,86.34,86.35,86.32,86.33,78.2687880974654,6173333,0.0329,1
2020-12-02,86.33,86.35,86.32,86.35,78.2869205631431,2297115,0,1
2020-12-03,86.355,86.37,86.35,86.37,78.3050530288207,2751896,0,1
2020-12-04,86.35,86.36,86.34,86.36,78.2959867959819,2825229,0,1
2020-12-07,86.3632,86.38,86.36,86.38,78.3141192616595,3213923,0,1
2020-12-08,86.37,86.38,86.36,86.36,78.2959867959819,2559782,0,1
2020-12-09,86.36,86.36,86.35,86.35,78.2869205631431,2828977,0,1
2020-12-10,86.38,86.39,86.36,86.37,78.3050530288207,2977702,0,1
2020-12-11,86.409,86.42,86.4,86.42,78.3503841930148,1802218,0,1
2020-12-14,86.4,86.42,86.4,86.41,78.3413179601759,2805366,0,1
2020-12-15,86.4115,86.42,86.4,86.41,78.3413179601759,1969271,0,1
2020-12-16,86.4,86.41,86.395,86.41,78.3413179601759,1444744,0,1
2020-12-17,86.39,86.39,86.36,86.38,78.3431040080452,2541198,0.032,1
2020-12-18,86.37,86.38,86.37,86.37,78.3340344197136,2924189,0,1
2020-12-21,86.37,86.38,86.36,86.37,78.3340344197136,2249128,0,1
2020-12-22,86.37,86.39,86.37,86.37,78.3340344197136,1928380,0,1
2020-12-23,86.37,86.39,86.37,86.39,78.3521735963768,2821599,0,1
2020-12-24,86.37,86.39,86.37,86.37,78.3340344197136,1039535,0,1
2020-12-28,86.36,86.38,86.36,86.38,78.3431040080452,1836329,0,1
2020-12-29,86.38,86.38,86.37,86.38,78.3431040080452,2010588,0,1
2020-12-30,86.37,86.39,86.37,86.385,78.347638802211,1327546,0,1
2020-12-31,86.3835,86.39,86.36,86.38,78.3431040080452,1949873,0,1
2021-01-04,86.37,86.4,86.37,86.39,78.3521735963768,2989315,0,1
2021-01-05,86.39,86.4,86.37,86.39,78.3521735963768,2529355,0,1
2021-01-06,86.36,86.37,86.32,86.34,78.3068256547189,2082064,0,1
2021-01-07,86.345,86.36,86.33,86.36,78.3249648313821,4207981,0,1
2021-01-08,86.33,86.35,86.33,86.35,78.3158952430505,2760350,0,1
2021-01-11,86.34,86.35,86.33,86.34,78.3068256547189,2545698,0,1
2021-01-12,86.32,86.34,86.32,86.34,78.3068256547189,4048253,0,1
2021-01-13,86.33,86.34,86.33,86.33,78.2977560663874,2021798,0,1
2021-01-14,86.34,86.35,86.33,86.34,78.3068256547189,3343987,0,1
2021-01-15,86.34,86.36,86.34,86.35,78.3158952430505,3148317,0,1
2021-01-19,86.34,86.38,86.34,86.38,78.3431040080452,3019485,0,1
2021-01-20,86.37,86.38,86.36,86.37,78.3340344197136,2392297,0,1
2021-01-21,86.38,86.39,86.36,86.38,78.3431040080452,1574739,0,1
2021-01-22,86.38,86.39,86.38,86.38,78.3431040080452,4095825,0,1
2021-01-25,86.38,86.39,86.38,86.39,78.3521735963768,2037463,0,1
2021-01-26,86.395,86.4,86.38,86.38,78.3431040080452,2015507,0,1
2021-01-27,86.395,86.41,86.38,86.38,78.3431040080452,3786772,0,1
2021-01-28,86.385,86.39,86.37,86.37,78.3340344197136,2429739,0,1
2021-01-29,86.385,86.4,86.38,86.4,78.3612431847083,3238033,0,1
2021-02-01,86.375,86.38,86.36,86.38,78.370409817635,3266406,0.0301,1
2021-02-02,86.37,86.37,86.35,86.35,78.3431915692612,2242932,0,1
2021-02-03,86.35,86.36,86.35,86.36,78.3522643187192,2219030,0,1
2021-02-04,86.35,86.36,86.35,86.36,78.3522643187192,1848156,0,1
2021-02-05,86.37,86.38,86.3648,86.38,78.370409817635,1495925,0,1
2021-02-08,86.36,86.37,86.36,86.37,78.3613370681771,2193173,0,1
2021-02-09,86.365,86.37,86.35,86.35,78.3431915692612,1930692,0,1
2021-02-10,86.37,86.37,86.35,86.36,78.3522643187192,3016080,0,1
2021-02-11,86.365,86.37,86.36,86.36,78.3522643187192,2348631,0,1
2021-02-12,86.36,86.38,86.36,86.37,78.3613370681771,3364626,0,1
2021-02-16,86.35,86.36,86.33,86.34,78.3341188198033,3364180,0,1
2021-02-17,86.34,86.36,86.34,86.36,78.3522643187192,2307583,0,1
2021-02-18,86.36,86.37,86.34,86.36,78.3522643187192,2362284,0,1
2021-02-19,86.35,86.37,86.35,86.37,78.3613370681771,2113893,0,1
2021-02-22,86.355,86.36,86.35,86.35,78.3431915692612,3801590,0,1
2021-02-23,86.34,86.36,86.34,86.36,78.3522643187192,9025877,0,1
2021-02-24,86.33,86.34,86.32,86.335,78.3295824450743,2530053,0,1
2021-02-25,86.28,86.28,86.17,86.21,78.2161730768501,4954902,0,1
2021-02-26,86.27,86.32,86.23,86.32,78.3159733208874,5187212,0,1
2021-03-01,86.29,86.3,86.27,86.29,78.3087468759442,3366650,0.022,1
2021-03-02,86.29,86.31,86.29,86.31,78.3268970084916,5519172,0,1
2021-03-03,86.285,86.29,86.25,86.26,78.281521677123,2406121,0,1
2021-03-04,86.27,86.28,86.25,86.26,78.281521677123,2566125,0,1
2021-03-05,86.235,86.26,86.23,86.26,78.281521677123,4413562,0,1
2021-03-08,86.25,86.25,86.22,86.23,78.2542964783019,2729744,0,1
2021-03-09,86.23,86.23,86.21,86.23,78.2542964783019,3255495,0,1
2021-03-10,86.225,86.26,86.22,86.26,78.281521677123,2859968,0,1
2021-03-11,86.27,86.27,86.25,86.26,78.281521677123,3578472,0,1
2021-03-12,86.24,86.25,86.23,86.25,78.2724466108493,1824701,0,1
2021-03-15,86.24,86.26,86.24,86.26,78.281521677123,2273724,0,1
2021-03-16,86.245,86.26,86.24,86.26,78.281521677123,1853629,0,1
2021-03-17,86.245,86.31,86.24,86.28,78.2996718096705,3413308,0,1
2021-03-18,86.25,86.27,86.23,86.27,78.2905967433967,4692063,0,1
2021-03-19,86.26,86.29,86.24,86.27,78.2905967433967,3276263,0,1
2021-03-22,86.27,86.27,86.26,86.26,78.281521677123,2118497,0,1
2021-03-23,86.275,86.28,86.27,86.27,78.2905967433967,3241298,0,1
2021-03-24,86.29,86.3,86.28,86.29,78.3087468759442,2322782,0,1
2021-03-25,86.3,86.31,86.28,86.3,78.3178219422179,2771615,0,1
2021-03-26,86.29,86.31,86.29,86.3,78.3178219422179,3068507,0,1
2021-03-29,86.29,86.3,86.27,86.28,78.2996718096705,2181979,0,1
2021-03-30,86.265,86.28,86.26,86.28,78.2996718096705,2213821,0,1
2021-03-31,86.27,86.27,86.25,86.25,78.2724466108493,4480991,0,1
2021-04-01,86.23,86.25,86.23,86.23,78.2718231537963,3614332,0.0193,1
2021-04-05,86.19,86.22,86.18,86.21,78.2536689561496,3118189,0,1
2021-04-06,86.22,86.24,86.22,86.23,78.2718231537963,2497050,0,1
2021-04-07,86.25,86.26,86.24,86.24,78.2809002526196,3509128,0,1
2021-04-08,86.26,86.27,86.25,86.27,78.3081315490897,2109839,0,1
2021-04-09,86.23,86.26,86.23,86.24,78.2809002526196,2496235,0,1
2021-04-12,86.23,86.24,86.21,86.22,78.2627460549729,1687139,0,1
2021-04-13,86.23,86.25,86.22,86.25,78.289977351443,1237093,0,1
2021-04-14,86.24,86.25,86.24,86.25,78.289977351443,1413992,0,1
2021-04-15,86.25,86.27,86.25,86.27,78.3081315490897,1843415,0,1
2021-04-16,86.2431,86.26,86.24,86.26,78.2990544502664,1674902,0,1
2021-04-19,86.24,86.26,86.24,86.25,78.289977351443,2063912,0,1
2021-04-20,86.26,86.28,86.25,86.27,78.3081315490897,2012682,0,1
2021-04-21,86.285,86.29,86.27,86.29,78.3262857467364,2061005,0,1
2021-04-22,86.27,86.28,86.26,86.28,78.3172086479131,4373501,0,1
2021-04-23,86.285,86.29,86.26,86.26,78.2990544502664,1535169,0,1
2021-04-26,86.255,86.26,86.24,86.24,78.2809002526196,1265841,0,1
2021-04-27,86.2465,86.25,86.23,86.23,78.2718231537963,1473029,0,1
2021-04-28,86.24,86.26,86.23,86.25,78.289977351443,2032696,0,1
2021-04-29,86.25,86.27,86.24,86.27,78.3081315490897,1552872,0,1
2021-04-30,86.26,86.28,86.26,86.28,78.3172086479131,2367555,0,1
2021-05-03,86.255,86.27,86.25,86.26,78.3101675423558,2910393,0.0122,1
2021-05-04,86.26,86.28,86.26,86.26,78.3101675423558,1972896,0,1
2021-05-05,86.26,86.28,86.26,86.28,78.3283243166527,1301938,0,1
2021-05-06,86.2881,86.29,86.27,86.28,78.3283243166527,1981393,0,1
2021-05-07,86.31,86.32,86.3,86.31,78.3555594780979,1950378,0,1
2021-05-10,86.29,86.3,86.28,86.28,78.3283243166527,2483740,0,1
2021-05-11,86.28,86.29,86.27,86.27,78.3192459295042,2629953,0,1
2021-05-12,86.24,86.26,86.24,86.26,78.3101675423558,4113077,0,1
2021-05-13,86.27,86.28,86.26,86.28,78.3283243166527,5497188,0,1
2021-05-14,86.28,86.29,86.28,86.28,78.3283243166527,3836409,0,1
2021-05-17,86.27,86.29,86.27,86.28,78.3283243166527,3860982,0,1
2021-05-18,86.29,86.29,86.28,86.29,78.3374027038011,3419218,0,1
2021-05-19,86.295,86.3,86.26,86.26,78.3101675423558,5213506,0,1
2021-05-20,86.2785,86.3,86.27,86.3,78.3464810909495,4010986,0,1
2021-05-21,86.295,86.3,86.28,86.28,78.3283243166527,1822359,0,1
2021-05-24,86.29,86.3,86.28,86.3,78.3464810909495,2565564,0,1
2021-05-25,86.295,86.31,86.29,86.3,78.3464810909495,2403859,0,1
2021-05-26,86.32,86.32,86.31,86.32,78.3646378652464,1810651,0,1
2021-05-27,86.305,86.32,86.3,86.32,78.3646378652464,1257851,0,1
2021-05-28,86.315,86.33,86.31,86.32,78.3646378652464,2054734,0,1
2021-06-01,86.29,86.31,86.29,86.29,78.3483639484441,2265796,0.0121,1
2021-06-02,86.31,86.31,86.29,86.3,78.3574436058723,1235014,0,1
2021-06-03,86.28,86.29,86.27,86.27,78.3302046335876,1607825,0,1
2021-06-04,86.29,86.3,86.29,86.3,78.3574436058723,2060560,0,1
2021-06-07,86.29,86.29,86.28,86.29,78.3483639484441,1240316,0,1
2021-06-08,86.3,86.31,86.3,86.31,78.3665232633006,1504358,0,1
2021-06-09,86.32,86.32,86.29,86.29,78.3483639484441,2283981,0,1
2021-06-10,86.29,86.32,86.28,86.32,78.3756029207289,1736345,0,1
2021-06-11,86.32,86.32,86.3,86.3,78.3574436058723,1661231,0,1
2021-06-14,86.29,86.3,86.27,86.27,78.3302046335876,3526825,0,1
2021-06-15,86.28,86.28,86.26,86.26,78.3211249761593,12066422,0,1
2021-06-16,86.27,86.28,86.17,86.18,78.2484877167333,2078943,0,1
2021-06-17,86.2,86.2,86.17,86.175,78.2439478880191,2527062,0,1
2021-06-18,86.121,86.13,86.055,86.11,78.1849301147354,4317706,0,1
2021-06-21,86.09,86.13,86.08,86.13,78.203089429592,5551353,0,1
2021-06-22,86.1531,86.18,86.14,86.18,78.2484877167333,2681291,0,1
2021-06-23,86.165,86.17,86.12,86.12,78.1940097721637,2761196,0,1
2021-06-24,86.138,86.14,86.12,86.13,78.203089429592,1273539,0,1
2021-06-25,86.135,86.14,86.12,86.12,78.1940097721637,1344306,0,1
2021-06-28,86.1385,86.15,86.13,86.15,78.2212487444485,1484889,0,1
2021-06-29,86.13,86.15,86.13,86.14,78.2121690870202,1691246,0,1
2021-06-30,86.16,86.16,86.14,86.16,78.2303284018767,2586099,0,1
2021-07-01,86.14,86.14,86.12,86.13,78.2150645897741,2227140,0.0132,1
2021-07-02,86.1563,86.17,86.14,86.17,78.2513887809222,1863438,0,1
2021-07-06,86.165,86.21,86.16,86.2,78.2786319242834,3158587,0,1
2021-07-07,86.185,86.21,86.18,86.21,78.2877129720704,1722987,0,1
2021-07-08,86.23,86.26,86.23,86.25,78.3240371632185,1440827,0,1
2021-07-09,86.23,86.2389,86.21,86.22,78.2967940198574,1258041,0,1
2021-07-12,86.21,86.22,86.18,86.2,78.2786319242834,1270986,0,1
2021-07-13,86.16,86.16,86.13,86.13,78.2150645897741,2683316,0,1
2021-07-14,86.17,86.19,86.17,86.19,78.2695508764963,1695972,0,1
2021-07-15,86.2,86.2,86.18,86.2,78.2786319242834,1396395,0,1
2021-07-16,86.17,86.21,86.16,86.19,78.2695508764963,1851597,0,1
2021-07-19,86.24,86.2794,86.23,86.23,78.3058750676445,9352529,0,1
2021-07-20,86.275,86.2856,86.25,86.27,78.3421992587926,2405339,0,1
2021-07-21,86.25,86.26,86.23,86.24,78.3149561154315,2789486,0,1
2021-07-22,86.24,86.26,86.23,86.25,78.3240371632185,2295730,0,1
2021-07-23,86.24,86.26,86.24,86.26,78.3331182110056,1386845,0,1
2021-07-26,86.26,86.26,86.24,86.24,78.3149561154315,2259181,0,1
2021-07-27,86.265,86.27,86.26,86.26,78.3331182110056,1387036,0,1
2021-07-28,86.26,86.28,86.225,86.27,78.3421992587926,2438484,0,1
2021-07-29,86.25,86.27,86.25,86.27,78.3421992587926,1193802,0,1
2021-07-30,86.2771,86.29,86.27,86.285,78.3558208304732,2019256,0,1
2021-08-02,86.29,86.32,86.29,86.31,78.3898257220165,3399904,0.0124,1
2021-08-03,86.31,86.32,86.3,86.31,78.3898257220165,1221668,0,1
2021-08-04,86.32,86.34,86.26,86.28,78.3625786501632,1878733,0,1
2021-08-05,86.24,86.25,86.22,86.24,78.3262492210254,1399990,0,1
2021-08-06,86.2141,86.22,86.21,86.21,78.2990021491721,2313651,0,1
2021-08-09,86.22,86.23,86.18,86.18,78.2717550773188,1862762,0,1
2021-08-10,86.1841,86.19,86.15,86.15,78.2445080054655,1198399,0,1
2021-08-11,86.1729,86.2,86.17,86.19,78.2808374346032,1837290,0,1
2021-08-12,86.18,86.19,86.17,86.185,78.276296255961,1792771,0,1
2021-08-13,86.18,86.21,86.18,86.2,78.2899197918877,1332839,0,1
2021-08-16,86.22,86.24,86.21,86.22,78.3080845064566,1797140,0,1
2021-08-17,86.21,86.23,86.2,86.2,78.2899197918877,1579563,0,1
2021-08-18,86.2,86.22,86.18,86.2,78.2899197918877,2310092,0,1
2021-08-19,86.22,86.22,86.19,86.2,78.2899197918877,1780792,0,1
2021-08-20,86.202,86.21,86.19,86.2,78.2899197918877,1685275,0,1
2021-08-23,86.19,86.2,86.18,86.2,78.2899197918877,1532509,0,1
2021-08-24,86.2,86.2,86.18,86.185,78.276296255961,1249913,0,1
2021-08-25,86.2,86.2,86.17,86.18,78.2717550773188,1319602,0,1
2021-08-26,86.18,86.2,86.1715,86.18,78.2717550773188,2078581,0,1
2021-08-27,86.195,86.24,86.17,86.24,78.3262492210254,2774897,0,1
2021-08-30,86.235,86.27,86.23,86.26,78.3444139355943,1438050,0,1
2021-08-31,86.255,86.26,86.25,86.25,78.3353315783099,2052190,0,1
2021-09-01,86.238,86.24,86.22,86.23,78.3287995469509,1324639,0.0128,1
2021-09-02,86.23,86.24,86.22,86.23,78.3287995469509,1640139,0,1
2021-09-03,86.23,86.24,86.23,86.23,78.3287995469509,1136620,0,1
2021-09-07,86.22,86.22,86.2,86.2,78.3015484280085,1468731,0,1
2021-09-08,86.22,86.23,86.21,86.22,78.3197158406368,1607170,0,1
2021-09-09,86.21,86.24,86.21,86.24,78.3378832532651,1600716,0,1
2021-09-10,86.21,86.23,86.21,86.21,78.3106321343226,1380158,0,1
2021-09-13,86.22,86.23,86.215,86.23,78.3287995469509,1095911,0,1
2021-09-14,86.24,86.25,86.23,86.24,78.3378832532651,1422921,0,1
2021-09-15,86.23,86.24,86.22,86.24,78.3378832532651,1790457,0,1
2021-09-16,86.21,86.22,86.2,86.21,78.3106321343226,1095336,0,1
2021-09-17,86.2,86.2,86.19,86.19,78.2924647216943,2904965,0,1
2021-09-20,86.21,86.22,86.2,86.21,78.3106321343226,2407385,0,1
2021-09-21,86.22,86.24,86.22,86.23,78.3287995469509,1931394,0,1
2021-09-22,86.21,86.225,86.1601,86.18,78.2833810153802,1606060,0,1
2021-09-23,86.15,86.16,86.13,86.13,78.2379624838094,2855784,0,1
2021-09-24,86.13,86.14,86.1,86.1,78.2107113648669,1462760,0,1
2021-09-27,86.1,86.11,86.09,86.09,78.2016276585528,1835271,0,1
2021-09-28,86.1,86.11,86.09,86.1,78.2107113648669,2489469,0,1
2021-09-29,86.11,86.13,86.11,86.13,78.2379624838094,3552126,0,1
2021-09-30,86.11,86.15,86.11,86.15,78.2561298964377,4498622,0,1
2021-10-01,86.16,86.18,86.15,86.18,78.2930805969824,3991692,0.0107,1
2021-10-04,86.15,86.16,86.14,86.14,78.2567412697153,12146846,0,1
2021-10-05,86.13,86.14,86.12,86.13,78.2476564378985,3590889,0,1
2021-10-06,86.12,86.12,86.1,86.12,78.2385716060818,3850157,0,1
2021-10-07,86.1,86.1,86.08,86.09,78.2113171106314,2452065,0,1
2021-10-08,86.1,86.1,86.05,86.06,78.1840626151811,1969594,0,1
2021-10-11,86.02,86.04,85.99,85.99,78.1204687924637,2012130,0,1
2021-10-12,86.03,86.04,86,86.03,78.1568081197308,1945920,0,1
2021-10-13,85.9849,86.01,85.98,86,78.1295536242804,2764255,0,1
2021-10-14,86.01,86.02,85.94,86,78.1295536242804,3496539,0,1
2021-10-15,85.97,85.99,85.93,85.95,78.0841294651966,2839755,0,1
2021-10-18,85.89,85.92,85.87,85.89,78.0296204742959,2968836,0,1
2021-10-19,85.92,85.94,85.92,85.92,78.0568749697462,1838627,0,1
2021-10-20,85.94,85.95,85.94,85.95,78.0841294651966,2360744,0,1
2021-10-21,85.88,85.89,85.84,85.85,77.9932811470288,2117443,0,1
2021-10-22,85.82,85.8333,85.77,85.83,77.9751114833952,3414922,0,1
2021-10-25,85.84,85.88,85.84,85.87,78.0114508106623,1990429,0,1
2021-10-26,85.85,85.86,85.83,85.85,77.9932811470288,2870262,0,1
2021-10-27,85.86,85.87,85.77,85.83,77.9751114833952,4373573,0,1
2021-10-28,85.8,85.88,85.79,85.84,77.984196315212,2969950,0,1
2021-10-29,85.78,85.88,85.76,85.85,77.9932811470288,3957908,0,1
2021-11-01,85.79,85.82,85.77,85.8,77.9578366756956,5043195,0.011,1
2021-11-02,85.855,85.9,85.84,85.89,78.0396106302506,2185792,0,1
2021-11-03,85.87,85.885,85.79,85.87,78.0214386403495,3242378,0,1
2021-11-04,85.92,85.985,85.92,85.95,78.0941265999538,3545790,0,1
2021-11-05,85.93,86,85.92,85.99,78.130470579756,2946729,0,1
2021-11-08,85.95,85.955,85.88,85.89,78.0396106302506,2293136,0,1
2021-11-09,85.94,85.96,85.93,85.94,78.0850406050033,1937500,0,1
2021-11-10,85.82,85.84,85.77,85.77,77.930578690844,5382411,0,1
2021-11-11,85.75,85.76,85.71,85.71,77.8760627211407,1839212,0,1
2021-11-12,85.78,85.8,85.75,85.78,77.9396646857945,3130157,0,1
2021-11-15,85.79,85.79,85.74,85.77,77.930578690844,2433502,0,1
2021-11-16,85.75,85.78,85.669912,85.77,77.930578690844,1722500,0,1
2021-11-17,85.76,85.8,85.75,85.8,77.9578366756956,1445867,0,1
2021-11-18,85.78,85.81,85.77,85.79,77.9487506807451,1620343,0,1
2021-11-19,85.86,85.88,85.77,85.77,77.930578690844,2791093,0,1
2021-11-22,85.685,85.71,85.65,85.67,77.8397187413385,3126588,0,1
2021-11-23,85.675,85.7,85.66,85.67,77.8397187413385,2892316,0,1
2021-11-24,85.64,85.66,85.62,85.65,77.8215467514374,1613406,0,1
2021-11-26,85.83,85.885,85.82,85.82,77.9760086655967,2842685,0,1
2021-11-29,85.805,85.86,85.79,85.86,78.0123526453989,3767877,0,1
2021-11-30,85.91,85.96,85.76,85.79,77.9487506807451,6358623,0,1
2021-12-01,85.665,85.75,85.61,85.75,77.9577576275396,10046173,0.0499,1
2021-12-02,85.68,85.6899,85.61,85.64,77.8577535069678,4117874,0,1
2021-12-03,85.5959,85.71,85.585,85.69,77.9032099254095,2931593,0,1
2021-12-06,85.66,85.67,85.6,85.62,77.8395709395911,4120371,0,1
2021-12-07,85.55,85.56,85.51,85.51,77.7395668190193,4194570,0,1
2021-12-08,85.49,85.54,85.48,85.54,77.7668406700844,2396752,0,1
2021-12-09,85.53,85.56,85.51,85.51,77.7395668190193,1829284,0,1
2021-12-10,85.54,85.61,85.52,85.55,77.7759319537727,1854604,0,1
2021-12-13,85.55,85.62,85.54,85.6,77.8213883722144,2589394,0,1
2021-12-14,85.55,85.58,85.55,85.55,77.7759319537727,3931711,0,1
2021-12-15,85.54,85.58,85.4698,85.58,77.8032058048377,5859777,0,1
2021-12-16,85.58,85.63,85.58,85.63,77.8650838090057,2523491,0.0181,1
2021-12-17,85.62,85.65,85.57,85.59,77.8287110033026,2459279,0,1
2021-12-20,85.64,85.67,85.61,85.61,77.8468974061541,5130629,0,1
2021-12-21,85.57,85.58,85.53,85.56,77.8014313990252,2031688,0,1
2021-12-22,85.56,85.57,85.53,85.55,77.7923381975994,3726037,0,1
2021-12-23,85.55,85.55,85.52,85.54,77.7832449961737,1919845,0,1
2021-12-27,85.49,85.51,85.48,85.51,77.7559653918963,2270689,0,1
2021-12-28,85.51,85.53,85.5049,85.51,77.7559653918963,3464825,0,1
2021-12-29,85.5,85.52,85.49,85.5,77.7468721904705,3110290,0,1
2021-12-30,85.51,85.55,85.5,85.55,77.7923381975994,1619090,0,1
2021-12-31,85.56,85.57,85.51,85.54,77.7832449961737,2645995,0,1
2022-01-03,85.45,85.46,85.42,85.44,77.6923129819158,5301662,0,1
2022-01-04,85.44,85.49,85.44,85.49,77.7377789890447,2759359,0,1
2022-01-05,85.455,85.46,85.37,85.38,77.6377537733611,2851916,0,1
2022-01-06,85.33,85.34,85.29,85.31,77.5741013633806,3526928,0,1
2022-01-07,85.275,85.32,85.26,85.29,77.555914960529,2657971,0,1
2022-01-10,85.265,85.28,85.24,85.24,77.5104489534001,4347337,0,1
2022-01-11,85.19,85.27,85.18,85.27,77.5377285576774,15867268,0,1
2022-01-12,85.275,85.28,85.24,85.24,77.5104489534001,7286233,0,1
2022-01-13,85.26,85.29,85.25,85.28,77.5468217591032,3739129,0,1
2022-01-14,85.245,85.25,85.17,85.17,77.4467965434196,2064754,0,1
2022-01-18,85.09,85.1,85.03,85.04,77.3285849248843,3255786,0,1
2022-01-19,85.07,85.12,85.07,85.08,77.3649577305875,3752762,0,1
2022-01-20,85.065,85.08,85.05,85.06,77.3467713277359,2762389,0,1
2022-01-21,85.15,85.17,85.12,85.13,77.4104237377164,5322832,0,1
2022-01-24,85.165,85.24,85.15,85.18,77.4558897448454,7835751,0,1
2022-01-25,85.1911,85.21,85.14,85.14,77.4195169391422,4657143,0,1
2022-01-26,85.15,85.1791,84.97,84.99,77.2831189177554,10878921,0,1
2022-01-27,84.92,84.96,84.9,84.92,77.2194665077749,7524880,0,1
2022-01-28,84.9157,84.97,84.91,84.95,77.2467461120523,4613203,0,1
2022-01-31,84.93,84.97,84.9,84.95,77.2467461120523,7218464,0,1
2022-02-01,84.945,84.95,84.87,84.92,77.2406518484567,13138482,0.0233,1
2022-02-02,84.945,84.97,84.93,84.94,77.2588432407903,5491978,0,1
2022-02-03,84.9,84.9,84.85,84.87,77.1951733676227,3620762,0,1
2022-02-04,84.747,84.75,84.66,84.7,77.0405465327871,9404747,0,1
2022-02-07,84.7155,84.73,84.68,84.72,77.0587379251207,3555672,0,1
2022-02-08,84.68,84.69,84.63,84.63,76.9768766596195,14355624,0,1
2022-02-09,84.66,84.67,84.61,84.62,76.9677809634527,2976858,0,1
2022-02-10,84.45,84.46,84.19,84.19,76.5766660282804,5892030,0,1
2022-02-11,84.33,84.45,84.25,84.45,76.8131541286172,5432391,0,1
2022-02-14,84.28,84.33,84.22,84.27,76.6494315976148,4375551,0,1
2022-02-15,84.27,84.32,84.25,84.3,76.6767186861152,2127656,0,1
2022-02-16,84.33,84.419,84.31,84.41,76.7767713439499,3335203,0,1
2022-02-17,84.41,84.46,84.4,84.46,76.8222498247839,4442939,0,1
2022-02-18,84.49,84.52,84.44,84.47,76.8313455209507,2459411,0,1
2022-02-22,84.415,84.435,84.36,84.39,76.7585799516164,3343975,0,1
2022-02-23,84.36,84.39,84.32,84.34,76.7131014707824,4258702,0,1
2022-02-24,84.515,84.535,84.39,84.41,76.7767713439499,4573638,0,1
2022-02-25,84.37,84.41,84.32,84.41,76.7767713439499,4279075,0,1
2022-02-28,84.56,84.63,84.545,84.56,76.9132067864519,5265329,0,1
2022-03-01,84.705,84.86,84.69,84.73,77.0909421469689,7383625,0.0254,1
2022-03-02,84.595,84.61,84.43,84.45,76.8361862895258,5250814,0,1
2022-03-03,84.44,84.49,84.4,84.45,76.8361862895258,6877437,0,1
2022-03-04,84.53,84.6,84.52,84.54,76.9180721008468,2880559,0,1
2022-03-07,84.46,84.51,84.43,84.43,76.8179894425656,6302925,0,1
2022-03-08,84.38,84.4099,84.3,84.32,76.7179067842844,5585666,0,1
2022-03-09,84.26,84.29,84.23,84.27,76.6724146668838,4988869,0,1
2022-03-10,84.2,84.21,84.16,84.2,76.6087257025231,4780295,0,1
2022-03-11,84.17,84.18,84.12,84.17,76.5814304320828,2620755,0,1
2022-03-14,84.03,84.05,83.95,83.95,76.3812651155203,3874949,0,1
2022-03-15,84.08,84.09,83.97,83.98,76.4085603859607,4999891,0,1
2022-03-16,83.96,83.98,83.76,83.9,76.3357729981198,5365115,0,1
2022-03-17,83.86,83.9,83.84,83.87,76.3084777276795,4453353,0,1
2022-03-18,83.83,83.87,83.82,83.85,76.2902808807192,4946488,0,1
2022-03-21,83.74,83.76,83.56,83.57,76.0355250232762,5342364,0,1
2022-03-22,83.48,83.54,83.46,83.51,75.9809344823955,2931409,0,1
2022-03-23,83.56,83.61,83.52,83.58,76.0446234467563,4184426,0,1
2022-03-24,83.55,83.57,83.5,83.555,76.021877388056,3311324,0,1
2022-03-25,83.44,83.4436,83.27,83.33,75.8171628597535,4586842,0,1
2022-03-28,83.28,83.3152,83.25,83.25,75.7443754719127,2991200,0,1
2022-03-29,83.28,83.34,83.2333,83.29,75.7807691658331,4640391,0,1
2022-03-30,83.28,83.37,83.27,83.35,75.8353597067138,5826578,0,1
2022-03-31,83.375,83.42,83.34,83.35,75.8353597067138,5328845,0,1
2022-04-01,83.13,83.1869,83.11,83.14,75.677324640076,10292290,0.0363,1
2022-04-04,83.17,83.2,83.12,83.19,75.7228366226596,5015497,0,1
2022-04-05,83.14,83.14,83.02,83.04,75.5863006749087,4649981,0,1
2022-04-06,83.005,83.185,82.99,83.1,75.6409150540091,7479724,0,1
2022-04-07,83.16,83.21,83.12,83.16,75.6955294331095,6184464,0,1
2022-04-08,83.05,83.12,83.045,83.06,75.6045054679422,4539486,0,1
2022-04-11,83.03,83.11,83.02,83.08,75.6227102609756,6705364,0,1
2022-04-12,83.21,83.31,83.19,83.29,75.8138605878269,5658788,0,1
2022-04-13,83.36,83.46,83.305,83.33,75.8502701738938,4808149,0,1
2022-04-14,83.26,83.28,83.16,83.18,75.7137342261429,4336224,0,1
2022-04-18,83.2,83.21,83.16,83.18,75.7137342261429,4100176,0,1
2022-04-19,83.08,83.11,82.97,82.99,75.5407886923251,5810975,0,1
2022-04-20,83,83.05,82.98,83.04,75.5863006749087,5814510,0,1
2022-04-21,82.95,82.95,82.815,82.9,75.4588671236745,7119572,0,1
2022-04-22,82.76,82.92,82.76,82.88,75.4406623306411,5425972,0,1
2022-04-25,83.05,83.16,82.99,83.01,75.5589934853585,5772388,0,1
2022-04-26,83.135,83.18,83.1,83.16,75.6955294331095,6621620,0,1
2022-04-27,83.21,83.22,83.08,83.12,75.6591198470425,8770879,0,1
2022-04-28,83.05,83.07,82.9809,83.06,75.6045054679422,4676407,0,1
2022-04-29,82.885,82.98,82.885,82.9,75.4588671236745,8047379,0,1
2022-05-02,82.87,82.89,82.83,82.85,75.45305160254,10907534,0.0436,1
2022-05-03,82.88,82.9,82.781,82.81,75.4166228510119,7556831,0,1
2022-05-04,82.725,83.04,82.67,83.03,75.6169809844164,10959900,0,1
2022-05-05,82.93,82.95,82.84,82.89,75.4894803540681,6415686,0,1
2022-05-06,82.89,83,82.86,82.88,75.480373166186,6375093,0,1
2022-05-09,82.995,83.11,82.99,83.09,75.6716241117085,6956201,0,1
2022-05-10,83.105,83.13,83.03,83.04,75.6260881722984,10070054,0,1
2022-05-11,82.98,83.09,82.92,83.05,75.6351953601804,7797949,0,1
2022-05-12,83.14,83.24,83.11,83.17,75.7444816147647,5231402,0,1
2022-05-13,83.11,83.14,83.07,83.14,75.7171600511186,5002605,0,1
2022-05-16,83.17,83.23,83.16,83.19,75.7626959905287,4515807,0,1
2022-05-17,83.03,83.11,82.99,83.01,75.5987666086523,3569194,0,1
2022-05-18,82.98,83.11,82.97,83.05,75.6351953601804,3613849,0,1
2022-05-19,83.22,83.22,83.14,83.17,75.7444816147647,4523470,0,1
2022-05-20,83.18,83.29,83.16,83.23,75.7991247420568,4869598,0,1
2022-05-23,83.22,83.24,83.16,83.19,75.7626959905287,3648104,0,1
2022-05-24,83.26,83.4199,83.25,83.38,75.9357325602871,4830058,0,1
2022-05-25,83.475,83.48,83.39,83.44,75.9903756875792,3377227,0,1
2022-05-26,83.51,83.5269,83.43,83.46,76.0085900633432,5493244,0,1
2022-05-27,83.49,83.5,83.44,83.48,76.0268044391073,6058594,0,1
2022-05-31,83.385,83.39,83.32,83.35,75.908410996641,8198071,0,1
2022-06-01,83.24,83.27,83.1,83.13,75.7670173511787,10980923,0.0647,1
2022-06-02,83.16,83.18,83.11,83.15,75.7852459130339,5243187,0,1
2022-06-03,83.1,83.14,83.1,83.12,75.7579030702511,3223994,0,1
2022-06-06,83.075,83.08,83.01,83.01,75.6576459800474,3584906,0,1
2022-06-07,83.05,83.08,83.01,83.02,75.666760260975,3944931,0,1
2022-06-08,82.99,83.01,82.96,82.96,75.6120745754094,4133134,0,1
2022-06-09,82.93,82.96,82.88,82.9,75.5573888898438,5332587,0,1
2022-06-10,82.72,82.74,82.55,82.55,75.2383890573776,6124187,0,1
2022-06-13,82.31,82.34,82.01,82.13,74.8555892584182,8794531,0,1
2022-06-14,82.15,82.18,81.94,81.97,74.7097607635765,8106250,0,1
2022-06-15,82.13,82.34,82,82.29,75.0014177532599,9018311,0,1
2022-06-16,82.19,82.43,82.1601,82.4,75.1016748434636,8076511,0,1
2022-06-17,82.43,82.44,82.29,82.38,75.0834462816083,8188856,0,1
2022-06-21,82.33,82.36,82.31,82.35,75.0561034388255,5443795,0,1
2022-06-22,82.525,82.59,82.505,82.59,75.2748461810881,4110740,0,1
2022-06-23,82.735,82.855,82.65,82.66,75.3386461475813,6229397,0,1
2022-06-24,82.605,82.73,82.59,82.64,75.3204175857261,6103315,0,1
2022-06-27,82.55,82.62,82.481,82.55,75.2383890573776,7376450,0,1
2022-06-28,82.51,82.54,82.49,82.53,75.2201604955224,4399549,0,1
2022-06-29,82.53,82.64,82.5182,82.63,75.3113033047985,4170781,0,1
2022-06-30,82.76,82.85,82.74,82.79,75.4571317996401,16742622,0,1
2022-07-01,82.915,83.07,82.89,82.96,75.6840746604532,9559309,0.079,1
2022-07-05,82.975,83.01,82.93,82.95,75.674951700634,9888833,0,1
2022-07-06,82.97,82.97,82.71,82.72,75.4651236247913,4883847,0,1
2022-07-07,82.715,82.72,82.6136,82.66,75.4103858658759,4906256,0,1
2022-07-08,82.58,82.59,82.52,82.56,75.3191562676834,3249139,0,1
2022-07-11,82.635,82.69,82.58,82.59,75.3465251471412,16663803,0,1
2022-07-12,82.69,82.73,82.62,82.63,75.3830169864181,6373119,0,1
2022-07-13,82.44,82.635,82.43,82.54,75.300910348045,11769769,0,1
2022-07-14,82.38,82.565,82.34,82.51,75.2735414685872,6656828,0,1
2022-07-15,82.5,82.63,82.49,82.57,75.3282792275027,5961533,0,1
2022-07-18,82.52,82.54,82.47,82.52,75.2826644284064,2608178,0,1
2022-07-19,82.53,82.54,82.42,82.43,75.2005577900333,9115181,0,1
2022-07-20,82.51,82.51,82.41,82.42,75.191434830214,5453773,0,1
2022-07-21,82.54,82.67,82.515,82.65,75.4012629060566,5850141,0,1
2022-07-22,82.82,82.95,82.805,82.86,75.5928450622608,6038120,0,1
2022-07-25,82.79,82.83,82.77,82.79,75.5289843435261,20449493,0,1
2022-07-26,82.87,82.88,82.75,82.75,75.4924925042491,2854610,0,1
2022-07-27,82.77,82.91,82.73,82.88,75.6110909818993,7051604,0,1
2022-07-28,83.075,83.1,83.01,83.06,75.7753042586457,5573729,0,1
2022-07-29,83,83.09,82.9801,83.05,75.7661812988264,5546072,0,1
2022-08-01,82.96,82.98,82.9,82.96,75.7645811316741,6463002,0.0882,1
2022-08-02,82.95,82.97,82.67,82.67,75.4997338736198,14265332,0,1
2022-08-03,82.645,82.7,82.51,82.7,75.5271318658323,6485460,0,1
2022-08-04,82.715,82.83,82.69,82.81,75.6275911706116,5411514,0,1
2022-08-05,82.5,82.54,82.4548,82.47,75.317080592203,5049734,0,1
2022-08-08,82.53,82.56,82.51,82.55,75.3901419047697,6868912,0,1
2022-08-09,82.48,82.49,82.44,82.47,75.317080592203,3742069,0,1
2022-08-10,82.665,82.72,82.54,82.55,75.3901419047697,6821137,0,1
2022-08-11,82.66,82.69,82.52,82.52,75.3627439125572,4071464,0,1
2022-08-12,82.61,82.62,82.5099,82.54,75.3810092406989,4782933,0,1
2022-08-15,82.62,82.65,82.59,82.61,75.4449378891948,17015904,0,1
2022-08-16,82.59,82.59,82.53,82.54,75.3810092406989,3249314,0,1
2022-08-17,82.42,82.49,82.39,82.47,75.317080592203,4162356,0,1
2022-08-18,82.56,82.6085,82.52,82.59,75.4266725610531,3648304,0,1
2022-08-19,82.51,82.54,82.48,82.53,75.3718765766281,4519402,0,1
2022-08-22,82.46,82.49,82.4,82.42,75.2714172718489,3739665,0,1
2022-08-23,82.44,82.5656,82.405,82.46,75.3079479281322,4227567,0,1
2022-08-24,82.425,82.45,82.37,82.37,75.2257539514947,4551754,0,1
2022-08-25,82.44,82.46,82.4,82.42,75.2714172718489,3026428,0,1
2022-08-26,82.41,82.45,82.34,82.4,75.2531519437072,4304031,0,1
2022-08-29,82.38,82.39,82.33,82.34,75.1983559592822,3651887,0,1
2022-08-30,82.315,82.36,82.25,82.3,75.1618253029988,4626174,0,1
2022-08-31,82.305,82.35,82.27,82.29,75.152692638928,5424183,0,1
2022-09-01,82.14,82.19,82.07,82.13,75.0983368489111,6728667,0.1005,1
2022-09-02,82.29,82.34,82.24,82.31,75.2629259227308,4105999,0,1
2022-09-06,82.185,82.2,82.125,82.13,75.0983368489111,4986626,0,1
2022-09-07,82.18,82.25,82.16,82.25,75.2080628981242,4425388,0,1
2022-09-08,82.2,82.22,82.14,82.15,75.11662452378,4979988,0,1
2022-09-09,82.145,82.18,82.05,82.08,75.052617661739,4072276,0,1
2022-09-12,82.13,82.14,82.05,82.07,75.0434738243046,3139529,0,1
2022-09-13,81.82,81.8499,81.7425,81.79,74.7874463761408,6543635,0,1
2022-09-14,81.715,81.79,81.71,81.72,74.7234395140998,4744769,0,1
2022-09-15,81.67,81.69,81.63,81.63,74.64114497719,3592065,0,1
2022-09-16,81.6,81.7,81.59,81.67,74.6777203269277,4366214,0,1
2022-09-19,81.55,81.6,81.53,81.58,74.5954257900179,4378218,0,1
2022-09-20,81.54,81.67,81.5101,81.54,74.5588504402802,15975377,0,1
2022-09-21,81.54,81.55,81.32,81.47,74.4948435782393,4475828,0,1
2022-09-22,81.38,81.39,81.28,81.32,74.3576860167229,6594970,0,1
2022-09-23,81.32,81.3383,81.2,81.22,74.2662476423787,10192885,0,1
2022-09-26,81.18,81.2,81,81.04,74.1016585685591,6145811,0,1
2022-09-27,81.11,81.12,81.01,81.04,74.1016585685591,15088336,0,1
2022-09-28,81.3,81.39,81.23,81.39,74.4216928787639,7793393,0,1
2022-09-29,81.25,81.31,81.195,81.28,74.3211106669852,4735025,0,1
2022-09-30,81.29,81.35,81.18,81.21,74.2571038049443,8447051,0,1
2022-10-03,81.27,81.4095,81.23,81.28,74.4198851421031,8906618,0.108,1
2022-10-04,81.33,81.41,81.29,81.31,74.4473531115207,6219934,0,1
2022-10-05,81.225,81.26,81.16,81.23,74.3741051930738,7175990,0,1
2022-10-06,81.23,81.24,81.13,81.13,74.2825452950151,5100225,0,1
2022-10-07,81.06,81.08,81.03,81.03,74.1909853969564,4619019,0,1
2022-10-10,81.04,81.05,80.96,81,74.1635174275388,2934870,0,1
2022-10-11,81.07,81.12,81.04,81.04,74.2001413867623,3836480,0,1
2022-10-12,81.06,81.13,81.05,81.12,74.2733893052092,8787628,0,1
2022-10-13,80.8,80.98,80.79,80.88,74.0536455498683,5751582,0,1
2022-10-14,80.975,80.985,80.82,80.84,74.0170215906449,5509629,0,1
2022-10-17,80.98,80.99,80.92,80.93,74.0994254988977,4013758,0,1
2022-10-18,81.01,81.02,80.92,80.97,74.1360494581212,7012036,0,1
2022-10-19,80.85,80.88,80.81,80.82,73.9987096110331,4349128,0,1
2022-10-20,80.77,80.82,80.73,80.73,73.9163057027803,5797367,0,1
2022-10-21,80.83,80.985,80.8,80.94,74.1085814887036,5180332,0,1
2022-10-24,80.9,80.97,80.8701,80.92,74.0902695090918,3680136,0,1
2022-10-25,81.04,81.09,80.98,81,74.1635174275388,5113377,0,1
2022-10-26,81.02,81.11,81.01,81.07,74.2276093561799,6040310,0,1
2022-10-27,81.16,81.25,81.12,81.24,74.3832611828796,4010979,0,1
2022-10-28,81.14,81.185,81.09,81.12,74.2733893052092,4464054,0,1
2022-10-31,81.01,81.03,80.96,81,74.1635174275388,6845902,0,1
2022-11-01,80.98,80.99,80.78,80.78,74.0909012723884,5349712,0.1407,1
2022-11-02,80.825,80.955,80.69,80.74,74.0542135272672,5714675,0,1
2022-11-03,80.56,80.64,80.56,80.59,73.9166344830625,4834041,0,1
2022-11-04,80.63,80.71,80.57,80.68,73.9991819095853,4347219,0,1
2022-11-07,80.64,80.64,80.6,80.61,73.9349783556231,4391384,0,1
2022-11-08,80.65,80.71,80.64,80.69,74.0083538458656,7092232,0,1
2022-11-09,80.72,80.84,80.7,80.82,74.1275890175097,4587821,0,1
2022-11-10,81.165,81.29,81.16,81.26,74.5311542138436,6631597,0,1
2022-11-11,81.185,81.28,81.17,81.24,74.5128103412829,4246001,0,1
2022-11-14,81.155,81.17,81.11,81.17,74.4486067873207,7192136,0,1
2022-11-15,81.25,81.2585,81.18,81.25,74.5219822775633,21231256,0,1
2022-11-16,81.29,81.3,81.24,81.26,74.5311542138436,8253337,0,1
2022-11-17,81.19,81.19,81.12,81.16,74.4394348510404,5450031,0,1
2022-11-18,81.145,81.18,81.07,81.07,74.3568874245176,4372572,0,1
2022-11-21,81.13,81.1399,81.04,81.05,74.338543551957,3436027,0,1
2022-11-22,81.1,81.12,81.06,81.11,74.3935751696389,3421519,0,1
2022-11-23,81.1,81.195,81.0829,81.18,74.4577787236011,4070983,0,1
2022-11-25,81.16,81.2,81.15,81.19,74.4669506598814,1539026,0,1
2022-11-28,81.205,81.25,81.19,81.21,74.485294532442,4330165,0,1
2022-11-29,81.21,81.23,81.18,81.18,74.4577787236011,4708505,0,1
2022-11-30,81.14,81.42,81.11,81.42,74.6779051943286,10368915,0,1
2022-12-01,81.295,81.43,81.27,81.43,74.8388185616241,23602259,0.1654,1
2022-12-02,81.29,81.42,81.24,81.41,74.8204374198921,5163373,0,1
2022-12-05,81.32,81.33,81.18,81.18,74.6090542899748,6591465,0,1
2022-12-06,81.225,81.29,81.21,81.27,74.6917694277685,4237259,0,1
2022-12-07,81.37,81.45,81.35,81.44,74.8480091324901,5160379,0,1
2022-12-08,81.385,81.42,81.35,81.36,74.7744845655623,4121093,0,1
2022-12-09,81.35,81.4,81.32,81.32,74.7377222820984,4623409,0,1
2022-12-12,81.36,81.37,81.24,81.27,74.6917694277685,4593832,0,1
2022-12-13,81.59,81.62,81.49,81.51,74.9123431285519,5790798,0,1
2022-12-14,81.58,81.62,81.43,81.52,74.9215336994179,5651652,0,1
2022-12-15,81.39,81.3983,81.31,81.35,74.9313529053311,6163276,0.1807,1
2022-12-16,81.3,81.48,81.29,81.43,75.0050407754285,3987731,0,1
2022-12-19,81.395,81.4,81.33,81.33,74.9129309378067,4845797,0,1
2022-12-20,81.29,81.35,81.27,81.33,74.9129309378067,3735582,0,1
2022-12-21,81.42,81.43,81.38,81.41,74.9866188079041,5219359,0,1
2022-12-22,81.39,81.45,81.36,81.36,74.9405638890932,6612801,0,1
2022-12-23,81.31,81.34,81.3,81.32,74.9037199540445,2737223,0,1
2022-12-27,81.25,81.26,81.16,81.21,74.8023991326605,3969636,0,1
2022-12-28,81.23,81.25,81.21,81.21,74.8023991326605,4308903,0,1
2022-12-29,81.255,81.28,81.23,81.27,74.8576650352336,4149238,0,1
2022-12-30,81.2,81.27,81.16,81.17,74.7655551976118,6051634,0,1
2023-01-03,81.29,81.3,81.21,81.24,74.8300320839471,7190486,0,1
2023-01-04,81.358,81.38,81.275,81.32,74.9037199540445,4098487,0,1
2023-01-05,81.18,81.25,81.15,81.21,74.8023991326605,4879267,0,1
2023-01-06,81.29,81.53,81.2601,81.52,75.0879396292881,6357598,0,1
2023-01-09,81.53,81.62,81.53,81.6,75.1616274993855,6204760,0,1
2023-01-10,81.53,81.55,81.48,81.53,75.0971506130503,3993045,0,1
2023-01-11,81.53,81.61,81.52,81.6,75.1616274993855,6779692,0,1
2023-01-12,81.74,81.79,81.68,81.78,75.3274252071048,5571066,0,1
2023-01-13,81.72,81.76,81.62,81.64,75.1984714344343,4546529,0,1
2023-01-17,81.655,81.72,81.65,81.69,75.2445263532452,5843408,0,1
2023-01-18,81.86,81.89,81.83,81.87,75.4103240609644,4551591,0,1
2023-01-19,81.86,81.88,81.82,81.85,75.39190209344,4791768,0,1
2023-01-20,81.765,81.79,81.73,81.78,75.3274252071048,4042219,0,1
2023-01-23,81.73,81.75,81.68,81.7,75.2537373370074,5559304,0,1
2023-01-24,81.7,81.76,81.67,81.73,75.2813702882939,4179169,0,1
2023-01-25,81.755,81.81,81.75,81.78,75.3274252071048,3169430,0,1
2023-01-26,81.76,81.78,81.72,81.73,75.2813702882939,5417000,0,1
2023-01-27,81.705,81.73,81.69,81.73,75.2813702882939,3822679,0,1
2023-01-30,81.67,81.67,81.64,81.65,75.2076824181965,6446172,0,1
2023-01-31,81.74,81.8,81.69,81.8,75.3458471746291,7241118,0,1
2023-02-01,81.638,81.79,81.53,81.79,75.4770548750263,8447441,0.1524,1
2023-02-02,81.85,81.86,81.77,81.8,75.4862830269856,10328777,0,1
2023-02-03,81.595,81.63,81.5,81.5,75.2094384682069,7167469,0,1
2023-02-06,81.35,81.38,81.27,81.27,74.9971909731432,4078961,0,1
2023-02-07,81.33,81.42,81.27,81.31,75.0341035809804,4899954,0,1
2023-02-08,81.33,81.36,81.29,81.34,75.0617880368583,5112674,0,1
2023-02-09,81.38,81.39,81.26,81.28,75.0064191251025,4328568,0,1
2023-02-10,81.31,81.32,81.24,81.24,74.9695065172654,5046285,0,1
2023-02-13,81.21,81.26,81.21,81.26,74.9879628211839,4916346,0,1
2023-02-14,81.155,81.195,81.09,81.09,74.831084237876,7889637,0,1
2023-02-15,81.1,81.14,81.08,81.1,74.8403123898353,5026263,0,1
2023-02-16,81.12,81.17,81.08,81.11,74.8495405417946,6081591,0,1
2023-02-17,81.1,81.18,81.08,81.18,74.9141376055096,3773902,0,1
2023-02-21,81.08,81.0952,81.02,81.02,74.766487174161,6391392,0,1
2023-02-22,81.08,81.11,81.04,81.06,74.8033997819982,3889568,0,1
2023-02-23,81.085,81.12,81.05,81.11,74.8495405417946,4072877,0,1
2023-02-24,80.98,80.99,80.91,80.94,74.6926619584867,4189647,0,1
2023-02-27,81,81.01,80.97,81.01,74.7572590222017,3246623,0,1
2023-02-28,80.955,81.01,80.934,80.99,74.7388027182831,3978259,0,1
2023-03-01,80.755,80.79,80.67,80.68,74.6024918400621,5386141,0.1623,1
2023-03-02,80.66,80.72,80.64,80.71,74.6302319832847,6634436,0,1
2023-03-03,80.77,80.77,80.68,80.76,74.6764655553225,6045081,0,1
2023-03-06,80.795,80.8,80.71,80.72,74.6394786976923,3862477,0,1
2023-03-07,80.75,80.76,80.54,80.55,74.482284552764,6748749,0,1
2023-03-08,80.59,80.63,80.48,80.51,74.4452976951339,7627859,0,1
2023-03-09,80.645,80.79,80.63,80.77,74.68571226973,6480303,0,1
2023-03-10,81.09,81.22,81,81.21,75.0925677036619,10588619,0,1
2023-03-13,81.845,82.045,81.685,82.02,75.8415515706729,12061390,0,1
2023-03-14,81.68,81.81,81.493,81.71,75.5549034240391,18453087,0,1
2023-03-15,82.25,82.41,82.01,82.19,75.9987457156012,13411610,0,1
2023-03-16,82.24,82.29,81.82,81.86,75.6936041401522,8525355,0,1
2023-03-17,82.01,82.37,82,82.27,76.0727194308615,8629668,0,1
2023-03-20,82.35,82.37,82.0925,82.17,75.9802522867861,4907862,0,1
2023-03-21,81.91,82,81.84,81.86,75.6936041401522,4840908,0,1
2023-03-22,81.83,82.255,81.78,82.24,76.0449792876389,8003583,0,1
2023-03-23,82.295,82.517,82.24,82.48,76.26690043342,4930753,0,1
2023-03-24,82.7,82.74,82.47,82.52,76.3038872910501,8638814,0,1
2023-03-27,82.23,82.29,82.145,82.17,75.9802522867861,3942522,0,1
2023-03-28,82.11,82.14,82.05,82.08,75.8970318571182,9564942,0,1
2023-03-29,82,82.1,81.99,82.05,75.8692917138956,4047538,0,1
2023-03-30,81.97,82.06,81.965,82.06,75.8785384283031,4077273,0,1
2023-03-31,82.03,82.16,82.01,82.16,75.9710055723786,6451523,0,1
2023-04-03,81.9,82.08,81.87,82.08,76.0636326846132,9610777,0.1802,1
2023-04-04,82,82.3,82,82.27,76.2397059084202,4905457,0,1
2023-04-05,82.44,82.61,82.37,82.38,76.3416430379927,7535529,0,1
2023-04-06,82.39,82.44,82.33,82.35,76.3138420026547,4666766,0,1
2023-04-10,82.1,82.12,82.05,82.06,76.0450986610546,3702256,0,1
2023-04-11,82.1,82.1,81.98,82.05,76.0358316492753,2725396,0,1
2023-04-12,82.18,82.195,82.08,82.14,76.1192347552891,6091323,0,1
2023-04-13,82.255,82.3,82.17,82.19,76.1655698141857,3350603,0,1
2023-04-14,82.05,82.05,81.955,82,75.9894965903787,3160990,0,1
2023-04-17,81.93,81.94,81.85,81.88,75.8782924490269,3293133,0,1
2023-04-18,81.875,81.94,81.84,81.86,75.8597584254683,3581232,0,1
2023-04-19,81.835,81.85,81.78,81.79,75.7948893430131,5923218,0,1
2023-04-20,81.96,82,81.94,81.99,75.9802295785994,4592456,0,1
2023-04-21,82.065,82.075,81.93,81.94,75.9338945197028,3348285,0,1
2023-04-24,81.99,82.05,81.99,82.03,76.0172976257167,1906015,0,1
2023-04-25,82.18,82.38,82.17,82.35,76.3138420026547,3373412,0,1
2023-04-26,82.345,82.36,82.19,82.25,76.2211718848616,4803568,0,1
2023-04-27,82.15,82.175,82.05,82.09,76.0728996963926,3452234,0,1
2023-04-28,82.16,82.18,82.1,82.18,76.1563028024064,4325276,0,1
2023-05-01,81.9,81.9,81.8,81.81,75.9905817574581,3339703,0.1912,1
2023-05-02,81.84,82.139,81.83,82.08,76.2413757566576,5394075,0,1
2023-05-03,82.14,82.287,82.11,82.28,76.427149089398,4568795,0,1
2023-05-04,82.28,82.6,82.275,82.41,76.5479017556792,8624945,0,1
2023-05-05,82.27,82.28,82.165,82.21,76.3621284229389,3375175,0,1
2023-05-08,82.1,82.17,82.08,82.08,76.2413757566576,3166686,0,1
2023-05-09,82.08,82.09,82.02,82.06,76.2227984233836,4479296,0,1
2023-05-10,82.18,82.31,82.1601,82.26,76.408571756124,4931833,0,1
2023-05-11,82.415,82.43,82.29,82.31,76.4550150893091,7866510,0,1
2023-05-12,82.29,82.31,82.16,82.17,76.3249737563908,8635320,0,1
2023-05-15,82.17,82.19,82.15,82.18,76.3342624230278,3605129,0,1
2023-05-16,82.12,82.14,82.02,82.08,76.2413757566576,6905300,0,1
2023-05-17,82.06,82.07,81.95,81.99,76.1577777569244,4660258,0,1
2023-05-18,81.89,81.92,81.82,81.84,76.0184477573691,4385677,0,1
2023-05-19,81.78,81.935,81.72,81.78,75.962715757547,5650339,0,1
2023-05-22,81.8,81.855,81.73,81.75,75.934849757636,4024306,0,1
2023-05-23,81.7,81.77,81.6601,81.74,75.9255610909989,8964030,0,1
2023-05-24,81.75,81.76,81.62,81.64,75.8326744246287,5761402,0,1
2023-05-25,81.57,81.62,81.45,81.46,75.6654784251624,7552796,0,1
2023-05-26,81.41,81.45,81.3339,81.44,75.6469010918884,3728673,0,1
2023-05-30,81.47,81.61,81.44,81.6,75.7955197580807,4441842,0,1
2023-05-31,81.64,81.72,81.59,81.68,75.8698290911768,7229558,0,1
2023-06-01,81.548,81.64,81.54,81.61,75.9878434585335,5119302,0.1971,1
2023-06-02,81.52,81.53,81.34,81.38,75.7736882815274,9465259,0,1
2023-06-05,81.31,81.49,81.28,81.4,75.7923104708323,5934141,0,1
2023-06-06,81.4,81.42,81.335,81.36,75.7550660922226,4313384,0,1
2023-06-07,81.35,81.38,81.25,81.3,75.6991995243079,6869424,0,1
2023-06-08,81.41,81.47,81.38,81.43,75.8202437547896,4306569,0,1
2023-06-09,81.35,81.35,81.28,81.28,75.6805773350031,4022447,0,1
2023-06-12,81.34,81.35,81.28,81.35,75.7457549975701,3825100,0,1
2023-06-13,81.435,81.44,81.17,81.2,75.6060885777836,4872372,0,1
2023-06-14,81.29,81.31,81.04,81.15,75.5595331045214,6175913,0,1
2023-06-15,81.285,81.33,81.25,81.32,75.7178217136128,6384579,0,1
2023-06-16,81.18,81.24,81.12,81.21,75.615399672436,5079927,0,1
2023-06-20,81.22,81.3,81.22,81.24,75.6433329563933,4788576,0,1
2023-06-21,81.19,81.28,81.18,81.24,75.6433329563933,20688492,0,1
2023-06-22,81.22,81.26,81.14,81.15,75.5595331045214,4198741,0,1
2023-06-23,81.3,81.33,81.19,81.22,75.6247107670885,3892852,0,1
2023-06-26,81.285,81.2983,81.23,81.28,75.6805773350031,3101525,0,1
2023-06-27,81.27,81.31,81.14,81.16,75.5688441991738,3574268,0,1
2023-06-28,81.2,81.25,81.15,81.25,75.6526440510458,4298898,0,1
2023-06-29,81.055,81.07,81.015,81.05,75.466422157997,4646447,0,1
2023-06-30,81.075,81.09,81.025,81.08,75.4943554419543,6958746,0,1
2023-07-03,80.82,80.91,80.77,80.78,75.4068460499729,3600003,0.206,1
2023-07-05,80.835,80.84,80.75,80.76,75.388176367861,6045824,0,1
2023-07-06,80.64,80.72,80.55,80.71,75.3415021625812,8591950,0,1
2023-07-07,80.77,80.87,80.76,80.8,75.4255157320848,3944092,0,1
2023-07-10,80.84,80.94,80.83,80.92,75.5375338247562,2857982,0,1
2023-07-11,80.91,80.94,80.89,80.91,75.5281989837002,3659394,0,1
2023-07-12,81.12,81.175,81.1,81.15,75.7522351690431,5069027,0,1
2023-07-13,81.32,81.38,81.28,81.38,75.96693651333,4954767,0,1
2023-07-14,81.27,81.3,81.17,81.17,75.770904851155,4248948,0,1
2023-07-17,81.21,81.23,81.17,81.2,75.7989093743228,4027909,0,1
2023-07-18,81.28,81.31,81.19,81.2,75.7989093743228,2590749,0,1
2023-07-19,81.25,81.27,81.19,81.23,75.8269138974907,7015793,0,1
2023-07-20,81.13,81.15,81.07,81.13,75.7335654869312,8745735,0,1
2023-07-21,81.14,81.16,81.1,81.14,75.7429003279871,3891857,0,1
2023-07-24,81.15,81.165,81.04,81.04,75.6495519174276,4127302,0,1
2023-07-25,81.005,81.04,80.99,81.03,75.6402170763717,3275705,0,1
2023-07-26,81.06,81.1361,80.99,81.11,75.7148958048193,4339683,0,1
2023-07-27,81.07,81.09,80.98,80.99,75.6028777121479,5591581,0,1
2023-07-28,81.08,81.12,81.05,81.1,75.7055609637633,6008612,0,1
2023-07-31,81.08,81.15,81.08,81.12,75.7242306458752,4074260,0,1
2023-08-01,80.87,80.91,80.83,80.84,75.6605987683332,4958075,0.2118,1
2023-08-02,80.88,80.9,80.81,80.88,75.6980359770261,4046444,0,1
2023-08-03,80.885,80.94,80.8638,80.91,75.7261138835458,4110097,0,1
2023-08-04,81,81.09,81,81.07,75.8758627183174,3590389,0,1
2023-08-07,81.07,81.12,81.06,81.1,75.903940624837,10383840,0,1
2023-08-08,81.12,81.16,81.1,81.14,75.9413778335299,3016999,0,1
2023-08-09,81.13,81.16,81.08,81.09,75.8945813226638,3198250,0,1
2023-08-10,81.13,81.175,81.05,81.05,75.8571441139709,3867878,0,1
2023-08-11,80.98,81.03,80.9639,80.97,75.7822696965851,3596078,0,1
2023-08-14,80.92,80.9499,80.89,80.9,75.7167545813726,3217260,0,1
2023-08-15,80.93,80.995,80.91,80.93,75.7448324878922,4782054,0,1
2023-08-16,80.96,80.99,80.89,80.89,75.7073952791993,3794252,0,1
2023-08-17,80.98,81,80.91,80.98,75.7916289987584,6059391,0,1
2023-08-18,81.01,81.05,80.99,81.01,75.819706905278,3090613,0,1
2023-08-21,80.96,80.97,80.92,80.92,75.735473185719,2642387,0,1
2023-08-22,80.91,80.93,80.88,80.88,75.6980359770261,2734522,0,1
2023-08-23,80.98,81.06,80.98,81.03,75.8384255096245,5508952,0,1
2023-08-24,80.975,81.04,80.97,80.98,75.7916289987584,3653069,0,1
2023-08-25,80.95,81,80.88,80.93,75.7448324878922,4682313,0,1
2023-08-28,80.94,80.98,80.91,80.98,75.7916289987584,2798341,0,1
2023-08-29,80.94,81.16,80.94,81.16,75.9600964378764,5272162,0,1
2023-08-30,81.21,81.22,81.15,81.16,75.9600964378764,4512400,0,1
2023-08-31,81.2,81.25,81.17,81.24,76.0349708552621,3948690,0,1
2023-09-01,81.13,81.1301,80.98,80.99,75.9936111630284,4157540,0.2058,1
2023-09-05,80.96,80.9778,80.88,80.89,75.8997803059312,4130025,0,1
2023-09-06,80.92,80.92,80.79,80.8,75.8153325345438,5001147,0,1
2023-09-07,80.88,80.95,80.87,80.95,75.9560788201896,3130760,0,1
2023-09-08,80.98,81,80.91,80.91,75.9185464773507,3582633,0,1
2023-09-11,80.91,80.93,80.9,80.93,75.9373126487701,2750626,0,1
2023-09-12,80.91,80.91,80.88,80.89,75.8997803059312,3358425,0,1
2023-09-13,80.9,80.98,80.9,80.96,75.9654619058993,3489477,0,1
2023-09-14,81,81.01,80.93,80.94,75.9466957344798,3349274,0,1
2023-09-15,80.92,80.96,80.9,80.9,75.909163391641,4055926,0,1
2023-09-18,80.89,80.9099,80.87,80.89,75.8997803059312,2676709,0,1
2023-09-19,80.87,80.89,80.83,80.83,75.8434817916729,3162974,0,1
2023-09-20,80.91,80.93,80.77,80.78,75.7965663631243,3583674,0,1
2023-09-21,80.79,80.85,80.79,80.82,75.8340987059632,5170770,0,1
2023-09-22,80.86,80.93,80.85,80.9,75.909163391641,3907958,0,1
2023-09-25,80.88,80.91,80.87,80.87,75.8810141345118,3439073,0,1
2023-09-26,80.89,80.9,80.85,80.88,75.8903972202215,14216344,0,1
2023-09-27,80.91,80.91,80.78,80.82,75.8340987059632,5777619,0,1
2023-09-28,80.89,80.96,80.86,80.96,75.9654619058993,4522562,0,1
2023-09-29,81.02,81.035,80.97,80.97,75.974844991609,6015169,0,1
2023-10-02,80.69,80.72,80.67,80.68,75.8989001724917,5670966,0.2091,1
2023-10-03,80.7,80.73,80.62,80.62,75.8424557747432,6707633,0,1
2023-10-04,80.715,80.8,80.675,80.8,76.0117889679887,5927028,0,1
2023-10-05,80.88,80.89,80.86,80.88,76.0870481649867,4665580,0,1
2023-10-06,80.77,80.82,80.75,80.81,76.0211963676134,3456825,0,1
2023-10-09,80.95,81.05,80.95,81.05,76.2469739586075,4119313,0,1
2023-10-10,80.96,81.03,80.94,81,76.1999369604837,5135738,0,1
2023-10-11,80.95,80.98,80.92,80.98,76.1811221612342,3131523,0,1
2023-10-12,80.91,80.92,80.87,80.88,76.0870481649867,5361989,0,1
2023-10-13,80.96,80.96,80.91,80.93,76.1340851631105,3506301,0,1
2023-10-16,80.895,80.9,80.87,80.88,76.0870481649867,2967881,0,1
2023-10-17,80.77,80.77,80.68,80.7,75.9177149717412,4245164,0,1
2023-10-18,80.72,80.75,80.67,80.7,75.9177149717412,5232789,0,1
2023-10-19,80.72,80.82,80.71,80.81,76.0211963676134,5556676,0,1
2023-10-20,80.89,80.97,80.885,80.94,76.1434925627352,3660519,0,1
2023-10-23,80.92,80.99,80.9,80.99,76.1905295608589,4261762,0,1
2023-10-24,80.96,80.99,80.91,80.97,76.1717147616095,13761462,0,1
2023-10-25,80.93,80.94,80.87,80.88,76.0870481649867,4773568,0,1
2023-10-26,80.96,81.06,80.96,81.04,76.2375665589827,4710796,0,1
2023-10-27,81.07,81.1,81.04,81.09,76.2846035571065,3858198,0,1
2023-10-30,81.03,81.07,81.0101,81.06,76.2563813582322,4816820,0,1
2023-10-31,81.01,81.05,81.01,81.03,76.228159159358,3917356,0,1
2023-11-01,80.8,81.01,80.8,80.98,76.3978206708504,7362887,0.2303,1
2023-11-02,81.06,81.08,80.96,80.99,76.4072548299848,7828378,0,1
2023-11-03,81.18,81.249,81.11,81.21,76.6148063309429,8024339,0,1
2023-11-06,81.13,81.13,81.06,81.06,76.4732939439261,6061357,0,1
2023-11-07,81.08,81.16,81.07,81.12,76.5298988987328,4546616,0,1
2023-11-08,81.11,81.14,81.1,81.1,76.5110305804639,4421998,0,1
2023-11-09,81.12,81.125,80.98,80.98,76.3978206708504,6032947,0,1
2023-11-10,81.07,81.07,80.96,81,76.4166889891193,3917140,0,1
2023-11-13,80.96,81.03,80.94,81.03,76.4449914665227,7360311,0,1
2023-11-14,81.3,81.35,81.2601,81.35,76.7468845588254,7956519,0,1
2023-11-15,81.24,81.25,81.17,81.2,76.6053721718085,5069560,0,1
2023-11-16,81.33,81.38,81.33,81.34,76.7374503996909,4086481,0,1
2023-11-17,81.315,81.325,81.26,81.28,76.6808454448842,3381825,0,1
2023-11-20,81.29,81.3,81.27,81.29,76.6902796040186,6247347,0,1
2023-11-21,81.34,81.38,81.32,81.34,76.7374503996909,2590495,0,1
2023-11-22,81.38,81.38,81.3,81.35,76.7468845588254,4803348,0,1
2023-11-24,81.31,81.32,81.28,81.29,76.6902796040186,1575243,0,1
2023-11-27,81.33,81.4,81.32,81.39,76.7846211953632,4004137,0,1
2023-11-28,81.41,81.56,81.39,81.54,76.9261335823801,20920982,0,1
2023-11-29,81.67,81.74,81.6501,81.7,77.0770801285314,4423108,0,1
2023-11-30,81.67,81.68,81.61,81.65,77.0299093328591,5204195,0,1
2023-12-01,81.42,81.65,81.41,81.64,77.2534875833549,11831167,0.247,1
2023-12-04,81.53,81.58,81.48,81.52,77.139935176324,4431084,0,1
2023-12-05,81.56,81.65,81.54,81.62,77.2345621821831,12179972,0,1
2023-12-06,81.64,81.64,81.59,81.6,77.2156367810112,6782543,0,1
2023-12-07,81.66,81.6956,81.65,81.66,77.2724129845267,4977789,0,1
2023-12-08,81.51,81.5555,81.45,81.48,77.1020843739804,3367792,0,1
2023-12-11,81.44,81.5,81.41,81.5,77.1210097751522,2963903,0,1
2023-12-12,81.48,81.53,81.47,81.51,77.1304724757381,3268595,0,1
2023-12-13,81.57,81.935,81.5418,81.92,77.5184431997603,10843764,0,1
2023-12-14,81.78,81.86,81.76,81.8,77.6506768702879,9304292,0.2597,1
2023-12-15,81.735,81.78,81.68,81.71,77.565242140235,7178291,0,1
2023-12-18,81.73,81.735,81.69,81.7,77.5557493924514,3760557,0,1
2023-12-19,81.7,81.75,81.7,81.73,77.5842276358023,4753734,0,1
2023-12-20,81.81,81.86,81.77,81.84,77.6886478614225,5163961,0,1
2023-12-21,81.97,81.98,81.89,81.92,77.7645898436918,6662906,0,1
2023-12-22,81.95,81.96,81.91,81.95,77.7930680870427,3387901,0,1
2023-12-26,81.895,81.95,81.89,81.91,77.7550970959081,2503158,0,1
2023-12-27,81.96,82.03,81.95,82.01,77.8500245737446,2544312,0,1
2023-12-28,82.03,82.04,81.99,82,77.840531825961,2408657,0,1
2023-12-29,81.98,82.07,81.98,82.04,77.8785028170956,5075600,0,1
2024-01-02,81.94,81.97,81.93,81.94,77.7835753392591,4983503,0,1
2024-01-03,81.91,81.985,81.88,81.96,77.8025608348264,4336465,0,1
2024-01-04,81.91,81.94,81.89,81.91,77.7550970959081,2923742,0,1
2024-01-05,81.86,82.015,81.84,81.89,77.7361116003408,8100414,0,1
2024-01-08,81.93,82.0469,81.92,81.96,77.8025608348264,4654928,0,1
2024-01-09,81.95,81.99,81.94,81.98,77.8215463303937,5227579,0,1
2024-01-10,82.03,82.03,81.97,81.98,77.8215463303937,6432268,0,1
2024-01-11,82.04,82.18,82.04,82.17,78.0019085382831,4904180,0,1
2024-01-12,82.33,82.37,82.29,82.34,78.1632852506052,6809877,0,1
2024-01-16,82.27,82.32,82.18,82.21,78.0398795294177,8427216,0,1
2024-01-17,82.08,82.08,82.02,82.05,77.8879955648792,6717390,0,1
2024-01-18,82.1,82.11,82.06,82.09,77.9259665560139,4490326,0,1
2024-01-19,82.03,82.055,81.9912,82.03,77.869010069312,5469265,0,1
2024-01-22,82.06,82.0899,82.05,82.07,77.9069810604466,4607562,0,1
2024-01-23,82.04,82.07,82.02,82.06,77.8974883126629,3355601,0,1
2024-01-24,82.15,82.16,82.02,82.02,77.8595173215283,4700764,0,1
2024-01-25,82.12,82.19,82.11,82.17,78.0019085382831,5493172,0,1
2024-01-26,82.14,82.14,82.1,82.12,77.9544447993648,4654793,0,1
2024-01-29,82.16,82.21,82.16,82.2,78.0303867816341,3344748,0,1
2024-01-30,82.22,82.23,82.1,82.15,77.9829230427158,2345785,0,1
2024-01-31,82.27,82.39,82.2206,82.3,78.1253142594706,7413106,0,1
2024-02-01,82.18,82.26,82.11,82.18,78.241237796855,8288149,0.2421,1
2024-02-02,81.93,81.965,81.87,81.92,77.9936992007589,8260702,0,1
2024-02-05,81.83,81.84,81.76,81.76,77.8413677570074,5968536,0,1
2024-02-06,81.8,81.92,81.795,81.89,77.9651370550555,3603413,0,1
2024-02-07,81.87,81.95,81.853,81.86,77.9365749093521,3044093,0,1
2024-02-08,81.86,81.8792,81.83,81.84,77.9175334788831,2233524,0,1
2024-02-09,81.79,81.82,81.79,81.81,77.8889713331797,2523893,0,1
2024-02-12,81.84,81.85,81.81,81.82,77.8984920484142,2730544,0,1
2024-02-13,81.65,81.67,81.55,81.56,77.650953452318,5284927,0,1
2024-02-14,81.62,81.71,81.615,81.68,77.7652020351317,5431558,0,1
2024-02-15,81.78,81.8,81.72,81.76,77.8413677570074,3772550,0,1
2024-02-16,81.61,81.66,81.6,81.66,77.7461606046627,7850424,0,1
2024-02-20,81.74,81.77,81.71,81.71,77.793764180835,6172806,0,1
2024-02-21,81.75,81.75,81.64,81.64,77.7271191741938,8591059,0,1
2024-02-22,81.64,81.69,81.6,81.63,77.7175984589593,15501449,0,1
2024-02-23,81.62,81.68,81.61,81.67,77.7556813198972,3869312,0,1
2024-02-26,81.65,81.66,81.59,81.61,77.6985570284904,4547223,0,1
2024-02-27,81.63,81.65,81.59,81.61,77.6985570284904,3432551,0,1
2024-02-28,81.66,81.7,81.65,81.69,77.7747227503661,3239528,0,1
2024-02-29,81.74,81.78,81.72,81.74,77.8223263265384,8834044,0,1
2024-03-01,81.54,81.68,81.49,81.66,77.9750938190477,4883057,0.2405,1
2024-03-04,81.59,81.62,81.55,81.58,77.8987038177554,2416324,0,1
2024-03-05,81.64,81.695,81.61,81.64,77.9559963187246,4102851,0,1
2024-03-06,81.69,81.725,81.64,81.66,77.9750938190477,5338731,0,1
2024-03-07,81.73,81.76,81.7,81.76,78.070581320663,2987781,0,1
2024-03-08,81.85,81.86,81.78,81.8,78.1087763213091,2387679,0,1
2024-03-11,81.76,81.77,81.72,81.73,78.0419350701784,3503049,0,1
2024-03-12,81.69,81.7,81.64,81.65,77.9655450688861,2260689,0,1
2024-03-13,81.65,81.66,81.61,81.61,77.92735006824,2223197,0,1
2024-03-14,81.58,81.59,81.54,81.54,77.8605088171093,4014189,0,1
2024-03-15,81.51,81.53,81.49,81.49,77.8127650663017,3045533,0,1
2024-03-18,81.51,81.51,81.47,81.5,77.8223138164632,1971783,0,1
2024-03-19,81.56,81.58,81.54,81.57,77.8891550675939,1821665,0,1
2024-03-20,81.58,81.71,81.57,81.7,78.0132888196938,4768959,0,1
2024-03-21,81.72,81.74,81.69,81.7,78.0132888196938,3708535,0,1
2024-03-22,81.76,81.78,81.76,81.76,78.070581320663,2037984,0,1
2024-03-25,81.75,81.76,81.72,81.72,78.0323863200168,3700589,0,1
2024-03-26,81.72,81.75,81.7,81.74,78.0514838203399,2183509,0,1
2024-03-27,81.8,81.8451,81.8,81.83,78.1374225717937,2585327,0,1
2024-03-28,81.77,81.79,81.74,81.78,78.089678820986,5702855,0,1
2024-04-01,81.48,81.4899,81.34,81.34,77.9277959948726,4661210,0.2705,1
2024-04-02,81.34,81.4,81.335,81.38,77.9661179992959,3459709,0,1
2024-04-03,81.35,81.44,81.33,81.44,78.0236010059309,2856924,0,1
2024-04-04,81.46,81.53,81.44,81.52,78.1002450147776,2784581,0,1
2024-04-05,81.43,81.475,81.38,81.39,77.9756985004017,3967082,0,1
2024-04-08,81.35,81.37,81.31,81.31,77.899054491555,3326725,0,1
2024-04-09,81.38,81.42,81.38,81.39,77.9756985004017,2646530,0,1
2024-04-10,81.13,81.15,81.05,81.06,77.6595419639091,6329375,0,1
2024-04-11,81.17,81.17,81.1,81.16,77.7553469749675,6686538,0,1
2024-04-12,81.22,81.26,81.21,81.21,77.8032494804967,5387500,0,1
2024-04-15,81.11,81.18,81.07,81.18,77.7745079771792,4841352,0,1
2024-04-16,81.12,81.16,81.07,81.13,77.72660547165,3062848,0,1
2024-04-17,81.16,81.22,81.15,81.19,77.784088478285,3599047,0,1
2024-04-18,81.21,81.21,81.14,81.15,77.7457664738617,3279603,0,1
2024-04-19,81.2,81.2,81.16,81.17,77.7649274760733,2938443,0,1
2024-04-22,81.18,81.23,81.18,81.21,77.8032494804967,4174313,0,1
2024-04-23,81.195,81.3,81.1801,81.28,77.8703129882375,3619015,0,1
2024-04-24,81.24,81.26,81.22,81.25,77.84157148492,4300030,0,1
2024-04-25,81.18,81.21,81.16,81.19,77.784088478285,4224240,0,1
2024-04-26,81.22,81.25,81.2,81.21,77.8032494804967,3071548,0,1
2024-04-29,81.24,81.26,81.23,81.25,77.84157148492,2259621,0,1
2024-04-30,81.19,81.225,81.15,81.15,77.7457664738617,6420904,0,1
2024-05-01,80.95,81.075,80.91,81.05,77.9006027005337,8032738,0.2616,1
2024-05-02,81.08,81.18,81.07,81.17,78.0159398050873,3750681,0,1
2024-05-03,81.35,81.39,81.26,81.3,78.1408883350203,4960204,0,1
2024-05-06,81.31,81.31,81.27,81.29,78.1312769096408,2960704,0,1
2024-05-07,81.31,81.33,81.28,81.3,78.1408883350203,2706269,0,1
2024-05-08,81.28,81.31,81.28,81.28,78.1216654842614,2308852,0,1
2024-05-09,81.325,81.37,81.325,81.35,78.1889454619176,2160180,0,1
2024-05-10,81.34,81.34,81.28,81.28,78.1216654842614,1866129,0,1
2024-05-13,81.345,81.35,81.3,81.3,78.1408883350203,2442569,0,1
2024-05-14,81.36,81.38,81.35,81.38,78.217779738056,2319556,0,1
2024-05-15,81.49,81.53,81.465,81.53,78.3619511187479,3248397,0,1
2024-05-16,81.51,81.52,81.46,81.47,78.3042825664711,2978320,0,1
2024-05-17,81.46,81.47,81.42,81.42,78.2562254395738,2758016,0,1
2024-05-20,81.43,81.43,81.4,81.4,78.2370025888149,2445172,0,1
2024-05-21,81.44,81.46,81.44,81.44,78.2754482903327,1991308,0,1
2024-05-22,81.4,81.42,81.38,81.38,78.217779738056,3051089,0,1
2024-05-23,81.43,81.43,81.33,81.34,78.1793340365381,3473478,0,1
2024-05-24,81.34,81.37,81.33,81.37,78.2081683126765,3040967,0,1
2024-05-28,81.4,81.41,81.3,81.3,78.1408883350203,2889790,0,1
2024-05-29,81.32,81.32,81.245,81.27,78.1120540588819,2441679,0,1
2024-05-30,81.34,81.37,81.33,81.36,78.198556887297,3712520,0,1
2024-05-31,81.42,81.48,81.41,81.47,78.3042825664711,2922997,0,1
2024-06-03,81.21,81.3,81.21,81.3,78.392830706207,5533812,0.2621,1
2024-06-04,81.35,81.41,81.34,81.38,78.4699700230151,2133307,0,1
2024-06-05,81.41,81.46,81.35,81.46,78.5471093398232,2577587,0,1
2024-06-06,81.45,81.48,81.44,81.47,78.5567517544242,3346479,0,1
2024-06-07,81.34,81.34,81.26,81.26,78.354261047803,3524398,0,1
2024-06-10,81.27,81.29,81.26,81.27,78.363903462404,2952957,0,1
2024-06-11,81.33,81.37,81.3,81.36,78.4506851938131,3755838,0,1
2024-06-12,81.6,81.61,81.47,81.47,78.5567517544242,3409191,0,1
2024-06-13,81.57,81.63,81.55,81.6,78.6821031442373,2473780,0,1
2024-06-14,81.64,81.6499,81.61,81.61,78.6917455588383,2854944,0,1
2024-06-17,81.56,81.58,81.53,81.53,78.6146062420302,1272392,0,1
2024-06-18,81.62,81.68,81.61,81.64,78.7206728026414,2182825,0,1
2024-06-20,81.59,81.62,81.57,81.61,78.6917455588383,2618197,0,1
2024-06-21,81.67,81.69,81.62,81.64,78.7206728026414,2068379,0,1
2024-06-24,81.65,81.66,81.63,81.65,78.7303152172424,1576475,0,1
2024-06-25,81.66,81.67,81.63,81.66,78.7399576318434,2627503,0,1
2024-06-26,81.615,81.62,81.58,81.58,78.6628183150353,2329033,0,1
2024-06-27,81.63,81.67,81.62,81.64,78.7206728026414,1675840,0,1
2024-06-28,81.73,81.75,81.64,81.65,78.7303152172424,3894804,0,1
2024-07-01,81.32,81.365,81.29,81.31,78.6631953334462,3672147,0.2704,1
2024-07-02,81.4,81.42,81.37,81.38,78.7309166921147,2468904,0,1
2024-07-03,81.41,81.52,81.41,81.5,78.8470104498323,1772757,0,1
2024-07-05,81.59,81.65,81.58,81.65,78.9921276469792,2171870,0,1
2024-07-08,81.63,81.64,81.61,81.64,78.9824531671694,2236008,0,1
2024-07-09,81.63,81.65,81.59,81.62,78.9631042075498,7304186,0,1
2024-07-10,81.67,81.67,81.63,81.65,78.9921276469792,2505695,0,1
2024-07-11,81.83,81.8585,81.81,81.84,79.1759427633653,5810737,0,1
2024-07-12,81.89,81.96,81.88,81.96,79.2920365210829,3170414,0,1
2024-07-15,81.95,81.99,81.93,81.96,79.2920365210829,3380631,0,1
2024-07-16,81.95,82,81.93,81.99,79.3210599605123,2562375,0,1
2024-07-17,81.94,82,81.93,82,79.3307344403221,2700979,0,1
2024-07-18,81.99,82.01,81.95,81.96,79.2920365210829,3111148,0,1
2024-07-19,81.94,81.95,81.92,81.92,79.2533386018437,2041664,0,1
2024-07-22,81.92,81.93,81.89,81.93,79.2630130816535,2429498,0,1
2024-07-23,81.96,81.995,81.94,81.97,79.3017110008927,2133434,0,1
2024-07-24,82.06,82.09,82.01,82.01,79.3404089201319,4871218,0,1
2024-07-25,82.04,82.0899,82,82.02,79.3500833999417,4907200,0,1
2024-07-26,82.13,82.14,82.11,82.13,79.4565026778494,1591032,0,1
2024-07-29,82.15,82.16,82.11,82.14,79.4661771576592,4588212,0,1
2024-07-30,82.16,82.2,82.12,82.17,79.4952005970886,3108099,0,1
2024-07-31,82.22,82.34,82.1528,82.34,79.6596667538551,3403939,0,1
2024-08-01,82.1,82.23,82.09,82.21,79.7974893932254,5052532,0.2725,1
2024-08-02,82.54,82.69,82.52,82.67,80.2439903678135,5001423,0,1
2024-08-05,82.87,82.91,82.58,82.65,80.2245772819618,15588206,0,1
2024-08-06,82.63,82.63,82.4701,82.55,80.1275118527036,12849196,0,1
2024-08-07,82.49,82.55,82.44,82.5,80.0789791380744,5779011,0,1
2024-08-08,82.4,82.47,82.3915,82.46,80.0401529663711,3621997,0,1
2024-08-09,82.52,82.53,82.44,82.48,80.0595660522228,5079363,0,1
2024-08-12,82.46,82.55,82.45,82.53,80.1080987668519,3745721,0,1
2024-08-13,82.63,82.66,82.61,82.66,80.2342838248877,3856173,0,1
2024-08-14,82.61,82.69,82.6,82.65,80.2245772819618,4780681,0,1
2024-08-15,82.46,82.49,82.42,82.45,80.0304464234453,3164873,0,1
2024-08-16,82.54,82.54,82.46,82.54,80.1178053097778,2987113,0,1
2024-08-19,82.52,82.565,82.52,82.52,80.0983922239261,2839657,0,1
2024-08-20,82.61,82.64,82.59,82.64,80.214870739036,1882639,0,1
2024-08-21,82.7,82.795,82.63,82.73,80.3022296253685,3914505,0,1
2024-08-22,82.68,82.69,82.62,82.62,80.1954576531844,4181267,0,1
2024-08-23,82.69,82.81,82.65,82.81,80.3798819687751,3896848,0,1
2024-08-26,82.84,82.84,82.77,82.77,80.3410557970718,1896710,0,1
2024-08-27,82.76,82.84,82.7599,82.82,80.3895885117009,4067592,0,1
2024-08-28,82.84,82.86,82.81,82.81,80.3798819687751,3126741,0,1
2024-08-29,82.81,82.81,82.78,82.795,80.3653221543863,2397077,0,1
2024-08-30,82.82,82.85,82.79,82.8,80.3701754258493,2781303,0,1
2024-09-03,82.57,82.64,82.57,82.6,80.4558405204411,3718832,0.2883,1
2024-09-04,82.66,82.79,82.65,82.78,80.6311680179433,2722348,0,1
2024-09-05,82.86,82.86,82.75,82.81,80.660389267527,8628274,0,1
2024-09-06,82.9,83.06,82.811,82.96,80.8064955154455,6478543,0,1
2024-09-09,82.95,82.9899,82.92,82.97,80.8162359319734,9361719,0,1
2024-09-10,82.99,83.09,82.98,83.09,80.9331209303082,6833900,0,1
2024-09-11,83,83.13,83,83.02,80.8649380146129,3679274,0,1
2024-09-12,83.03,83.045,82.9513,83.025,80.8698082228768,2599231,0,1
2024-09-13,83.16,83.17,83.11,83.15,80.9915634294756,3963983,0,1
2024-09-16,83.2,83.2199,83.16,83.2,81.0402655121151,2861334,0,1
2024-09-17,83.16,83.17,83.12,83.14,80.9818230129477,3015280,0,1
2024-09-18,83.1,83.24,83.05,83.11,80.952601763364,4413378,0,1
2024-09-19,83.14,83.18,83.1201,83.18,81.0207846790593,2892640,0,1
2024-09-20,83.16,83.23,83.12,83.21,81.0500059286429,4082498,0,1
2024-09-23,83.19,83.24,83.15,83.21,81.0500059286429,5030805,0,1
2024-09-24,83.23,83.3,83.195,83.29,81.1279292608662,8947884,0,1
2024-09-25,83.27,83.28,83.22,83.22,81.0597463451709,4829057,0,1
2024-09-26,83.215,83.23,83.14,83.14,80.9818230129477,2321830,0,1
2024-09-27,83.22,83.28,83.2,83.27,81.1084484278103,3208519,0,1
2024-09-30,83.22,83.24,83.13,83.15,80.9915634294756,5187964,0,1
2024-10-01,82.93,83.01,82.92,82.93,81.0432158842814,4955559,0.273,1
2024-10-02,82.89,82.9386,82.88,82.91,81.0236709148169,5697738,0,1
2024-10-03,82.87,82.8781,82.8,82.8,80.9161735827625,6480087,0,1
2024-10-04,82.585,82.6399,82.5,82.52,80.6425440102604,4012980,0,1
2024-10-07,82.4,82.46,82.4,82.41,80.535046678206,5052147,0,1
2024-10-08,82.44,82.48,82.42,82.48,80.6034540713316,6423472,0,1
2024-10-09,82.46,82.46,82.39,82.4,80.5252741934738,4166762,0,1
2024-10-10,82.47,82.4999,82.39,82.47,80.5936815865993,3859546,0,1
2024-10-11,82.52,82.56,82.5,82.54,80.6620889797249,3367370,0,1
2024-10-14,82.48,82.5,82.435,82.5,80.622999040796,1849552,0,1
2024-10-15,82.57,82.58,82.52,82.54,80.6620889797249,3387155,0,1
2024-10-16,82.59,82.6099,82.57,82.59,80.710951403386,2130674,0,1
2024-10-17,82.53,82.535,82.5001,82.52,80.6425440102604,2469624,0,1
2024-10-18,82.59,82.6099,82.57,82.59,80.710951403386,1725687,0,1
2024-10-21,82.56,82.56,82.47,82.47,80.5936815865993,3474300,0,1
2024-10-22,82.5,82.51,82.44,82.46,80.5839091018671,4333297,0,1
2024-10-23,82.44,82.4401,82.4,82.41,80.535046678206,3303894,0,1
2024-10-24,82.45,82.49,82.42,82.45,80.5741366171349,2444548,0,1
2024-10-25,82.5,82.525,82.41,82.42,80.5448191629383,2453035,0,1
2024-10-28,82.44,82.44,82.35,82.38,80.5057292240094,2886543,0,1
2024-10-29,82.35,82.425,82.33,82.41,80.535046678206,2920465,0,1
2024-10-30,82.42,82.47,82.34,82.34,80.4666392850805,2949322,0,1
2024-10-31,82.33,82.39,82.29,82.36,80.486184254545,3751530,0,1
2024-11-01,82.18,82.1999,82.03,82.05,80.4599392695481,5598551,0.2831,1
2024-11-04,82.15,82.17,82.09,82.11,80.518776519471,2400717,0,1
2024-11-05,82.11,82.11,82.01,82.09,80.49916410283,2808646,0,1
2024-11-06,81.95,82.01,81.94,81.99,80.4011020196252,6637922,0,1
2024-11-07,82.05,82.13,82.02,82.13,80.5383889361119,10555551,0,1
2024-11-08,82.12,82.1499,82.04,82.07,80.479551686189,3934961,0,1
2024-11-11,81.99,82.01,81.99,82.01,80.4207144362662,1567924,0,1
2024-11-12,81.95,81.98,81.9001,81.93,80.3422647697023,4609913,0,1
2024-11-13,82.08,82.08,82,82.05,80.4599392695481,2909776,0,1
2024-11-14,82.07,82.0862,81.9199,81.93,80.3422647697023,4405401,0,1
2024-11-15,81.96,82.09,81.93,82.02,80.4305206445866,3299752,0,1
2024-11-18,82.05,82.08,82.02,82.08,80.4893578945095,2645684,0,1
2024-11-19,82.12,82.13,82.08,82.08,80.4893578945095,2655612,0,1
2024-11-20,82.06,82.09,82.04,82.04,80.4501330612276,3362679,0,1
2024-11-21,82.05,82.09,82,82.02,80.4305206445866,2565852,0,1
2024-11-22,82.04,82.06,82.0025,82.01,80.4207144362662,2352258,0,1
2024-11-25,82.12,82.17,82.1,82.17,80.5776137693939,3579185,0,1
2024-11-26,82.15,82.17,82.1,82.17,80.5776137693939,6597226,0,1
2024-11-27,82.245,82.26,82.21,82.22,80.6266448109963,2463459,0,1
2024-11-29,82.31,82.33,82.3,82.32,80.7247068942011,1597583,0,1
2024-12-02,82.01,82.08,81.98,82.05,80.720095034428,5102318,0.2653,1
2024-12-03,82.1,82.11,82.04,82.06,80.7299329497277,3950589,0,1
2024-12-04,82.04,82.1652,82.04,82.15,80.8184741874254,3935570,0,1
2024-12-05,82.1,82.15,82.085,82.15,80.8184741874254,2517810,0,1
2024-12-06,82.26,82.27,82.2101,82.23,80.8971775098234,5705862,0,1
2024-12-09,82.23,82.23,82.2,82.2,80.8676637639242,4641781,0,1
2024-12-10,82.19,82.2,82.15,82.19,80.8578258486244,2919471,0,1
2024-12-11,82.25,82.27,82.17,82.17,80.8381500180249,2453215,0,1
2024-12-12,82.19,82.2,82.13,82.13,80.7987983568259,3184994,0,1
2024-12-13,82.14,82.15,82.09,82.09,80.7594466956269,2420800,0,1
2024-12-16,82.12,82.13,82.09,82.1,80.7692846109267,2930313,0,1
2024-12-17,82.09,82.13,82.09,82.11,80.7791225262264,2492577,0,1
2024-12-18,81.87,81.89,81.665,81.68,80.631956167466,6931374,0.2804,1
2024-12-19,81.73,81.78,81.71,81.77,80.7208013689238,12522748,0,1
2024-12-20,81.845,81.85,81.77,81.78,80.7306730579747,3495411,0,1
2024-12-23,81.76,81.7768,81.73,81.73,80.6813146127203,2933780,0,1
2024-12-24,81.735,81.77,81.73,81.77,80.7208013689238,1583832,0,1
2024-12-26,81.74,81.8,81.73,81.79,80.7405447470255,1758115,0,1
2024-12-27,81.82,81.85,81.805,81.81,80.7602881251272,3668607,0,1
2024-12-30,81.9,81.94,81.9,81.93,80.8787483937376,7397339,0,1
2024-12-31,81.99,82,81.94,81.98,80.928106838992,3167236,0,1
2025-01-02,81.995,82.01,81.93,81.96,80.9083634608902,3948615,0,1
2025-01-03,82,82.0099,81.94,81.96,80.9083634608902,2804197,0,1
2025-01-06,81.96,81.99,81.94,81.98,80.928106838992,2324287,0,1
2025-01-07,81.97,81.99,81.9,81.93,80.8787483937376,4035522,0,1
2025-01-08,81.95,81.99,81.95,81.98,80.928106838992,2747679,0,1
2025-01-10,81.93,81.94,81.83,81.83,80.780031503229,6188487,0,1
2025-01-13,81.84,81.85,81.81,81.85,80.7997748813307,4855152,0,1
2025-01-14,81.88,81.89,81.86,81.87,80.8195182594324,2281897,0,1
2025-01-15,82.04,82.05,82.01,82.05,80.997208662348,3694514,0,1
2025-01-16,82.01,82.1151,82,82.1,81.0465671076023,4775046,0,1
2025-01-17,82.11,82.12,82.0746,82.08,81.0268237295006,2248593,0,1
2025-01-21,82.11,82.12,82.06,82.11,81.0564387966532,2400389,0,1
2025-01-22,82.11,82.115,82.06,82.09,81.0366954185515,2706843,0,1
2025-01-23,82.06,82.1098,82.06,82.09,81.0366954185515,3378553,0,1
2025-01-24,82.14,82.1899,82.12,82.14,81.0860538638058,2190060,0,1
2025-01-27,82.28,82.29,82.22,82.26,81.2045141324162,3639651,0,1
2025-01-28,82.24,82.28,82.23,82.28,81.2242575105179,2980503,0,1
2025-01-29,82.285,82.29,82.19,82.23,81.1748990652636,2849250,0,1
2025-01-30,82.27,82.3,82.26,82.28,81.2242575105179,1956320,0,1
2025-01-31,82.29,82.32,82.26,82.29,81.2341291995688,2987255,0,1
2025-02-03,81.99,82.04,81.94,81.96,81.1783502077558,3483151,0.2735,1
2025-02-04,81.96,82.04,81.96,82.04,81.2575872504183,3232455,0,1
2025-02-05,82.07,82.1299,82.07,82.09,81.3071104020824,3456303,0,1
2025-02-06,82.06,82.09,82.0501,82.06,81.2773965110839,2083237,0,1
2025-02-07,82.02,82.03,81.97,81.97,81.1882548380886,3488850,0,1
2025-02-10,82.02,82.04,82,82.01,81.2278733594198,2573003,0,1
2025-02-11,81.98,82.01,81.98,81.99,81.2080640987542,2861923,0,1
2025-02-12,81.91,81.92,81.87,81.88,81.0991131650932,4537396,0,1
2025-02-13,81.97,82,81.96,81.99,81.2080640987542,3511999,0,1
2025-02-14,82.095,82.13,82.08,82.1,81.3170150324152,3120469,0,1
2025-02-18,82.07,82.08,82.03,82.03,81.2476826200855,2824114,0,1
2025-02-19,82.04,82.09,82.04,82.09,81.3071104020824,2694689,0,1
2025-02-20,82.11,82.14,82.1,82.1,81.3170150324152,2106576,0,1
2025-02-21,82.14,82.26,82.14,82.24,81.4556798570746,3614003,0,1
2025-02-24,82.23,82.3,82.22,82.3,81.5151076390715,2497412,0,1
2025-02-25,82.38,82.44,82.37,82.41,81.6240585727325,3632118,0,1
2025-02-26,82.41,82.46,82.37,82.44,81.6537724637309,2280194,0,1
2025-02-27,82.405,82.48,82.4,82.47,81.6834863547293,4639734,0,1
2025-02-28,82.525,82.62,82.5048,82.62,81.8320558097216,4383102,0,1
2025-03-03,82.3,82.43,82.29,82.42,81.8846890153102,5333749,0.2531,1
2025-03-04,82.51,82.58,82.4,82.43,81.8946240661492,5198925,0,1
2025-03-05,82.48,82.5,82.33,82.34,81.8052086085979,4304550,0,1
2025-03-06,82.38,82.425,82.33,82.39,81.8548838627931,4557771,0,1
2025-03-07,82.5,82.52,82.34,82.38,81.844948811954,3499470,0,1
2025-03-10,82.49,82.56,82.46,82.53,81.9939745745395,4631701,0,1
2025-03-11,82.53,82.5999,82.47,82.48,81.9442993203444,4668520,0,1
2025-03-12,82.415,82.48,82.4,82.42,81.8846890153102,3476088,0,1
2025-03-13,82.42,82.52,82.39,82.48,81.9442993203444,2946843,0,1
2025-03-14,82.49,82.49,82.41,82.42,81.8846890153102,3932537,0,1
2025-03-17,82.4,82.45,82.37,82.39,81.8548838627931,4582673,0,1
2025-03-18,82.38,82.43,82.38,82.39,81.8548838627931,3438798,0,1
2025-03-19,82.37,82.51,82.34,82.51,81.9741044728615,3886344,0,1
2025-03-20,82.6,82.6,82.52,82.53,81.9939745745395,3039391,0,1
2025-03-21,82.62,82.64,82.58,82.58,82.0436498287347,3172518,0,1
2025-03-24,82.54,82.54,82.46,82.47,81.9343642695053,2351301,0,1
2025-03-25,82.49,82.54,82.48,82.5,81.9641694220224,2711641,0,1
2025-03-26,82.49,82.5159,82.48,82.48,81.9442993203444,3685790,0,1
2025-03-27,82.52,82.55,82.5,82.52,81.9840395237005,2187930,0,1
2025-03-28,82.59,82.69,82.59,82.67,82.133065286286,4087941,0,1
2025-03-31,82.74,82.77,82.66,82.73,82.1926755913202,4593176,0,1
2025-04-01,82.46,82.52,82.4401,82.48,82.2222711142646,4326414,0.2798,1
2025-04-02,82.525,82.5254,82.39,82.42,82.162458598905,3071588,0,1
2025-04-03,82.69,82.77,82.6707,82.73,82.4714899282627,6729522,0,1
2025-04-04,82.98,83.065,82.68,82.68,82.4216461654631,12599671,0,1
2025-04-07,82.89,82.9399,82.515,82.69,82.431614918023,18363133,0,1
2025-04-08,82.54,82.81,82.54,82.64,82.3817711552234,13086096,0,1
2025-04-09,82.7,82.785,82.3101,82.59,82.3319273924238,25590997,0,1
2025-04-10,82.59,82.66,82.534,82.58,82.3219586398638,10029548,0,1
2025-04-11,82.53,82.545,82.4,82.43,82.1724273514649,6586187,0,1
2025-04-14,82.48,82.63,82.48,82.61,82.3518648975436,5006340,0,1
2025-04-15,82.61,82.67,82.6,82.61,82.3518648975436,3090685,0,1
2025-04-16,82.7,82.74,82.66,82.72,82.4615211757028,3179074,0,1
2025-04-17,82.75,82.79,82.71,82.75,82.4914274333826,3384180,0,1
2025-04-21,82.78,82.85,82.7,82.7,82.4415836705829,5283681,0,1
2025-04-22,82.76,82.78,82.71,82.73,82.4714899282627,3521736,0,1
2025-04-23,82.75,82.795,82.63,82.67,82.4116774129032,3647401,0,1
2025-04-24,82.73,82.77,82.71,82.77,82.5113649385024,3993473,0,1
2025-04-25,82.79,82.85,82.76,82.84,82.5811462064219,2260113,0,1
2025-04-28,82.85,82.96,82.84,82.96,82.700771237141,2847008,0,1
2025-04-29,82.94,83.02,82.93,83.01,82.7506149999406,3832178,0,1
2025-04-30,83.04,83.12,83.03,83.12,82.8602712780998,5104859,0,1
2025-05-01,82.89,82.9,82.66,82.69,82.69,5150456,0.2592,1
2025-05-02,82.62,82.6475,82.5,82.53,82.53,4556135,0,1
