Date,open,high,low,close,adj_close,volume,dividend,split
1999-11-01,136.5,137.0,135.5625,135.5625,86.1188130112646,4006500,0.0000,1.0
1999-11-02,135.968704,137.25,134.593704,134.593704,85.5033658074283,6516900,0.0000,1.0
1999-11-03,136.0,136.375,135.125,135.5,86.0791086253673,7222300,0.0000,1.0
1999-11-04,136.75,137.359299,135.765594,136.531204,86.7342017702449,7907500,0.0000,1.0
1999-11-05,138.625,139.109299,136.781204,137.875,87.5878752894651,7431500,0.0000,1.0
1999-11-08,137.0,138.375,136.75,138.0,87.6672840612597,4649200,0.0000,1.0
1999-11-09,138.5,138.6875,136.281204,136.703094,86.8433983605151,4533700,0.0000,1.0
1999-11-10,136.25,138.390594,136.078094,137.718704,87.4885851022938,6405600,0.0000,1.0
1999-11-11,138.1875,138.5,137.468704,138.5,87.9849191484382,4794100,0.0000,1.0
1999-11-12,139.25,139.984299,137.125,139.75,88.7790068663844,11802900,0.0000,1.0
1999-11-15,139.843704,140.25,139.406204,140.078094,88.9874351989699,2187500,0.0000,1.0
1999-11-16,140.5625,143.0,140.093704,141.25,89.7319121279198,7544800,0.0000,1.0
1999-11-17,142.25,142.9375,141.3125,141.625,89.9701384433037,9459000,0.0000,1.0
1999-11-18,142.4375,143.0,141.625,142.625,90.6054086176606,4491000,0.0000,1.0
1999-11-19,142.406204,142.968704,142.0,142.5,90.525999845866,4832100,0.0000,1.0
1999-11-22,142.4375,143.0,141.5,142.468704,90.5061184304894,4155400,0.0000,1.0
1999-11-23,142.843704,142.843704,140.375,141.218704,89.7120307125432,5918000,0.0000,1.0
1999-11-24,140.75,142.4375,140.0,141.968704,90.1884833433109,4459700,0.0000,1.0
1999-11-26,142.468704,142.875,141.25,141.4375,89.8510252856118,1693900,0.0000,1.0
1999-11-29,140.875,141.921799,140.4375,140.9375,89.5333901984333,7348600,0.0000,1.0
1999-11-30,140.75,142.3125,139.0,139.281204,88.4811947497266,7682000,0.0000,1.0
1999-12-01,139.3125,140.5,139.0,140.406204,89.1958736958781,6980200,0.0000,1.0
1999-12-02,140.625,141.375,140.375,141.25,89.7319121279198,6698300,0.0000,1.0
1999-12-03,143.031204,145.343704,143.031204,143.843704,91.3796149202302,10045400,0.0000,1.0
1999-12-06,143.531204,143.718704,142.25,142.781204,90.7046403599759,3138900,0.0000,1.0
1999-12-07,143.281204,143.3125,141.375,141.625,89.9701384433037,10714200,0.0000,1.0
1999-12-08,141.343704,142.0625,140.5,140.718704,89.3943956253647,4611400,0.0000,1.0
1999-12-09,141.8125,142.218704,139.375,141.406204,89.8311438702351,6474700,0.0000,1.0
1999-12-10,142.281204,142.8125,140.875,141.875,90.1289559868929,5127300,0.0000,1.0
1999-12-13,141.4375,142.718704,141.281204,142.125,90.2877735304822,4210800,0.0000,1.0
1999-12-14,141.625,142.484299,140.625,140.75,89.4142770407414,5739000,0.0000,1.0
1999-12-15,140.375,142.203094,140.031204,141.5,89.8907296715091,6879100,0.0000,1.0
1999-12-16,142.1875,142.656204,141.156204,142.125,90.2877735304822,5854900,0.0000,1.0
1999-12-17,143.0,143.3125,142.0625,142.6875,90.8659024231961,4775400,0.3476,1.0
1999-12-20,142.5625,143.1875,141.093704,141.656204,90.2091550437449,4608700,0.0000,1.0
1999-12-21,141.593704,144.0625,141.343704,143.8125,91.5823221532081,7981300,0.0000,1.0
1999-12-22,143.625,144.1875,142.968704,144.1875,91.8211287298788,5377500,0.0000,1.0
1999-12-23,145.015594,146.484299,145.0,146.484299,93.2837706138539,5721700,0.0000,1.0
1999-12-27,146.5,146.781204,145.0625,146.281204,93.1544361560167,2691000,0.0000,1.0
1999-12-28,145.875,146.5,145.484299,146.1875,93.0947638054558,4084500,0.0000,1.0
1999-12-29,146.3125,146.8125,145.3125,146.8125,93.4927747665736,3001000,0.0000,1.0
1999-12-30,147.125,147.5625,146.1875,146.640594,93.3833020109225,3641300,0.0000,1.0
1999-12-31,146.843704,147.5,146.25,146.875,93.5325758626854,3172700,0.0000,1.0
2000-01-03,148.25,148.25,143.875,145.4375,92.6171506521144,8164300,0.0000,1.0
2000-01-04,143.531204,144.0625,139.640594,139.75,88.9952509059424,8089800,0.0000,1.0
2000-01-05,139.9375,141.531204,137.25,140.0,89.1544552903895,12177900,0.0000,1.0
2000-01-06,139.625,141.5,137.75,137.75,87.7216158303654,6227200,0.0000,1.0
2000-01-07,140.3125,145.75,140.0625,145.75,92.8161561326733,8066500,0.0000,1.0
2000-01-10,146.25,146.906204,145.031204,146.25,93.1345649015676,5741700,0.0000,1.0
2000-01-11,145.8125,146.093704,143.5,144.5,92.0201342104377,7503700,0.0000,1.0
2000-01-12,144.593704,144.593704,142.875,143.0625,91.1047089998667,6907700,0.0000,1.0
2000-01-13,144.468704,145.75,143.281204,145.0,92.338542979332,5158300,0.0000,1.0
2000-01-14,146.531204,147.468704,145.968704,146.968704,93.5922482132463,7437300,0.0000,1.0
2000-01-18,145.343704,146.625,145.1875,145.8125,92.8559572287851,6488500,0.0000,1.0
2000-01-19,145.3125,147.0,145.0,147.0,93.612178054909,6157900,0.0000,1.0
2000-01-20,146.968704,146.968704,143.8125,144.75,92.1793385948848,5800100,0.0000,1.0
2000-01-21,145.5,145.5,144.0625,144.4375,91.9803331143259,6244800,0.0000,1.0
2000-01-24,145.656204,145.843704,139.406204,140.343704,89.3733320253975,7896900,0.0000,1.0
2000-01-25,140.515594,141.9375,139.0,141.9375,90.3882892698547,9942500,0.0000,1.0
2000-01-26,141.0,141.546799,140.093704,140.8125,89.6718695398426,5158100,0.0000,1.0
2000-01-27,141.843704,142.218704,138.125,140.25,89.3136596748366,10922700,0.0000,1.0
2000-01-28,139.4375,140.0625,135.531204,135.875,86.5275829470119,11916200,0.0000,1.0
2000-01-31,135.8125,139.671799,135.0,139.5625,88.875847617607,10768700,0.0000,1.0
2000-02-01,139.75,141.6875,138.531204,140.9375,89.7514717320662,8419900,0.0000,1.0
2000-02-02,141.281204,142.25,140.375,141.0625,89.8310739242898,6205900,0.0000,1.0
2000-02-03,140.875,143.25,140.0,143.1875,91.1843111920903,7997500,0.0000,1.0
2000-02-04,143.1875,144.0,142.125,142.593704,90.8061714854217,4925400,0.0000,1.0
2000-02-07,142.5625,142.781204,141.4375,142.375,90.6668969426372,5845800,0.0000,1.0
2000-02-08,143.968704,144.5625,143.625,144.3125,91.9007309221024,4936400,0.0000,1.0
2000-02-09,144.468704,144.468704,141.265594,141.281204,89.9703484670742,8511500,0.0000,1.0
2000-02-10,141.625,142.5625,140.875,141.5625,90.149482693184,6690600,0.0000,1.0
2000-02-11,141.843704,141.9375,138.031204,138.6875,88.3186322720421,9849800,0.0000,1.0
2000-02-14,139.781204,139.781204,138.3125,139.5,88.8360465214952,8528800,0.0000,1.0
2000-02-15,139.25,141.218704,137.796799,141.078094,89.841004456974,11078300,0.0000,1.0
2000-02-16,140.375,140.9375,138.796799,139.0,88.517637752601,8845400,0.0000,1.0
2000-02-17,140.4375,140.4375,138.218704,138.281204,88.0598958537088,7584200,0.0000,1.0
2000-02-18,138.875,138.875,134.625,135.3125,86.1693730820059,9409200,0.0000,1.0
2000-02-22,135.1875,136.343704,133.531204,134.968704,85.9504377597844,16415400,0.0000,1.0
2000-02-23,135.625,137.468704,134.5,136.5625,86.9653950042415,12119000,0.0000,1.0
2000-02-24,136.6875,137.031204,133.093704,133.8125,85.2141467753232,17375000,0.0000,1.0
2000-02-25,135.1875,136.718704,133.125,133.328094,84.9056685391132,10559900,0.0000,1.0
2000-02-28,133.375,136.6875,132.718704,136.125,86.6867873314591,13397800,0.0000,1.0
2000-02-29,136.0625,137.4375,135.75,137.4375,87.5226103498065,8242500,0.0000,1.0
2000-03-01,137.625,139.0,137.218704,138.4375,88.159427887595,6868000,0.0000,1.0
2000-03-02,138.6875,139.125,137.343704,138.531204,88.2191002381559,7600200,0.0000,1.0
2000-03-03,140.4375,141.718704,139.718704,141.125,89.8708750204015,12770300,0.0000,1.0
2000-03-06,140.8125,141.343704,138.75,139.75,88.9952509059424,11967100,0.0000,1.0
2000-03-07,140.0,140.156204,135.218704,137.046799,87.273805100975,20062000,0.0000,1.0
2000-03-08,136.468704,137.843704,135.031204,136.875,87.1644004848004,11808500,0.0000,1.0
2000-03-09,137.25,140.875,136.125,140.875,89.7116706359544,5500900,0.0000,1.0
2000-03-10,140.1875,142.0,139.531204,140.125,89.234057482613,7924600,0.0000,1.0
2000-03-13,136.6875,140.468704,135.6875,138.593704,88.2589013342677,10540500,0.0000,1.0
2000-03-14,139.281204,140.093704,136.156204,136.625,87.0051961003533,8263900,0.0000,1.0
2000-03-15,136.875,140.4375,136.0625,139.8125,89.0350520020541,10300800,0.0000,1.0
2000-03-16,141.625,146.843704,140.875,146.343704,93.1942372521285,25601400,0.0000,1.0
2000-03-17,145.8125,148.0,145.4375,146.9375,93.8085235486125,10272900,0.3708,1.0
2000-03-20,146.875,147.343704,144.781204,146.1875,93.3297050532559,12502300,0.0000,1.0
2000-03-21,145.531204,149.75,144.5,149.1875,95.2449790346823,13612600,0.0000,1.0
2000-03-22,149.5625,150.843704,148.6875,150.093704,95.8235220157038,8260000,0.0000,1.0
2000-03-23,149.156204,153.468704,149.156204,152.656204,97.4594852081722,11654500,0.0000,1.0
2000-03-24,152.875,155.75,151.718704,153.5625,98.0380869242624,11462900,0.0000,1.0
2000-03-27,153.375,153.781204,151.8125,151.9375,97.0006468509898,8798600,0.0000,1.0
2000-03-28,151.25,152.984299,150.593704,151.0625,96.4420252730738,6334400,0.0000,1.0
2000-03-29,151.5625,152.484299,149.656204,151.218704,96.5417497587387,6747500,0.0000,1.0
2000-03-30,150.156204,151.921799,147.125,148.6875,94.9257667044446,9491900,0.0000,1.0
2000-03-31,149.625,152.3125,148.4375,150.375,96.0031083189969,9249100,0.0000,1.0
2000-04-03,150.125,151.25,148.6875,151.25,96.5617298969129,8508200,0.0000,1.0
2000-04-04,151.75,153.0,141.390594,150.125,95.843502153878,19585500,0.0000,1.0
2000-04-05,147.875,150.8125,147.625,149.1875,95.2449790346823,8387200,0.0000,1.0
2000-04-06,150.25,151.6875,149.0,150.484299,96.0728874959622,6378500,0.0000,1.0
2000-04-07,151.5625,152.125,150.5,151.4375,96.6814345207521,6023600,0.0000,1.0
2000-04-10,151.75,153.109299,150.3125,150.843704,96.3023405110604,9624200,0.0000,1.0
2000-04-11,150.0,151.625,148.375,150.406204,96.0230297221024,9006400,0.0000,1.0
2000-04-12,150.375,151.156204,146.156204,146.281204,93.3895279976411,10779200,0.0000,1.0
2000-04-13,147.468704,148.156204,143.781204,144.25,92.0927572735847,12225800,0.0000,1.0
2000-04-14,142.625,142.8125,133.5,136.0,86.8257538246622,29604000,0.0000,1.0
2000-04-17,135.1875,140.75,134.6875,140.75,89.8582709619206,23918200,0.0000,1.0
2000-04-18,140.5625,144.468704,139.781204,144.468704,92.2323833005293,11069200,0.0000,1.0
2000-04-19,144.5,145.125,142.531204,143.125,91.3745295305498,6553700,0.0000,1.0
2000-04-20,143.5625,143.9375,142.375,143.8125,91.8134464846267,8537600,0.0000,1.0
2000-04-24,141.5,143.3125,140.5,142.25,90.8159079526338,12893100,0.0000,1.0
2000-04-25,144.625,148.156204,144.4375,148.156204,94.5865742360326,14102000,0.0000,1.0
2000-04-26,147.968704,148.75,146.0,146.484299,93.5191888540604,7711100,0.0000,1.0
2000-04-27,143.0,147.343704,143.0,146.0,93.2100004294168,15595300,0.0000,1.0
2000-04-28,147.0,147.859299,145.0625,145.093704,92.6313987133265,8743400,0.0000,1.0
2000-05-01,146.5625,148.484299,145.843704,147.0625,93.8883266311719,7328300,0.0000,1.0
2000-05-02,145.5,147.125,144.125,144.125,92.0129541910253,9411900,0.0000,1.0
2000-05-03,144.0,144.0,139.781204,140.75,89.8582709619206,12630700,0.0000,1.0
2000-05-04,142.0,142.359299,140.75,141.8125,90.5365971636758,5963600,0.0000,1.0
2000-05-05,141.0625,144.0,140.9375,143.531204,91.6338601813336,7862400,0.0000,1.0
2000-05-08,142.75,143.375,141.843704,142.453094,90.9455681706284,5064100,0.0000,1.0
2000-05-09,143.0625,143.406204,140.265594,141.3125,90.2173848334381,5620300,0.0000,1.0
2000-05-10,140.5,140.968704,137.75,138.125,88.1824062281726,10293900,0.0000,1.0
2000-05-11,140.125,141.5,139.125,141.281204,90.1974046952638,7091100,0.0000,1.0
2000-05-12,141.8125,143.468704,141.625,142.8125,91.1750218241513,5960800,0.0000,1.0
2000-05-15,142.75,145.609299,142.0,145.281204,92.7511033371657,4441300,0.0000,1.0
2000-05-16,146.5625,147.718704,145.3125,146.6875,93.6489173834937,8192200,0.0000,1.0
2000-05-17,145.6875,146.1875,144.468704,145.156204,92.6713002546062,5907200,0.0000,1.0
2000-05-18,145.625,146.3125,143.375,143.375,91.5341356956687,4325600,0.0000,1.0
2000-05-19,142.5625,143.234299,140.406204,141.125,90.0976802095989,6518400,0.0000,1.0
2000-05-22,141.25,141.468704,137.0,140.0625,89.4193540078438,10839400,0.0000,1.0
2000-05-23,140.4375,140.8125,137.5625,138.0,88.1026031456131,7979200,0.0000,1.0
2000-05-24,138.0,140.6875,136.5,140.25,89.5390586316829,11081500,0.0000,1.0
2000-05-25,140.6875,141.8125,137.718704,137.843704,88.0028199248794,8278900,0.0000,1.0
2000-05-26,138.8125,139.6875,137.328094,138.0,88.1026031456131,4814000,0.0000,1.0
2000-05-30,140.0,142.9375,139.468704,142.5,90.9755141177527,5362700,0.0000,1.0
2000-05-31,142.5625,144.0,142.093704,142.8125,91.1750218241513,6056500,0.0000,1.0
2000-06-01,143.6875,145.4375,143.0,145.3125,92.7710834753399,8961600,0.0000,1.0
2000-06-02,148.9375,149.093704,147.484299,147.843704,94.387066529634,8962200,0.0000,1.0
2000-06-05,147.468704,148.218704,146.875,147.125,93.9282281724517,6998100,0.0000,1.0
2000-06-06,146.625,147.781204,145.906204,146.468704,93.5092326214803,4858900,0.0000,1.0
2000-06-07,146.625,148.0,146.0,147.484299,94.1576135145358,4919500,0.0000,1.0
2000-06-08,147.5,147.75,146.0625,146.906204,93.7885434104383,5723100,0.0000,1.0
2000-06-09,147.5,147.968704,145.625,146.593704,93.5890357040397,3085300,0.0000,1.0
2000-06-12,146.968704,146.968704,144.875,144.875,92.4917726863819,3678900,0.0000,1.0
2000-06-13,144.8125,147.75,144.625,147.593704,94.2274603645152,6558700,0.0000,1.0
2000-06-14,148.25,148.875,147.1875,147.843704,94.387066529634,6420500,0.0000,1.0
2000-06-15,148.125,148.75,146.843704,148.156204,94.5865742360326,5881200,0.0000,1.0
2000-06-16,148.3125,148.3125,145.875,146.593704,93.8114679631466,5567900,0.3484,1.0
2000-06-19,146.468704,149.156204,146.25,148.468704,95.0113592110743,5106900,0.0000,1.0
2000-06-20,148.1875,148.875,147.0,147.9375,94.6714194614934,6480000,0.0000,1.0
2000-06-21,146.9375,148.4375,146.890594,147.875,94.6314230865625,3115000,0.0000,1.0
2000-06-22,147.5625,147.6875,145.0,145.625,93.1915535890493,7490500,0.0000,1.0
2000-06-23,145.8125,146.125,143.875,144.375,92.3916260904308,4863300,0.0000,1.0
2000-06-26,145.375,146.25,144.875,146.234299,93.5814696090339,5201300,0.0000,1.0
2000-06-27,145.984299,146.718704,145.015594,145.156204,92.8915513397354,4159500,0.0000,1.0
2000-06-28,145.625,146.984299,145.3125,145.5625,93.1515572141184,5347700,0.0000,1.0
2000-06-29,144.75,145.75,143.515594,144.1875,92.2716369656381,6345700,0.0000,1.0
2000-06-30,143.9375,145.593704,143.890594,145.281204,92.9715440895973,7420200,0.0000,1.0
2000-07-03,145.4375,147.4375,145.1875,147.281204,94.2514280873868,1436600,0.0000,1.0
2000-07-05,146.375,146.656204,144.375,144.625,92.5516115901545,2748200,0.0000,1.0
2000-07-06,144.9375,146.468704,144.218704,145.75,93.2715463389111,5963200,0.0000,1.0
2000-07-07,146.6875,148.781204,146.25,148.093704,94.7713809614888,3034800,0.0000,1.0
2000-07-10,147.875,148.906204,147.531204,147.843704,94.6113954617651,2816100,0.0000,1.0
2000-07-11,147.468704,149.125,147.156204,148.156204,94.8113773364197,5431600,0.0000,1.0
2000-07-12,149.281204,150.125,148.6875,149.125,95.4313505851809,5883000,0.0000,1.0
2000-07-13,149.984299,150.375,149.1875,149.781204,95.8512830846237,5356000,0.0000,1.0
2000-07-14,150.4375,151.25,149.671799,151.25,96.7912273328323,5341900,0.0000,1.0
2000-07-17,150.984299,151.984299,150.6875,151.0,96.6312418331086,4208300,0.0000,1.0
2000-07-18,150.625,150.625,149.343704,149.765594,95.8412935900209,4262100,0.0000,1.0
2000-07-19,149.468704,149.906204,148.25,148.5625,95.0713832108026,8506800,0.0000,1.0
2000-07-20,149.0,150.625,148.8125,150.625,96.3912635835231,4538900,0.0000,1.0
2000-07-21,149.75,149.75,147.6875,147.6875,94.5114339617697,5656900,0.0000,1.0
2000-07-24,148.125,148.859299,146.5625,146.843704,93.9714534628703,5628500,0.0000,1.0
2000-07-25,147.75,147.843704,146.781204,147.3125,94.2714557121842,4757100,0.0000,1.0
2000-07-26,146.968704,147.156204,145.640594,145.875,93.351539088773,12062500,0.0000,1.0
2000-07-27,145.9375,146.625,144.6875,145.375,93.0315680893256,7652600,0.0000,1.0
2000-07-28,145.718704,145.906204,141.515594,142.093704,90.9317289681202,6229500,0.0000,1.0
2000-07-31,142.9375,144.125,142.0625,143.0,91.5117058419505,5265500,0.0000,1.0
2000-08-01,143.625,144.718704,143.125,143.875,92.0716550909835,3946600,0.0000,1.0
2000-08-02,143.875,145.406204,143.625,144.593704,92.5315839653571,7439800,0.0000,1.0
2000-08-03,142.875,145.8125,142.625,145.593704,93.1715259642519,4607100,0.0000,1.0
2000-08-04,146.3125,146.718704,145.406204,146.375,93.6715100882203,3686600,0.0000,1.0
2000-08-07,146.718704,148.4375,146.375,148.125,94.7914085862862,4159800,0.0000,1.0
2000-08-08,147.5,148.8125,147.5,148.6875,95.1513759606645,3658700,0.0000,1.0
2000-08-09,149.140594,149.218704,147.375,147.4375,94.351448462046,5383800,0.0000,1.0
2000-08-10,147.531204,147.859299,146.281204,146.718704,93.8914607130085,4193400,0.0000,1.0
2000-08-11,146.625,148.0,145.5625,147.406204,94.3314208372486,5089400,0.0000,1.0
2000-08-14,147.781204,149.5625,147.0625,149.281204,95.5313120851763,2966700,0.0000,1.0
2000-08-15,149.343704,149.8125,148.5625,149.156204,95.4513193353145,5564600,0.0000,1.0
2000-08-16,149.3125,149.9375,147.843704,148.625,95.1113795857336,5191600,0.0000,1.0
2000-08-17,148.6875,150.4375,148.343704,150.1875,96.1112889590066,5652200,0.0000,1.0
2000-08-18,150.375,150.375,149.218704,149.6875,95.7913179595592,4626400,0.0000,1.0
2000-08-21,150.031204,150.718704,149.406204,150.5,96.3112708336612,2380600,0.0000,1.0
2000-08-22,150.5625,151.3125,150.093704,150.25,96.1512853339375,3075300,0.0000,1.0
2000-08-23,149.8125,151.281204,149.281204,150.843704,96.5312214584494,5483200,0.0000,1.0
2000-08-24,151.156204,151.5,150.5,151.3125,96.8312237077632,4529000,0.0000,1.0
2000-08-25,151.156204,151.625,150.9375,151.25,96.7912273328323,2822200,0.0000,1.0
2000-08-28,151.25,152.906204,151.25,151.765594,97.1211775878104,5518700,0.0000,1.0
2000-08-29,151.4375,151.875,150.906204,151.796799,97.141146977886,3561900,0.0000,1.0
2000-08-30,151.3125,151.5,150.343704,150.343704,96.211250459002,3964800,0.0000,1.0
2000-08-31,151.0625,153.093704,150.906204,152.343704,97.4911344567915,4863100,0.0000,1.0
2000-09-01,153.25,153.593704,152.0,152.5,97.5911548314508,3191200,0.0000,1.0
2000-09-05,151.875,152.203094,150.8125,151.281204,96.8111960829658,3470800,0.0000,1.0
2000-09-06,151.1875,151.953094,149.531204,149.5625,95.7113252096974,4322200,0.0000,1.0
2000-09-07,150.25,151.078094,149.828094,150.843704,96.5312214584494,4265500,0.0000,1.0
2000-09-08,150.281204,150.5,149.328094,149.8125,95.8713107094211,3518200,0.0000,1.0
2000-09-11,149.75,151.1875,148.6875,149.593704,95.7312939598309,3937500,0.0000,1.0
2000-09-12,149.75,150.25,148.4375,148.5,95.0313868358717,4769100,0.0000,1.0
2000-09-13,148.0,149.343704,147.656204,148.890594,95.281344340988,7691600,0.0000,1.0
2000-09-14,149.875,149.9375,148.156204,149.640594,95.7613008401591,3397100,0.0000,1.0
2000-09-15,148.1875,148.25,146.0,146.0,93.671714229718,4085700,0.3753,1.0
2000-09-18,146.375,146.968704,144.203094,144.656204,92.8095520729027,5109300,0.0000,1.0
2000-09-19,145.125,146.3125,144.703094,145.968704,93.6516351203445,6588200,0.0000,1.0
2000-09-20,145.6875,146.031204,143.156204,144.890594,92.9599336694664,6508100,0.0000,1.0
2000-09-21,144.468704,145.5625,142.625,142.6875,91.5464570147458,5972300,0.0000,1.0
2000-09-22,142.625,145.3125,142.421799,145.281204,93.2105440002559,7791300,0.0000,1.0
2000-09-25,145.9375,146.0625,143.718704,144.25,92.5489368331289,9726300,0.0000,1.0
2000-09-26,144.375,145.0,142.406204,142.406204,91.365981134431,5302400,0.0000,1.0
2000-09-27,143.5625,143.968704,142.125,143.156204,91.8471714472549,7186200,0.0000,1.0
2000-09-28,143.1875,146.328094,142.890594,145.0,93.0301271459528,7036400,0.0000,1.0
2000-09-29,145.468704,145.968704,143.625,143.625,92.1479449057757,9333600,0.0000,1.0
2000-10-02,144.281204,144.906204,143.140594,143.843704,92.2882625673435,5517800,0.0000,1.0
2000-10-03,144.531204,145.75,142.281204,142.5,91.4261594365398,9347200,0.0000,1.0
2000-10-04,142.875,144.25,141.75,143.6875,92.188044098511,6148900,0.0000,1.0
2000-10-05,143.406204,144.843704,143.3125,144.1875,92.5088376403936,4566900,0.0000,1.0
2000-10-06,143.875,144.640594,139.75,141.0625,90.5038780036274,10014900,0.0000,1.0
2000-10-09,141.3125,141.3125,139.375,140.0,89.8221917271268,4508000,0.0000,1.0
2000-10-10,140.093704,141.25,137.6875,137.6875,88.3385215959198,6104700,0.0000,1.0
2000-10-11,137.625,138.625,135.125,136.531204,87.5966570173105,10346000,0.0000,1.0
2000-10-12,137.281204,137.593704,132.781204,133.125,85.4112805262411,12336900,0.0000,1.0
2000-10-13,132.9375,137.656204,132.875,137.5625,88.2583232104492,11778800,0.0000,1.0
2000-10-16,137.406204,138.234299,136.6875,138.1875,88.6593151378024,5659000,0.0000,1.0
2000-10-17,138.4375,138.5625,134.406204,134.75,86.4538595373596,7831700,0.0000,1.0
2000-10-18,132.625,136.125,130.156204,134.25,86.133065995477,10897300,0.0000,1.0
2000-10-19,136.843704,139.453094,136.4375,139.3125,89.3811006070383,8767300,0.0000,1.0
2000-10-20,138.375,141.1875,138.375,139.906204,89.762013425018,7373500,0.0000,1.0
2000-10-23,139.9375,141.031204,138.9375,140.531204,90.1630053523712,5290000,0.0000,1.0
2000-10-24,140.968704,141.9375,139.0,139.593704,89.5615174613414,5750700,0.0000,1.0
2000-10-25,138.75,139.5625,136.125,136.3125,87.4563393557427,9137600,0.0000,1.0
2000-10-26,137.125,137.656204,134.031204,136.6875,87.6969345121546,9345800,0.0000,1.0
2000-10-27,137.875,139.281204,136.625,139.281204,89.3610214976648,9762900,0.0000,1.0
2000-10-30,138.4375,141.093704,138.156204,140.531204,90.1630053523712,10154100,0.0000,1.0
2000-10-31,141.015594,143.6875,140.0625,142.953094,91.7168586946713,7752400,0.0000,1.0
2000-11-01,142.25,143.25,141.218704,142.468704,91.4060803271663,6753600,0.0000,1.0
2000-11-02,143.156204,143.906204,142.515594,142.703094,91.55646192373,11395100,0.0000,1.0
2000-11-03,143.468704,143.75,142.375,142.781204,91.6065762908429,5187100,0.0000,1.0
2000-11-06,143.156204,144.296799,143.031204,143.781204,92.2481633746081,4042500,0.0000,1.0
2000-11-07,143.140594,144.0,142.5625,143.75,92.2281432912463,5231300,0.0000,1.0
2000-11-08,144.0625,144.0625,140.5625,140.5625,90.1830844617448,6123300,0.0000,1.0
2000-11-09,140.0,141.218704,137.25,140.031204,89.8422118104886,10635300,0.0000,1.0
2000-11-10,139.0,139.468704,136.531204,136.625,87.6568353194193,8569500,0.0000,1.0
2000-11-13,135.625,136.984299,133.015594,135.5625,86.9751490429188,17285300,0.0000,1.0
2000-11-14,137.468704,139.625,137.0,139.125,89.2608030288323,7668900,0.0000,1.0
2000-11-15,139.0625,140.109299,137.75,139.5625,89.5414973779796,8837700,0.0000,1.0
2000-11-16,138.578094,139.875,137.3125,137.375,88.1380256322432,6684100,0.0000,1.0
2000-11-17,137.3125,139.0,135.75,136.640594,87.6668402284035,6551100,0.0000,1.0
2000-11-20,135.75,136.375,134.3125,134.6875,86.4137603446243,5458500,0.0000,1.0
2000-11-21,134.875,136.1875,133.515594,135.375,86.8548514647128,7684300,0.0000,1.0
2000-11-22,134.343704,134.875,132.125,132.140594,84.7796983514602,5736900,0.0000,1.0
2000-11-24,133.625,134.968704,133.625,134.843704,86.5139788134567,3411600,0.0000,1.0
2000-11-27,136.468704,136.6875,135.3125,136.031204,87.2758634754279,5992000,0.0000,1.0
2000-11-28,135.125,136.593704,133.640594,133.6875,85.7721732608591,5336100,0.0000,1.0
2000-11-29,134.375,135.906204,133.265594,133.4375,85.6117764899178,6914100,0.0000,1.0
2000-11-30,132.5,133.5,129.75,132.281204,84.8699119113084,11201600,0.0000,1.0
2000-12-01,133.1875,134.0625,131.0,132.218704,84.8298127185731,7587200,0.0000,1.0
2000-12-04,131.875,133.875,131.5,133.343704,85.5515981878089,6996600,0.0000,1.0
2000-12-05,134.875,138.25,134.406204,137.718704,88.3585416792816,8883400,0.0000,1.0
2000-12-06,137.781204,138.343704,135.031204,135.515594,86.9450547591677,12888000,0.0000,1.0
2000-12-07,134.875,135.875,133.656204,133.656204,85.7520941514856,6529100,0.0000,1.0
2000-12-08,137.0625,139.468704,133.875,133.968704,85.9525901151622,10276300,0.0000,1.0
2000-12-11,137.375,139.5625,136.718704,138.625,88.9400094869497,6405600,0.0000,1.0
2000-12-12,138.1875,138.8125,137.375,138.031204,88.5590376429583,5022900,0.0000,1.0
2000-12-13,139.25,139.406204,136.031204,136.140594,87.3460466865209,6070500,0.0000,1.0
2000-12-14,135.875,136.5,134.031204,134.406204,86.2332844643094,7678400,0.0000,1.0
2000-12-15,133.125,133.125,130.5625,130.968704,84.2917328790317,9065300,0.4113,1.0
2000-12-18,132.0625,133.468704,131.765594,132.718704,85.4180365533684,7235400,0.0000,1.0
2000-12-19,132.468704,134.968704,130.015594,130.015594,83.678309281862,9616600,0.0000,1.0
2000-12-20,128.625,128.9375,126.093697,126.25,81.2547650771421,9994300,0.0000,1.0
2000-12-21,126.0,128.859299,125.531197,127.125,81.8179169143104,14331500,0.0000,1.0
2000-12-22,129.0,131.109299,128.843704,130.9375,84.2716499191152,10182900,0.0000,1.0
2000-12-26,130.843704,132.343704,130.281204,132.343704,85.1766857660105,4665300,0.0000,1.0
2000-12-27,131.75,133.734299,131.25,133.3125,85.8002049057149,4854100,0.0000,1.0
2000-12-28,132.8125,133.875,132.593704,133.718704,86.0616386529893,8358700,0.0000,1.0
2000-12-29,134.0625,134.281204,131.1875,131.1875,84.4325504440204,8774600,0.0000,1.0
2001-01-02,132.0,132.156204,127.5625,128.8125,82.9039954574207,8737500,0.0000,1.0
2001-01-03,128.3125,136.0,127.656197,135.0,86.8862834488252,19431600,0.0000,1.0
2001-01-04,134.9375,135.468704,133.0,133.546799,85.9510002340539,9219000,0.0000,1.0
2001-01-05,133.468704,133.625,129.1875,129.1875,83.1453462447785,12911400,0.0000,1.0
2001-01-08,129.875,130.1875,127.6875,130.1875,83.7889483443995,6625300,0.0000,1.0
2001-01-09,131.046799,131.5,129.421799,129.843704,83.5676805169582,5702400,0.0000,1.0
2001-01-10,129.0,132.125,128.8125,132.125,85.035927412415,8746100,0.0000,1.0
2001-01-11,131.093704,133.484299,131.093704,132.25,85.1163776748676,7245100,0.0000,1.0
2001-01-12,132.6875,133.718704,131.281204,132.0,84.9554771499624,7244000,0.0000,1.0
2001-01-16,132.0,133.1875,131.515594,132.843704,85.498486815821,8542200,0.0000,1.0
2001-01-17,134.843704,135.046799,132.640594,133.453094,85.890691499309,7851400,0.0000,1.0
2001-01-18,133.4375,135.703094,132.9375,134.781204,86.7454658838365,8107000,0.0000,1.0
2001-01-19,136.1875,136.1875,133.875,134.015594,86.2527176803457,7782500,0.0000,1.0
2001-01-22,134.25,135.781204,133.5625,134.906204,86.8259161462891,7050900,0.0000,1.0
2001-01-23,134.468704,136.656204,134.156204,135.968704,87.5097433771364,8463100,0.0000,1.0
2001-01-24,136.25,137.3125,135.843704,136.375,87.7712363358039,6199900,0.0000,1.0
2001-01-25,136.25,137.25,135.656204,136.031204,87.5499685083627,10818300,0.0000,1.0
2001-01-26,135.156204,136.125,134.453094,135.875,87.4494352859935,7136800,0.0000,1.0
2001-01-29,135.5,136.899994,135.369995,136.600006,87.9160506698313,6705900,0.0000,1.0
2001-01-30,136.300003,137.919998,135.789993,137.800003,88.6883712585701,7069100,0.0000,1.0
2001-01-31,137.399994,138.699997,136.600006,137.020004,88.1863622644678,9706900,0.0000,1.0
2001-02-01,137.100006,137.949997,136.25,137.929993,88.7720330954998,8239100,0.0000,1.0
2001-02-02,137.399994,137.990005,134.75,134.800003,86.7575649597073,8276600,0.0000,1.0
2001-02-05,134.800003,135.940002,134.75,135.789993,87.394724602311,4352900,0.0000,1.0
2001-02-06,135.300003,136.699997,135.220001,135.389999,87.1372876240752,7106700,0.0000,1.0
2001-02-07,134.720001,135.399994,133.679993,134.690002,86.6867680851469,5748700,0.0000,1.0
2001-02-08,134.800003,135.399994,133.100006,133.119995,85.6763082835273,5943300,0.0000,1.0
2001-02-09,133.350006,133.350006,131.259995,131.839996,84.8524982396147,9913000,0.0000,1.0
2001-02-12,131.699997,133.5,131.699997,133.350006,85.8243438460632,5804400,0.0000,1.0
2001-02-13,133.699997,134.169998,132.0,132.259995,85.1228104778533,6587600,0.0000,1.0
2001-02-14,132.649994,132.649994,130.660004,132.059998,84.9940919887355,8400100,0.0000,1.0
2001-02-15,132.839996,133.520004,131.990005,133.339996,85.817901389046,5929800,0.0000,1.0
2001-02-16,131.0,131.289993,129.300003,130.399994,83.9257099289563,6434900,0.0000,1.0
2001-02-20,131.039993,131.139999,128.100006,128.389999,82.6320729267287,5760000,0.0000,1.0
2001-02-21,127.900002,128.839996,125.5,125.620003,80.8492976851872,10910800,0.0000,1.0
2001-02-22,126.349998,126.540001,123.019997,125.809998,80.9715788661047,21281600,0.0000,1.0
2001-02-23,125.080002,125.540001,121.800003,124.959999,80.424517725029,20173000,0.0000,1.0
2001-02-26,125.800003,127.620003,124.5,127.620003,82.136501884429,11503700,0.0000,1.0
2001-02-27,126.800003,127.839996,125.510002,126.440002,81.3770507632742,11415000,0.0000,1.0
2001-02-28,126.75,126.839996,123.269997,123.949997,79.7744783172076,14825800,0.0000,1.0
2001-03-01,124.050003,124.599998,121.75,124.599998,80.1928203255633,14672000,0.0000,1.0
2001-03-02,122.5,125.650002,122.300003,123.610001,79.5556561777449,12564300,0.0000,1.0
2001-03-05,124.150002,124.779999,123.809998,124.739998,80.2829246195103,5293200,0.0000,1.0
2001-03-06,126.349998,127.75,125.489998,126.080002,81.1453540074107,6917000,0.0000,1.0
2001-03-07,126.900002,127.040001,125.760002,126.980003,81.7245965406716,6371700,0.0000,1.0
2001-03-08,126.599998,127.239998,126.139999,127.120003,81.8147008346186,6055000,0.0000,1.0
2001-03-09,126.099998,126.099998,123.110001,123.360001,79.3947556528397,10020300,0.0000,1.0
2001-03-12,122.339996,122.5,117.75,118.080002,75.9965372104433,13972900,0.0000,1.0
2001-03-13,119.400002,120.440002,117.529999,120.019997,77.2451220656974,12888000,0.0000,1.0
2001-03-14,117.050003,119.290001,115.75,117.650002,75.7197883076063,19883400,0.0000,1.0
2001-03-15,118.449997,118.860001,117.360001,117.68,75.7390950833907,10370300,0.0000,1.0
2001-03-16,117.129997,117.400002,114.809998,115.010002,74.2237416630584,58514600,0.3155,1.0
2001-03-19,115.760002,117.690002,114.82,117.349998,75.7338995239077,10067800,0.0000,1.0
2001-03-20,117.900002,118.459999,114.110001,114.199997,73.7009905908014,15083900,0.0000,1.0
2001-03-21,114.18,115.260002,111.900002,112.260002,72.4489804594771,19004600,0.0000,1.0
2001-03-22,112.019997,112.599998,108.040001,111.120003,71.7132619149966,28624800,0.0000,1.0
2001-03-23,113.25,114.660004,111.5,114.480003,73.8816974219177,12861700,0.0000,1.0
2001-03-26,115.699997,116.269997,114.769997,115.940002,74.8239336337241,9943800,0.0000,1.0
2001-03-27,115.620003,118.650002,115.279999,118.309998,76.3534525258852,12880700,0.0000,1.0
2001-03-28,116.900002,116.949997,114.900002,115.040001,74.2431020490025,10953300,0.0000,1.0
2001-03-29,114.699997,116.5,112.139999,115.480003,74.527065132311,12060300,0.0000,1.0
2001-03-30,115.550003,116.690002,114.5,116.690002,75.307959416519,9183600,0.0000,1.0
2001-04-02,116.300003,117.379997,113.800003,114.199997,73.7009905908014,10561000,0.0000,1.0
2001-04-03,113.980003,114.150002,110.059998,110.389999,71.2421409049387,12836000,0.0000,1.0
2001-04-04,110.57,112.099998,109.300003,110.849998,71.5390094063519,14884300,0.0000,1.0
2001-04-05,113.300003,115.489998,112.5,115.050003,74.2495570168419,21522800,0.0000,1.0
2001-04-06,113.989998,114.400002,112.059998,113.300003,73.1201635236538,14937800,0.0000,1.0
2001-04-09,114.0,114.989998,112.779999,114.559998,73.9333236119107,9034300,0.0000,1.0
2001-04-10,115.449997,117.75,115.169998,116.650002,75.2821447081033,17873600,0.0000,1.0
2001-04-11,118.779999,118.989998,116.139999,116.730003,75.3337747703025,12722300,0.0000,1.0
2001-04-12,116.300003,118.940002,115.959999,118.849998,76.7019510894975,9233200,0.0000,1.0
2001-04-16,118.290001,118.889999,116.910004,117.599998,75.895241451506,7350000,0.0000,1.0
2001-04-17,117.309998,119.660004,117.019997,119.260002,76.9665544322296,10924700,0.0000,1.0
2001-04-18,121.059998,126.0,120.690002,124.0,80.025596088758,32481600,0.0000,1.0
2001-04-19,124.25,125.839996,123.580002,125.650002,81.0904541016422,13809900,0.0000,1.0
2001-04-20,124.900002,125.400002,123.660004,124.5,80.3482799439546,7626700,0.0000,1.0
2001-04-23,123.650002,123.889999,121.910004,122.239998,78.8897476277305,8451800,0.0000,1.0
2001-04-24,122.519997,123.650002,121.099998,121.580002,78.4638075203418,10044700,0.0000,1.0
2001-04-25,121.419998,123.669998,120.949997,123.169998,79.4899395983962,8249000,0.0000,1.0
2001-04-26,123.730003,125.220001,123.5,123.720001,79.8448937752156,10590400,0.0000,1.0
2001-04-27,124.919998,125.839996,124.199997,125.779999,81.1743499678902,7938700,0.0000,1.0
2001-04-30,126.449997,127.269997,124.669998,126.660004,81.7422767798748,10766900,0.0000,1.0
2001-05-01,125.07,127.150002,124.599998,127.050003,81.9939695415604,10578000,0.0000,1.0
2001-05-02,127.410004,127.690002,126.0,126.82,81.8455330320668,9572900,0.0000,1.0
2001-05-03,126.129997,126.150002,124.220001,125.209999,80.806490372966,9926200,0.0000,1.0
2001-05-04,123.650002,127.349998,123.440002,127.339996,82.1811216600005,12145300,0.0000,1.0
2001-05-07,126.860001,127.379997,126.230003,126.239998,81.4712184693033,7185200,0.0000,1.0
2001-05-08,126.860001,127.099998,125.559998,126.18,81.4324976974152,6952600,0.0000,1.0
2001-05-09,125.25,126.550003,125.059998,125.650002,81.0904541016422,9507400,0.0000,1.0
2001-05-10,127.260002,127.5,125.769997,126.019997,81.3292369276491,6872400,0.0000,1.0
2001-05-11,126.0,126.489998,124.400002,125.150002,80.7677702464456,7734400,0.0000,1.0
2001-05-14,124.900002,125.440002,124.459999,125.400002,80.9291121740439,7914000,0.0000,1.0
2001-05-15,125.550003,126.5,124.849998,125.980003,81.3034260914397,9782200,0.0000,1.0
2001-05-16,124.839996,129.199997,124.620003,128.949997,83.2201643191012,14909000,0.0000,1.0
2001-05-17,129.0,130.080002,128.559998,129.149994,83.3492359250767,11824600,0.0000,1.0
2001-05-18,129.089996,129.740005,128.100006,129.740005,83.7300099732535,6683100,0.0000,1.0
2001-05-21,129.839996,131.839996,129.149994,131.649994,84.9626552010598,11531500,0.0000,1.0
2001-05-22,131.830002,132.089996,131.070007,131.479996,84.8529439810283,8342700,0.0000,1.0
2001-05-23,131.050003,131.050003,129.25,129.25,83.4137765683223,12330800,0.0000,1.0
2001-05-24,129.470001,130.0,128.550003,129.630005,83.6590195251103,7902800,0.0000,1.0
2001-05-25,129.649994,129.699997,127.900002,128.100006,82.6716075735764,7425000,0.0000,1.0
2001-05-29,128.220001,128.350006,126.900002,127.080002,82.0133299275045,9003900,0.0000,1.0
2001-05-30,126.589996,127.089996,125.0,125.300003,80.8645760483723,10041800,0.0000,1.0
2001-05-31,125.43,126.760002,125.260002,125.949997,81.2840611879216,9874200,0.0000,1.0
2001-06-01,126.199997,127.099998,125.120003,126.730003,81.7874518742346,8848300,0.0000,1.0
2001-06-04,126.800003,127.43,126.080002,127.339996,82.1811216600005,5623500,0.0000,1.0
2001-06-05,127.489998,129.229996,127.269997,128.800003,83.1233630347485,9115400,0.0000,1.0
2001-06-06,128.830002,128.830002,127.360001,127.730003,82.4328195846278,12064900,0.0000,1.0
2001-06-07,127.050003,128.350006,127.0,128.190002,82.7296880860409,7355300,0.0000,1.0
2001-06-08,127.699997,127.870003,126.139999,127.0,81.9616992199376,8170600,0.0000,1.0
2001-06-11,126.709999,126.989998,125.410004,126.099998,81.3808669898483,7012200,0.0000,1.0
2001-06-12,124.860001,126.739998,124.040001,125.879997,81.2388854481941,9364400,0.0000,1.0
2001-06-13,126.169998,126.580002,124.650002,124.800003,80.5418921931757,7629400,0.0000,1.0
2001-06-14,124.18,124.300003,121.75,122.0,78.7348606679716,12603000,0.0000,1.0
2001-06-15,120.910004,122.400002,120.400002,121.849998,78.8616354102658,16821100,0.3464,1.0
2001-06-18,121.650002,122.440002,120.910004,121.260002,78.4797884655862,11368300,0.0000,1.0
2001-06-19,122.379997,122.889999,120.889999,121.790001,78.8228051959255,7732300,0.0000,1.0
2001-06-20,121.190002,122.860001,121.099998,122.43,79.2370142121696,8787200,0.0000,1.0
2001-06-21,122.220001,124.309998,122.150002,123.82,80.1366258249681,12259100,0.0000,1.0
2001-06-22,123.489998,123.589996,122.160004,122.849998,79.5088380094014,12212000,0.0000,1.0
2001-06-25,123.279999,123.440002,121.5,121.720001,78.777501013986,8406800,0.0000,1.0
2001-06-26,120.900002,122.389999,120.57,121.550003,78.6674778665381,8005800,0.0000,1.0
2001-06-27,121.599998,122.239998,120.910004,121.480003,78.6221736845986,10105100,0.0000,1.0
2001-06-28,122.0,123.940002,121.93,122.150002,79.0557987788169,10269300,0.0000,1.0
2001-06-29,122.800003,124.010002,122.260002,122.599998,79.3470373596175,9824200,0.0000,1.0
2001-07-02,122.800003,124.32,122.620003,124.129997,80.3372566890923,8522200,0.0000,1.0
2001-07-03,123.980003,124.099998,123.050003,124.099998,80.3178412583209,3303100,0.0000,1.0
2001-07-05,123.07,123.650002,121.660004,121.68,78.7516122628179,5517900,0.0000,1.0
2001-07-06,121.309998,121.489998,119.050003,119.050003,77.0494713686991,11665900,0.0000,1.0
2001-07-09,119.489998,120.540001,119.199997,119.699997,77.4701491749217,8339300,0.0000,1.0
2001-07-10,120.290001,120.639999,118.209999,118.260002,76.5381806681794,8630700,0.0000,1.0
2001-07-11,118.099998,118.889999,117.089996,118.379997,76.6158417440627,15328600,0.0000,1.0
2001-07-12,119.5,121.470001,119.309998,121.190002,78.4344842836467,12002800,0.0000,1.0
2001-07-13,120.839996,122.32,120.620003,122.239998,79.1140444239287,10433800,0.0000,1.0
2001-07-16,121.769997,122.279999,120.290001,120.709999,78.1238250944538,6915300,0.0000,1.0
2001-07-17,120.199997,121.949997,119.830002,121.839996,78.8551620898692,7469800,0.0000,1.0
2001-07-18,120.559998,121.639999,120.059998,121.010002,78.3179878158023,7709300,0.0000,1.0
2001-07-19,122.18,122.980003,120.760002,122.07,79.0040212764808,10082900,0.0000,1.0
2001-07-20,121.150002,121.940002,120.919998,121.339996,78.5315607903014,6705800,0.0000,1.0
2001-07-23,121.800003,121.879997,118.949997,118.949997,76.98474722557,8065200,0.0000,1.0
2001-07-24,119.0,119.199997,116.75,117.800003,76.2404681197797,12269000,0.0000,1.0
2001-07-25,117.919998,119.480003,117.459999,119.099998,77.0818282626429,12088500,0.0000,1.0
2001-07-26,119.059998,120.849998,118.559998,120.349998,77.8908315115624,12898200,0.0000,1.0
2001-07-27,120.830002,121.349998,119.910004,120.809998,78.1885447071648,8478800,0.0000,1.0
2001-07-30,121.190002,121.349998,120.300003,120.849998,78.2144328111302,8547700,0.0000,1.0
2001-07-31,121.0,122.68,120.800003,121.349998,78.538034110698,11918100,0.0000,1.0
2001-08-01,121.970001,122.699997,121.550003,122.110001,79.0299100276488,11940800,0.0000,1.0
2001-08-02,123.230003,123.25,121.889999,122.610001,79.3535113272166,11070100,0.0000,1.0
2001-08-03,122.360001,122.360001,120.900002,121.940002,78.9198862329984,10816300,0.0000,1.0
2001-08-06,121.349998,121.510002,120.099998,120.300003,77.8584746176186,8550100,0.0000,1.0
2001-08-07,120.269997,121.199997,119.910004,120.769997,78.1626559559968,8865100,0.0000,1.0
2001-08-08,120.120003,121.160004,118.43,118.529999,76.7129234283382,15183800,0.0000,1.0
2001-08-09,118.699997,118.970001,117.860001,118.879997,76.9394430436305,14118500,0.0000,1.0
2001-08-10,118.800003,119.839996,117.339996,119.290001,77.2047986980865,11173300,0.0000,1.0
2001-08-13,119.599998,119.849998,118.809998,119.32,77.224214128858,7431600,0.0000,1.0
2001-08-14,120.139999,120.349998,118.800003,119.269997,77.1918520572934,13178100,0.0000,1.0
2001-08-15,119.230003,119.610001,118.080002,118.239998,76.5252340273863,8520600,0.0000,1.0
2001-08-16,117.800003,118.75,117.0,118.650002,76.7905896818423,10734700,0.0000,1.0
2001-08-17,117.650002,117.870003,116.010002,116.75,75.5609034490795,11604600,0.0000,1.0
2001-08-20,116.800003,117.900002,116.550003,117.830002,76.2598835505511,10417400,0.0000,1.0
2001-08-21,117.800003,118.540001,115.800003,115.82,74.9590050318834,14480800,0.0000,1.0
2001-08-22,116.75,117.43,115.779999,117.019997,75.7356462092383,11752300,0.0000,1.0
2001-08-23,116.959999,117.519997,116.489998,116.599998,75.463821764804,8744100,0.0000,1.0
2001-08-24,117.209999,119.129997,116.739998,119.019997,77.0300514075095,11687700,0.0000,1.0
2001-08-27,118.970001,119.199997,118.260002,118.309998,76.5705382093258,7425100,0.0000,1.0
2001-08-28,118.279999,118.489998,116.580002,116.580002,75.4508803016316,12046600,0.0000,1.0
2001-08-29,117.129997,117.18,115.169998,115.540001,74.777788951328,16180000,0.0000,1.0
2001-08-30,114.849998,115.739998,112.040001,113.32,73.3409985340444,17692600,0.0000,1.0
2001-08-31,113.400002,114.769997,113.129997,114.150002,73.8781779857322,15985400,0.0000,1.0
2001-09-04,113.849998,116.169998,113.370003,113.419998,73.4057174995528,24473400,0.0000,1.0
2001-09-05,113.699997,114.190002,111.949997,113.699997,73.5869335801082,21477100,0.0000,1.0
2001-09-06,112.650002,113.300003,110.769997,110.769997,71.6906299646409,21653000,0.0000,1.0
2001-09-07,110.019997,111.25,108.629997,108.720001,70.3638672252234,33133900,0.0000,1.0
2001-09-10,107.699997,110.349998,107.699997,110.050003,71.2246479764789,23408700,0.0000,1.0
2001-09-17,101.0,106.400002,100.0,104.300003,67.5032330314493,32388700,0.0000,1.0
2001-09-18,104.330002,105.300003,103.360001,104.050003,67.3414323816654,22029200,0.0000,1.0
2001-09-19,104.099998,104.5,98.559998,101.949997,65.9823030402651,42771800,0.0000,1.0
2001-09-20,100.400002,101.809998,98.559998,98.709999,63.885367913471,36210900,0.0000,1.0
2001-09-21,94.279999,98.989998,93.800003,97.279999,63.1986859557881,49782100,0.3690,1.0
2001-09-24,99.720001,101.160004,99.059998,100.699997,65.4205134824457,25549600,0.0000,1.0
2001-09-25,100.75,102.0,99.900002,101.75,66.1026558604451,25466200,0.0000,1.0
2001-09-26,102.349998,102.400002,100.43,101.389999,65.8687784922641,18587500,0.0000,1.0
2001-09-27,101.25,102.290001,100.0,102.269997,66.4404758382285,20536800,0.0000,1.0
2001-09-28,102.980003,109.620003,102.5,104.440002,67.8502359731714,21687200,0.0000,1.0
2001-10-01,103.900002,104.32,102.830002,104.269997,67.7397909411365,20457400,0.0000,1.0
2001-10-02,104.0,105.580002,103.650002,105.580002,68.590845581829,19833100,0.0000,1.0
2001-10-03,104.599998,107.879997,104.349998,107.349998,69.7407368492724,32045800,0.0000,1.0
2001-10-04,108.290001,108.970001,106.75,107.440002,69.7992086275334,32674100,0.0000,1.0
2001-10-05,107.25,107.620003,105.519997,107.230003,69.6627811913856,29796100,0.0000,1.0
2001-10-08,106.269997,107.300003,105.870003,106.529999,69.2080183067376,12970300,0.0000,1.0
2001-10-09,106.610001,106.75,105.599998,105.959999,68.8377135024089,15976300,0.0000,1.0
2001-10-10,105.800003,108.550003,105.519997,108.32,70.3709059734979,19987400,0.0000,1.0
2001-10-11,108.949997,110.300003,108.949997,110.0,71.4623306599406,23006300,0.0000,1.0
2001-10-12,109.150002,109.889999,107.300003,109.5,71.1375018842136,31360500,0.0000,1.0
2001-10-15,108.629997,109.449997,108.059998,109.300003,71.0075723228954,16873000,0.0000,1.0
2001-10-16,109.800003,110.610001,108.949997,109.989998,71.455832785111,15877100,0.0000,1.0
2001-10-17,111.07,111.150002,107.650002,107.650002,69.9356367133388,28542300,0.0000,1.0
2001-10-18,107.82,108.160004,106.75,107.419998,69.7862128778742,16510000,0.0000,1.0
2001-10-19,107.0,107.910004,106.010002,107.349998,69.7407368492724,21912500,0.0000,1.0
2001-10-22,107.300003,109.57,107.209999,109.470001,71.1180128073275,17540600,0.0000,1.0
2001-10-23,109.959999,110.279999,108.379997,108.910004,70.7542065274859,22062500,0.0000,1.0
2001-10-24,108.980003,109.449997,108.220001,108.620003,70.5658051879067,16065200,0.0000,1.0
2001-10-25,107.449997,110.599998,106.739998,110.57,71.8326354642694,27467900,0.0000,1.0
2001-10-26,109.949997,111.790001,109.669998,110.32,71.6702210764059,18623300,0.0000,1.0
2001-10-29,110.160004,110.550003,107.449997,107.449997,69.8057019547602,18727500,0.0000,1.0
2001-10-30,107.349998,107.699997,105.559998,106.160004,68.9676482609874,26178600,0.0000,1.0
2001-10-31,106.900002,107.860001,105.800003,105.800003,68.7337708928064,28124200,0.0000,1.0
2001-11-01,106.599998,109.010002,105.699997,108.510002,70.4943422075892,29806800,0.0000,1.0
2001-11-02,108.440002,109.379997,107.870003,109.25,70.9750874963501,17575900,0.0000,1.0
2001-11-05,110.120003,111.089996,109.949997,110.68,71.9040977949293,15929500,0.0000,1.0
2001-11-06,110.349998,112.480003,109.849998,112.400002,73.0215100827453,23245800,0.0000,1.0
2001-11-07,111.769997,113.120003,111.639999,112.25,72.9240601507121,19716000,0.0000,1.0
2001-11-08,112.870003,114.080002,111.900002,112.599998,73.1514389944059,22563500,0.0000,1.0
2001-11-09,112.25,112.959999,111.440002,112.720001,73.229399849553,15895800,0.0000,1.0
2001-11-12,111.0,112.650002,110.0,112.029999,72.7811348397347,26068800,0.0000,1.0
2001-11-13,113.440002,114.550003,113.18,114.550003,74.418274468029,15296200,0.0000,1.0
2001-11-14,115.169998,115.400002,113.709999,114.660004,74.4897374483465,17571300,0.0000,1.0
2001-11-15,114.370003,115.18,113.93,114.870003,74.6261648844943,19470200,0.0000,1.0
2001-11-16,115.080002,115.099998,113.400002,114.360001,74.2948382339376,18134900,0.0000,1.0
2001-11-19,114.919998,115.849998,114.449997,115.769997,75.2108527828576,13625400,0.0000,1.0
2001-11-20,115.370003,115.800003,114.639999,114.800003,74.5806888558925,16209700,0.0000,1.0
2001-11-21,114.5,114.669998,113.510002,114.040001,74.0869478174723,11470200,0.0000,1.0
2001-11-23,114.040001,115.75,114.0,115.68,75.1523855521993,6717100,0.0000,1.0
2001-11-26,115.75,116.339996,115.07,115.93,75.3147999400629,13726000,0.0000,1.0
2001-11-27,115.620003,116.900002,114.089996,115.43,74.9899711643359,19261400,0.0000,1.0
2001-11-28,114.739998,115.169998,113.25,113.339996,73.6321842831668,20195500,0.0000,1.0
2001-11-29,113.660004,114.919998,113.0,114.870003,74.6261648844943,16354700,0.0000,1.0
2001-11-30,114.400002,114.910004,114.019997,114.050003,74.093445692302,13680300,0.0000,1.0
2001-12-03,113.650002,114.080002,113.010002,113.370003,73.6516785573132,15220400,0.0000,1.0
2001-12-04,113.919998,115.300003,113.349998,115.290001,74.8990197567898,17239900,0.0000,1.0
2001-12-05,115.610001,118.0,115.559998,117.400002,76.2697978400153,25204000,0.0000,1.0
2001-12-06,117.339996,117.940002,116.93,117.339996,76.2308144889828,17972900,0.0000,1.0
2001-12-07,116.900002,117.089996,115.699997,116.559998,75.7240828981638,18857800,0.0000,1.0
2001-12-10,115.849998,116.389999,114.349998,114.379997,74.3078287863365,13862700,0.0000,1.0
2001-12-11,114.900002,115.720001,113.900002,114.150002,74.1584107977898,20833300,0.0000,1.0
2001-12-12,114.550003,114.779999,113.110001,114.279999,74.2428643305062,16171500,0.0000,1.0
2001-12-13,113.449997,113.699997,112.040001,112.059998,72.8006239166207,19026700,0.0000,1.0
2001-12-14,112.330002,113.489998,112.0,113.129997,73.495756847019,16721900,0.0000,1.0
2001-12-17,112.989998,114.360001,112.900002,114.300003,74.2558600801655,13925900,0.0000,1.0
2001-12-18,114.629997,115.150002,114.339996,114.980003,74.6976272151542,13663700,0.0000,1.0
2001-12-19,114.089996,115.919998,114.0,115.790001,75.2238485325168,20143400,0.0000,1.0
2001-12-20,115.5,115.800003,114.550003,114.650002,74.4832395735168,14867900,0.0000,1.0
2001-12-21,115.029999,115.07,114.199997,114.949997,74.9332995871499,14037700,0.3928,1.0
2001-12-24,114.830002,115.040001,114.610001,114.730003,74.7898904811072,5728800,0.0000,1.0
2001-12-26,114.650002,116.209999,114.650002,115.360001,75.200571908731,10304800,0.0000,1.0
2001-12-27,115.300003,116.080002,115.25,116.059998,75.656884099075,9407300,0.0000,1.0
2001-12-28,116.290001,116.75,115.919998,116.0,75.617772761746,10593800,0.0000,1.0
2001-12-31,116.150002,116.389999,114.230003,114.300003,74.5095832200076,14619500,0.0000,1.0
2002-01-02,115.110001,115.75,113.809998,115.529999,75.3113897547133,18651900,0.0000,1.0
2002-01-03,115.650002,116.949997,115.540001,116.839996,76.1653471294078,15743000,0.0000,1.0
2002-01-04,117.169998,117.980003,116.550003,117.620003,76.6738160266369,20140700,0.0000,1.0
2002-01-07,117.699997,117.989998,116.559998,116.790001,76.1327565212249,13106500,0.0000,1.0
2002-01-08,116.790001,117.059998,115.970001,116.519997,75.956747028839,12683700,0.0000,1.0
2002-01-09,116.68,117.779999,115.339996,115.57,75.3374655006464,16610300,0.0000,1.0
2002-01-10,115.690002,116.349998,115.300003,116.080002,75.6699242536123,12823400,0.0000,1.0
2002-01-11,116.209999,116.279999,114.699997,114.940002,74.9267840730227,13708400,0.0000,1.0
2002-01-14,114.650002,114.839996,113.959999,114.220001,74.4574317281414,12301100,0.0000,1.0
2002-01-15,114.550003,115.389999,113.900002,115.150002,75.0636783168155,20219900,0.0000,1.0
2002-01-16,114.300003,114.400002,112.690002,112.82,73.5448027843119,17067000,0.0000,1.0
2002-01-17,113.760002,114.239998,113.400002,113.669998,74.0988972292424,17283400,0.0000,1.0
2002-01-18,113.0,113.849998,112.669998,113.150002,73.7599236140268,17028000,0.0000,1.0
2002-01-22,113.75,113.93,112.019997,112.370003,73.2514599318165,11689300,0.0000,1.0
2002-01-23,112.629997,113.550003,112.019997,113.230003,73.8120744540157,12438900,0.0000,1.0
2002-01-24,113.639999,114.25,113.32,113.580002,74.0402308751263,12142800,0.0000,1.0
2002-01-25,113.120003,114.18,113.040001,113.550003,74.0206752064619,12810700,0.0000,1.0
2002-01-28,113.900002,114.190002,112.919998,113.860001,74.2227558816394,10589200,0.0000,1.0
2002-01-29,113.849998,114.129997,110.050003,110.279999,71.8890336598929,27720800,0.0000,1.0
2002-01-30,110.389999,113.389999,108.400002,111.870003,72.9255212561193,34711800,0.0000,1.0
2002-01-31,112.150002,113.300003,111.620003,113.18,73.7794786308139,19909200,0.0000,1.0
2002-02-01,113.089996,113.300003,112.169998,112.650002,73.4339849383296,15838500,0.0000,1.0
2002-02-04,112.230003,112.230003,109.440002,109.849998,71.608725746916,24243400,0.0000,1.0
2002-02-05,109.400002,110.489998,108.529999,109.169998,71.1654491479678,33614000,0.0000,1.0
2002-02-06,109.650002,109.739998,108.059998,108.699997,70.8590661409351,29486000,0.0000,1.0
2002-02-07,108.720001,109.860001,108.0,108.019997,70.4157895419869,23445400,0.0000,1.0
2002-02-08,108.629997,110.75,108.300003,110.089996,71.7651750074959,19277800,0.0000,1.0
2002-02-11,110.050003,111.639999,109.82,111.440002,72.6452133431424,18792400,0.0000,1.0
2002-02-12,110.959999,111.709999,110.029999,111.089996,72.4170523588903,13942500,0.0000,1.0
2002-02-13,111.480003,112.540001,111.349998,112.269997,73.186268285413,16781100,0.0000,1.0
2002-02-14,112.510002,112.970001,111.589996,112.059998,73.0493746934975,20453800,0.0000,1.0
2002-02-15,112.150002,112.239998,110.709999,110.889999,72.2866788442435,18366800,0.0000,1.0
2002-02-19,110.150002,110.290001,108.610001,108.760002,70.8981820414055,15988100,0.0000,1.0
2002-02-20,109.050003,110.589996,107.82,110.589996,72.0911136831931,29242800,0.0000,1.0
2002-02-21,109.93,110.629997,108.260002,108.300003,70.5983191116415,26288600,0.0000,1.0
2002-02-22,108.349998,109.940002,107.870003,109.639999,71.4718321550005,26572900,0.0000,1.0
2002-02-25,109.739998,111.809998,109.699997,111.449997,72.6517288572696,17458700,0.0000,1.0
2002-02-26,111.599998,112.040001,110.57,111.220001,72.5017996739583,22346500,0.0000,1.0
2002-02-27,111.959999,112.860001,110.650002,111.650002,72.7821075869352,28597900,0.0000,1.0
2002-02-28,111.830002,112.75,111.029999,111.150002,72.456168911238,23755400,0.0000,1.0
2002-03-01,111.720001,113.849998,111.510002,113.739998,74.14452864384,26273600,0.0000,1.0
2002-03-04,113.900002,115.989998,113.650002,115.75,75.4548034238974,27184600,0.0000,1.0
2002-03-05,115.330002,116.400002,114.970001,115.379997,75.2136068482494,22718900,0.0000,1.0
2002-03-06,115.099998,117.150002,115.07,116.75,76.1066807752918,20143200,0.0000,1.0
2002-03-07,117.360001,117.5,115.57,116.5,75.9437114374432,19330800,0.0000,1.0
2002-03-08,117.379997,117.900002,116.480003,116.989998,76.2631300358717,19930100,0.0000,1.0
2002-03-11,116.889999,117.900002,116.43,117.239998,76.4260993737203,15621800,0.0000,1.0
2002-03-12,116.099998,117.25,115.940002,117.169998,76.3804679591227,17153600,0.0000,1.0
2002-03-13,116.629997,116.75,115.639999,116.040001,75.6438485076791,17175300,0.0000,1.0
2002-03-14,116.040001,116.43,115.629997,115.879997,75.5395455239466,11168100,0.0000,1.0
2002-03-15,115.970001,116.949997,115.900002,116.650002,76.2572527096715,21220100,0.3310,1.0
2002-03-18,117.099998,117.559998,116.099998,116.669998,76.270324634224,17548900,0.0000,1.0
2002-03-19,117.300003,117.739998,116.82,117.449997,76.7802310194488,17912000,0.0000,1.0
2002-03-20,116.5,116.580002,115.190002,115.239998,75.3354950628123,17114500,0.0000,1.0
2002-03-21,115.300003,115.900002,114.120003,115.290001,75.368183372644,25846800,0.0000,1.0
2002-03-22,115.5,115.940002,114.699997,115.040001,75.2047516293902,15235400,0.0000,1.0
2002-03-25,115.089996,115.360001,113.300003,113.610001,74.2699220579785,17499600,0.0000,1.0
2002-03-26,113.519997,115.019997,113.470001,114.269997,74.7013792452606,19947600,0.0000,1.0
2002-03-27,114.029999,115.010002,113.760002,114.57,74.8974992983461,19020300,0.0000,1.0
2002-03-28,114.970001,115.769997,114.5,114.519997,74.8648109885144,17532900,0.0000,1.0
2002-04-01,114.230003,115.099998,113.5,114.57,74.8974992983461,17711000,0.0000,1.0
2002-04-02,113.980003,114.949997,113.769997,113.940002,74.4856526128005,15669500,0.0000,1.0
2002-04-03,114.010002,114.209999,112.160004,113.139999,73.9626690732074,25658500,0.0000,1.0
2002-04-04,112.599998,113.400002,112.230003,112.669998,73.6554167421633,23549000,0.0000,1.0
2002-04-05,113.190002,113.629997,112.18,112.690002,73.6684938965315,19404900,0.0000,1.0
2002-04-08,111.32,113.029999,111.230003,112.93,73.8253870626012,16470100,0.0000,1.0
2002-04-09,113.18,113.18,111.93,112.139999,73.3089421001923,15122700,0.0000,1.0
2002-04-10,112.099998,113.540001,112.089996,113.410004,74.1391786245564,17199300,0.0000,1.0
2002-04-11,112.889999,113.050003,110.5,110.589996,72.2956633308379,25453700,0.0000,1.0
2002-04-12,111.019997,111.650002,110.040001,111.419998,72.8382580258944,14950600,0.0000,1.0
2002-04-15,111.620003,111.860001,110.199997,110.57,72.2825914062855,17394900,0.0000,1.0
2002-04-16,111.699997,113.32,111.669998,113.199997,74.0018913841344,15040900,0.0000,1.0
2002-04-17,113.389999,113.669998,112.599998,112.959999,73.8449982180647,12920100,0.0000,1.0
2002-04-18,112.900002,113.459999,111.150002,112.470001,73.5246733087412,25204800,0.0000,1.0
2002-04-19,113.199997,113.239998,112.559998,112.879997,73.7926987527696,10499200,0.0000,1.0
2002-04-22,112.379997,112.43,110.839996,111.0,72.563694004682,13922900,0.0000,1.0
2002-04-23,111.089996,111.480003,110.169998,110.519997,72.2499030964538,16967000,0.0000,1.0
2002-04-24,110.559998,111.809998,109.400002,109.410004,71.5242707324958,18902700,0.0000,1.0
2002-04-25,109.209999,109.739998,108.720001,109.470001,71.5634923896958,25451500,0.0000,1.0
2002-04-26,109.790001,110.010002,107.290001,107.389999,70.2037389783703,19769800,0.0000,1.0
2002-04-29,107.93,108.260002,106.629997,106.860001,69.8572649901262,17724400,0.0000,1.0
2002-04-30,107.019997,108.639999,106.639999,107.860001,70.5109919631414,19473500,0.0000,1.0
2002-05-01,107.970001,109.25,106.800003,109.18,71.3739109137944,24575600,0.0000,1.0
2002-05-02,109.099998,109.910004,107.779999,108.760002,71.099346892582,15666800,0.0000,1.0
2002-05-03,108.599998,108.760002,107.199997,107.580002,70.3279490644241,18185500,0.0000,1.0
2002-05-06,107.639999,107.989998,105.309998,105.470001,68.9485844976352,23630400,0.0000,1.0
2002-05-07,106.099998,106.32,104.900002,105.099998,68.7067035564386,21910000,0.0000,1.0
2002-05-08,107.050003,109.360001,106.790001,109.010002,71.2627786358358,27917400,0.0000,1.0
2002-05-09,108.650002,109.099998,107.580002,107.75,70.4390813423827,18085600,0.0000,1.0
2002-05-10,107.970001,108.050003,105.599998,105.720001,69.1120162408889,18958900,0.0000,1.0
2002-05-13,106.220001,107.949997,105.790001,107.870003,70.5175305403255,14677700,0.0000,1.0
2002-05-14,109.620003,110.370003,109.0,110.220001,72.0537876194571,34201200,0.0000,1.0
2002-05-15,109.5,110.910004,109.290001,109.790001,71.7726850210606,29535300,0.0000,1.0
2002-05-16,109.699997,110.480003,109.330002,110.360001,72.1453093956792,28092000,0.0000,1.0
2002-05-17,110.660004,111.25,110.099998,110.900002,72.4983226148344,27823700,0.0000,1.0
2002-05-20,110.639999,110.690002,109.489998,109.699997,71.7138469785814,13833800,0.0000,1.0
2002-05-21,110.110001,110.480003,108.32,108.699997,71.0601200055662,16877200,0.0000,1.0
2002-05-22,108.220001,109.120003,108.0,108.940002,71.2170177477247,15844200,0.0000,1.0
2002-05-23,109.260002,110.360001,108.480003,110.099998,71.9753384215144,13879800,0.0000,1.0
2002-05-24,109.980003,110.199997,108.610001,108.690002,71.0535860044709,11877000,0.0000,1.0
2002-05-28,109.050003,109.129997,107.449997,108.099998,70.6678844754841,24236900,0.0000,1.0
2002-05-29,107.620003,108.019997,107.129997,107.300003,70.1449061657068,14773300,0.0000,1.0
2002-05-30,106.550003,107.510002,105.900002,107.0,69.9487861126214,18217900,0.0000,1.0
2002-05-31,107.400002,108.559998,106.849998,107.220001,70.0926067004117,19826300,0.0000,1.0
2002-06-03,107.089996,107.599998,104.129997,104.370003,68.2294861347724,26056300,0.0000,1.0
2002-06-04,104.150002,105.199997,103.550003,104.629997,68.3994512253945,25856200,0.0000,1.0
2002-06-05,104.949997,105.669998,104.349998,105.610001,69.0401062738573,19695900,0.0000,1.0
2002-06-06,105.540001,105.599998,103.150002,103.459999,67.6345919744207,22998500,0.0000,1.0
2002-06-07,101.779999,103.919998,101.720001,103.339996,67.556142776478,24011600,0.0000,1.0
2002-06-10,103.239998,104.459999,103.019997,103.739998,67.817634873138,18759900,0.0000,1.0
2002-06-11,104.129997,104.540001,101.730003,101.959999,66.654001514898,19990700,0.0000,1.0
2002-06-12,101.709999,102.809998,100.779999,102.580002,67.0593141993483,31266000,0.0000,1.0
2002-06-13,102.129997,103.0,101.339996,101.550003,66.3859760708697,21043900,0.0000,1.0
2002-06-14,100.309998,101.559998,98.5,101.400002,66.2879163711905,39267500,0.0000,1.0
2002-06-17,101.919998,104.339996,101.849998,104.120003,68.0660543915186,17647200,0.0000,1.0
2002-06-18,103.739998,105.029999,103.629997,104.970001,68.6217210111276,21628500,0.0000,1.0
2002-06-19,103.5,104.43,102.239998,102.519997,67.0200873123326,21540700,0.0000,1.0
2002-06-20,102.260002,103.050003,100.959999,101.209999,66.1637062851367,25691000,0.0000,1.0
2002-06-21,100.470001,100.93,98.68,99.279999,65.1330207276718,31190700,0.3534,1.0
2002-06-24,98.610001,100.690002,97.25,99.800003,65.4741713285141,37169700,0.0000,1.0
2002-06-25,100.300003,100.889999,97.540001,97.559998,64.0046075335438,33355000,0.0000,1.0
2002-06-26,95.199997,98.150002,95.190002,97.720001,64.1095781098981,37913600,0.0000,1.0
2002-06-27,98.5,99.489998,96.57,99.43,65.2314294539065,31616400,0.0000,1.0
2002-06-28,99.239998,100.5,98.879997,98.959999,64.9230835112859,28184200,0.0000,1.0
2002-07-01,99.18,99.800003,96.889999,97.029999,63.6568996749584,20270200,0.0000,1.0
2002-07-02,96.860001,97.199997,94.769997,94.970001,62.3054301565818,34213900,0.0000,1.0
2002-07-03,94.620003,95.839996,93.720001,95.510002,62.6596998652868,30565800,0.0000,1.0
2002-07-05,96.779999,99.529999,96.660004,99.309998,65.1527016856542,19013500,0.0000,1.0
2002-07-08,98.980003,99.699997,97.559998,98.07,64.3391962842664,19118600,0.0000,1.0
2002-07-09,97.730003,98.339996,95.010002,95.599998,62.7187420831801,28620400,0.0000,1.0
2002-07-10,96.0,96.07,92.040001,92.120003,60.4356781352525,50522500,0.0000,1.0
2002-07-11,91.760002,93.349998,90.32,92.870003,60.9277184861569,59476500,0.0000,1.0
2002-07-12,93.330002,93.889999,91.519997,91.849998,60.2585403286579,39018600,0.0000,1.0
2002-07-15,91.639999,92.400002,87.889999,92.339996,60.5800053791412,77317200,0.0000,1.0
2002-07-16,91.120003,92.379997,89.870003,90.559998,59.4122309251022,53282400,0.0000,1.0
2002-07-17,92.459999,93.300003,89.75,90.739998,59.5303206093193,48880600,0.0000,1.0
2002-07-18,90.699997,91.099998,87.75,87.800003,57.6015257140428,32656700,0.0000,1.0
2002-07-19,86.760002,87.550003,84.300003,84.709999,55.5743168441013,77572600,0.0000,1.0
2002-07-22,84.099998,85.910004,81.449997,82.199997,53.9276204909667,78134000,0.0000,1.0
2002-07-23,82.550003,83.239998,79.75,79.949997,52.4514994382534,74484100,0.0000,1.0
2002-07-24,78.129997,85.120003,77.68,84.720001,55.5808786942209,107022800,0.0000,1.0
2002-07-25,84.269997,85.849998,81.599998,84.0,55.1085193012988,87176600,0.0000,1.0
2002-07-26,84.650002,85.93,83.800003,85.599998,56.1582040711207,41206800,0.0000,1.0
2002-07-29,87.5,90.339996,87.300003,89.769997,58.8939477660957,53492900,0.0000,1.0
2002-07-30,89.32,91.400002,88.720001,90.940002,59.6615339937757,47532200,0.0000,1.0
2002-07-31,90.489998,91.550003,89.25,91.160004,59.8058671421486,44669900,0.0000,1.0
2002-08-01,90.879997,91.349998,88.330002,88.779999,58.2444558150094,66571900,0.0000,1.0
2002-08-02,88.5,88.910004,85.620003,86.790001,56.9389100627172,51772900,0.0000,1.0
2002-08-05,86.489998,86.93,83.550003,83.769997,54.9576249588601,47191300,0.0000,1.0
2002-08-06,85.230003,87.900002,85.110001,86.589996,56.807696022207,64730000,0.0000,1.0
2002-08-07,87.870003,88.5,85.769997,88.099998,57.7983385741356,43289400,0.0000,1.0
2002-08-08,88.419998,91.099998,87.800003,90.949997,59.6680912515187,48339800,0.0000,1.0
2002-08-09,90.099998,91.940002,89.349998,91.290001,59.8911521681439,41879200,0.0000,1.0
2002-08-12,89.989998,91.269997,89.550003,90.620003,59.4515974334436,25841700,0.0000,1.0
2002-08-13,90.150002,91.660004,88.650002,88.970001,58.3691073493462,49690500,0.0000,1.0
2002-08-14,89.019997,92.629997,88.019997,92.220001,60.5012822032655,57423600,0.0000,1.0
2002-08-15,92.839996,93.989998,92.199997,93.5,61.3410304127553,45551500,0.0000,1.0
2002-08-16,92.82,94.080002,92.0,93.220001,61.1573360044714,36517300,0.0000,1.0
2002-08-19,93.459999,95.75,93.099998,95.400002,62.5875339471541,33669900,0.0000,1.0
2002-08-20,94.82,95.400002,93.620003,94.389999,61.9249176397747,30508300,0.0000,1.0
2002-08-21,95.059998,95.779999,93.57,95.75,62.8171514654686,39628900,0.0000,1.0
2002-08-22,95.489998,97.150002,95.07,96.68,63.4272815005901,38399800,0.0000,1.0
2002-08-23,96.010002,96.150002,94.150002,94.599998,62.0626882819742,33716400,0.0000,1.0
2002-08-26,94.910004,95.639999,93.5,95.260002,62.4956864149853,33830100,0.0000,1.0
2002-08-27,95.699997,96.25,93.5,94.160004,61.7740285457664,35335700,0.0000,1.0
2002-08-28,93.279999,93.489998,91.800003,92.099998,60.4225537789593,38970600,0.0000,1.0
2002-08-29,91.269997,93.050003,90.809998,92.139999,60.4487965870614,42965700,0.0000,1.0
2002-08-30,91.68,93.389999,91.400002,91.779999,60.2126172186272,30366700,0.0000,1.0
2002-09-03,90.730003,91.0,88.150002,88.279999,57.9164289144065,76586400,0.0000,1.0
2002-09-04,88.610001,90.25,88.059998,89.540001,58.7430580160335,51099500,0.0000,1.0
2002-09-05,88.489998,89.43,87.5,88.779999,58.2444558150094,67250900,0.0000,1.0
2002-09-06,89.75,90.57,89.339996,90.0,59.0448421085345,38622200,0.0000,1.0
2002-09-09,89.099998,91.349998,88.800003,90.660004,59.4778402415456,33998400,0.0000,1.0
2002-09-10,91.139999,91.779999,90.559998,91.699997,60.1601316024232,41416600,0.0000,1.0
2002-09-11,92.470001,93.330002,91.099998,91.129997,59.7861809357358,27711200,0.0000,1.0
2002-09-12,90.75,90.839996,88.989998,89.449997,58.6840105497098,43601700,0.0000,1.0
2002-09-13,88.690002,89.900002,88.25,89.669998,58.8283430420289,41131000,0.0000,1.0
2002-09-16,89.309998,89.889999,88.459999,89.889999,58.972675534348,28167600,0.0000,1.0
2002-09-17,90.889999,91.190002,87.75,87.830002,57.6212066720252,47609700,0.0000,1.0
2002-09-18,87.010002,88.5,86.279999,86.949997,57.043876046695,54719400,0.0000,1.0
2002-09-19,85.989998,86.800003,84.699997,84.699997,55.5677549939816,48510500,0.0000,1.0
2002-09-20,84.919998,85.199997,84.050003,84.349998,55.5861907618493,46325600,0.3781,1.0
2002-09-23,83.650002,84.059998,82.690002,83.660004,55.1314884616959,46893800,0.0000,1.0
2002-09-24,82.440002,83.650002,81.849998,82.309998,54.2418418366226,69507000,0.0000,1.0
2002-09-25,83.370003,84.769997,82.040001,84.349998,55.5861907618493,59294400,0.0000,1.0
2002-09-26,85.019997,85.970001,84.449997,85.730003,56.4956065650637,53638000,0.0000,1.0
2002-09-27,85.0,85.629997,82.75,82.75,54.5318007659351,64648300,0.0000,1.0
2002-09-30,82.0,82.800003,80.900002,81.790001,53.8991666365878,73096400,0.0000,1.0
2002-10-01,82.43,85.769997,81.470001,85.720001,56.4890153013627,67198100,0.0000,1.0
2002-10-02,84.690002,85.529999,82.599998,83.150002,54.7953999124001,56749100,0.0000,1.0
2002-10-03,83.139999,84.599998,81.949997,82.309998,54.2418418366226,55547000,0.0000,1.0
2002-10-04,82.800003,82.919998,79.580002,80.800003,53.2467633290992,68483700,0.0000,1.0
2002-10-07,80.059998,81.199997,78.550003,79.129997,52.1462384412453,53188000,0.0000,1.0
2002-10-08,79.809998,81.309998,78.199997,80.370003,52.9633956634877,79531000,0.0000,1.0
2002-10-09,79.089996,79.699997,77.779999,78.099998,51.4674746919146,79956400,0.0000,1.0
2002-10-10,77.940002,81.07,77.07,80.629997,53.1347302980296,76749000,0.0000,1.0
2002-10-11,82.099998,84.730003,81.82,84.160004,55.4609857472907,82308300,0.0000,1.0
2002-10-14,83.199997,84.849998,83.040001,84.629997,55.7707085827878,40631900,0.0000,1.0
2002-10-15,86.989998,88.720001,86.849998,88.699997,58.4528164875292,82320300,0.0000,1.0
2002-10-16,87.410004,87.800003,85.919998,86.550003,57.0359821134391,62977800,0.0000,1.0
2002-10-17,88.870003,89.300003,87.849998,88.269997,58.1694488219177,68534100,0.0000,1.0
2002-10-18,87.650002,89.110001,86.93,88.639999,58.413278131247,47448700,0.0000,1.0
2002-10-21,88.120003,90.5,87.57,90.169998,59.4215391661725,45859100,0.0000,1.0
2002-10-22,89.050003,90.010002,88.519997,89.519997,58.9931920359047,40966800,0.0000,1.0
2002-10-23,88.769997,90.269997,87.68,90.199997,59.4413083443136,54905800,0.0000,1.0
2002-10-24,90.75,90.900002,88.099998,88.360001,58.2287609693031,54987400,0.0000,1.0
2002-10-25,88.209999,90.389999,87.940002,90.199997,59.4413083443136,43672100,0.0000,1.0
2002-10-28,91.150002,91.290001,88.849998,89.610001,59.05250418329,39416100,0.0000,1.0
2002-10-29,89.080002,89.489998,87.0,88.57,58.3671491702583,59508200,0.0000,1.0
2002-10-30,88.68,89.959999,88.230003,89.43,58.9338845014813,41688600,0.0000,1.0
2002-10-31,89.660004,90.300003,88.190002,88.519997,58.3341974647151,41620600,0.0000,1.0
2002-11-01,88.349998,90.82,88.050003,90.269997,59.4874379642968,51878900,0.0000,1.0
2002-11-04,91.800003,92.940002,90.900002,91.129997,60.0541732955199,49080600,0.0000,1.0
2002-11-05,90.839996,92.07,90.839996,91.849998,60.5286500457709,37270800,0.0000,1.0
2002-11-06,92.480003,93.07,90.790001,93.040001,61.3128555624702,65013100,0.0000,1.0
2002-11-07,92.019997,92.220001,90.220001,90.760002,59.8103485991526,51572000,0.0000,1.0
2002-11-08,90.529999,91.57,89.519997,89.650002,59.0788646251322,37905400,0.0000,1.0
2002-11-11,89.510002,89.559998,87.800003,88.260002,58.1628621711787,33505100,0.0000,1.0
2002-11-12,88.660004,89.93,88.370003,88.959999,58.6241563940277,37724500,0.0000,1.0
2002-11-13,88.32,89.739998,87.449997,89.050003,58.683468541413,63891500,0.0000,1.0
2002-11-14,90.07,91.0,89.75,90.730003,59.7905794210115,31896800,0.0000,1.0
2002-11-15,90.0,91.550003,89.949997,91.400002,60.2321051247139,39152100,0.0000,1.0
2002-11-18,92.150002,92.150002,90.349998,90.480003,59.6258307782141,28934800,0.0000,1.0
2002-11-19,90.019997,91.099998,89.760002,90.360001,59.5467501116822,32806600,0.0000,1.0
2002-11-20,89.980003,92.419998,89.949997,92.370003,60.8713305177623,36688400,0.0000,1.0
2002-11-21,92.599998,94.190002,92.43,94.089996,62.0047965672463,55128200,0.0000,1.0
2002-11-22,93.480003,94.269997,93.269997,93.419998,61.5632715225385,32513800,0.0000,1.0
2002-11-25,93.43,94.260002,92.769997,93.480003,61.6028144917827,33846400,0.0000,1.0
2002-11-26,93.07,93.449997,91.620003,91.699997,60.4298002010979,42284700,0.0000,1.0
2002-11-27,92.519997,94.650002,92.43,94.279999,62.1300075127561,37764000,0.0000,1.0
2002-11-29,94.800003,94.949997,93.769997,93.980003,61.9323117773775,19385700,0.0000,1.0
2002-12-02,95.470001,96.050003,93.220001,94.129997,62.0311570090885,49911900,0.0000,1.0
2002-12-03,93.25,93.400002,92.349998,92.870003,61.2008278033571,34407700,0.0000,1.0
2002-12-04,91.769997,93.139999,91.43,92.449997,60.9240461294901,64040800,0.0000,1.0
2002-12-05,92.730003,92.800003,91.099998,91.43,60.2518736438604,36724900,0.0000,1.0
2002-12-06,90.120003,92.169998,89.980003,92.029999,60.6472697275796,49824100,0.0000,1.0
2002-12-09,91.07,91.459999,89.480003,89.5,58.9800141214646,36789600,0.0000,1.0
2002-12-10,90.019997,91.099998,89.760002,90.699997,59.7708056299083,33319900,0.0000,1.0
2002-12-11,90.419998,91.620003,90.160004,90.779999,59.8235265135927,39201000,0.0000,1.0
2002-12-12,91.199997,91.489998,90.199997,90.769997,59.8169352498916,34465600,0.0000,1.0
2002-12-13,89.910004,90.480003,89.269997,89.339996,58.874572354096,36862200,0.0000,1.0
2002-12-16,89.82,91.790001,89.660004,91.650002,60.3968537675113,37098400,0.0000,1.0
2002-12-17,91.370003,91.739998,90.739998,90.849998,59.8696554745814,32353900,0.0000,1.0
2002-12-18,90.32,90.400002,89.330002,89.800003,59.1777144698052,35612600,0.0000,1.0
2002-12-19,89.349998,90.699997,88.599998,89.160004,58.7559586032384,39264200,0.0000,1.0
2002-12-20,89.199997,90.019997,89.099998,89.989998,59.5901363372656,31176900,0.4358,1.0
2002-12-23,89.589996,90.470001,89.309998,90.019997,59.6100012615873,22599300,0.0000,1.0
2002-12-24,89.589996,89.860001,89.25,89.349998,59.1663371584296,10937000,0.0000,1.0
2002-12-26,89.699997,90.610001,88.839996,89.389999,59.1928252692931,17485600,0.0000,1.0
2002-12-27,88.959999,89.290001,87.379997,87.379997,57.861829648889,22205700,0.0000,1.0
2002-12-30,87.790001,88.470001,87.220001,88.110001,58.3452282359936,29968000,0.0000,1.0
2002-12-31,87.989998,88.43,87.110001,88.230003,58.4246919063978,34036600,0.0000,1.0
2003-01-02,88.849998,91.300003,88.540001,91.07,60.3052987759237,44516300,0.0000,1.0
2003-01-03,90.910004,91.379997,90.5,91.349998,60.490709592292,32222600,0.0000,1.0
2003-01-06,91.239998,93.489998,91.169998,92.959999,61.5568300637374,40984500,0.0000,1.0
2003-01-07,92.900002,93.370003,92.199997,92.730003,61.4045298825881,38640400,0.0000,1.0
2003-01-08,92.199997,92.400002,91.050003,91.389999,60.5171977031555,38702200,0.0000,1.0
2003-01-09,91.82,93.18,91.410004,92.809998,61.4575014690115,34804900,0.0000,1.0
2003-01-10,91.949997,93.639999,91.800003,93.059998,61.6230480232443,37768900,0.0000,1.0
2003-01-13,93.540001,93.860001,92.440002,93.029999,61.6031830989226,31649900,0.0000,1.0
2003-01-14,92.690002,93.830002,92.410004,93.330002,61.8018409505606,30733000,0.0000,1.0
2003-01-15,93.540001,93.57,91.910004,92.400002,61.1860077688146,33511800,0.0000,1.0
2003-01-16,92.5,92.93,91.449997,92.019997,60.9343736954497,44812100,0.0000,1.0
2003-01-17,90.989998,92.300003,90.150002,90.660004,60.0338050757268,35618300,0.0000,1.0
2003-01-21,90.870003,90.919998,88.949997,89.25,59.1001198611089,36826200,0.0000,1.0
2003-01-22,88.769997,89.800003,88.0,88.169998,58.3849574224508,42286500,0.0000,1.0
2003-01-23,88.75,89.379997,87.949997,88.709999,58.7425386417799,55919800,0.0000,1.0
2003-01-24,88.589996,88.68,86.169998,86.379997,57.1996434319578,68633900,0.0000,1.0
2003-01-27,85.730003,86.800003,84.5,85.199997,56.418263695979,57884400,0.0000,1.0
2003-01-28,85.629997,86.400002,85.129997,85.830002,56.8354443235767,46929100,0.0000,1.0
2003-01-29,85.419998,87.18,84.769997,86.480003,57.2658660267682,53712200,0.0000,1.0
2003-01-30,86.790001,86.879997,84.400002,84.43,55.9083822955006,49845900,0.0000,1.0
2003-01-31,84.150002,86.209999,84.150002,86.059998,56.987744504726,55317000,0.0000,1.0
2003-02-03,86.139999,86.809998,85.919998,86.230003,57.1003194725354,39696000,0.0000,1.0
2003-02-04,85.309998,85.75,84.300003,85.379997,56.5374572150266,43633400,0.0000,1.0
2003-02-05,85.75,86.540001,84.480003,84.849998,56.1864991822393,55270600,0.0000,1.0
2003-02-06,84.370003,84.889999,83.650002,84.449997,55.9216240332806,53638000,0.0000,1.0
2003-02-07,84.910004,84.989998,82.970001,83.419998,55.2395728920277,43165000,0.0000,1.0
2003-02-10,83.459999,84.129997,82.650002,84.010002,55.6302654087619,45455900,0.0000,1.0
2003-02-11,84.370003,84.879997,82.830002,83.43,55.2461960785694,46861000,0.0000,1.0
2003-02-12,83.160004,83.620003,82.089996,82.099998,54.3654870856785,35873600,0.0000,1.0
2003-02-13,82.150002,82.660004,81.0,82.349998,54.5310336399113,57934100,0.0000,1.0
2003-02-14,82.370003,84.199997,81.82,84.150002,55.7229714791323,59580900,0.0000,1.0
2003-02-18,84.529999,85.800003,84.389999,85.629997,56.7030037692594,39492700,0.0000,1.0
2003-02-19,85.32,85.470001,84.279999,85.18,56.405021958199,31432000,0.0000,1.0
2003-02-20,85.209999,85.419998,84.050003,84.330002,55.8421649981799,29280100,0.0000,1.0
2003-02-21,84.379997,85.739998,83.459999,85.18,56.405021958199,60955800,0.0000,1.0
2003-02-24,84.93,85.0,83.589996,83.800003,55.4912069653926,30628600,0.0000,1.0
2003-02-25,82.949997,84.489998,82.220001,84.470001,55.9348704063641,56770600,0.0000,1.0
2003-02-26,84.019997,84.529999,83.080002,83.239998,55.12037937298,37787200,0.0000,1.0
2003-02-27,83.699997,84.75,83.160004,84.339996,55.8487828872319,51126000,0.0000,1.0
2003-02-28,84.470001,85.230003,84.160004,84.900002,56.2196111418307,43666800,0.0000,1.0
2003-03-03,85.260002,85.779999,83.720001,84.089996,55.6832363329991,42923100,0.0000,1.0
2003-03-04,83.949997,84.010002,82.650002,82.75,54.7959094510562,31440500,0.0000,1.0
2003-03-05,82.610001,83.540001,82.360001,83.449997,55.2594378163494,43974700,0.0000,1.0
2003-03-06,82.870003,83.519997,82.470001,82.75,54.7959094510562,41217700,0.0000,1.0
2003-03-07,81.610001,83.989998,81.43,83.32,55.173355594707,63538000,0.0000,1.0
2003-03-10,82.599998,82.860001,81.099998,81.32,53.8489831608446,41014100,0.0000,1.0
2003-03-11,81.480003,82.0,80.480003,80.519997,53.319232200741,48102700,0.0000,1.0
2003-03-12,80.379997,81.099998,79.379997,81.059998,53.67681342007,62459800,0.0000,1.0
2003-03-13,82.18,83.910004,81.529999,83.860001,55.530936814036,72117800,0.0000,1.0
2003-03-14,84.199997,84.769997,83.349998,84.129997,55.7097244438626,63951800,0.0000,1.0
2003-03-17,83.459999,86.949997,83.220001,86.779999,57.4645192431027,88217500,0.0000,1.0
2003-03-18,87.150002,87.349998,86.279999,87.290001,57.80223553811,50792300,0.0000,1.0
2003-03-19,87.279999,88.160004,86.68,87.959999,58.2458989790815,49630800,0.0000,1.0
2003-03-20,87.330002,88.589996,86.349998,88.150002,58.3717163468571,67321600,0.0000,1.0
2003-03-21,88.800003,89.879997,87.93,89.669998,59.6129022994037,71165300,0.3544,1.0
2003-03-24,88.019997,88.139999,86.349998,86.690002,57.6317913998516,65398900,0.0000,1.0
2003-03-25,86.739998,88.260002,86.440002,87.519997,58.1835747381761,61040100,0.0000,1.0
2003-03-26,87.559998,87.849998,86.800003,87.080002,57.8910646508309,45740800,0.0000,1.0
2003-03-27,86.400002,87.660004,85.989998,87.150002,57.9376008753656,53120200,0.0000,1.0
2003-03-28,86.470001,87.279999,86.25,86.709999,57.6450854695948,32583000,0.0000,1.0
2003-03-31,85.349998,86.589996,84.400002,84.739998,56.3354224857423,61119500,0.0000,1.0
2003-04-01,85.25,86.389999,84.910004,86.040001,57.1996686500829,53574000,0.0000,1.0
2003-04-02,87.540001,88.769997,87.5,88.120003,58.5824606515789,50431200,0.0000,1.0
2003-04-03,88.870003,88.989998,87.650002,87.699997,58.3032393155512,48755500,0.0000,1.0
2003-04-04,88.43,88.589996,87.620003,88.220001,58.6489396427364,36250100,0.0000,1.0
2003-04-07,90.339996,90.849998,87.970001,88.050003,58.5359244270442,69776200,0.0000,1.0
2003-04-08,88.300003,88.650002,87.709999,88.190002,58.6289962113105,39712700,0.0000,1.0
2003-04-09,88.360001,89.099998,86.769997,87.029999,57.8578224960393,55647300,0.0000,1.0
2003-04-10,87.089996,87.629997,85.709999,87.510002,58.1769300301158,41812400,0.0000,1.0
2003-04-11,88.160004,88.699997,86.860001,87.150002,57.9376008753656,47730100,0.0000,1.0
2003-04-14,87.470001,89.0,87.0,88.949997,59.1342433251002,36711700,0.0000,1.0
2003-04-15,88.839996,89.779999,88.419998,89.779999,59.6860313170472,49709800,0.0000,1.0
2003-04-16,89.910004,90.059998,88.029999,88.25,58.6688830741624,51788000,0.0000,1.0
2003-04-17,88.300003,89.720001,88.190002,89.559998,59.5397739465634,37403100,0.0000,1.0
2003-04-21,89.860001,90.160004,89.059998,89.650002,59.5996088944637,32052700,0.0000,1.0
2003-04-22,89.099998,91.559998,88.889999,91.339996,60.7231223265548,59763600,0.0000,1.0
2003-04-23,91.620003,92.349998,91.239998,92.18,61.2815596801846,44227100,0.0000,1.0
2003-04-24,91.529999,92.080002,90.959999,91.360001,60.7364217147236,49692400,0.0000,1.0
2003-04-25,91.300003,91.470001,90.019997,90.230003,59.9851954196977,43917200,0.0000,1.0
2003-04-28,90.440002,92.190002,90.300003,91.790001,61.0222870940085,46432900,0.0000,1.0
2003-04-29,92.139999,92.800003,91.400002,92.110001,61.235024120453,52017100,0.0000,1.0
2003-04-30,91.910004,92.57,91.410004,91.910004,61.1020654733348,48709100,0.0000,1.0
2003-05-01,91.919998,92.730003,90.5,91.900002,61.095416111652,50240400,0.0000,1.0
2003-05-02,91.559998,93.470001,91.489998,93.209999,61.9663063192498,50201500,0.0000,1.0
2003-05-05,93.470001,93.779999,92.5,93.029999,61.8466417418747,35437800,0.0000,1.0
2003-05-06,93.040001,94.379997,93.0,93.910004,62.4316718886133,44401000,0.0000,1.0
2003-05-07,93.419998,94.139999,92.970001,93.389999,62.0859708966248,41413100,0.0000,1.0
2003-05-08,92.519997,93.330002,92.279999,92.449997,61.4610545518375,40570700,0.0000,1.0
2003-05-09,92.830002,93.800003,92.610001,93.730003,62.312006646435,33608100,0.0000,1.0
2003-05-12,93.5,95.120003,93.279999,94.879997,63.0765263464009,35662300,0.0000,1.0
2003-05-13,94.529999,95.18,94.260002,94.709999,62.9635111307086,39253600,0.0000,1.0
2003-05-14,95.089996,95.239998,93.910004,94.510002,62.8305524835904,32195100,0.0000,1.0
2003-05-15,94.889999,95.330002,94.25,95.110001,63.2294337433707,43879200,0.0000,1.0
2003-05-16,94.889999,95.449997,94.260002,94.870003,63.0698823031437,38905000,0.0000,1.0
2003-05-19,94.150002,94.419998,92.330002,92.650002,61.5940185173814,41606000,0.0000,1.0
2003-05-20,92.82,93.029999,91.589996,92.459999,61.4677039135204,55404600,0.0000,1.0
2003-05-21,92.110001,92.879997,91.910004,92.650002,61.5940185173814,49333800,0.0000,1.0
2003-05-22,92.949997,94.050003,92.68,93.57,62.2056361388031,38421800,0.0000,1.0
2003-05-23,93.529999,93.980003,93.139999,93.760002,62.331950077861,26155900,0.0000,1.0
2003-05-27,93.300003,95.839996,93.07,95.400002,63.4222273383893,43719200,0.0000,1.0
2003-05-28,95.849998,96.470001,95.43,95.669998,63.6017215452391,37727100,0.0000,1.0
2003-05-29,95.879997,96.82,95.080002,95.419998,63.4355207433293,50844200,0.0000,1.0
2003-05-30,95.900002,97.089996,95.559998,96.949997,64.4526689862141,52529500,0.0000,1.0
2003-06-02,97.529999,98.449997,96.669998,97.349998,64.718590934073,50305500,0.0000,1.0
2003-06-03,97.150002,97.839996,96.849998,97.75,64.9845135467351,38254500,0.0000,1.0
2003-06-04,97.660004,99.349998,97.57,99.160004,65.9218887287193,49360700,0.0000,1.0
2003-06-05,98.580002,99.650002,98.269997,99.650002,66.2476409708561,46262400,0.0000,1.0
2003-06-06,100.400002,101.400002,99.129997,99.260002,65.9883677198768,60356800,0.0000,1.0
2003-06-09,98.769997,99.099998,97.769997,98.25,65.3169151505547,37808500,0.0000,1.0
2003-06-10,98.459999,99.260002,98.190002,99.25,65.981718358194,29965900,0.0000,1.0
2003-06-11,99.160004,100.389999,98.709999,100.300003,66.6797637206248,37610200,0.0000,1.0
2003-06-12,100.75,100.900002,99.620003,100.610001,66.8858513853865,36442000,0.0000,1.0
2003-06-13,100.610001,100.75,98.949997,99.559998,66.1878060229557,48628300,0.0000,1.0
2003-06-16,99.959999,101.699997,99.800003,101.660004,67.5838967478173,36326300,0.0000,1.0
2003-06-17,102.07,102.18,101.230003,101.660004,67.5838967478173,36801800,0.0000,1.0
2003-06-18,101.290001,102.139999,101.0,101.57,67.524061799917,35521000,0.0000,1.0
2003-06-19,101.639999,101.730003,99.839996,100.019997,66.4936148336666,43551700,0.0000,1.0
2003-06-20,100.389999,100.5,99.419998,99.440002,66.3475276528039,41545000,0.3603,1.0
2003-06-23,99.449997,99.660004,97.919998,98.419998,65.6669691025741,34237500,0.0000,1.0
2003-06-24,98.220001,99.089996,98.019997,98.519997,65.7336896002039,36213600,0.0000,1.0
2003-06-25,98.529999,99.440002,97.529999,97.529999,65.0731514026964,47743400,0.0000,1.0
2003-06-26,97.779999,98.980003,96.959999,98.800003,65.92051286503,33477300,0.0000,1.0
2003-06-27,98.75,99.190002,97.580002,97.660004,65.1598922530486,54208800,0.0000,1.0
2003-06-30,98.220001,98.669998,97.470001,97.629997,65.1398712331146,33349000,0.0000,1.0
2003-07-01,97.25,98.849998,96.43,98.529999,65.7403630511113,51322800,0.0000,1.0
2003-07-02,98.769997,99.790001,98.57,99.769997,66.5677041607226,34662100,0.0000,1.0
2003-07-03,99.07,99.849998,97.900002,98.739998,65.8804768300668,30792800,0.0000,1.0
2003-07-07,99.650002,100.900002,99.650002,100.699997,67.1882109937484,31391100,0.0000,1.0
2003-07-08,100.5,101.290001,100.169998,101.150002,67.4884595715934,30952500,0.0000,1.0
2003-07-09,100.919998,101.400002,100.029999,100.580002,67.1081489319969,36528500,0.0000,1.0
2003-07-10,99.839996,100.040001,98.629997,99.300003,66.2541186892374,49777700,0.0000,1.0
2003-07-11,99.389999,100.449997,99.389999,100.239998,66.8812943026892,39976300,0.0000,1.0
2003-07-14,101.199997,101.900002,100.449997,100.730003,67.2082313464708,42114900,0.0000,1.0
2003-07-15,101.379997,101.459999,99.949997,100.510002,67.0614441166078,42573600,0.0000,1.0
2003-07-16,100.809998,100.870003,99.230003,99.919998,66.6677865751964,39894200,0.0000,1.0
2003-07-17,99.150002,99.879997,98.160004,98.5,65.7203473688705,52253500,0.0000,1.0
2003-07-18,99.019997,99.800003,98.459999,99.510002,66.3942324681929,35698100,0.0000,1.0
2003-07-21,99.449997,99.489998,97.849998,98.279999,65.5735601390076,34786000,0.0000,1.0
2003-07-22,98.690002,99.410004,97.919998,99.169998,66.1673778388852,49968300,0.0000,1.0
2003-07-23,99.209999,99.449997,98.279999,99.239998,66.2140826542743,37275400,0.0000,1.0
2003-07-24,99.989998,100.339996,98.370003,98.489998,65.7136739179631,40896200,0.0000,1.0
2003-07-25,98.660004,100.290001,98.040001,100.230003,66.8746255222633,43241100,0.0000,1.0
2003-07-28,100.370003,100.980003,99.669998,99.860001,66.6277558779265,34382800,0.0000,1.0
2003-07-29,100.139999,100.260002,98.68,99.400002,66.3208391868673,53472100,0.0000,1.0
2003-07-30,99.599998,99.75,98.93,99.160004,66.160709725671,28363300,0.0000,1.0
2003-07-31,99.980003,100.910004,99.169998,99.389999,66.3141650687482,54937200,0.0000,1.0
2003-08-01,99.190002,99.529999,98.239998,98.510002,65.727020819778,49321000,0.0000,1.0
2003-08-04,98.309998,99.0,97.0,98.510002,65.727020819778,55214100,0.0000,1.0
2003-08-05,98.410004,98.760002,96.339996,96.419998,64.3325458057442,61415600,0.0000,1.0
2003-08-06,96.690002,98.059998,96.419998,96.980003,64.7061876649148,50096900,0.0000,1.0
2003-08-07,97.169998,98.07,96.760002,98.0,65.3867415446631,43427400,0.0000,1.0
2003-08-08,98.32,98.550003,97.760002,98.279999,65.5735601390076,27357300,0.0000,1.0
2003-08-11,98.260002,99.040001,97.839996,98.650002,65.8204304505561,34631400,0.0000,1.0
2003-08-12,98.709999,99.589996,98.419998,99.550003,66.4209216013412,43285600,0.0000,1.0
2003-08-13,99.82,99.849998,98.529999,99.040001,66.0806423262263,36152000,0.0000,1.0
2003-08-14,99.099998,99.75,98.449997,99.309998,66.2607874696633,35525100,0.0000,1.0
2003-08-15,99.360001,99.790001,99.120003,99.620003,66.4676264167302,12567000,0.0000,1.0
2003-08-18,99.93,100.599998,99.739998,100.480003,67.041428434367,22873800,0.0000,1.0
2003-08-19,100.690002,100.940002,100.0,100.860001,67.2949675263414,37437700,0.0000,1.0
2003-08-20,100.290001,100.889999,100.160004,100.449997,67.0214080816447,21295300,0.0000,1.0
2003-08-21,101.050003,101.519997,100.400002,100.769997,67.2349158091375,46494200,0.0000,1.0
2003-08-22,101.75,101.82,99.730003,99.769997,66.5677041607226,52040300,0.0000,1.0
2003-08-25,99.709999,100.830002,99.279999,99.93,66.6744600261039,23473000,0.0000,1.0
2003-08-26,99.5,100.389999,98.830002,100.110001,66.7945587900302,45065800,0.0000,1.0
2003-08-27,100.050003,100.360001,99.57,100.139999,66.8145738050594,18919500,0.0000,1.0
2003-08-28,100.400002,101.0,99.660004,100.760002,67.2282470287116,27402400,0.0000,1.0
2003-08-29,100.610001,101.480003,100.480003,101.440002,67.6819509496337,28706600,0.0000,1.0
2003-09-02,101.639999,102.879997,101.050003,102.800003,68.5893594586897,49419100,0.0000,1.0
2003-09-03,103.029999,103.699997,102.779999,103.360001,68.9629966473787,44912400,0.0000,1.0
2003-09-04,103.099998,103.550003,102.760002,103.410004,68.9963592314344,28381000,0.0000,1.0
2003-09-05,102.940002,103.550003,102.400002,102.830002,68.6093751409305,31637300,0.0000,1.0
2003-09-08,103.040001,103.879997,102.93,103.68,69.1765037076599,32632800,0.0000,1.0
2003-09-09,103.370003,103.459999,102.68,103.0,68.7227997867377,35053200,0.0000,1.0
2003-09-10,102.529999,102.800003,101.550003,101.959999,68.0288990051745,45904900,0.0000,1.0
2003-09-11,102.099998,102.760002,101.839996,102.260002,68.229064501334,38396300,0.0000,1.0
2003-09-12,101.910004,102.639999,101.349998,102.449997,68.3558313784746,42524800,0.0000,1.0
2003-09-15,102.519997,102.629997,101.949997,102.089996,68.1156345178335,21312800,0.0000,1.0
2003-09-16,102.230003,103.639999,102.169998,103.580002,69.1097838772417,37892600,0.0000,1.0
2003-09-17,103.480003,103.790001,103.050003,103.379997,68.9763382115004,31885800,0.0000,1.0
2003-09-18,103.400002,104.699997,103.169998,104.599998,69.7903370897783,30243600,0.0000,1.0
2003-09-19,104.269997,104.599998,103.400002,103.669998,69.4367549488173,34331600,0.4001,1.0
2003-09-22,102.849998,102.959999,102.029999,102.550003,68.6865975275844,36677400,0.0000,1.0
2003-09-23,102.589996,103.290001,102.360001,102.940002,68.9478135545519,32489200,0.0000,1.0
2003-09-24,103.120003,103.220001,101.07,101.110001,67.7221037692281,41694700,0.0000,1.0
2003-09-25,101.410004,101.879997,100.199997,100.279999,67.166179716051,52673100,0.0000,1.0
2003-09-26,100.440002,100.660004,99.849998,99.949997,66.9451488638403,42914700,0.0000,1.0
2003-09-29,100.300003,100.989998,99.790001,100.93,67.6015415470938,36771600,0.0000,1.0
2003-09-30,100.480003,100.760002,99.25,99.949997,66.9451488638403,70764500,0.0000,1.0
2003-10-01,100.239998,102.18,100.199997,102.080002,68.3717972488895,65797600,0.0000,1.0
2003-10-02,101.93,102.559998,101.629997,102.449997,68.6196148686727,44591500,0.0000,1.0
2003-10-03,103.669998,104.279999,103.080002,103.389999,69.2492154260625,48806900,0.0000,1.0
2003-10-06,103.480003,103.989998,103.199997,103.860001,69.5640163745438,20226500,0.0000,1.0
2003-10-07,103.260002,104.309998,102.910004,104.260002,69.8319316051034,42602900,0.0000,1.0
2003-10-08,104.330002,104.389999,103.410004,104.0,69.657785801028,30920800,0.0000,1.0
2003-10-09,104.879997,105.220001,103.830002,104.279999,69.8453253237828,40066500,0.0000,1.0
2003-10-10,104.269997,104.599998,103.910004,104.57,70.0395640501298,22682800,0.0000,1.0
2003-10-13,104.709999,105.290001,104.510002,104.900002,70.2605949023405,23825600,0.0000,1.0
2003-10-14,104.800003,105.43,104.360001,105.269997,70.5084125221236,38484400,0.0000,1.0
2003-10-15,105.860001,105.889999,104.639999,104.989998,70.3208729993688,39021700,0.0000,1.0
2003-10-16,104.68,105.730003,104.650002,105.410004,70.6021873068991,32772200,0.0000,1.0
2003-10-17,105.470001,105.629997,103.980003,104.260002,69.8319316051034,32790300,0.0000,1.0
2003-10-20,104.449997,105.040001,103.940002,105.040001,70.3543643288247,27657000,0.0000,1.0
2003-10-21,104.82,105.279999,104.32,104.860001,70.2338027764767,26729100,0.0000,1.0
2003-10-22,104.029999,104.190002,103.190002,103.540001,69.3496847259252,33914500,0.0000,1.0
2003-10-23,102.889999,103.949997,102.839996,103.349998,69.2224233001988,45830500,0.0000,1.0
2003-10-24,102.830002,103.580002,102.18,103.580002,69.376476851789,51723600,0.0000,1.0
2003-10-27,103.739998,104.18,103.269997,103.629997,69.4099628229536,32460200,0.0000,1.0
2003-10-28,103.980003,105.150002,103.82,105.040001,70.3543643288247,34956200,0.0000,1.0
2003-10-29,104.769997,105.43,103.870003,105.18,70.4481337553089,30955400,0.0000,1.0
2003-10-30,105.790001,105.970001,104.800003,105.400002,70.5954881033069,39123100,0.0000,1.0
2003-10-31,105.400002,105.739998,105.220001,105.300003,70.5285101329001,25761600,0.0000,1.0
2003-11-03,105.75,106.610001,105.709999,105.989998,70.9906594013018,37589300,0.0000,1.0
2003-11-04,105.989998,106.269997,105.580002,105.760002,70.8366112080028,31421600,0.0000,1.0
2003-11-05,105.489998,105.970001,104.900002,105.839996,70.890190101439,33558800,0.0000,1.0
2003-11-06,105.599998,106.440002,105.099998,106.400002,71.2652745052399,28392300,0.0000,1.0
2003-11-07,106.639999,106.720001,105.57,105.610001,70.7361425779265,31723200,0.0000,1.0
2003-11-10,105.739998,105.839996,105.010002,105.18,70.4481337553089,25530800,0.0000,1.0
2003-11-11,105.089996,105.330002,104.800003,105.150002,70.4280415028237,26558600,0.0000,1.0
2003-11-12,105.230003,106.470001,105.160004,106.330002,71.2183894571046,28000000,0.0000,1.0
2003-11-13,106.010002,106.540001,105.779999,106.360001,71.2384823793762,29714800,0.0000,1.0
2003-11-14,106.400002,106.949997,105.290001,105.459999,70.6356732780637,49158500,0.0000,1.0
2003-11-17,104.910004,105.139999,104.040001,104.93,70.2806871548256,44382100,0.0000,1.0
2003-11-18,105.239998,105.449997,103.699997,103.839996,69.5506172975731,41155000,0.0000,1.0
2003-11-19,104.029999,105.010002,103.919998,104.720001,70.1400326802061,29827000,0.0000,1.0
2003-11-20,104.0,105.239998,103.75,103.779999,69.5104321228163,53578700,0.0000,1.0
2003-11-21,104.239998,104.330002,103.620003,104.209999,69.7984402756475,30016000,0.0000,1.0
2003-11-24,104.690002,105.779999,104.68,105.589996,70.7227435009558,28906400,0.0000,1.0
2003-11-25,105.730003,106.419998,105.449997,105.989998,70.9906594013018,37580000,0.0000,1.0
2003-11-26,106.419998,106.449997,105.389999,106.370003,71.2451815829683,33053600,0.0000,1.0
2003-11-28,106.279999,106.660004,106.199997,106.449997,71.2987604764045,10507500,0.0000,1.0
2003-12-01,106.849998,107.68,106.800003,107.599998,72.0690155084138,38699000,0.0000,1.0
2003-12-02,107.379997,107.769997,107.07,107.330002,71.8881758590375,35352000,0.0000,1.0
2003-12-03,107.650002,108.080002,107.07,107.160004,71.7743135102818,39078600,0.0000,1.0
2003-12-04,107.169998,107.720001,106.940002,107.599998,72.0690155084138,36089500,0.0000,1.0
2003-12-05,107.120003,107.800003,106.620003,106.849998,71.5666757069641,28824400,0.0000,1.0
2003-12-08,106.739998,107.639999,106.68,107.57,72.0489232559287,32482900,0.0000,1.0
2003-12-09,107.900002,107.93,106.540001,106.739998,71.4929992027515,43596100,0.0000,1.0
2003-12-10,106.769997,106.980003,105.959999,106.730003,71.4863046876642,36915400,0.0000,1.0
2003-12-11,106.68,108.099998,106.669998,107.93,72.2900463606245,45304000,0.0000,1.0
2003-12-12,107.970001,108.199997,107.389999,108.139999,72.4307008352441,34142200,0.0000,1.0
2003-12-15,109.169998,109.230003,107.480003,107.599998,72.0690155084138,38693400,0.0000,1.0
2003-12-16,107.68,108.5,107.519997,108.160004,72.4440999122147,32894200,0.0000,1.0
2003-12-17,108.059998,108.5,107.800003,108.5,72.6718246097263,23198800,0.0000,1.0
2003-12-18,108.550003,109.730003,108.389999,109.720001,73.4889646898709,29353100,0.0000,1.0
2003-12-19,109.300003,109.370003,108.580002,108.900002,73.2850756810449,41465100,0.5156,1.0
2003-12-22,108.790001,109.660004,108.779999,109.660004,73.7965247450013,27611300,0.0000,1.0
2003-12-23,109.480003,109.949997,109.379997,109.730003,73.8436310987055,24741200,0.0000,1.0
2003-12-24,109.519997,109.879997,109.43,109.620003,73.7696057710942,8055800,0.0000,1.0
2003-12-26,109.709999,110.080002,109.629997,109.699997,73.8234383352482,8308400,0.0000,1.0
2003-12-29,110.099998,111.269997,109.779999,111.160004,74.8059610306091,22483700,0.0000,1.0
2003-12-30,111.089996,111.269997,110.849998,111.18,74.8194174892538,19559500,0.0000,1.0
2003-12-31,111.220001,111.519997,110.839996,111.279999,74.8867125686701,31501800,0.0000,1.0
2004-01-02,111.739998,112.190002,110.730003,111.230003,74.8530673843133,38072300,0.0000,1.0
2004-01-05,111.690002,112.519997,111.589996,112.440002,75.6673453150795,27959800,0.0000,1.0
2004-01-06,112.160004,112.730003,112.0,112.550003,75.7413713156482,20472800,0.0000,1.0
2004-01-07,112.389999,113.059998,111.889999,112.93,75.9970931557963,30170400,0.0000,1.0
2004-01-08,113.25,113.410004,112.769997,113.379997,76.2999220226061,36438400,0.0000,1.0
2004-01-09,112.830002,113.5,112.269997,112.389999,75.63369542002,54084300,0.0000,1.0
2004-01-12,112.550003,113.25,112.360001,113.220001,76.192251510638,31564100,0.0000,1.0
2004-01-13,113.089996,113.230003,111.760002,112.559998,75.748097526098,54239700,0.0000,1.0
2004-01-14,112.760002,113.660004,112.669998,113.5,76.3806789443273,30112800,0.0000,1.0
2004-01-15,113.57,114.059998,112.580002,113.779999,76.5691063780166,38408700,0.0000,1.0
2004-01-16,114.040001,114.309998,113.629997,114.230003,76.871939955529,31922700,0.0000,1.0
2004-01-20,114.529999,114.650002,113.82,114.199997,76.8517471920717,29863000,0.0000,1.0
2004-01-21,114.129997,115.300003,113.720001,115.099998,77.4574096363939,30725000,0.0000,1.0
2004-01-22,115.139999,115.379997,114.580002,114.800003,77.25552574406,29888500,0.0000,1.0
2004-01-23,115.0,115.370003,113.949997,114.43,77.0065294414042,44245300,0.0000,1.0
2004-01-26,114.389999,115.93,114.379997,115.870003,77.9755902944603,30460600,0.0000,1.0
2004-01-27,115.75,116.5,114.650002,114.68,77.1747688223388,35322800,0.0000,1.0
2004-01-28,114.980003,115.279999,112.940002,113.370003,76.2931964851138,52621300,0.0000,1.0
2004-01-29,113.559998,113.849998,112.559998,113.480003,76.3672218127251,60117100,0.0000,1.0
2004-01-30,113.519997,113.720001,113.089996,113.480003,76.3672218127251,30984400,0.0000,1.0
2004-02-02,113.699997,114.68,113.120003,113.970001,76.6969696534419,38832400,0.0000,1.0
2004-02-03,113.739998,114.139999,113.440002,113.779999,76.5691063780166,25093500,0.0000,1.0
2004-02-04,113.190002,113.730003,112.790001,112.849998,75.9432552079822,39332600,0.0000,1.0
2004-02-05,113.169998,113.540001,112.779999,113.18,76.1653325367309,37226800,0.0000,1.0
2004-02-06,113.419998,114.699997,113.199997,114.449997,77.0199865730063,37216000,0.0000,1.0
2004-02-09,114.669998,114.870003,114.290001,114.480003,77.0401793364637,24851300,0.0000,1.0
2004-02-10,114.279999,115.139999,114.260002,114.849998,77.2891702554593,27908100,0.0000,1.0
2004-02-11,114.849998,116.389999,114.169998,116.07,78.1101797803354,42965700,0.0000,1.0
2004-02-12,115.970001,116.269997,115.580002,115.650002,77.8275389662803,27814700,0.0000,1.0
2004-02-13,115.82,116.199997,114.75,115.129997,77.4775976891486,44739900,0.0000,1.0
2004-02-17,115.849998,116.43,115.769997,116.169998,78.1774741867942,23984300,0.0000,1.0
2004-02-18,116.199997,116.599998,115.349998,115.660004,77.8342698874327,28618000,0.0000,1.0
2004-02-19,116.330002,116.389999,115.059998,115.230003,77.5448974792676,51146200,0.0000,1.0
2004-02-20,115.480003,115.559998,114.32,114.879997,77.3093583082139,46728800,0.0000,1.0
2004-02-23,115.220001,115.260002,114.169998,114.589996,77.1141999533722,36357000,0.0000,1.0
2004-02-24,114.269997,114.989998,113.029999,114.389999,76.9796104674971,43953000,0.0000,1.0
2004-02-25,114.459999,115.059998,114.32,114.870003,77.3026327707217,31213600,0.0000,1.0
2004-02-26,114.610001,115.290001,114.339996,114.940002,77.3497391244259,29683000,0.0000,1.0
2004-02-27,115.190002,115.739998,114.629997,115.019997,77.4035723615373,39312000,0.0000,1.0
2004-03-01,115.43,116.339996,115.25,116.160004,78.170748649302,33130800,0.0000,1.0
2004-03-02,115.940002,116.970001,115.230003,115.480003,77.7131368602022,38556400,0.0000,1.0
2004-03-03,115.25,115.870003,114.919998,115.690002,77.8544572672298,31346200,0.0000,1.0
2004-03-04,115.720001,116.099998,115.519997,115.989998,78.0563418325213,21060000,0.0000,1.0
2004-03-05,115.419998,116.949997,115.279999,116.379997,78.3187945938218,55905600,0.0000,1.0
2004-03-08,116.339996,116.620003,114.910004,114.959999,77.3631962560281,39281600,0.0000,1.0
2004-03-09,115.099998,115.209999,114.239998,114.5,77.0536364680658,39746100,0.0000,1.0
2004-03-10,114.720001,114.769997,112.559998,112.580002,75.7615593684028,67671800,0.0000,1.0
2004-03-11,112.400002,113.269997,111.099998,111.120003,74.7790420567021,89134800,0.0000,1.0
2004-03-12,111.730003,112.709999,111.580002,112.580002,75.7615593684028,54012200,0.0000,1.0
2004-03-15,112.269997,112.349998,110.900002,111.199997,74.832874620856,57677200,0.0000,1.0
2004-03-16,111.779999,112.059998,110.839996,111.790001,75.2299222516919,59832600,0.0000,1.0
2004-03-17,112.18,113.260002,112.099998,113.040001,76.0711191563651,41607300,0.0000,1.0
2004-03-18,112.699997,113.269997,111.93,113.07,76.0913072091197,60014300,0.0000,1.0
2004-03-19,112.410004,112.57,111.040001,111.059998,75.0043179525612,48636200,0.3948,1.0
2004-03-22,110.540001,110.57,109.099998,109.650002,74.0520778102928,62752100,0.0000,1.0
2004-03-23,110.25,110.400002,109.360001,109.459999,73.9237593726863,54080200,0.0000,1.0
2004-03-24,109.580002,110.139999,108.849998,109.550003,73.9845435321909,51584300,0.0000,1.0
2004-03-25,110.080002,111.300003,109.790001,111.0,74.9637983311893,49873600,0.0000,1.0
2004-03-26,110.959999,111.790001,110.800003,111.029999,74.9840581418753,37409500,0.0000,1.0
2004-03-29,111.629997,112.739998,111.580002,112.589996,76.0376013896704,44113600,0.0000,1.0
2004-03-30,112.300003,113.07,112.220001,112.970001,76.2942375895338,39059900,0.0000,1.0
2004-03-31,112.989998,113.400002,112.379997,113.099998,76.3820310029722,48517600,0.0000,1.0
2004-04-01,113.07,113.870003,113.050003,113.779999,76.8412693617921,45103800,0.0000,1.0
2004-04-02,114.809998,114.839996,113.900002,114.639999,77.4220699614752,50987700,0.0000,1.0
2004-04-05,114.459999,115.379997,114.440002,115.269997,77.8475388175207,30251800,0.0000,1.0
2004-04-06,114.830002,115.18,114.620003,114.900002,77.5976628664977,28420900,0.0000,1.0
2004-04-07,114.949997,114.980003,114.110001,114.629997,77.415315115431,45890500,0.0000,1.0
2004-04-08,115.410004,115.410004,113.739998,114.370003,77.2397282885542,46929700,0.0000,1.0
2004-04-12,114.580002,115.080002,114.57,114.82,77.5436335530375,23085200,0.0000,1.0
2004-04-13,115.260002,115.300003,113.019997,113.209999,76.4563201271184,56210300,0.0000,1.0
2004-04-14,112.610001,113.639999,112.550003,113.389999,76.5778830433312,62322300,0.0000,1.0
2004-04-15,113.449997,113.779999,112.360001,112.959999,76.2874827434896,61602500,0.0000,1.0
2004-04-16,113.379997,114.050003,112.980003,113.830002,76.8750388645665,47059200,0.0000,1.0
2004-04-19,113.550003,113.989998,113.269997,113.830002,76.8750388645665,28277600,0.0000,1.0
2004-04-20,114.080002,114.32,111.779999,111.919998,75.5851185522443,53299400,0.0000,1.0
2004-04-21,112.199997,112.949997,111.870003,112.669998,76.0916307031307,50177300,0.0000,1.0
2004-04-22,112.480003,114.669998,112.440002,114.25,77.1586843183638,62071500,0.0000,1.0
2004-04-23,114.419998,114.57,113.790001,114.360001,77.23297344251,29395700,0.0000,1.0
2004-04-26,114.5,114.940002,113.599998,114.199997,77.1249148155894,35515200,0.0000,1.0
2004-04-27,114.230003,115.120003,113.959999,114.300003,77.1924538211382,43485500,0.0000,1.0
2004-04-28,113.889999,114.010002,112.5,112.82,76.192934484007,50165800,0.0000,1.0
2004-04-29,112.720001,113.32,111.160004,111.830002,75.524339795536,69687600,0.0000,1.0
2004-04-30,112.169998,112.379997,110.900002,110.959999,74.9367836744592,48681400,0.0000,1.0
2004-05-03,111.370003,112.290001,111.349998,112.150002,75.7404516465809,33758000,0.0000,1.0
2004-05-04,112.25,113.260002,111.660004,112.059998,75.6796674870764,51185100,0.0000,1.0
2004-05-05,112.410004,112.959999,112.160004,112.779999,76.1659198272769,34405000,0.0000,1.0
2004-05-06,112.019997,112.589996,111.0,111.809998,75.5108301034476,54997000,0.0000,1.0
2004-05-07,111.220001,112.230003,109.959999,109.959999,74.261434139944,60950000,0.0000,1.0
2004-05-10,109.440002,109.75,108.360001,108.830002,73.4982911919904,75279400,0.0000,1.0
2004-05-11,109.459999,110.050003,109.330002,109.75,74.1196114130453,48300600,0.0000,1.0
2004-05-12,109.57,110.540001,108.059998,110.449997,74.5923540611574,90830500,0.0000,1.0
2004-05-13,109.760002,110.809998,109.629997,109.989998,74.2816939506299,57393700,0.0000,1.0
2004-05-14,109.949997,110.739998,109.269997,110.040001,74.3154634534042,54123100,0.0000,1.0
2004-05-17,108.889999,109.5,108.410004,109.099998,73.6806328649113,55020400,0.0000,1.0
2004-05-18,109.489998,109.940002,109.330002,109.650002,74.0520778102928,30193100,0.0000,1.0
2004-05-19,110.5,111.18,109.150002,109.269997,73.7954416104294,54804100,0.0000,1.0
2004-05-20,109.449997,109.870003,109.040001,109.620003,74.0318179996069,38082900,0.0000,1.0
2004-05-21,109.970001,110.550003,109.470001,109.809998,74.1601310344171,47480400,0.0000,1.0
2004-05-24,110.529999,110.760002,109.68,110.269997,74.4707911449446,40961500,0.0000,1.0
2004-05-25,109.900002,111.980003,109.599998,111.849998,75.5378440848282,48668000,0.0000,1.0
2004-05-26,111.660004,112.290001,111.510002,112.239998,75.8012304032891,35977000,0.0000,1.0
2004-05-27,112.540001,113.029999,112.059998,112.870003,76.2267039867814,45306900,0.0000,1.0
2004-05-28,112.730003,112.879997,112.360001,112.860001,76.2199491407372,23367200,0.0000,1.0
2004-06-01,112.459999,112.860001,111.870003,112.709999,76.1186453598608,41044700,0.0000,1.0
2004-06-02,113.029999,113.480003,112.459999,113.129997,76.4022908136581,39774200,0.0000,1.0
2004-06-03,112.809998,113.190002,112.07,112.089996,75.6999266224128,38688300,0.0000,1.0
2004-06-04,112.980003,113.580002,112.709999,112.980003,76.3009924355781,32739500,0.0000,1.0
2004-06-07,113.43,114.809998,113.419998,114.699997,77.462589582847,31643800,0.0000,1.0
2004-06-08,114.370003,114.919998,114.169998,114.860001,77.5706482097676,32846500,0.0000,1.0
2004-06-09,114.510002,114.699997,113.720001,113.790001,76.8480242078363,36737600,0.0000,1.0
2004-06-10,114.040001,114.349998,113.93,114.349998,77.2262179211162,21711000,0.0000,1.0
2004-06-14,113.82,113.849998,112.870003,113.220001,76.4630749731626,34633000,0.0000,1.0
2004-06-15,113.900002,114.449997,113.510002,114.019997,77.0033518993767,37445000,0.0000,1.0
2004-06-16,114.0,114.199997,113.699997,114.0,76.989846934735,26633400,0.0000,1.0
2004-06-17,113.849998,114.07,113.330002,113.830002,76.8750388645665,28402400,0.0000,1.0
2004-06-18,113.269997,114.220001,113.18,113.629997,77.0193982043168,31799800,0.4138,1.0
2004-06-21,113.75,114.139999,113.129997,113.199997,76.7279404721841,25284000,0.0000,1.0
2004-06-22,113.129997,113.879997,112.669998,113.769997,77.1142914194297,37334000,0.0000,1.0
2004-06-23,113.610001,114.839996,113.419998,114.75,77.7785459586464,35580000,0.0000,1.0
2004-06-24,114.559998,114.93,114.260002,114.389999,77.5345341562615,35272100,0.0000,1.0
2004-06-25,114.410004,114.940002,113.68,113.839996,77.1617373491775,32837900,0.0000,1.0
2004-06-28,114.519997,114.610001,113.410004,113.449997,76.8973926420287,40824500,0.0000,1.0
2004-06-29,113.529999,114.169998,113.419998,113.919998,77.2159633991451,28418100,0.0000,1.0
2004-06-30,114.07,114.790001,113.650002,114.529999,77.6294273713745,52230600,0.0000,1.0
2004-07-01,114.25,114.400002,112.580002,112.940002,76.5517136045892,57734700,0.0000,1.0
2004-07-02,113.160004,113.290001,112.599998,112.879997,76.5110416947831,34615100,0.0000,1.0
2004-07-06,112.370003,112.449997,111.629997,111.889999,75.8400124578161,38698200,0.0000,1.0
2004-07-07,111.809998,112.57,111.75,112.220001,76.0636906776282,29839800,0.0000,1.0
2004-07-08,111.809998,112.32,111.199997,111.440002,75.5350005855219,45291100,0.0000,1.0
2004-07-09,111.720001,111.940002,111.379997,111.730003,75.7315657803503,27412900,0.0000,1.0
2004-07-12,111.519997,112.040001,111.0,111.779999,75.7654535030845,35691300,0.0000,1.0
2004-07-13,111.919998,112.019997,111.599998,111.860001,75.8196795530521,26752000,0.0000,1.0
2004-07-14,111.260002,112.389999,111.120003,111.519997,75.5892218908288,54089400,0.0000,1.0
2004-07-15,111.739998,111.910004,110.699997,110.800003,75.1012037085286,38403500,0.0000,1.0
2004-07-16,111.57,111.669998,110.440002,110.709999,75.0401982161498,40871200,0.0000,1.0
2004-07-19,110.75,110.959999,109.989998,110.239998,74.7216274590334,39592800,0.0000,1.0
2004-07-20,110.529999,111.900002,110.25,111.639999,75.6705602879715,46679800,0.0000,1.0
2004-07-21,111.82,112.059998,109.449997,109.580002,74.2742764418785,56241100,0.0000,1.0
2004-07-22,109.360001,110.389999,108.769997,109.879997,74.4776156566486,72477100,0.0000,1.0
2004-07-23,109.620003,109.709999,108.690002,108.959999,73.854033027238,49610500,0.0000,1.0
2004-07-26,109.190002,109.43,108.209999,108.75,73.7116938823773,49679100,0.0000,1.0
2004-07-27,109.050003,110.110001,108.970001,109.769997,74.403056701917,51295100,0.0000,1.0
2004-07-28,109.550003,110.370003,108.589996,110.099998,74.6267342439205,65862300,0.0000,1.0
2004-07-29,110.540001,110.870003,110.0,110.57,74.9453056788456,52200500,0.0000,1.0
2004-07-30,110.32,110.900002,110.099998,110.839996,75.128311311043,41581700,0.0000,1.0
2004-08-02,110.190002,111.360001,110.050003,111.07,75.2842100185347,38263100,0.0000,1.0
2004-08-03,110.93,111.059998,110.160004,110.209999,74.7012938764607,40948800,0.0000,1.0
2004-08-04,109.889999,110.75,109.639999,110.199997,74.6945144340496,40763200,0.0000,1.0
2004-08-05,110.290001,110.379997,108.269997,108.400002,73.4744622002123,50772000,0.0000,1.0
2004-08-06,107.629997,107.959999,106.620003,106.849998,72.4238560359414,74729000,0.0000,1.0
2004-08-09,107.019997,107.480003,106.870003,107.0,72.5255286934655,37476300,0.0000,1.0
2004-08-10,107.309998,108.410004,107.260002,108.379997,73.4609026375813,55870600,0.0000,1.0
2004-08-11,107.68,108.330002,107.099998,108.160004,73.3117894727789,52933200,0.0000,1.0
2004-08-12,107.68,107.949997,106.629997,106.980003,72.5119745533039,50015900,0.0000,1.0
2004-08-13,107.099998,107.349998,106.589996,107.190002,72.6543136981647,41634700,0.0000,1.0
2004-08-16,107.139999,108.639999,107.099998,108.300003,73.4066820100831,45731900,0.0000,1.0
2004-08-17,108.75,109.279999,108.529999,108.910004,73.8201459823125,40701600,0.0000,1.0
2004-08-18,108.519997,110.169998,108.489998,110.029999,74.5792883141727,43165400,0.0000,1.0
2004-08-19,109.809998,110.019997,109.18,109.709999,74.3623895367716,39881600,0.0000,1.0
2004-08-20,109.610001,110.629997,109.510002,110.480003,74.8843049311276,44870900,0.0000,1.0
2004-08-23,110.550003,110.769997,110.050003,110.199997,74.6945144340496,33745100,0.0000,1.0
2004-08-24,110.639999,110.730003,109.849998,110.349998,74.796186413765,30453100,0.0000,1.0
2004-08-25,110.330002,111.269997,109.900002,111.099998,75.3045429232986,38551400,0.0000,1.0
2004-08-26,110.959999,111.309998,110.849998,111.099998,75.3045429232986,26629500,0.0000,1.0
2004-08-27,111.199997,111.629997,111.050003,111.449997,75.5417752832723,24902900,0.0000,1.0
2004-08-30,111.220001,111.339996,110.449997,110.529999,74.9181926538618,26726500,0.0000,1.0
2004-08-31,110.660004,111.160004,110.099998,111.110001,75.3113230435185,44125300,0.0000,1.0
2004-09-01,110.949997,111.639999,110.480003,111.32,75.4536621883792,52778300,0.0000,1.0
2004-09-02,111.239998,112.699997,111.239998,112.580002,76.3077024800131,42736600,0.0000,1.0
2004-09-03,112.330002,112.82,112.010002,112.120003,75.9959111653078,30480500,0.0000,1.0
2004-09-07,112.540001,113.129997,112.32,112.860001,76.4974882324303,37338800,0.0000,1.0
2004-09-08,112.620003,113.059998,112.309998,112.580002,76.3077024800131,32963100,0.0000,1.0
2004-09-09,112.57,112.879997,112.029999,112.480003,76.2399222898839,34314800,0.0000,1.0
2004-09-10,112.519997,113.269997,112.080002,113.059998,76.6330479348799,27900600,0.0000,1.0
2004-09-13,113.309998,113.739998,113.010002,113.43,76.8838385018672,44398100,0.0000,1.0
2004-09-14,113.300003,113.690002,113.190002,113.660004,77.0397372093589,28048900,0.0000,1.0
2004-09-15,113.300003,113.360001,112.68,112.800003,76.4568210672849,38295000,0.0000,1.0
2004-09-16,112.849998,113.370003,112.800003,113.139999,76.6872733070388,23911700,0.0000,1.0
2004-09-17,112.949997,113.360001,112.690002,113.150002,77.0117965799775,33683000,0.4688,1.0
2004-09-20,112.669998,112.989998,112.279999,112.470001,76.5489764495264,37149400,0.0000,1.0
2004-09-21,112.75,113.470001,112.540001,112.959999,76.8824773389086,40920800,0.0000,1.0
2004-09-22,112.5,112.519997,111.470001,111.550003,75.9228103198079,49042100,0.0000,1.0
2004-09-23,111.599998,111.699997,110.949997,110.949997,75.5144361333119,44068700,0.0000,1.0
2004-09-24,111.169998,111.730003,111.129997,111.459999,75.8615520819213,34981100,0.0000,1.0
2004-09-27,111.099998,111.199997,110.580002,110.75,75.3783148075641,39355100,0.0000,1.0
2004-09-28,110.910004,111.510002,110.410004,111.279999,75.7390410510828,41662900,0.0000,1.0
2004-09-29,111.209999,111.849998,111.0,111.839996,76.1201844385076,33325700,0.0000,1.0
2004-09-30,111.550003,111.980003,111.260002,111.760002,76.0657391751693,43536700,0.0000,1.0
2004-10-01,112.260002,113.650002,112.209999,113.650002,77.3521049989733,62824300,0.0000,1.0
2004-10-04,114.099998,114.440002,113.800003,113.839996,77.4814181144907,33082400,0.0000,1.0
2004-10-05,113.849998,114.160004,113.540001,113.900002,77.5222592084712,36910600,0.0000,1.0
2004-10-06,113.769997,114.68,113.68,114.68,78.0531389808709,42297800,0.0000,1.0
2004-10-07,114.379997,114.400002,113.360001,113.449997,77.2159782282908,39388800,0.0000,1.0
2004-10-08,113.150002,113.769997,112.349998,112.510002,76.5762018036629,51872600,0.0000,1.0
2004-10-11,112.779999,113.019997,112.639999,112.970001,76.8892848685222,20229100,0.0000,1.0
2004-10-12,112.199997,112.830002,111.940002,112.529999,76.5898120985723,41754700,0.0000,1.0
2004-10-13,113.0,113.07,111.32,111.540001,75.9160027901943,54212600,0.0000,1.0
2004-10-14,111.68,111.93,110.580002,110.639999,75.3034462747682,64082200,0.0000,1.0
2004-10-15,111.019997,111.739998,110.57,111.260002,75.7254307561735,63482200,0.0000,1.0
2004-10-18,110.889999,111.900002,110.699997,111.68,76.0112884668963,43535100,0.0000,1.0
2004-10-19,112.019997,112.230003,110.589996,110.739998,75.3715072779505,55851900,0.0000,1.0
2004-10-20,110.379997,110.82,109.75,110.519997,75.2217708929756,57118500,0.0000,1.0
2004-10-21,110.790001,111.32,110.209999,111.239998,75.7118156969463,53218300,0.0000,1.0
2004-10-22,111.190002,111.25,109.860001,109.989998,74.8610446494569,48752400,0.0000,1.0
2004-10-25,109.75,110.120003,109.349998,109.860001,74.7725665023685,43990900,0.0000,1.0
2004-10-26,110.129997,111.599998,109.879997,111.540001,75.9160027901943,54337400,0.0000,1.0
2004-10-27,111.379997,113.099998,111.120003,112.879997,76.8280266306356,73896000,0.0000,1.0
2004-10-28,112.779999,113.559998,112.489998,113.220001,77.0594390780201,54413300,0.0000,1.0
2004-10-29,113.120003,113.639999,112.900002,113.199997,77.0458240187929,48820200,0.0000,1.0
2004-11-01,113.559998,113.839996,113.199997,113.510002,77.2568186416545,36720900,0.0000,1.0
2004-11-02,113.669998,114.57,113.220001,113.550003,77.284043995791,56210000,0.0000,1.0
2004-11-03,115.029999,115.360001,114.239998,114.980003,78.2573260741189,76960200,0.0000,1.0
2004-11-04,114.779999,116.669998,114.68,116.550003,79.3258945097656,55350300,0.0000,1.0
2004-11-05,117.050003,117.639999,116.489998,117.279999,79.8227420790321,63287200,0.0000,1.0
2004-11-08,116.980003,117.230003,116.720001,117.110001,79.7070385778072,33863800,0.0000,1.0
2004-11-09,117.080002,117.5,116.760002,116.879997,79.5504939826018,44658100,0.0000,1.0
2004-11-10,117.059998,117.550003,116.760002,116.970001,79.6117522204884,45265400,0.0000,1.0
2004-11-11,117.18,118.120003,117.099998,117.860001,80.2175012063009,37863200,0.0000,1.0
2004-11-12,117.970001,119.0,117.68,118.790001,80.850474865633,55583700,0.0000,1.0
2004-11-15,118.5,118.769997,118.230003,118.730003,81.048549339059,35297900,0.3510,1.0
2004-11-16,118.360001,118.410004,117.730003,117.879997,80.4683105494626,40028700,0.0000,1.0
2004-11-17,118.370003,119.139999,118.07,118.580002,80.9461542986966,54494000,0.0000,1.0
2004-11-18,118.529999,118.800003,118.230003,118.739998,81.0553722164293,31854300,0.0000,1.0
2004-11-19,118.699997,118.720001,117.139999,117.419998,80.1543018683762,54276500,0.0000,1.0
2004-11-22,117.169998,118.120003,117.029999,117.980003,80.5365775503925,37560200,0.0000,1.0
2004-11-23,117.93,118.260002,117.370003,118.160004,80.6594514623015,41968800,0.0000,1.0
2004-11-24,118.269997,118.589996,118.050003,118.440002,80.8505862314789,29724800,0.0000,1.0
2004-11-26,118.510002,118.980003,118.300003,118.349998,80.7891468863227,15487700,0.0000,1.0
2004-11-29,118.790001,119.010002,117.480003,117.809998,80.4205271984828,61460800,0.0000,1.0
2004-11-30,118.0,118.239998,117.639999,117.889999,80.4751382052363,53685200,0.0000,1.0
2004-12-01,118.160004,119.5,118.099998,119.230003,81.3898638648367,49898300,0.0000,1.0
2004-12-02,119.099998,119.870003,119.010002,119.330002,81.4581260873632,60163500,0.0000,1.0
2004-12-03,119.309998,120.139999,119.089996,119.25,81.4035143979807,49067900,0.0000,1.0
2004-12-06,119.209999,119.639999,118.839996,119.209999,81.3762085532894,33030500,0.0000,1.0
2004-12-07,119.489998,119.620003,118.040001,118.099998,80.6184896234338,52047200,0.0000,1.0
2004-12-08,118.209999,118.82,118.010002,118.790001,81.0895057168942,43895100,0.0000,1.0
2004-12-09,118.139999,119.459999,117.730003,119.209999,81.3762085532894,60922800,0.0000,1.0
2004-12-10,118.919998,119.559998,118.849998,119.330002,81.4581260873632,47828600,0.0000,1.0
2004-12-13,119.760002,120.400002,119.349998,120.370003,82.1680609836098,38541000,0.0000,1.0
2004-12-14,120.18,120.959999,120.18,120.790001,82.454763820005,41500700,0.0000,1.0
2004-12-15,120.699997,121.110001,120.309998,120.879997,82.5161977041288,46699200,0.0000,1.0
2004-12-16,120.720001,121.239998,120.040001,120.809998,82.468414353149,51641800,0.0000,1.0
2004-12-17,119.459999,119.970001,119.160004,119.440002,81.9208734951221,70761900,0.5679,1.0
2004-12-20,119.75,120.290001,119.169998,119.470001,81.9414490497338,47187400,0.0000,1.0
2004-12-21,119.599998,120.480003,119.459999,120.389999,82.5724523862355,33094200,0.0000,1.0
2004-12-22,120.379997,121.080002,120.300003,120.68,82.7713567301459,31500700,0.0000,1.0
2004-12-23,120.870003,121.279999,120.660004,120.769997,82.8330833939811,25646100,0.0000,1.0
2004-12-27,121.199997,121.360001,120.389999,120.519997,82.6616147232608,29944100,0.0000,1.0
2004-12-28,120.639999,121.330002,120.599998,121.18,83.1142940715866,23422900,0.0000,1.0
2004-12-29,121.080002,121.400002,120.949997,121.360001,83.23775220038,22650600,0.0000,1.0
2004-12-30,121.400002,121.57,121.040001,121.129997,83.0799982798185,21076900,0.0000,1.0
2004-12-31,121.300003,121.660004,120.800003,120.870003,82.9016749775174,28648800,0.0000,1.0
2005-01-03,121.559998,121.760002,119.900002,120.300003,82.5107264082749,55748000,0.0000,1.0
2005-01-04,120.459999,120.540001,118.440002,118.830002,81.5024899385643,69167600,0.0000,1.0
2005-01-05,118.739998,119.25,118.0,118.010002,80.9400726986015,65667300,0.0000,1.0
2005-01-06,118.440002,119.150002,118.260002,118.610001,81.3515968224557,47814700,0.0000,1.0
2005-01-07,118.970001,119.230003,118.129997,118.440002,81.2349988122405,55847700,0.0000,1.0
2005-01-10,118.339996,119.459999,118.339996,119.0,81.6190872629048,56563300,0.0000,1.0
2005-01-11,118.639999,118.739998,117.989998,118.18,81.056670022942,63099700,0.0000,1.0
2005-01-12,118.400002,118.839996,117.519997,118.57,81.3241611492658,72720500,0.0000,1.0
2005-01-13,118.639999,118.730003,117.5,117.620003,80.6725822581523,55537500,0.0000,1.0
2005-01-14,117.970001,118.529999,117.760002,118.239998,81.0978211321655,42032500,0.0000,1.0
2005-01-18,118.050003,119.620003,117.949997,119.470001,81.9414490497338,57391700,0.0000,1.0
2005-01-19,119.43,119.519997,118.209999,118.220001,81.0841056961319,54378900,0.0000,1.0
2005-01-20,117.889999,118.199997,117.290001,117.5,80.5902752385825,72049300,0.0000,1.0
2005-01-21,117.790001,118.0,116.650002,116.779999,80.0964447810331,63160400,0.0000,1.0
2005-01-24,117.089996,117.339996,116.370003,116.550003,79.9386963474691,58441900,0.0000,1.0
2005-01-25,116.910004,117.470001,116.720001,116.879997,80.1650308775719,68245000,0.0000,1.0
2005-01-26,117.32,117.599998,117.040001,117.230003,80.4050911318285,57195100,0.0000,1.0
2005-01-27,117.190002,117.75,116.980003,117.43,80.5422640107808,55878800,0.0000,1.0
2005-01-28,117.489998,117.550003,116.610001,117.43,80.5422640107808,60738900,0.0000,1.0
2005-01-31,117.949997,118.25,117.709999,118.160004,81.0429552727831,52532700,0.0000,1.0
2005-02-01,118.25,119.080002,118.099998,118.910004,81.5573612849442,49841200,0.0000,1.0
2005-02-02,119.059998,119.589996,118.900002,119.269997,81.8042713696588,52468900,0.0000,1.0
2005-02-03,119.059998,119.160004,118.57,118.959999,81.5916515897149,48837100,0.0000,1.0
2005-02-04,119.0,120.43,118.980003,120.230003,82.4627151804732,50024600,0.0000,1.0
2005-02-07,120.25,120.519997,119.959999,120.07,82.3529731735881,45412000,0.0000,1.0
2005-02-08,120.169998,120.650002,120.07,120.209999,82.4489949433168,39263500,0.0000,1.0
2005-02-09,120.419998,120.489998,119.25,119.309998,81.8317070428487,55279400,0.0000,1.0
2005-02-10,119.660004,120.019997,119.260002,119.739998,82.1266331564878,45858600,0.0000,1.0
2005-02-11,119.699997,121.040001,119.459999,120.769997,82.8330833939811,53133000,0.0000,1.0
2005-02-14,120.690002,120.860001,120.480003,120.68,82.7713567301459,32432100,0.0000,1.0
2005-02-15,120.800003,121.43,120.68,121.129997,83.0799982798185,43852700,0.0000,1.0
2005-02-16,120.93,121.459999,120.669998,121.209999,83.1348696261984,55523000,0.0000,1.0
2005-02-17,121.230003,121.330002,120.220001,120.230003,82.4627151804732,58124000,0.0000,1.0
2005-02-18,120.239998,120.480003,119.900002,120.389999,82.5724523862355,47723300,0.0000,1.0
2005-02-22,119.900002,120.470001,118.580002,118.599998,81.3447360180028,80697600,0.0000,1.0
2005-02-23,118.93,119.57,118.620003,119.449997,81.9277288125775,68292600,0.0000,1.0
2005-02-24,119.239998,120.32,118.980003,120.239998,82.4695704979286,68563600,0.0000,1.0
2005-02-25,120.269997,121.669998,120.18,121.43,83.285762742307,60899900,0.0000,1.0
2005-02-28,121.150002,121.300003,120.040001,120.629997,82.7370609383777,69381300,0.0000,1.0
2005-03-01,120.82,121.519997,120.779999,121.230003,83.1485898633547,47294400,0.0000,1.0
2005-03-02,120.760002,121.93,120.650002,121.169998,83.1074339530085,64226500,0.0000,1.0
2005-03-03,121.660004,121.900002,120.699997,121.220001,83.1417297447766,61230800,0.0000,1.0
2005-03-04,122.050003,122.830002,121.790001,122.730003,84.1774018876771,56168500,0.0000,1.0
2005-03-07,122.660004,123.25,122.400002,122.790001,84.2185529969006,43442400,0.0000,1.0
2005-03-08,122.669998,123.0,122.110001,122.330002,83.9030513286498,44362000,0.0000,1.0
2005-03-09,121.970001,122.290001,120.959999,120.970001,82.9702610740562,73263600,0.0000,1.0
2005-03-10,121.199997,121.5,120.400002,121.239998,83.1554451808101,65149000,0.0000,1.0
2005-03-11,121.309998,121.720001,120.160004,120.389999,82.5724523862355,57976500,0.0000,1.0
2005-03-14,120.610001,121.160004,120.279999,121.139999,83.0868583983967,36336400,0.0000,1.0
2005-03-15,121.419998,121.459999,120.080002,120.139999,82.4009837155151,62438500,0.0000,1.0
2005-03-16,119.699997,120.160004,118.900002,119.120003,81.7013942824747,74874200,0.0000,1.0
2005-03-17,119.309998,119.739998,118.980003,119.360001,81.8660028346169,62584200,0.0000,1.0
2005-03-18,119.110001,119.529999,118.150002,118.540001,81.6239508002812,60232000,0.4671,1.0
2005-03-21,118.709999,118.779999,117.760002,118.099998,81.3209747337973,61244300,0.0000,1.0
2005-03-22,118.370003,118.93,116.900002,116.900002,80.4946847587826,92472400,0.0000,1.0
2005-03-23,116.949997,117.720001,116.75,117.0,80.5635411090717,70817300,0.0000,1.0
2005-03-24,117.459999,117.989998,117.059998,117.139999,80.6599412389155,51932500,0.0000,1.0
2005-03-28,117.419998,117.940002,117.309998,117.309998,80.7769986869924,46765500,0.0000,1.0
2005-03-29,117.139999,117.900002,116.25,116.529999,80.2399091015092,71160300,0.0000,1.0
2005-03-30,116.779999,118.199997,116.769997,118.18,81.3760622929067,62002100,0.0000,1.0
2005-03-31,118.190002,118.459999,117.870003,117.959999,81.2245746039534,64575400,0.0000,1.0
2005-04-01,118.629997,118.989998,116.910004,117.43,80.8596293370794,95255300,0.0000,1.0
2005-04-04,117.360001,117.860001,116.739998,117.629997,80.9973427262348,71581200,0.0000,1.0
2005-04-05,117.779999,118.379997,117.669998,118.190002,81.3829494428057,46853900,0.0000,1.0
2005-04-06,118.449997,118.949997,118.18,118.599998,81.6652633710155,53268200,0.0000,1.0
2005-04-07,118.410004,119.260002,118.32,119.239998,82.1059528266549,46734600,0.0000,1.0
2005-04-08,119.169998,119.209999,118.0,118.0,81.2521183835082,63772900,0.0000,1.0
2005-04-11,118.290001,118.419998,117.830002,118.089996,81.3140875838983,44945000,0.0000,1.0
2005-04-12,117.889999,119.059998,117.07,118.699997,81.7341204098819,86144800,0.0000,1.0
2005-04-13,118.559998,118.800003,117.129997,117.300003,80.7701163571344,65949000,0.0000,1.0
2005-04-14,117.400002,117.5,115.769997,115.769997,79.7165889957829,96119800,0.0000,1.0
2005-04-15,115.739998,116.199997,114.099998,114.150002,78.6010972540821,128677300,0.0000,1.0
2005-04-18,114.120003,114.959999,113.959999,114.5,78.8420979229804,100035200,0.0000,1.0
2005-04-19,115.099998,115.529999,114.830002,115.410004,79.4687059970267,64930100,0.0000,1.0
2005-04-20,115.379997,115.629997,113.550003,113.800003,78.3600958966067,107735900,0.0000,1.0
2005-04-21,114.790001,116.209999,114.379997,116.010002,79.8818509845341,86952200,0.0000,1.0
2005-04-22,115.739998,116.5,114.269997,115.57,79.5788756066274,88845800,0.0000,1.0
2005-04-25,115.860001,116.5,115.720001,116.330002,80.1021957123537,52284100,0.0000,1.0
2005-04-26,115.959999,116.769997,115.150002,115.199997,79.3240999493541,72626000,0.0000,1.0
2005-04-27,114.860001,116.07,114.440002,115.650002,79.6339631657369,84131900,0.0000,1.0
2005-04-28,115.269997,115.68,114.199997,114.199997,78.6355226749176,72481500,0.0000,1.0
2005-04-29,115.07,115.870003,113.970001,115.75,79.702819516026,103993800,0.0000,1.0
2005-05-02,116.07,116.410004,115.519997,116.400002,80.1503961215643,56026400,0.0000,1.0
2005-05-03,116.07,116.849998,115.690002,116.599998,80.2881088221425,86000300,0.0000,1.0
2005-05-04,116.650002,117.75,116.279999,117.5,80.9078297462899,81055700,0.0000,1.0
2005-05-05,117.669998,118.0,116.739998,117.459999,80.8802859667352,96906700,0.0000,1.0
2005-05-06,117.93,117.989998,117.059998,117.089996,80.6255103094618,67415400,0.0000,1.0
2005-05-09,117.209999,118.080002,117.050003,117.82,81.1281744741096,43750500,0.0000,1.0
2005-05-10,117.360001,117.5,116.389999,116.599998,80.2881088221425,74613500,0.0000,1.0
2005-05-11,116.93,117.400002,115.849998,117.239998,80.7287982777819,91647400,0.0000,1.0
2005-05-12,117.32,117.589996,115.949997,115.949997,79.8405329051815,95086800,0.0000,1.0
2005-05-13,116.300003,116.620003,114.800003,115.720001,79.6821628863702,85267000,0.0000,1.0
2005-05-16,115.699997,116.839996,115.660004,116.800003,80.4258277199162,49207000,0.0000,1.0
2005-05-17,116.410004,117.699997,116.160004,117.580002,80.9629173053994,61071800,0.0000,1.0
2005-05-18,118.089996,119.080002,118.010002,118.790001,81.7960951188903,77944900,0.0000,1.0
2005-05-19,119.019997,119.410004,118.699997,119.290001,82.1403837561085,61768100,0.0000,1.0
2005-05-20,119.339996,119.389999,118.739998,119.120003,82.0233269966089,46345500,0.0000,1.0
2005-05-23,119.209999,120.040001,119.190002,119.779999,82.4777852434279,51047900,0.0000,1.0
2005-05-24,119.440002,119.830002,119.199997,119.5,82.2849842951629,50654100,0.0000,1.0
2005-05-25,119.349998,119.870003,118.830002,119.410004,82.2230150947727,47608800,0.0000,1.0
2005-05-26,119.790001,120.209999,119.620003,120.050003,82.6637038618348,43256200,0.0000,1.0
2005-05-27,120.059998,120.25,119.800003,120.25,82.8014172509903,24596100,0.0000,1.0
2005-05-31,120.080002,120.169998,119.400002,119.480003,82.271214815406,43377200,0.0000,1.0
2005-06-01,119.519997,120.919998,119.449997,120.5,82.9735615695994,69611000,0.0000,1.0
2005-06-02,120.230003,120.839996,120.099998,120.760002,83.1525930381075,39704500,0.0000,1.0
2005-06-03,120.550003,120.889999,119.730003,120.150002,82.7325609007012,60999400,0.0000,1.0
2005-06-06,119.949997,120.199997,119.550003,120.040001,82.6568167119359,36046400,0.0000,1.0
2005-06-07,120.389999,121.25,120.010002,120.129997,82.7187859123261,66501300,0.0000,1.0
2005-06-08,120.43,120.589996,119.669998,119.910004,82.567303731991,46881200,0.0000,1.0
2005-06-09,119.739998,120.580002,119.440002,120.480003,82.9597920898425,56653300,0.0000,1.0
2005-06-10,120.559998,120.650002,119.599998,120.199997,82.7669863215366,36465300,0.0000,1.0
2005-06-13,119.940002,121.080002,119.809998,120.580002,83.0286491287089,49383200,0.0000,1.0
2005-06-14,120.449997,121.199997,120.379997,120.860001,83.2214500769739,33857100,0.0000,1.0
2005-06-15,121.160004,121.239998,120.230003,121.089996,83.3798194072079,53195600,0.0000,1.0
2005-06-16,121.059998,121.639999,120.919998,121.400002,83.5932824937468,46564500,0.0000,1.0
2005-06-17,121.540001,121.900002,121.220001,121.360001,83.9015027647528,51529400,0.4876,1.0
2005-06-20,121.080002,121.839996,120.940002,121.400002,83.9291572141962,41019400,0.0000,1.0
2005-06-21,121.5,121.650002,121.029999,121.470001,83.977550599526,39879800,0.0000,1.0
2005-06-22,121.68,121.940002,121.07,121.57,84.0466843034305,46310100,0.0000,1.0
2005-06-23,121.32,121.599998,119.830002,119.860001,82.8644868360275,62185600,0.0000,1.0
2005-06-24,119.879997,120.010002,118.839996,118.980003,82.2561055405298,58572500,0.0000,1.0
2005-06-27,118.970001,119.410004,118.75,119.150002,82.3736333211081,48183800,0.0000,1.0
2005-06-28,119.400002,120.239998,119.370003,120.150002,83.0649772735917,41174200,0.0000,1.0
2005-06-29,120.370003,120.400002,119.760002,119.830002,82.8437472087969,42316500,0.0000,1.0
2005-06-30,120.220001,120.32,118.949997,119.18,82.3943722569947,62288800,0.0000,1.0
2005-07-01,119.449997,119.800003,119.209999,119.529999,82.63634194902,49737500,0.0000,1.0
2005-07-05,119.25,120.650002,119.190002,120.489998,83.3000314520603,51549000,0.0000,1.0
2005-07-06,120.389999,120.650002,119.410004,119.480003,82.6017775167716,52363600,0.0000,1.0
2005-07-07,118.290001,119.949997,118.260002,119.949997,82.9267050263752,103268800,0.0000,1.0
2005-07-08,119.970001,121.32,119.720001,121.32,83.8738483153096,64491200,0.0000,1.0
2005-07-11,121.330002,122.099998,121.309998,121.940002,84.3024829485373,49688300,0.0000,1.0
2005-07-12,121.989998,122.629997,121.639999,122.260002,84.523713013332,51871100,0.0000,1.0
2005-07-13,122.269997,122.519997,121.989998,122.43,84.6412401025664,41182300,0.0000,1.0
2005-07-14,122.980003,123.440002,122.489998,122.910004,84.9730879651343,63638800,0.0000,1.0
2005-07-15,122.790001,123.040001,122.360001,122.839996,84.9246883577088,56075900,0.0000,1.0
2005-07-18,122.5,122.629997,122.050003,122.349998,84.5859312036797,56598400,0.0000,1.0
2005-07-19,122.709999,123.110001,122.410004,123.019997,85.0491309604998,59165700,0.0000,1.0
2005-07-20,122.589996,123.730003,122.300003,123.440002,85.3394988772627,69477000,0.0000,1.0
2005-07-21,123.550003,123.610001,122.470001,122.720001,84.8417305401305,101110900,0.0000,1.0
2005-07-22,122.879997,123.559998,122.629997,123.540001,85.4086325811671,52607100,0.0000,1.0
2005-07-25,123.410004,123.949997,122.849998,123.190002,85.1666628891418,57301600,0.0000,1.0
2005-07-26,123.230003,123.529999,122.949997,123.339996,85.2703603339506,42758800,0.0000,1.0
2005-07-27,123.5,123.889999,123.050003,123.790001,85.581468569288,43181600,0.0000,1.0
2005-07-28,123.959999,124.639999,123.639999,124.57,86.1207161608812,47880700,0.0000,1.0
2005-07-29,124.410004,124.629997,123.5,123.739998,85.546899297632,62358100,0.0000,1.0
2005-08-01,123.830002,124.040001,123.449997,123.650002,85.4846811072842,40418200,0.0000,1.0
2005-08-02,123.870003,124.599998,123.739998,124.389999,85.9962735580902,45147400,0.0000,1.0
2005-08-03,124.25,124.739998,124.120003,124.720001,86.2244184450977,36837200,0.0000,1.0
2005-08-04,124.230003,124.309998,123.57,123.720001,85.5330744926141,50855600,0.0000,1.0
2005-08-05,123.449997,123.980003,122.669998,122.879997,84.9523428071521,53595500,0.0000,1.0
2005-08-08,123.150002,123.410004,122.379997,122.650002,84.7933371548006,47616000,0.0000,1.0
2005-08-09,123.059998,123.589996,122.870003,123.389999,85.3049296056066,47170000,0.0000,1.0
2005-08-10,123.82,124.5,122.82,123.330002,85.2634510424895,72863700,0.0000,1.0
2005-08-11,123.269997,124.029999,123.010002,123.82,85.6022081965185,58570200,0.0000,1.0
2005-08-12,123.57,123.690002,122.75,123.059998,85.0767854099431,54776900,0.0000,1.0
2005-08-15,123.220001,123.870003,122.830002,123.82,85.6022081965185,36208500,0.0000,1.0
2005-08-16,123.440002,123.519997,122.089996,122.209999,84.489143741676,71942100,0.0000,1.0
2005-08-17,122.190002,122.870003,122.029999,122.199997,84.4822289194633,62275100,0.0000,1.0
2005-08-18,122.050003,122.559998,121.839996,122.190002,84.4753189366582,53388600,0.0000,1.0
2005-08-19,122.629997,122.82,122.199997,122.470001,84.6688945520096,39842100,0.0000,1.0
2005-08-22,122.580002,123.230003,121.879997,122.470001,84.6688945520096,69912000,0.0000,1.0
2005-08-23,122.5,122.610001,121.150002,122.239998,84.5098833689066,55168600,0.0000,1.0
2005-08-24,121.940002,122.730003,121.089996,121.150002,83.7563212260753,79104600,0.0000,1.0
2005-08-25,121.349998,121.669998,121.209999,121.589996,84.0605084171043,35631100,0.0000,1.0
2005-08-26,121.480003,121.489998,120.68,120.760002,83.4866970846066,61956800,0.0000,1.0
2005-08-29,120.410004,121.779999,120.379997,121.690002,84.1296469604164,56179200,0.0000,1.0
2005-08-30,121.25,121.300003,120.389999,121.050003,83.6871875221708,74160200,0.0000,1.0
2005-08-31,121.190002,122.660004,120.739998,122.580002,84.7449430781268,102945200,0.0000,1.0
2005-09-01,122.519997,123.150002,121.139999,122.489998,84.6827193570275,74578700,0.0000,1.0
2005-09-02,122.849998,122.879997,122.040001,122.269997,84.5306229961371,47653400,0.0000,1.0
2005-09-06,122.660004,123.800003,122.650002,123.699997,85.5192448481886,57251300,0.0000,1.0
2005-09-07,123.629997,124.129997,123.459999,123.910004,85.6644319176179,41749700,0.0000,1.0
2005-09-08,123.660004,124.0,123.309998,123.5,85.3809781317238,39068700,0.0000,1.0
2005-09-09,123.830002,124.739998,123.800003,124.599998,86.1414550967678,43093900,0.0000,1.0
2005-09-12,124.449997,124.669998,124.269997,124.349998,85.9686191086469,33017600,0.0000,1.0
2005-09-13,124.129997,124.419998,123.519997,123.660004,85.491595929497,58427500,0.0000,1.0
2005-09-14,123.739998,123.919998,123.019997,123.209999,85.1804876941596,57694600,0.0000,1.0
2005-09-15,123.589996,123.650002,122.900002,123.150002,85.1390091310424,73156900,0.0000,1.0
2005-09-16,123.300003,123.739998,122.870003,123.5,85.741645358295,75424100,0.5217,1.0
2005-09-19,123.470001,123.550003,122.639999,123.089996,85.4569942039348,53355300,0.0000,1.0
2005-09-20,123.199997,123.610001,121.870003,122.050003,84.7349641555048,84480300,0.0000,1.0
2005-09-21,121.790001,121.870003,120.779999,120.910004,83.9435035080002,94469100,0.0000,1.0
2005-09-22,120.949997,121.660004,120.440002,121.339996,84.2420316178861,84597200,0.0000,1.0
2005-09-23,121.239998,121.889999,120.900002,121.440002,84.3114622169606,59368100,0.0000,1.0
2005-09-26,122.019997,122.239998,121.080002,121.580002,84.4086592238445,70415400,0.0000,1.0
2005-09-27,121.519997,121.989998,121.019997,121.550003,84.3878319880623,66150800,0.0000,1.0
2005-09-28,121.93,122.120003,121.199997,121.669998,84.4711402369268,58620500,0.0000,1.0
2005-09-29,121.550003,122.860001,121.080002,122.660004,85.1584660940489,66607700,0.0000,1.0
2005-09-30,122.620003,123.040001,121.739998,123.040001,85.4222844585122,47824200,0.0000,1.0
2005-10-03,122.959999,123.339996,122.449997,122.599998,85.1168060683698,50994800,0.0000,1.0
2005-10-04,122.790001,123.029999,121.160004,121.220001,84.1587233690215,60776300,0.0000,1.0
2005-10-05,121.25,121.309998,119.57,119.629997,83.0548402994971,106052100,0.0000,1.0
2005-10-06,119.779999,120.260002,118.169998,119.199997,82.7563066354965,140941800,0.0000,1.0
2005-10-07,119.699997,120.050003,119.129997,119.610001,83.0409577898567,75661400,0.0000,1.0
2005-10-10,119.68,119.709999,118.300003,118.599998,82.3397487288299,52677000,0.0000,1.0
2005-10-11,118.989998,119.389999,118.32,118.43,82.2217251804281,75629800,0.0000,1.0
2005-10-12,118.389999,119.129997,117.410004,117.5,81.5760593489851,100510400,0.0000,1.0
2005-10-13,117.459999,118.080002,116.879997,117.43,81.5274608455431,99052900,0.0000,1.0
2005-10-14,118.120003,118.809998,117.559998,118.669998,82.3883472322719,88651000,0.0000,1.0
2005-10-17,118.800003,119.269997,118.449997,119.110001,82.6938256224142,68109300,0.0000,1.0
2005-10-18,118.940002,118.959999,117.800003,117.82,81.7982239361483,74996900,0.0000,1.0
2005-10-19,117.5,119.800003,117.120003,119.779999,83.1589813382585,116563800,0.0000,1.0
2005-10-20,119.489998,119.809998,117.300003,117.669998,81.6940828973869,131966700,0.0000,1.0
2005-10-21,118.290001,118.779999,117.510002,118.129997,82.0134437971696,96579500,0.0000,1.0
2005-10-24,118.440002,120.089996,118.410004,119.959999,83.2839489185378,71308400,0.0000,1.0
2005-10-25,119.720001,120.239998,118.940002,119.720001,83.1173268666941,76594500,0.0000,1.0
2005-10-26,119.510002,120.540001,119.190002,119.370003,82.874335738013,80855800,0.0000,1.0
2005-10-27,119.199997,119.370003,117.93,118.099998,81.9926165613874,66623100,0.0000,1.0
2005-10-28,118.43,119.949997,118.099998,119.800003,83.1728694020135,72322000,0.0000,1.0
2005-10-31,120.290001,121.300003,120.129997,120.129997,83.4019724669396,77698900,0.0000,1.0
2005-11-01,120.580002,120.900002,120.220001,120.489998,83.6519083217625,66365100,0.0000,1.0
2005-11-02,120.169998,121.75,120.129997,121.75,84.5266827722463,74012300,0.0000,1.0
2005-11-03,122.150002,122.660004,121.75,122.269997,84.8876981435934,84897600,0.0000,1.0
2005-11-04,122.400002,122.459999,121.550003,122.110001,84.7766186270692,59156000,0.0000,1.0
2005-11-07,122.370003,122.620003,121.849998,122.230003,84.859931735784,46765400,0.0000,1.0
2005-11-08,121.93,122.419998,121.790001,122.230003,84.859931735784,42152800,0.0000,1.0
2005-11-09,122.080002,122.949997,121.860001,122.389999,84.9710112523083,57666800,0.0000,1.0
2005-11-10,122.339996,123.519997,121.75,123.339996,85.630560287656,79048100,0.0000,1.0
2005-11-11,123.349998,123.839996,122.43,123.760002,85.9221554738937,34867000,0.0000,1.0
2005-11-14,123.790001,124.019997,123.379997,123.690002,85.8735569704518,45092200,0.0000,1.0
2005-11-15,123.550003,124.089996,122.860001,123.239998,85.5611352426962,69592500,0.0000,1.0
2005-11-16,123.370003,123.550003,122.980003,123.489998,85.7347013264175,51133000,0.0000,1.0
2005-11-17,123.68,124.650002,123.139999,124.639999,86.5331060057995,55717500,0.0000,1.0
2005-11-18,125.059998,125.279999,124.330002,125.129997,86.8732941413645,72437200,0.0000,1.0
2005-11-21,125.150002,125.910004,124.980003,125.760002,87.3106841436637,50021200,0.0000,1.0
2005-11-22,125.559998,126.519997,125.419998,126.300003,87.6855875787659,66438800,0.0000,1.0
2005-11-23,126.25,127.410004,126.209999,127.029999,88.1923977661746,50854700,0.0000,1.0
2005-11-25,126.980003,127.220001,126.809998,127.129997,88.2618228111344,15270000,0.0000,1.0
2005-11-28,127.25,127.269997,126.040001,126.230003,87.636989075324,54498500,0.0000,1.0
2005-11-29,126.650002,126.980003,126.089996,126.089996,87.5397872085897,51738900,0.0000,1.0
2005-11-30,126.160004,126.519997,125.290001,125.410004,87.0676930149826,56007200,0.0000,1.0
2005-12-01,126.019997,127.029999,125.980003,126.690002,87.9563499751067,65468200,0.0000,1.0
2005-12-02,126.769997,127.080002,126.5,126.849998,88.067429491631,46699400,0.0000,1.0
2005-12-05,126.699997,126.730003,126.18,126.580002,87.8799808982694,59273400,0.0000,1.0
2005-12-06,127.050003,127.739998,126.629997,126.82,88.0466029501131,57935200,0.0000,1.0
2005-12-07,126.769997,126.870003,125.68,126.080002,87.5328487308269,66816500,0.0000,1.0
2005-12-08,126.220001,126.82,125.480003,126.0,87.4773061955074,62608600,0.0000,1.0
2005-12-09,126.160004,126.779999,125.82,126.330002,87.7064148145481,50744500,0.0000,1.0
2005-12-12,126.709999,126.860001,125.959999,126.449997,87.7897230634127,48389900,0.0000,1.0
2005-12-13,126.419998,127.699997,126.290001,127.309998,88.3867910856781,88630900,0.0000,1.0
2005-12-14,127.190002,128.089996,127.139999,127.809998,88.7339232531206,64375000,0.0000,1.0
2005-12-15,127.839996,128.0,127.18,127.440002,88.4770482262705,55900300,0.0000,1.0
2005-12-16,127.279999,127.360001,126.360001,126.360001,88.1935585761425,46238300,0.6717,1.0
2005-12-19,126.730003,126.870003,125.690002,125.709999,87.7398866150161,48733000,0.0000,1.0
2005-12-20,125.860001,126.589996,125.480003,125.830002,87.8236432747665,46603200,0.0000,1.0
2005-12-21,126.220001,126.760002,125.800003,126.029999,87.963232124046,51806900,0.0000,1.0
2005-12-22,126.309998,126.690002,126.080002,126.690002,88.4238843302844,32247900,0.0000,1.0
2005-12-23,126.779999,126.860001,126.419998,126.760002,88.4727411603847,27977300,0.0000,1.0
2005-12-27,126.959999,127.050003,125.379997,125.470001,87.5723788791531,44499500,0.0000,1.0
2005-12-28,125.739998,125.989998,125.5,125.75,87.7678055015996,30764300,0.0000,1.0
2005-12-29,125.720001,125.959999,125.059998,125.190002,87.3769522567066,32788900,0.0000,1.0
2005-12-30,124.800003,125.059998,124.360001,124.510002,86.9023430500181,44645600,0.0000,1.0
2006-01-03,125.190002,127.0,124.389999,126.699997,88.430860387668,73256700,0.0000,1.0
2006-01-04,126.860001,127.489998,126.699997,127.300003,88.8496374048273,51899600,0.0000,1.0
2006-01-05,127.150002,127.589996,126.879997,127.379997,88.9054695943565,47307500,0.0000,1.0
2006-01-06,128.020004,128.580002,127.360001,128.440002,89.6453050827917,62885900,0.0000,1.0
2006-01-09,128.419998,129.059998,128.380005,128.770004,89.8756315348882,43527400,0.0000,1.0
2006-01-10,128.389999,128.979996,128.259995,128.899994,89.9663586683845,44960800,0.0000,1.0
2006-01-11,129.020004,129.440002,128.729996,129.309998,90.2525228936479,49598900,0.0000,1.0
2006-01-12,129.080002,129.279999,128.440002,128.800003,89.8965694784051,40509200,0.0000,1.0
2006-01-13,128.570007,128.899994,128.199997,128.679993,89.8128079329717,44856700,0.0000,1.0
2006-01-17,128.199997,128.419998,127.809998,128.330002,89.5685300640627,52066600,0.0000,1.0
2006-01-18,127.580002,128.899994,127.160004,127.82,89.2125717631368,75067600,0.0000,1.0
2006-01-19,128.130005,128.770004,127.809998,128.309998,89.5545681779295,81530400,0.0000,1.0
2006-01-20,128.279999,128.309998,125.970001,125.970001,87.9213562370123,114957800,0.0000,1.0
2006-01-23,126.209999,126.82,126.129997,126.419998,88.2354337652215,67017400,0.0000,1.0
2006-01-24,126.629997,127.150002,126.419998,126.550003,88.3261713680385,53008800,0.0000,1.0
2006-01-25,127.040001,127.18,125.839996,126.660004,88.4029470847222,87747700,0.0000,1.0
2006-01-26,127.25,127.669998,126.760002,127.360001,88.891513291861,71294000,0.0000,1.0
2006-01-27,127.660004,128.660004,127.449997,128.539993,89.7150942727711,65771200,0.0000,1.0
2006-01-30,128.440002,128.809998,128.350006,128.440002,89.6453050827917,33709600,0.0000,1.0
2006-01-31,128.320007,128.539993,127.489998,127.5,88.9892262541069,72937000,0.0000,1.0
2006-02-01,127.82,128.429993,127.720001,128.389999,89.6104052531416,63561000,0.0000,1.0
2006-02-02,128.100006,128.139999,126.800003,126.900002,88.5704548205852,83626900,0.0000,1.0
2006-02-03,126.580002,128.389999,126.139999,126.269997,88.130739859909,86040400,0.0000,1.0
2006-02-06,126.440002,126.800003,126.169998,126.599998,88.3610656140508,45511900,0.0000,1.0
2006-02-07,126.379997,126.660004,125.400002,125.480003,87.5793598222197,71208100,0.0000,1.0
2006-02-08,125.849998,128.100006,125.599998,126.620003,88.3750281981388,59422200,0.0000,1.0
2006-02-09,126.919998,127.599998,126.370003,126.410004,88.2284584057926,62023300,0.0000,1.0
2006-02-10,126.43,127.129997,125.449997,126.639999,88.3889845006343,64508700,0.0000,1.0
2006-02-13,126.599998,126.790001,125.949997,126.410004,88.2284584057926,52308700,0.0000,1.0
2006-02-14,126.459999,128.029999,126.209999,127.75,89.1637149330365,90964400,0.0000,1.0
2006-02-15,127.68,128.320007,127.239998,128.199997,89.4777924612457,85471300,0.0000,1.0
2006-02-16,128.339996,129.210007,128.179993,129.160004,90.1478338740184,61017900,0.0000,1.0
2006-02-17,129.050003,129.160004,128.580002,128.809998,89.9035455357887,40342600,0.0000,1.0
2006-02-21,129.110001,129.399994,128.289993,128.490005,89.6802049124418,46456300,0.0000,1.0
2006-02-22,128.770004,129.649994,128.649994,129.270004,90.2246088927475,42326700,0.0000,1.0
2006-02-23,129.270004,129.639999,128.279999,129.080002,90.0919961008515,43423200,0.0000,1.0
2006-02-24,129.110001,129.479996,128.759995,129.410004,90.3223225529481,36777400,0.0000,1.0
2006-02-27,129.399994,130.039993,129.279999,129.460007,90.3572223825981,35858600,0.0000,1.0
2006-02-28,129.199997,129.910004,128.130005,128.229996,89.4987304047625,74394800,0.0000,1.0
2006-03-01,128.600006,129.490005,128.5,129.369995,90.2943980827269,48641600,0.0000,1.0
2006-03-02,128.899994,129.419998,128.610001,129.360001,90.287422723298,60642300,0.0000,1.0
2006-03-03,128.669998,130.070007,128.649994,128.759995,89.8686457061386,73402500,0.0000,1.0
2006-03-06,129.139999,129.179993,127.849998,128.169998,89.4568545177289,57478400,0.0000,1.0
2006-03-07,127.860001,128.059998,127.400002,127.970001,89.3172656684493,61780800,0.0000,1.0
2006-03-08,127.699997,128.440002,127.18,128.240005,89.5057162335122,66692400,0.0000,1.0
2006-03-09,128.279999,128.679993,127.379997,127.379997,88.9054695943565,56313600,0.0000,1.0
2006-03-10,127.709999,128.839996,127.440002,128.589996,89.7499941024212,60490800,0.0000,1.0
2006-03-13,128.839996,129.160004,128.529999,128.830002,89.9175074219219,45479100,0.0000,1.0
2006-03-14,128.710007,130.229996,128.610001,130.179993,90.8597400065494,69877300,0.0000,1.0
2006-03-15,130.149994,130.860001,129.850006,130.759995,91.2645551375756,53398900,0.0000,1.0
2006-03-16,131.009995,131.470001,130.839996,131.029999,91.4530057026384,65526400,0.0000,1.0
2006-03-17,130.679993,130.899994,130.380005,130.619995,91.5294080135493,47286800,0.5195,1.0
2006-03-20,130.639999,130.899994,130.210007,130.410004,91.3822609254012,45538500,0.0000,1.0
2006-03-21,130.369995,130.990005,129.449997,129.589996,90.80765634969,87102700,0.0000,1.0
2006-03-22,129.509995,130.509995,129.449997,130.380005,91.3612397125999,51605700,0.0000,1.0
2006-03-23,130.259995,130.389999,129.660004,130.110001,91.1720396878924,46704200,0.0000,1.0
2006-03-24,129.990005,130.570007,129.740005,130.210007,91.2421169373809,43209200,0.0000,1.0
2006-03-27,130.029999,130.279999,129.740005,130.020004,91.1089760494885,32523000,0.0000,1.0
2006-03-28,129.929993,130.529999,129.050003,129.220001,90.5483895864507,82079900,0.0000,1.0
2006-03-29,129.410004,130.5,129.289993,130.029999,91.1159798503469,61505700,0.0000,1.0
2006-03-30,130.110001,130.979996,129.550003,129.800003,90.9548146495253,70571700,0.0000,1.0
2006-03-31,130.020004,130.240005,129.369995,129.830002,90.9758358623266,62925600,0.0000,1.0
2006-04-03,130.070007,130.869995,129.490005,129.729996,90.9057586128381,61624700,0.0000,1.0
2006-04-04,129.729996,130.729996,129.360001,130.559998,91.4873662886772,54809300,0.0000,1.0
2006-04-05,130.610001,131.279999,130.380005,131.009995,91.8026928894619,50607200,0.0000,1.0
2006-04-06,130.850006,131.210007,130.190002,130.869995,91.7045906263138,57906200,0.0000,1.0
2006-04-07,131.059998,131.399994,129.350006,129.539993,90.7726177249457,80180900,0.0000,1.0
2006-04-10,129.740005,130.080002,129.259995,129.740005,90.9127722239227,41496500,0.0000,1.0
2006-04-11,129.850006,130.059998,128.25,128.639999,90.1419645233762,72799400,0.0000,1.0
2006-04-12,128.770004,129.130005,128.610001,128.880005,90.3101440360128,43033700,0.0000,1.0
2006-04-13,128.589996,129.25,128.309998,128.710007,90.1910212607938,51051800,0.0000,1.0
2006-04-17,128.830002,129.309998,128.020004,128.660004,90.1559826360496,64167700,0.0000,1.0
2006-04-18,128.929993,130.940002,128.929993,130.699997,91.5854678510948,92531800,0.0000,1.0
2006-04-19,130.75,131.070007,130.240005,130.949997,91.7606504638593,87269000,0.0000,1.0
2006-04-20,131.0,131.860001,130.600006,131.130005,91.8867875508934,86005500,0.0000,1.0
2006-04-21,131.690002,131.789993,130.619995,131.149994,91.9007944518796,72342600,0.0000,1.0
2006-04-24,130.889999,131.070007,130.380005,130.910004,91.7326261509302,52546400,0.0000,1.0
2006-04-25,131.039993,131.119995,129.919998,130.369995,91.3542254007848,84359800,0.0000,1.0
2006-04-26,130.5,131.139999,130.300003,130.399994,91.3752466135861,67262400,0.0000,1.0
2006-04-27,129.899994,131.630005,129.589996,131.029999,91.8167103014049,124478600,0.0000,1.0
2006-04-28,130.789993,131.75,130.710007,131.470001,92.1250331013313,55854400,0.0000,1.0
2006-05-01,131.470001,131.800003,130.320007,130.399994,91.3752466135861,64990300,0.0000,1.0
2006-05-02,131.009995,131.460007,130.740005,131.380005,92.0619701636579,49063500,0.0000,1.0
2006-05-03,131.149994,131.320007,130.449997,130.889999,91.7186080382568,60821300,0.0000,1.0
2006-05-04,131.080002,131.619995,130.970001,131.360001,92.047952751715,42921400,0.0000,1.0
2006-05-05,132.050003,132.800003,131.850006,132.520004,92.8608021771336,62588200,0.0000,1.0
2006-05-08,132.509995,132.770004,132.360001,132.360001,92.748683202773,30016700,0.0000,1.0
2006-05-09,132.419998,132.770004,132.309998,132.619995,92.9308689156654,29864000,0.0000,1.0
2006-05-10,132.410004,132.75,131.889999,132.550003,92.8818233899349,64378200,0.0000,1.0
2006-05-11,132.509995,132.550003,130.520004,130.949997,91.7606504638593,80626900,0.0000,1.0
2006-05-12,130.360001,130.720001,129.190002,129.240005,90.5624069983937,91726500,0.0000,1.0
2006-05-15,128.789993,129.740005,128.610001,129.5,90.7445934120165,84029300,0.0000,1.0
2006-05-16,129.759995,130.0,129.009995,129.309998,90.6114532248546,62137600,0.0000,1.0
2006-05-17,128.669998,129.100006,126.769997,126.849998,88.8876563152518,144789500,0.0000,1.0
2006-05-18,127.349998,127.75,126.110001,126.209999,88.4391895273051,87906300,0.0000,1.0
2006-05-19,126.870003,127.489998,125.800003,127.099998,89.0628389280163,124309400,0.0000,1.0
2006-05-22,126.279999,127.169998,125.5,126.129997,88.3831296897596,110852800,0.0000,1.0
2006-05-23,127.18,127.629997,125.169998,125.169998,87.7104291574743,92006500,0.0000,1.0
2006-05-24,125.68,126.889999,124.760002,126.169998,88.4111596085324,168405000,0.0000,1.0
2006-05-25,126.919998,127.730003,126.43,127.730003,89.5043026158352,78977900,0.0000,1.0
2006-05-26,128.009995,128.380005,127.510002,128.380005,89.9597788104838,62989700,0.0000,1.0
2006-05-30,127.970001,128.0,126.050003,126.099998,88.3621084769583,72419900,0.0000,1.0
2006-05-31,126.620003,127.510002,126.199997,127.510002,89.3501412158719,86926200,0.0000,1.0
2006-06-01,127.379997,128.940002,127.269997,128.729996,90.20502816178,73721700,0.0000,1.0
2006-06-02,129.25,129.429993,128.320007,129.0,90.3942281864875,91702600,0.0000,1.0
2006-06-05,128.850006,128.860001,126.769997,127.120003,89.0768570406897,86105100,0.0000,1.0
2006-06-06,127.209999,127.379997,125.760002,126.809998,88.8596270972095,130498600,0.0000,1.0
2006-06-07,126.910004,127.650002,125.790001,125.860001,88.1939352708957,108599400,0.0000,1.0
2006-06-08,125.580002,126.5,123.870003,125.75,88.1168542205489,204957200,0.0000,1.0
2006-06-09,126.360001,126.959999,125.290001,125.349998,87.8365606386648,94972200,0.0000,1.0
2006-06-12,125.879997,125.93,123.82,123.989998,86.8835672252258,95815900,0.0000,1.0
2006-06-13,123.739998,124.839996,122.550003,122.550003,85.8745188793545,185688800,0.0000,1.0
2006-06-14,122.839996,123.629997,122.339996,123.5,86.5402107056683,163566400,0.0000,1.0
2006-06-15,123.949997,126.360001,123.860001,126.120003,88.3761265896317,134057000,0.0000,1.0
2006-06-16,125.290001,125.559998,124.459999,124.650002,87.7352868694951,94253500,0.5555,1.0
2006-06-19,125.400002,125.480003,123.550003,123.669998,87.045508043232,95804400,0.0000,1.0
2006-06-20,124.010002,124.809998,123.720001,124.089996,87.3411249258905,65494700,0.0000,1.0
2006-06-21,124.0,125.699997,123.959999,125.010002,87.988673975522,75008200,0.0000,1.0
2006-06-22,124.949997,125.059998,124.040001,124.459999,87.6015526741995,74566100,0.0000,1.0
2006-06-23,124.330002,125.300003,124.029999,124.440002,87.5874777243128,54107000,0.0000,1.0
2006-06-26,124.540001,125.059998,124.25,124.989998,87.9745940986637,37899600,0.0000,1.0
2006-06-27,125.010002,125.290001,123.769997,123.910004,87.2144370037017,69780200,0.0000,1.0
2006-06-28,124.190002,124.769997,123.650002,124.75,87.8056707690187,62368100,0.0000,1.0
2006-06-29,125.199997,127.349998,125.169998,127.269997,89.5793783996472,110634800,0.0000,1.0
2006-06-30,127.540001,127.660004,126.959999,127.279999,89.5864183380764,54227800,0.0000,1.0
2006-07-03,127.43,128.009995,127.309998,127.800003,89.9524247510829,23914000,0.0000,1.0
2006-07-05,127.290001,127.449997,126.519997,127.07,89.4386098967471,69653400,0.0000,1.0
2006-07-06,127.199997,127.849998,127.080002,127.440002,89.699036941203,50100300,0.0000,1.0
2006-07-07,127.190002,127.559998,126.290001,126.610001,89.1148381873437,81626500,0.0000,1.0
2006-07-10,126.940002,127.43,126.410004,126.849998,89.2837608131357,60964100,0.0000,1.0
2006-07-11,126.610001,127.410004,125.940002,127.410004,89.6779227567403,73640800,0.0000,1.0
2006-07-12,127.150002,127.400002,125.720001,126.050003,88.7206818745637,82561300,0.0000,1.0
2006-07-13,125.449997,125.68,124.0,124.0,87.2777809647961,102405700,0.0000,1.0
2006-07-14,124.129997,124.260002,122.830002,123.519997,86.9399293785345,103242500,0.0000,1.0
2006-07-17,123.519997,124.099998,123.150002,123.339996,86.813235121668,81159000,0.0000,1.0
2006-07-18,123.709999,124.050003,122.389999,123.970001,87.2566660764803,122771000,0.0000,1.0
2006-07-19,124.18,126.260002,123.720001,125.690002,88.4672940646838,133565300,0.0000,1.0
2006-07-20,126.120003,126.300003,124.660004,124.830002,87.8619804225085,112259800,0.0000,1.0
2006-07-21,125.150002,125.190002,123.82,123.949997,87.2425861996221,101560000,0.0000,1.0
2006-07-24,124.440002,126.32,124.440002,126.209999,88.8332955507188,92884000,0.0000,1.0
2006-07-25,125.980003,127.300003,125.720001,126.660004,89.1500329525177,95480700,0.0000,1.0
2006-07-26,126.589996,127.449997,126.18,126.830002,89.269686567102,84525800,0.0000,1.0
2006-07-27,127.379997,127.690002,126.199997,126.709999,89.1852220868672,87257100,0.0000,1.0
2006-07-28,127.040001,128.139999,126.860001,127.980003,90.0791183040964,82137000,0.0000,1.0
2006-07-31,127.660004,127.959999,127.449997,127.849998,89.9876138854324,49593100,0.0000,1.0
2006-08-01,127.339996,127.379997,126.599998,127.220001,89.5441885614447,65225600,0.0000,1.0
2006-08-02,127.580002,128.460007,127.550003,128.080002,90.149502907473,64770900,0.0000,1.0
2006-08-03,127.339996,128.550003,127.150002,128.419998,90.3888101366416,63693800,0.0000,1.0
2006-08-04,129.080002,129.429993,127.480003,128.199997,90.2339617568832,96294200,0.0000,1.0
2006-08-07,127.900002,128.080002,127.400002,127.900002,90.0228093544596,45377300,0.0000,1.0
2006-08-08,128.089996,128.460007,126.949997,127.410004,89.6779227567403,90901300,0.0000,1.0
2006-08-09,128.179993,128.600006,126.610001,126.980003,89.3752652317996,78910600,0.0000,1.0
2006-08-10,126.580002,127.5,126.279999,127.370003,89.6497679299953,69322300,0.0000,1.0
2006-08-11,127.169998,127.199997,126.389999,127.010002,89.3963801201154,47482200,0.0000,1.0
2006-08-14,127.629997,128.160004,126.919998,127.110001,89.466764723492,57839000,0.0000,1.0
2006-08-15,128.25,128.869995,127.900002,128.630005,90.5366242087954,68143000,0.0000,1.0
2006-08-16,129.320007,129.889999,129.039993,129.699997,91.2897413653283,71737600,0.0000,1.0
2006-08-17,129.580002,130.369995,129.490005,130.029999,91.5220142868924,70992800,0.0000,1.0
2006-08-18,130.190002,130.690002,129.589996,130.690002,91.9865594261675,58288400,0.0000,1.0
2006-08-21,130.179993,130.279999,129.800003,130.130005,91.5924038172405,42133600,0.0000,1.0
2006-08-22,129.990005,130.520004,129.679993,130.119995,91.5853582479868,60839900,0.0000,1.0
2006-08-23,130.179993,130.440002,129.190002,129.759995,91.33197114196,66592100,0.0000,1.0
2006-08-24,129.990005,130.100006,129.399994,129.649994,91.2545466001543,57983000,0.0000,1.0
2006-08-25,129.639999,130.25,129.550003,129.809998,91.367165907134,41756000,0.0000,1.0
2006-08-28,129.649994,130.820007,129.639999,130.429993,91.8035512926926,52681500,0.0000,1.0
2006-08-29,130.490005,130.830002,129.809998,130.580002,91.9091355882148,61817800,0.0000,1.0
2006-08-30,130.869995,131.039993,130.550003,130.660004,91.9654452417047,50052200,0.0000,1.0
2006-08-31,130.850006,130.990005,130.580002,130.639999,91.9513646609934,37510300,0.0000,1.0
2006-09-01,131.139999,131.580002,130.839996,131.419998,92.5003693535318,48794500,0.0000,1.0
2006-09-05,131.509995,131.850006,131.199997,131.669998,92.676332621606,52348300,0.0000,1.0
2006-09-06,131.110001,131.160004,130.330002,130.509995,91.8598609461825,53795600,0.0000,1.0
2006-09-07,130.059998,130.570007,129.350006,129.910004,91.4375554374821,86269400,0.0000,1.0
2006-09-08,130.080002,130.460007,129.830002,130.279999,91.6979775549666,45096300,0.0000,1.0
2006-09-11,129.860001,130.690002,129.479996,130.410004,91.7894819736305,68496600,0.0000,1.0
2006-09-12,130.559998,131.839996,130.369995,131.690002,92.6904124984642,69875600,0.0000,1.0
2006-09-13,131.639999,132.449997,131.520004,132.220001,93.0634539229284,62898400,0.0000,1.0
2006-09-14,131.960007,132.240005,131.75,132.229996,93.070488934386,57805400,0.0000,1.0
2006-09-15,132.309998,132.389999,131.679993,131.960007,93.2882265861541,76703100,0.5793,1.0
2006-09-18,131.789993,132.389999,131.649994,132.139999,93.4154707024695,64154100,0.0000,1.0
2006-09-19,132.119995,132.130005,131.070007,131.809998,93.1821787471148,92089100,0.0000,1.0
2006-09-20,132.25,132.770004,132.059998,132.509995,93.6770368501886,75204100,0.0000,1.0
2006-09-21,132.610001,132.75,131.419998,131.869995,93.2245932169055,88932500,0.0000,1.0
2006-09-22,131.669998,131.679993,131.0,131.470001,92.9418201877627,65966800,0.0000,1.0
2006-09-25,131.729996,132.850006,131.050003,132.479996,93.6558292618216,92299100,0.0000,1.0
2006-09-26,132.5,133.600006,132.399994,133.580002,94.433470998186,73962700,0.0000,1.0
2006-09-27,133.490005,133.970001,133.270004,133.740005,94.5465840273363,82432200,0.0000,1.0
2006-09-28,133.740005,133.990005,133.279999,133.690002,94.5112347476565,58597500,0.0000,1.0
2006-09-29,133.800003,133.940002,133.479996,133.580002,94.433470998186,47966600,0.0000,1.0
2006-10-02,133.539993,133.830002,132.949997,133.080002,94.0799994096836,51687400,0.0000,1.0
2006-10-03,132.889999,133.869995,132.649994,133.360001,94.2779427923017,73108100,0.0000,1.0
2006-10-04,133.229996,135.0,133.080002,134.919998,95.3807720275997,80890500,0.0000,1.0
2006-10-05,134.919998,135.410004,134.75,135.179993,95.564573718905,60505900,0.0000,1.0
2006-10-06,134.949997,135.100006,134.399994,135.009995,95.4443947927006,64983600,0.0000,1.0
2006-10-09,134.850006,135.300003,134.639999,135.089996,95.5009509538041,41176800,0.0000,1.0
2006-10-10,135.100006,135.449997,134.839996,135.270004,95.6282063812104,56403700,0.0000,1.0
2006-10-11,134.839996,135.429993,134.300003,135.110001,95.5150933520601,104071800,0.0000,1.0
2006-10-12,135.449997,136.389999,135.399994,136.279999,96.3422154552694,59158600,0.0000,1.0
2006-10-13,136.160004,136.710007,136.039993,136.630005,96.5896498088801,53944000,0.0000,1.0
2006-10-16,136.520004,137.050003,136.419998,136.839996,96.7381015135625,42273000,0.0000,1.0
2006-10-17,136.470001,136.699997,135.669998,136.410004,96.4341216029958,90500600,0.0000,1.0
2006-10-18,137.039993,137.369995,136.100006,136.589996,96.5613657193113,86848600,0.0000,1.0
2006-10-19,136.389999,136.880005,136.229996,136.809998,96.7168946321387,64063200,0.0000,1.0
2006-10-20,136.839996,136.949997,136.330002,136.839996,96.7381015135625,48094500,0.0000,1.0
2006-10-23,136.559998,137.800003,136.389999,137.470001,97.1834792497914,66219900,0.0000,1.0
2006-10-24,137.279999,137.929993,137.220001,137.880005,97.4733287801361,53234900,0.0000,1.0
2006-10-25,137.740005,138.410004,137.509995,138.350006,97.8055927802715,78105400,0.0000,1.0
2006-10-26,138.660004,139.0,137.979996,138.779999,98.1095733977813,66843700,0.0000,1.0
2006-10-27,138.610001,138.75,137.630005,137.910004,97.494536368503,80238000,0.0000,1.0
2006-10-30,137.660004,138.199997,137.399994,137.809998,97.4238378091435,49717800,0.0000,1.0
2006-10-31,138.070007,138.259995,137.25,137.789993,97.4096954108875,71274100,0.0000,1.0
2006-11-01,138.220001,138.309998,136.720001,136.860001,96.7522439118185,83005600,0.0000,1.0
2006-11-02,136.509995,137.009995,136.360001,136.779999,96.6956870437717,60693100,0.0000,1.0
2006-11-03,137.270004,137.389999,135.619995,136.539993,96.5260164396315,71346400,0.0000,1.0
2006-11-06,136.960007,138.279999,136.949997,138.080002,97.6147152947075,63303300,0.0000,1.0
2006-11-07,138.199997,138.979996,138.0,138.610001,97.9893944715769,63318900,0.0000,1.0
2006-11-08,138.0,139.050003,136.860001,138.910004,98.2014795455078,87517800,0.0000,1.0
2006-11-09,139.009995,139.139999,137.899994,138.179993,97.6854032499194,95916300,0.0000,1.0
2006-11-10,138.139999,138.339996,137.720001,138.240005,97.7278283238578,48991500,0.0000,1.0
2006-11-13,138.179993,139.039993,138.070007,138.580002,97.9681868832099,59398200,0.0000,1.0
2006-11-14,138.970001,139.740005,138.119995,139.619995,98.7034028386926,96704000,0.0000,1.0
2006-11-15,139.570007,140.449997,139.529999,140.020004,98.9861864719831,76509600,0.0000,1.0
2006-11-16,140.440002,140.679993,139.490005,140.380005,99.2406867226481,76728800,0.0000,1.0
2006-11-17,139.929993,140.429993,139.729996,140.419998,99.268959501126,56353800,0.0000,1.0
2006-11-20,140.300003,140.740005,139.940002,140.5,99.3255163691727,69174200,0.0000,1.0
2006-11-21,140.490005,140.669998,140.289993,140.639999,99.4244877070102,51367900,0.0000,1.0
2006-11-22,140.75,141.160004,140.5,140.919998,99.6224310896284,45505300,0.0000,1.0
2006-11-24,140.240005,140.839996,140.199997,140.350006,99.2194791342811,30998000,0.0000,1.0
2006-11-27,140.279999,140.350006,138.380005,138.419998,97.8550731471164,84545100,0.0000,1.0
2006-11-28,138.240005,139.160004,138.110001,139.020004,98.2792432949784,106652900,0.0000,1.0
2006-11-29,139.470001,140.529999,139.080002,140.470001,99.3043087808058,90034900,0.0000,1.0
2006-11-30,140.440002,141.050003,139.759995,140.529999,99.3467239575397,83994300,0.0000,1.0
2006-12-01,140.529999,140.660004,138.970001,140.220001,99.1275729865546,126080000,0.0000,1.0
2006-12-04,140.25,141.550003,140.229996,141.289993,99.8839965304043,87813200,0.0000,1.0
2006-12-05,141.559998,141.960007,141.259995,141.899994,100.31523257532,73374400,0.0000,1.0
2006-12-06,141.869995,142.070007,141.5,141.779999,100.230402928796,53253200,0.0000,1.0
2006-12-07,142.029999,142.300003,141.110001,141.160004,99.7921016937686,62857400,0.0000,1.0
2006-12-08,141.130005,141.899994,140.779999,141.419998,99.9759026781308,79625500,0.0000,1.0
2006-12-11,141.419998,142.089996,141.339996,141.830002,100.265752208475,39779400,0.0000,1.0
2006-12-12,141.690002,141.869995,140.889999,141.720001,100.187987752062,77451600,0.0000,1.0
2006-12-13,142.229996,142.339996,141.559998,141.869995,100.294024986953,55520200,0.0000,1.0
2006-12-14,141.860001,143.240005,141.839996,143.119995,101.177703958209,64755200,0.0000,1.0
2006-12-15,142.639999,142.889999,142.240005,142.339996,101.186647496342,70857400,0.7926,1.0
2006-12-18,142.539993,142.880005,141.75,141.949997,100.909405031498,48954600,0.0000,1.0
2006-12-19,141.550003,142.559998,141.190002,142.220001,101.101345458211,65023600,0.0000,1.0
2006-12-20,142.279999,142.660004,142.009995,142.139999,101.044473641431,41469600,0.0000,1.0
2006-12-21,142.270004,142.429993,141.320007,141.619995,100.674813230279,48698400,0.0000,1.0
2006-12-22,141.639999,141.649994,140.669998,140.75,100.056351238833,62069100,0.0000,1.0
2006-12-26,140.809998,141.610001,140.779999,141.580002,100.646383008929,32696900,0.0000,1.0
2006-12-27,141.869995,142.600006,141.830002,142.509995,101.30749637488,39727100,0.0000,1.0
2006-12-28,142.410004,142.699997,141.990005,142.210007,101.094240924113,37288800,0.0000,1.0
2006-12-29,142.059998,142.539993,141.429993,141.619995,100.674813230279,45461200,0.0000,1.0
2007-01-03,142.25,142.860001,140.570007,141.369995,100.497093245841,94807600,0.0000,1.0
2007-01-04,141.229996,142.050003,140.610001,141.669998,100.710359359807,69620600,0.0000,1.0
2007-01-05,141.330002,141.399994,140.380005,140.539993,99.9070614757452,76645300,0.0000,1.0
2007-01-08,140.820007,141.410004,140.25,141.190002,100.369139833205,71655000,0.0000,1.0
2007-01-09,141.309998,141.600006,140.399994,141.070007,100.283837795074,75680100,0.0000,1.0
2007-01-10,140.580002,141.570007,140.300003,141.539993,100.617941413499,72428000,0.0000,1.0
2007-01-11,141.580002,142.619995,141.5,142.160004,101.058694794586,54476800,0.0000,1.0
2007-01-12,142.149994,143.240005,142.110001,143.240005,101.826445838239,55370600,0.0000,1.0
2007-01-16,143.070007,143.440002,142.729996,142.960007,101.627400877428,44871300,0.0000,1.0
2007-01-17,142.850006,143.460007,142.729996,143.020004,101.670051541054,50241400,0.0000,1.0
2007-01-18,143.169998,143.259995,142.309998,142.539993,101.328821351253,68177300,0.0000,1.0
2007-01-19,142.539993,143.100006,142.460007,142.820007,101.527877686143,56973000,0.0000,1.0
2007-01-22,143.070007,143.100006,141.929993,142.380005,101.215089091771,60253600,0.0000,1.0
2007-01-23,142.259995,143.080002,142.059998,142.800003,101.513657243868,54064400,0.0000,1.0
2007-01-24,142.970001,143.979996,142.910004,143.949997,102.331164907005,55834700,0.0000,1.0
2007-01-25,143.860001,143.919998,142.009995,142.259995,101.129776390441,73583800,0.0000,1.0
2007-01-26,142.570007,142.649994,141.580002,142.130005,101.037369107333,67255600,0.0000,1.0
2007-01-29,142.190002,142.800003,141.740005,142.050003,100.980497290553,66114600,0.0000,1.0
2007-01-30,142.350006,142.860001,142.059998,142.789993,101.506541335691,70407600,0.0000,1.0
2007-01-31,142.630005,144.130005,142.399994,143.75,102.188991052094,91868600,0.0000,1.0
2007-02-01,144.149994,144.660004,143.910004,144.610001,102.800348509442,69312400,0.0000,1.0
2007-02-02,144.729996,144.949997,144.380005,144.809998,102.942522364353,49607000,0.0000,1.0
2007-02-05,144.699997,144.940002,144.339996,144.850006,102.970963248903,45705300,0.0000,1.0
2007-02-06,144.970001,145.029999,144.330002,144.889999,102.999393470253,57081300,0.0000,1.0
2007-02-07,145.119995,145.360001,144.570007,145.210007,103.226880737374,55669700,0.0000,1.0
2007-02-08,144.779999,145.119995,144.270004,145.020004,103.091811416561,70641000,0.0000,1.0
2007-02-09,145.059998,145.330002,143.389999,143.940002,102.324059662027,79084400,0.0000,1.0
2007-02-12,143.940002,144.039993,143.190002,143.449997,101.975724938128,65657000,0.0000,1.0
2007-02-13,143.770004,144.899994,143.759995,144.660004,102.83589463897,64081800,0.0000,1.0
2007-02-14,144.800003,145.899994,144.779999,145.610001,103.511228447196,66039400,0.0000,1.0
2007-02-15,145.669998,145.949997,145.429993,145.800003,103.646297057129,38715200,0.0000,1.0
2007-02-16,145.440002,145.759995,145.229996,145.729996,103.596530485327,39841800,0.0000,1.0
2007-02-20,145.559998,146.199997,145.0,146.039993,103.816901133391,56911800,0.0000,1.0
2007-02-21,145.610001,146.070007,145.350006,145.979996,103.774250469765,63971600,0.0000,1.0
2007-02-22,146.050003,146.419998,145.169998,145.869995,103.696052965732,79067400,0.0000,1.0
2007-02-23,145.740005,145.789993,145.029999,145.300003,103.290857088252,71966200,0.0000,1.0
2007-02-26,145.830002,145.949997,144.75,145.169998,103.198439141945,69192800,0.0000,1.0
2007-02-27,143.880005,144.199997,139.0,139.5,99.1677513166409,274466500,0.0000,1.0
2007-02-28,140.389999,141.979996,139.800003,140.929993,100.184304651469,177536300,0.0000,1.0
2007-03-01,139.339996,141.25,138.050003,140.509995,99.8857364993725,212828600,0.0000,1.0
2007-03-02,140.050003,140.660004,138.660004,138.669998,98.5777195465455,162574000,0.0000,1.0
2007-03-05,137.929993,139.580002,137.330002,137.350006,97.6393637157501,143750400,0.0000,1.0
2007-03-06,138.779999,140.119995,137.720001,139.699997,99.3099251715519,143333300,0.0000,1.0
2007-03-07,139.589996,140.460007,139.399994,139.559998,99.2104026911463,115144900,0.0000,1.0
2007-03-08,140.539993,141.160004,140.070007,140.740005,100.049245993855,117891600,0.0000,1.0
2007-03-09,141.309998,141.419998,140.080002,140.779999,100.077676926086,107765100,0.0000,1.0
2007-03-12,140.419998,141.339996,140.160004,140.990005,100.226965978294,80366900,0.0000,1.0
2007-03-13,140.179993,140.770004,138.039993,138.25,98.2791513944488,190605200,0.0000,1.0
2007-03-14,138.429993,139.360001,136.75,139.279999,99.0113570194552,231853800,0.0000,1.0
2007-03-15,138.970001,139.990005,138.800003,139.470001,99.1464256293883,132435900,0.0000,1.0
2007-03-16,139.309998,139.630005,138.119995,138.529999,98.8700838494254,121531600,0.5513,1.0
2007-03-19,139.259995,140.330002,139.149994,140.199997,100.061976172245,96161200,0.0000,1.0
2007-03-20,140.080002,141.050003,139.960007,140.970001,100.611534828089,82147400,0.0000,1.0
2007-03-21,141.100006,143.649994,140.820007,143.289993,102.267333609766,152368700,0.0000,1.0
2007-03-22,143.479996,143.679993,142.789993,143.179993,102.188825638194,118942200,0.0000,1.0
2007-03-23,143.279999,143.809998,143.149994,143.389999,102.338708775267,74416800,0.0000,1.0
2007-03-26,143.5,143.649994,142.089996,143.199997,102.203102669679,113787500,0.0000,1.0
2007-03-27,143.119995,143.160004,142.389999,142.860001,101.960444521471,99864600,0.0000,1.0
2007-03-28,142.139999,142.470001,141.259995,141.820007,101.218191617948,152907900,0.0000,1.0
2007-03-29,142.539993,142.610001,141.190002,141.970001,101.325243660566,139432700,0.0000,1.0
2007-03-30,142.240005,142.839996,140.559998,142.0,101.346654211832,128194100,0.0000,1.0
2007-04-02,142.160004,142.460007,141.479996,142.160004,101.460850479864,79416400,0.0000,1.0
2007-04-03,142.970001,143.979996,142.910004,143.690002,102.552823566137,82417800,0.0000,1.0
2007-04-04,143.690002,143.949997,143.160004,143.850006,102.667019834168,63995200,0.0000,1.0
2007-04-05,143.669998,144.440002,143.610001,144.240005,102.945365565126,46822800,0.0000,1.0
2007-04-09,144.649994,144.800003,144.149994,144.440002,103.088105190495,50967400,0.0000,1.0
2007-04-10,144.330002,144.850006,144.270004,144.610001,103.209434978307,56620000,0.0000,1.0
2007-04-11,144.820007,144.860001,143.539993,144.020004,102.788348908272,106365700,0.0000,1.0
2007-04-12,143.740005,144.919998,143.339996,144.660004,103.245122561058,115534400,0.0000,1.0
2007-04-13,144.899994,145.320007,144.360001,145.320007,103.71617253162,84287000,0.0000,1.0
2007-04-16,145.830002,146.860001,145.820007,146.699997,104.70108358335,83064600,0.0000,1.0
2007-04-17,146.970001,147.399994,146.649994,147.089996,104.979429314308,108424100,0.0000,1.0
2007-04-18,146.600006,147.699997,146.570007,147.270004,105.107902613825,88345300,0.0000,1.0
2007-04-19,146.550003,147.399994,146.360001,147.229996,105.079348550855,102947700,0.0000,1.0
2007-04-20,148.220001,148.619995,147.039993,148.619995,106.07140311429,124114100,0.0000,1.0
2007-04-23,148.369995,148.729996,147.970001,148.059998,105.671728309229,77270800,0.0000,1.0
2007-04-24,148.229996,148.399994,147.320007,148.119995,105.714548698051,114471000,0.0000,1.0
2007-04-25,148.729996,149.660004,148.020004,149.479996,106.68519342393,108418800,0.0000,1.0
2007-04-26,149.490005,149.800003,149.100006,149.649994,106.806522498033,88741600,0.0000,1.0
2007-04-27,149.089996,149.740005,148.839996,149.529999,106.72088100668,108191100,0.0000,1.0
2007-04-30,149.639999,149.740005,148.210007,148.289993,105.835877772155,100874100,0.0000,1.0
2007-05-01,148.419998,149.470001,147.669998,148.669998,106.10709069704,134342700,0.0000,1.0
2007-05-02,148.899994,149.949997,148.75,149.539993,106.728013812752,87129800,0.0000,1.0
2007-05-03,149.970001,150.399994,149.729996,150.350006,107.306127245273,86569700,0.0000,1.0
2007-05-04,150.75,151.119995,150.220001,150.919998,107.712935570115,96409000,0.0000,1.0
2007-05-07,150.880005,151.199997,150.809998,150.949997,107.734346121381,63461400,0.0000,1.0
2007-05-08,150.580002,150.919998,150.130005,150.75,107.591606496012,80584000,0.0000,1.0
2007-05-09,150.639999,152.820007,150.369995,151.160004,107.884229972163,102070100,0.0000,1.0
2007-05-10,150.729996,151.020004,149.270004,149.580002,106.75656858943,153617800,0.0000,1.0
2007-05-11,149.75,150.929993,149.720001,150.860001,107.670115181293,113408900,0.0000,1.0
2007-05-14,150.860001,151.300003,149.789993,150.529999,107.434589839158,108027500,0.0000,1.0
2007-05-15,150.699997,151.660004,150.190002,150.570007,107.463143902127,180673300,0.0000,1.0
2007-05-16,150.800003,151.630005,150.380005,151.600006,108.198263285871,114166500,0.0000,1.0
2007-05-17,151.380005,151.960007,151.110001,151.300003,107.984148495001,101132800,0.0000,1.0
2007-05-18,152.009995,152.619995,151.809998,152.619995,108.926238444201,99182000,0.0000,1.0
2007-05-21,152.580002,153.229996,152.5,152.539993,108.869140310185,174664600,0.0000,1.0
2007-05-22,152.699997,153.160004,152.380005,152.419998,108.783498818832,82148800,0.0000,1.0
2007-05-23,152.949997,153.5,152.360001,152.440002,108.797775850317,133786600,0.0000,1.0
2007-05-24,152.529999,153.210007,150.740005,151.059998,107.812854806662,187593000,0.0000,1.0
2007-05-25,151.5,152.020004,151.179993,151.690002,108.262494225958,83309200,0.0000,1.0
2007-05-29,151.940002,152.5,151.449997,152.240005,108.655036224947,82020000,0.0000,1.0
2007-05-30,151.460007,153.539993,151.339996,153.479996,109.54002875384,129013600,0.0000,1.0
2007-05-31,153.669998,153.889999,153.119995,153.320007,109.425843191441,114866700,0.0000,1.0
2007-06-01,153.880005,154.399994,153.509995,154.080002,109.96825833558,107771700,0.0000,1.0
2007-06-04,153.539993,154.389999,153.479996,154.100006,109.982535367065,78008800,0.0000,1.0
2007-06-05,153.740005,153.899994,152.860001,153.490005,109.547172265545,126917900,0.0000,1.0
2007-06-06,152.860001,152.949997,151.75,151.839996,108.369546268577,164096800,0.0000,1.0
2007-06-07,151.559998,152.5,149.059998,149.100006,106.413991204676,232414600,0.0000,1.0
2007-06-08,149.580002,151.190002,149.089996,151.039993,107.798577061468,175886000,0.0000,1.0
2007-06-11,150.929993,151.949997,150.699997,151.300003,107.984148495001,102015600,0.0000,1.0
2007-06-12,150.669998,151.539993,149.550003,149.649994,106.806522498033,233898000,0.0000,1.0
2007-06-13,150.5,152.070007,149.720001,151.889999,108.405233851327,193208200,0.0000,1.0
2007-06-14,152.059998,153.119995,152.029999,152.860001,109.097532846248,146396500,0.0000,1.0
2007-06-15,153.139999,153.660004,152.929993,153.070007,109.715323493894,154030800,0.6556,1.0
2007-06-18,153.380005,153.389999,152.660004,152.889999,109.586299942262,88537500,0.0000,1.0
2007-06-19,152.550003,153.380005,152.360001,153.270004,109.85867447416,110851700,0.0000,1.0
2007-06-20,153.580002,153.580002,150.960007,151.139999,108.331960049834,177119700,0.0000,1.0
2007-06-21,151.080002,152.110001,150.25,151.979996,108.934041047902,205262000,0.0000,1.0
2007-06-22,151.520004,151.770004,149.850006,150.550003,107.909071181735,204964700,0.0000,1.0
2007-06-25,150.240005,151.25,149.020004,149.830002,107.392999194942,232014400,0.0000,1.0
2007-06-26,150.210007,150.460007,148.279999,148.289993,106.289173638715,198445700,0.0000,1.0
2007-06-27,148.130005,150.570007,148.059998,150.399994,107.801549882922,213638000,0.0000,1.0
2007-06-28,150.380005,151.410004,149.669998,150.380005,107.787222454288,157705000,0.0000,1.0
2007-06-29,150.899994,151.649994,149.149994,150.429993,107.823052135741,199701800,0.0000,1.0
2007-07-02,150.869995,151.919998,150.770004,151.789993,108.79785342357,103357000,0.0000,1.0
2007-07-03,152.179993,152.5,151.990005,152.339996,109.192076682916,54048400,0.0000,1.0
2007-07-05,152.399994,152.559998,151.630005,152.179993,109.077392028169,89279000,0.0000,1.0
2007-07-06,152.380005,153.169998,151.929993,152.979996,109.650806700718,81109000,0.0000,1.0
2007-07-09,153.160004,153.360001,152.619995,153.100006,109.736825746713,72348100,0.0000,1.0
2007-07-10,152.289993,152.610001,150.770004,150.919998,108.174270889449,180362600,0.0000,1.0
2007-07-11,150.75,152.050003,150.520004,151.990005,108.941215155321,175607600,0.0000,1.0
2007-07-12,152.369995,154.75,152.339996,154.389999,110.661448421486,133882500,0.0000,1.0
2007-07-13,154.570007,155.460007,154.389999,154.850006,110.991165639141,111794300,0.0000,1.0
2007-07-16,154.990005,155.529999,154.580002,154.830002,110.976827459022,98378700,0.0000,1.0
2007-07-17,154.929993,155.479996,154.679993,154.75,110.919484773265,126201300,0.0000,1.0
2007-07-18,154.229996,154.800003,153.300003,154.470001,110.718791107242,237887400,0.0000,1.0
2007-07-19,155.199997,155.529999,154.75,155.070007,111.148854799526,145212700,0.0000,1.0
2007-07-20,154.889999,154.990005,152.830002,153.5,110.023527707245,245502500,0.0000,1.0
2007-07-23,154.179993,154.720001,153.300003,153.970001,110.360408280834,121183900,0.0000,1.0
2007-07-24,153.119995,154.279999,150.759995,151.300003,108.446645421347,256732400,0.0000,1.0
2007-07-25,152.020004,152.389999,150.25,151.610001,108.668841340189,265214500,0.0000,1.0
2007-07-26,150.190002,150.800003,146.389999,148.020004,106.095654796877,467592500,0.0000,1.0
2007-07-27,148.210007,148.869995,145.050003,145.110001,104.009864596885,422987600,0.0000,1.0
2007-07-30,145.929993,147.809998,145.289993,147.380005,105.63692549584,283017500,0.0000,1.0
2007-07-31,148.330002,149.460007,145.039993,145.720001,104.447091645103,316976700,0.0000,1.0
2007-08-01,145.179993,147.009995,143.949997,146.429993,104.955989524477,467670000,0.0000,1.0
2007-08-02,146.759995,147.759995,145.259995,147.600006,105.794614656225,294758400,0.0000,1.0
2007-08-03,147.279999,147.580002,143.199997,143.800003,103.070903025228,359398200,0.0000,1.0
2007-08-06,144.210007,146.830002,142.529999,146.210007,104.798311115577,324980000,0.0000,1.0
2007-08-07,145.940002,149.0,145.229996,147.770004,105.916463383673,232568700,0.0000,1.0
2007-08-08,148.410004,150.589996,147.339996,149.830002,107.392999194942,274930600,0.0000,1.0
2007-08-09,147.429993,148.949997,145.289993,145.389999,104.210557546142,357622100,0.0000,1.0
2007-08-10,144.389999,146.5,143.119995,144.710007,103.723162636353,411018400,0.0000,1.0
2007-08-13,146.5,146.889999,145.020004,145.229996,104.095872891395,181917200,0.0000,1.0
2007-08-14,145.699997,146.059998,142.720001,143.009995,102.504652425378,264134500,0.0000,1.0
2007-08-15,142.720001,144.460007,140.619995,141.039993,101.092622655799,323834000,0.0000,1.0
2007-08-16,139.789993,142.940002,137.0,142.100006,101.852403565738,546743700,0.0000,1.0
2007-08-17,145.5,145.809998,141.389999,144.710007,103.723162636353,388218100,0.0000,1.0
2007-08-20,145.169998,145.470001,143.289993,144.639999,103.67298330653,187320400,0.0000,1.0
2007-08-21,144.600006,145.970001,144.139999,144.929993,103.880841045253,157066400,0.0000,1.0
2007-08-22,146.009995,146.800003,145.330002,146.649994,105.113678684862,173156700,0.0000,1.0
2007-08-23,147.339996,147.649994,145.610001,146.520004,105.020506317653,203915300,0.0000,1.0
2007-08-24,146.479996,148.330002,146.279999,148.330002,106.317850715718,128901900,0.0000,1.0
2007-08-27,147.850006,148.330002,146.729996,146.949997,105.328710531004,113024300,0.0000,1.0
2007-08-28,146.160004,146.25,143.460007,143.720001,103.013560339471,219790700,0.0000,1.0
2007-08-29,144.369995,146.740005,143.960007,146.539993,105.034833746287,207654200,0.0000,1.0
2007-08-30,145.449997,147.190002,145.309998,146.149994,104.755295858454,191817300,0.0000,1.0
2007-08-31,147.649994,148.5,146.830002,147.589996,105.787439832041,185477500,0.0000,1.0
2007-09-04,147.449997,149.979996,147.399994,149.080002,106.85542495533,120062000,0.0000,1.0
2007-09-05,148.199997,148.360001,147.0,147.789993,105.930790812307,166261800,0.0000,1.0
2007-09-06,147.949997,148.610001,147.119995,148.130005,106.174499735452,127878400,0.0000,1.0
2007-09-07,146.479996,146.889999,145.259995,146.070007,104.697963924182,235447600,0.0000,1.0
2007-09-10,146.520004,146.720001,144.330002,145.789993,104.497259506675,192305900,0.0000,1.0
2007-09-11,146.240005,147.699997,146.130005,147.490005,105.71576971765,162081900,0.0000,1.0
2007-09-12,147.289993,148.440002,146.979996,147.869995,105.988133498063,149554600,0.0000,1.0
2007-09-13,148.550003,149.449997,148.199997,148.910004,106.733576227883,154079000,0.0000,1.0
2007-09-14,147.960007,149.089996,147.740005,148.899994,106.726401403698,121911000,0.0000,1.0
2007-09-17,148.309998,148.649994,147.630005,148.100006,106.152997482633,109870800,0.0000,1.0
2007-09-18,148.830002,152.5,148.130005,152.460007,109.278096445676,263759500,0.0000,1.0
2007-09-19,153.410004,154.389999,152.710007,153.360001,109.923181232617,193779900,0.0000,1.0
2007-09-20,153.339996,153.429993,152.110001,152.279999,109.149072894044,175186800,0.0000,1.0
2007-09-21,152.710007,153.119995,151.740005,151.970001,109.442030785194,141457500,0.7187,1.0
2007-09-24,152.419998,152.820007,151.360001,151.690002,109.24038796769,139450200,0.0000,1.0
2007-09-25,150.809998,151.660004,150.470001,151.389999,109.02433915973,142289900,0.0000,1.0
2007-09-26,152.25,152.770004,151.389999,152.190002,109.600465713511,135547000,0.0000,1.0
2007-09-27,152.910004,153.100006,152.190002,153.089996,110.248601335058,102713300,0.0000,1.0
2007-09-28,152.850006,153.190002,151.979996,152.580002,109.881326355252,133372100,0.0000,1.0
2007-10-01,152.600006,154.75,152.5,154.300003,111.119994521034,148162300,0.0000,1.0
2007-10-02,154.610001,154.649994,153.809998,154.089996,110.968756826701,112978800,0.0000,1.0
2007-10-03,153.809998,154.410004,153.009995,153.779999,110.745510784758,119055900,0.0000,1.0
2007-10-04,154.110001,154.259995,153.589996,154.020004,110.91835170353,76864400,0.0000,1.0
2007-10-05,155.029999,156.100006,154.630005,155.850006,112.236237693548,134579700,0.0000,1.0
2007-10-08,155.389999,155.490005,154.770004,155.020004,111.638507195173,71280400,0.0000,1.0
2007-10-09,155.600006,156.5,155.029999,156.479996,112.689928451728,94054300,0.0000,1.0
2007-10-10,156.039993,156.440002,155.410004,156.220001,112.502691624679,101711100,0.0000,1.0
2007-10-11,156.929993,157.520004,154.539993,155.470001,111.962575005946,233529100,0.0000,1.0
2007-10-12,155.460007,156.350006,155.270004,156.330002,112.581909448915,124546700,0.0000,1.0
2007-10-15,156.270004,156.360001,153.940002,155.009995,111.631299158857,161151900,0.0000,1.0
2007-10-16,154.410004,154.520004,153.470001,153.779999,110.745510784758,166525700,0.0000,1.0
2007-10-17,154.979996,155.089996,152.470001,154.25,111.083984585986,216687300,0.0000,1.0
2007-10-18,153.449997,154.190002,153.080002,153.690002,110.680698950976,148367500,0.0000,1.0
2007-10-19,153.089996,156.479996,149.660004,149.669998,107.785670993948,297169900,0.0000,1.0
2007-10-22,148.860001,150.759995,148.660004,150.539993,108.4122026709,261989800,0.0000,1.0
2007-10-23,151.460007,151.949997,150.25,151.759995,109.290793811016,180085100,0.0000,1.0
2007-10-24,151.210007,151.740005,148.839996,151.479996,109.089150993512,326694200,0.0000,1.0
2007-10-25,151.649994,152.289993,149.880005,151.839996,109.348406970503,237374500,0.0000,1.0
2007-10-26,153.059998,153.619995,151.899994,153.619995,110.630283025473,176484000,0.0000,1.0
2007-10-29,153.929993,154.440002,153.550003,154.130005,110.997569527766,106841000,0.0000,1.0
2007-10-30,153.449997,153.75,152.869995,153.059998,110.226998110619,132981600,0.0000,1.0
2007-10-31,153.979996,155.270004,152.839996,154.649994,111.37204246171,220954400,0.0000,1.0
2007-11-01,153.289993,153.410004,150.589996,151.029999,108.765083182739,333040800,0.0000,1.0
2007-11-02,151.529999,152.0,149.210007,151.199997,108.887508176007,331228200,0.0000,1.0
2007-11-05,149.639999,151.160004,148.970001,150.050003,108.05933368155,226841000,0.0000,1.0
2007-11-06,150.860001,152.110001,149.899994,152.070007,109.514050655292,177800500,0.0000,1.0
2007-11-07,150.440002,151.130005,147.550003,147.910004,106.518201649589,306639700,0.0000,1.0
2007-11-08,147.990005,148.399994,145.070007,147.160004,105.978085030856,374509900,0.0000,1.0
2007-11-09,145.690002,147.539993,144.889999,145.139999,104.523367336959,277745100,0.0000,1.0
2007-11-12,145.210007,146.610001,143.699997,143.699997,103.486341988682,243087800,0.0000,1.0
2007-11-13,145.369995,148.309998,145.220001,148.080002,106.640626642857,191117400,0.0000,1.0
2007-11-14,149.220001,149.399994,146.779999,147.669998,106.345360010662,230558800,0.0000,1.0
2007-11-15,146.570007,147.490005,144.520004,145.539993,104.811425212684,263111100,0.0000,1.0
2007-11-16,146.309998,146.470001,144.570007,145.789993,104.991464085595,308770600,0.0000,1.0
2007-11-19,145.279999,145.360001,143.190002,143.759995,103.52954987787,267746000,0.0000,1.0
2007-11-20,144.020004,145.529999,142.110001,144.639999,104.163289591138,414767500,0.0000,1.0
2007-11-21,143.080002,143.910004,141.669998,141.679993,102.03162501494,259012400,0.0000,1.0
2007-11-23,143.070007,144.339996,142.699997,144.130005,103.796014611333,77688400,0.0000,1.0
2007-11-26,144.429993,144.880005,140.660004,140.949997,101.505914386663,214232000,0.0000,1.0
2007-11-27,141.740005,143.229996,140.949997,142.570007,102.67257348468,293897900,0.0000,1.0
2007-11-28,144.190002,147.470001,144.139999,147.130005,105.956481086263,258596900,0.0000,1.0
2007-11-29,146.619995,147.720001,146.100006,147.179993,105.992480218979,199409900,0.0000,1.0
2007-11-30,149.039993,149.869995,147.330002,148.660004,107.058318268321,222908000,0.0000,1.0
2007-12-03,148.190002,148.449997,147.289993,147.679993,106.352557964801,146430400,0.0000,1.0
2007-12-04,146.660004,147.539993,146.309998,146.360001,105.401958477075,136533900,0.0000,1.0
2007-12-05,147.929993,149.199997,147.830002,148.809998,107.166337271135,171130000,0.0000,1.0
2007-12-06,148.630005,151.210007,148.570007,150.940002,108.700271348957,154457400,0.0000,1.0
2007-12-07,151.419998,151.5,150.550003,150.910004,108.678668124519,148980100,0.0000,1.0
2007-12-10,151.279999,152.25,150.860001,152.080002,109.521248609431,123914300,0.0000,1.0
2007-12-11,152.139999,152.889999,147.830002,147.910004,106.518201649589,250346400,0.0000,1.0
2007-12-12,151.059998,151.770004,147.199997,149.369995,107.569622185989,322435600,0.0000,1.0
2007-12-13,148.320007,149.389999,147.300003,149.059998,107.346376144046,237551300,0.0000,1.0
2007-12-14,147.929993,149.100006,147.100006,147.169998,105.98528226484,159152900,0.0000,1.0
2007-12-17,146.610001,146.869995,144.860001,145.070007,104.472962213788,177269400,0.0000,1.0
2007-12-18,146.100006,146.479996,143.960007,145.880005,105.056286721708,245569300,0.0000,1.0
2007-12-19,145.940002,146.889999,144.940002,145.880005,105.056286721708,198917200,0.0000,1.0
2007-12-20,146.839996,146.860001,145.179993,146.800003,105.718828333709,214813800,0.0000,1.0
2007-12-21,147.369995,148.419998,147.089996,148.130005,107.235052347681,146084400,0.7754,1.0
2007-12-24,148.820007,149.479996,148.479996,149.229996,108.031363618088,45601400,0.0000,1.0
2007-12-26,148.649994,149.679993,148.5,149.550003,108.263024768688,67093100,0.0000,1.0
2007-12-27,149.020004,149.029999,147.320007,147.669998,106.902041660715,122981700,0.0000,1.0
2007-12-28,148.539993,148.610001,146.899994,147.300003,106.634192934231,116398100,0.0000,1.0
2007-12-31,147.100006,147.610001,146.059998,146.210007,105.845117296795,108126800,0.0000,1.0
2008-01-02,146.529999,146.990005,143.880005,144.929993,104.91848282935,204935600,0.0000,1.0
2008-01-03,144.910004,145.490005,144.070007,144.860001,104.867813852569,125133300,0.0000,1.0
2008-01-04,143.339996,143.440002,140.910004,141.309998,102.29787700865,232330900,0.0000,1.0
2008-01-07,141.809998,142.229996,140.100006,141.190002,102.21100887318,234991000,0.0000,1.0
2008-01-08,142.080002,142.899994,138.440002,138.910004,100.560460728781,326365700,0.0000,1.0
2008-01-09,139.089996,140.789993,137.699997,140.369995,101.617385092701,301824900,0.0000,1.0
2008-01-10,139.679993,142.800003,139.369995,141.289993,102.283394883829,335701200,0.0000,1.0
2008-01-11,140.779999,141.899994,139.0,140.149994,101.458120811629,267076600,0.0000,1.0
2008-01-14,141.160004,141.860001,140.399994,141.279999,102.276159974783,170365500,0.0000,1.0
2008-01-15,139.789993,141.490005,137.899994,138.169998,100.024751693008,239940100,0.0000,1.0
2008-01-16,137.360001,139.119995,136.279999,136.979996,99.1632791860443,378802600,0.0000,1.0
2008-01-17,137.809998,137.880005,132.929993,133.429993,96.5933423421252,397892600,0.0000,1.0
2008-01-18,134.740005,135.020004,131.100006,132.059998,95.6015683558821,348561500,0.0000,1.0
2008-01-22,127.209999,132.429993,126.0,130.720001,94.6315106795812,435923700,0.0000,1.0
2008-01-23,127.089996,134.190002,126.839996,133.860001,96.9046359952235,511913000,0.0000,1.0
2008-01-24,134.479996,135.460007,133.309998,134.990005,97.7226744344519,259949300,0.0000,1.0
2008-01-25,136.509995,136.759995,132.600006,133.039993,96.3110114908193,269603900,0.0000,1.0
2008-01-28,133.259995,135.520004,132.059998,135.240005,97.9036557493916,217934600,0.0000,1.0
2008-01-29,136.100006,136.449997,134.880005,135.910004,98.3886849495046,168968300,0.0000,1.0
2008-01-30,135.580002,138.539993,134.600006,134.910004,97.6647596897459,334939200,0.0000,1.0
2008-01-31,133.399994,138.539993,133.199997,137.369995,99.445609313425,343680800,0.0000,1.0
2008-02-01,137.940002,139.610001,137.520004,139.580002,101.045489204969,206843600,0.0000,1.0
2008-02-04,139.210007,139.300003,137.639999,137.820007,99.7713843674195,124694300,0.0000,1.0
2008-02-05,135.940002,136.25,133.669998,134.130005,97.1000987110594,286882500,0.0000,1.0
2008-02-06,134.580002,135.25,132.410004,133.050003,96.3182579826695,250792900,0.0000,1.0
2008-02-07,131.800003,134.789993,131.729996,133.929993,96.9553049720046,297368100,0.0000,1.0
2008-02-08,133.089996,134.220001,132.100006,133.070007,96.3327393835657,221643500,0.0000,1.0
2008-02-11,133.100006,134.229996,132.039993,133.75,96.8250034927248,188576300,0.0000,1.0
2008-02-12,134.910004,136.309998,133.979996,134.990005,97.7226744344519,256654400,0.0000,1.0
2008-02-13,136.009995,137.059998,135.139999,136.369995,98.7216840536663,181967800,0.0000,1.0
2008-02-14,136.949997,137.0,134.789993,135.169998,97.8529759137316,215207200,0.0000,1.0
2008-02-15,134.5,135.220001,133.910004,135.139999,97.8312588798641,154110300,0.0000,1.0
2008-02-19,136.720001,136.889999,134.610001,135.520004,98.1063540981987,145190000,0.0000,1.0
2008-02-20,133.990005,136.550003,133.759995,135.919998,98.3959198585507,220085700,0.0000,1.0
2008-02-21,136.660004,137.009995,134.070007,134.789993,97.577880695397,201051200,0.0000,1.0
2008-02-22,134.970001,135.850006,132.860001,135.619995,98.1787401088473,205491000,0.0000,1.0
2008-02-25,135.539993,137.649994,134.779999,137.330002,99.4166573705115,190107000,0.0000,1.0
2008-02-26,136.75,138.949997,136.5,138.360001,100.162299664138,212420700,0.0000,1.0
2008-02-27,137.559998,139.139999,137.410004,138.220001,100.060950127771,168395800,0.0000,1.0
2008-02-28,137.240005,137.960007,136.550003,136.869995,99.0836466835456,170831100,0.0000,1.0
2008-02-29,135.600006,135.679993,132.779999,133.820007,96.8756833283848,252715200,0.0000,1.0
2008-03-03,133.139999,133.809998,132.240005,133.5,96.6440221777851,189483500,0.0000,1.0
2008-03-04,132.229996,133.399994,130.990005,132.990005,96.2748239149345,282513100,0.0000,1.0
2008-03-05,133.419998,134.770004,132.339996,133.830002,96.882918961356,270681400,0.0000,1.0
2008-03-06,132.979996,133.220001,130.550003,131.059998,94.8776430961234,247911700,0.0000,1.0
2008-03-07,129.770004,131.740005,128.580002,129.710007,93.9003505107765,326434600,0.0000,1.0
2008-03-10,129.839996,129.929993,127.589996,128.0,92.6624332491124,235683600,0.0000,1.0
2008-03-11,130.720001,132.720001,128.949997,132.600006,95.9924937875539,341440600,0.0000,1.0
2008-03-12,132.740005,133.770004,131.160004,131.360001,95.0948228458268,229161100,0.0000,1.0
2008-03-13,129.610001,132.639999,128.600006,131.649994,95.30475610368,351504200,0.0000,1.0
2008-03-14,132.770004,132.809998,127.779999,129.610001,93.8279536412491,484687800,0.0000,1.0
2008-03-17,126.57,129.259995,126.07,128.300003,92.8796129988157,405311100,0.0000,1.0
2008-03-18,130.619995,133.690002,129.979996,133.630005,96.7381360811801,334416600,0.0000,1.0
2008-03-19,134.139999,134.649994,130.039993,130.320007,94.3419449192293,345971600,0.0000,1.0
2008-03-20,130.050003,132.910004,129.259995,132.080002,96.0807735772804,245320700,0.6420,1.0
2008-03-24,133.309998,135.809998,133.240005,134.720001,98.0012243822649,208977300,0.0000,1.0
2008-03-25,134.860001,135.550003,133.770004,134.850006,98.0957957085805,192947200,0.0000,1.0
2008-03-26,134.460007,135.089996,133.110001,133.199997,96.895506953819,196934300,0.0000,1.0
2008-03-27,134.199997,134.440002,132.360001,132.779999,96.5899820285475,225153200,0.0000,1.0
2008-03-28,132.990005,133.360001,131.059998,131.509995,95.6661255406725,180896100,0.0000,1.0
2008-03-31,131.289993,132.729996,131.089996,131.970001,96.0007540359855,166692100,0.0000,1.0
2008-04-01,133.610001,136.839996,133.509995,136.610001,99.3760930929805,254547300,0.0000,1.0
2008-04-02,137.050003,137.669998,135.979996,136.699997,99.441560121811,210910800,0.0000,1.0
2008-04-03,135.960007,137.440002,135.710007,137.039993,99.6888880912123,175884800,0.0000,1.0
2008-04-04,137.119995,137.960007,136.119995,136.889999,99.5797758915323,204446800,0.0000,1.0
2008-04-07,137.869995,138.570007,136.740005,136.960007,99.6307027744423,154245500,0.0000,1.0
2008-04-08,136.190002,136.919998,135.949997,136.820007,99.5288606477226,148937300,0.0000,1.0
2008-04-09,136.610001,136.800003,134.889999,135.830002,98.8086876858432,195610600,0.0000,1.0
2008-04-10,135.419998,136.669998,134.899994,136.020004,98.9469034555646,192967800,0.0000,1.0
2008-04-11,134.490005,135.119995,133.009995,133.380005,97.0264526505802,222973300,0.0000,1.0
2008-04-14,133.190002,133.539993,132.550003,132.929993,96.6990942282275,160522000,0.0000,1.0
2008-04-15,133.580002,133.690002,132.330002,133.240005,96.9246105238605,172389200,0.0000,1.0
2008-04-16,134.539993,136.910004,134.520004,136.850006,99.5506832331473,189268900,0.0000,1.0
2008-04-17,136.020004,137.25,135.660004,137.050003,99.6961698032727,179665700,0.0000,1.0
2008-04-18,138.940002,139.559998,138.259995,138.479996,100.736409291232,218530600,0.0000,1.0
2008-04-21,138.229996,138.979996,137.850006,138.550003,100.787335446698,118587400,0.0000,1.0
2008-04-22,138.190002,138.309998,136.899994,137.940002,100.343594024261,162166000,0.0000,1.0
2008-04-23,138.089996,138.779999,137.119995,137.720001,100.183555669115,193309000,0.0000,1.0
2008-04-24,138.080002,139.740005,137.039993,138.320007,100.620026291148,229381300,0.0000,1.0
2008-04-25,139.399994,139.889999,137.910004,139.600006,101.551153579427,190788100,0.0000,1.0
2008-04-28,139.880005,140.25,139.380005,139.630005,101.572976164851,105610200,0.0000,1.0
2008-04-29,139.389999,139.729996,138.610001,139.080002,101.172879913264,125514100,0.0000,1.0
2008-04-30,139.289993,140.589996,138.259995,138.259995,100.576370936086,208395900,0.0000,1.0
2008-05-01,138.380005,141.119995,138.270004,141.119995,102.656860096216,187279500,0.0000,1.0
2008-05-02,142.339996,142.369995,140.559998,141.509995,102.940563163507,181585500,0.0000,1.0
2008-05-05,141.050003,141.610001,140.410004,140.830002,102.44590649726,118504500,0.0000,1.0
2008-05-06,140.020004,142.199997,139.690002,142.050003,103.33338861469,179339800,0.0000,1.0
2008-05-07,141.889999,142.039993,139.130005,139.520004,101.492956623557,199267300,0.0000,1.0
2008-05-08,139.740005,140.320007,138.979996,139.160004,101.231076869134,178321200,0.0000,1.0
2008-05-09,138.600006,139.389999,138.449997,138.899994,101.041934216503,152588200,0.0000,1.0
2008-05-12,139.25,140.559998,138.729996,140.460007,102.176755942434,147865900,0.0000,1.0
2008-05-13,140.800003,140.889999,139.729996,140.479996,102.191296815798,159132200,0.0000,1.0
2008-05-14,141.070007,142.199997,140.460007,140.770004,102.402261326411,181910800,0.0000,1.0
2008-05-15,141.039993,142.630005,140.830002,142.529999,103.682558710811,166927000,0.0000,1.0
2008-05-16,142.860001,142.869995,141.610001,142.660004,103.777130037126,204236800,0.0000,1.0
2008-05-19,142.809998,144.300003,142.300003,143.050003,104.060832376973,165664400,0.0000,1.0
2008-05-20,142.270004,142.339996,141.0,141.889999,103.216994702949,178552100,0.0000,1.0
2008-05-21,141.809998,142.119995,139.0,139.490005,101.471134038132,252724800,0.0000,1.0
2008-05-22,139.429993,140.169998,139.0,139.509995,101.48567563894,170820400,0.0000,1.0
2008-05-23,139.050003,139.660004,137.520004,137.639999,100.125358713245,181376400,0.0000,1.0
2008-05-27,137.800003,139.0,137.529999,138.660004,100.867354987993,168322900,0.0000,1.0
2008-05-28,139.169998,140.0,138.0,139.300003,101.33291826841,181288100,0.0000,1.0
2008-05-29,139.130005,140.929993,139.080002,140.0,101.842126719678,173927200,0.0000,1.0
2008-05-30,140.470001,140.740005,139.940002,140.350006,102.096736401139,117362000,0.0000,1.0
2008-06-02,139.830002,139.860001,138.0,138.899994,101.041934216503,181069900,0.0000,1.0
2008-06-03,139.300003,139.619995,137.229996,138.089996,100.452706223941,271965700,0.0000,1.0
2008-06-04,137.699997,139.160004,137.460007,138.020004,100.401790980131,246637700,0.0000,1.0
2008-06-05,138.580002,140.889999,138.320007,140.779999,102.409532126815,237867100,0.0000,1.0
2008-06-06,139.550003,139.800003,136.220001,136.289993,99.1433052694997,384276300,0.0000,1.0
2008-06-09,136.860001,137.5,135.410004,136.619995,99.3833631659408,228263900,0.0000,1.0
2008-06-10,135.669998,137.100006,135.350006,135.940002,98.8887064996944,260234900,0.0000,1.0
2008-06-11,135.970001,136.259995,133.929993,133.940002,97.4338189751276,283890100,0.0000,1.0
2008-06-12,134.600006,135.869995,133.520004,134.449997,97.8048116566733,252791800,0.0000,1.0
2008-06-13,135.169998,136.520004,134.419998,136.149994,99.0414638702238,244726900,0.0000,1.0
2008-06-16,135.550003,136.929993,135.460007,136.229996,99.099660826094,185832500,0.0000,1.0
2008-06-17,137.070007,137.119995,135.369995,135.570007,98.6195559448683,191707700,0.0000,1.0
2008-06-18,134.690002,135.520004,133.710007,134.25,97.6593250865479,265893000,0.0000,1.0
2008-06-19,134.149994,135.240005,133.5,134.419998,97.7829890712486,304204900,0.0000,1.0
2008-06-20,132.839996,133.089996,131.220001,131.580002,96.203871610734,289275700,0.6692,1.0
2008-06-23,132.089996,132.229996,131.320007,131.449997,96.1088192916988,165096400,0.0000,1.0
2008-06-24,131.050003,132.440002,130.190002,131.190002,95.9187256207819,267300600,0.0000,1.0
2008-06-25,131.720001,133.399994,131.240005,131.809998,96.3720317058751,287853900,0.0000,1.0
2008-06-26,130.570007,131.419998,128.080002,128.229996,93.7545362845407,297775000,0.0000,1.0
2008-06-27,128.279999,128.860001,127.040001,127.529999,93.2427379831856,303423400,0.0000,1.0
2008-06-30,127.889999,128.910004,127.300003,127.980003,93.5717555115507,258842600,0.0000,1.0
2008-07-01,126.519997,128.470001,125.93,128.380005,93.8642143994297,388622000,0.0000,1.0
2008-07-02,128.789993,129.160004,125.949997,126.18,92.2556949029566,288064600,0.0000,1.0
2008-07-03,127.110001,127.110001,124.989998,126.309998,92.3507421039868,239352500,0.0000,1.0
2008-07-07,126.790001,127.339996,123.919998,125.019997,91.4075661753095,372427300,0.0000,1.0
2008-07-08,124.989998,127.389999,124.199997,127.239998,93.0307056184879,375973700,0.0000,1.0
2008-07-09,127.5,127.739998,124.389999,124.790001,91.2394060801684,336729400,0.0000,1.0
2008-07-10,124.43,125.790001,123.580002,125.300003,91.6122907600852,436475700,0.0000,1.0
2008-07-11,123.970001,125.900002,122.489998,123.839996,90.5448160386699,481124600,0.0000,1.0
2008-07-14,125.260002,125.5,122.400002,122.720001,89.7259389027304,322720800,0.0000,1.0
2008-07-15,121.800003,123.489998,120.019997,120.989998,88.4610583436149,502502500,0.0000,1.0
2008-07-16,121.449997,124.57,121.099998,123.959999,90.6325554597781,371642900,0.0000,1.0
2008-07-17,125.139999,126.260002,124.089996,125.199997,91.5391720168258,375490600,0.0000,1.0
2008-07-18,126.169998,126.419998,125.150002,125.980003,92.1094683835913,267030100,0.0000,1.0
2008-07-21,126.510002,126.800003,125.190002,126.050003,92.1606484330699,222863000,0.0000,1.0
2008-07-22,125.150002,127.800003,124.849998,127.480003,93.2061837295609,296904200,0.0000,1.0
2008-07-23,127.889999,129.149994,127.550003,128.169998,93.710669132989,311698400,0.0000,1.0
2008-07-24,128.339996,128.410004,125.160004,125.510002,91.7658301773773,248634500,0.0000,1.0
2008-07-25,125.889999,126.489998,125.169998,125.480003,91.7438966016015,219131000,0.0000,1.0
2008-07-28,125.510002,126.059998,123.419998,123.639999,90.3985895193046,205201300,0.0000,1.0
2008-07-29,123.980003,126.379997,123.639999,126.279999,92.328808528211,261505600,0.0000,1.0
2008-07-30,127.110001,128.600006,126.279999,128.529999,93.9738815471653,354710000,0.0000,1.0
2008-07-31,127.400002,128.570007,126.629997,126.830002,92.7309396818305,277402100,0.0000,1.0
2008-08-01,127.120003,127.279999,125.459999,126.160004,92.2410749562513,248690900,0.0000,1.0
2008-08-04,126.040001,126.139999,124.760002,124.989998,91.3856325995336,188239600,0.0000,1.0
2008-08-05,126.019997,128.559998,124.970001,128.360001,93.8495886035759,251577600,0.0000,1.0
2008-08-06,128.020004,129.300003,127.480003,128.929993,94.2663345858958,209555400,0.0000,1.0
2008-08-07,127.959999,128.440002,126.540001,127.010002,92.8625455233469,246312500,0.0000,1.0
2008-08-08,126.580002,129.929993,126.379997,129.369995,94.588039216334,260811700,0.0000,1.0
2008-08-11,129.470001,131.509995,129.229996,130.710007,95.5677803657895,249425800,0.0000,1.0
2008-08-12,130.279999,130.699997,128.729996,129.350006,94.5734243876336,213200800,0.0000,1.0
2008-08-13,128.789993,129.649994,127.669998,128.570007,94.003133138873,256393200,0.0000,1.0
2008-08-14,127.839996,130.279999,127.75,129.539993,94.7123321599234,239555300,0.0000,1.0
2008-08-15,129.929993,130.5,129.300003,130.169998,95.1729562609484,181000800,0.0000,1.0
2008-08-18,130.429993,130.479996,127.660004,128.389999,93.8715214482081,172275100,0.0000,1.0
2008-08-19,127.419998,127.690002,126.529999,126.989998,92.847919727493,194673700,0.0000,1.0
2008-08-20,127.389999,127.949997,126.339996,127.580002,93.2792973548153,225498200,0.0000,1.0
2008-08-21,126.75,128.440002,126.599998,127.800003,93.4401496700344,180609800,0.0000,1.0
2008-08-22,128.669998,129.649994,127.800003,129.649994,94.7927586831047,167715300,0.0000,1.0
2008-08-25,128.800003,129.649994,126.75,127.019997,92.8698533032688,171936900,0.0000,1.0
2008-08-26,127.019997,127.870003,126.580002,127.389999,93.1403778842284,159117200,0.0000,1.0
2008-08-27,127.550003,128.830002,127.300003,128.630005,94.0470002904246,171032800,0.0000,1.0
2008-08-28,129.279999,130.339996,129.110001,130.190002,95.1875820568023,167537100,0.0000,1.0
2008-08-29,129.729996,130.139999,128.509995,128.789993,94.1639744869386,189195800,0.0000,1.0
2008-09-02,130.029999,130.710007,127.519997,127.989998,93.5790632914727,252364900,0.0000,1.0
2008-09-03,127.879997,128.5,126.93,127.879997,93.4986367682914,251947000,0.0000,1.0
2008-09-04,126.970001,127.230003,123.959999,124.029999,90.6837355092567,340042500,0.0000,1.0
2008-09-05,123.290001,124.949997,122.0,124.419998,90.9688807680652,289503400,0.0000,1.0
2008-09-08,128.039993,128.240005,124.419998,126.989998,92.847919727493,364075300,0.0000,1.0
2008-09-09,127.099998,127.360001,122.800003,123.220001,90.0915106847203,377326800,0.0000,1.0
2008-09-10,123.889999,124.900002,122.550003,123.720001,90.4570824667101,298916600,0.0000,1.0
2008-09-11,122.120003,125.739998,121.599998,125.510002,91.7658301773773,375369400,0.0000,1.0
2008-09-12,124.290001,126.209999,123.830002,126.089996,92.1898890576242,297851200,0.0000,1.0
2008-09-15,121.629997,125.650002,119.889999,120.089996,87.8030276737461,483607000,0.0000,1.0
2008-09-16,117.199997,122.32,117.0,122.099998,89.2726276996324,581744300,0.0000,1.0
2008-09-17,119.639999,121.849998,116.0,116.610001,85.2586517268146,624095600,0.0000,1.0
2008-09-18,118.050003,121.790001,113.800003,120.07,87.7884077270407,776114700,0.0000,1.0
2008-09-19,126.699997,128.0,123.330002,124.120003,91.254703065814,501087800,0.6909,1.0
2008-09-22,124.449997,124.75,120.360001,121.309998,89.1887494266697,249966500,0.0000,1.0
2008-09-23,120.849998,122.019997,118.279999,118.550003,87.15956381516,327470400,0.0000,1.0
2008-09-24,119.349998,120.0,117.790001,118.93,87.4389427433164,311818400,0.0000,1.0
2008-09-25,119.400002,121.910004,118.440002,120.790001,88.8064406071145,328253000,0.0000,1.0
2008-09-26,118.830002,121.5,118.510002,120.849998,88.8505512120735,285917400,0.0000,1.0
2008-09-29,119.139999,119.339996,110.970001,111.379997,81.8880785372383,459562300,0.0000,1.0
2008-09-30,113.510002,116.800003,110.529999,115.989998,85.2774135535137,328154400,0.0000,1.0
2008-10-01,115.269997,116.690002,113.949997,116.059998,85.3288784992131,332783000,0.0000,1.0
2008-10-02,114.949997,115.110001,111.059998,111.849998,82.2336296221479,365337800,0.0000,1.0
2008-10-03,112.860001,115.449997,109.68,110.339996,81.1234557516334,461798000,0.0000,1.0
2008-10-06,107.150002,107.620003,100.639999,104.720001,76.9915595015474,610637500,0.0000,1.0
2008-10-07,106.839996,107.330002,99.650002,100.029999,73.5434066692592,540012100,0.0000,1.0
2008-10-08,97.519997,102.18,96.809998,97.510002,71.6906708297205,725414800,0.0000,1.0
2008-10-09,99.660004,100.620003,90.25,90.699997,66.6838631506093,534485200,0.0000,1.0
2008-10-10,86.760002,93.940002,83.580002,88.5,65.066395634268,871026300,0.0000,1.0
2008-10-13,93.870003,101.349998,89.949997,101.349998,74.5138877672347,455584000,0.0000,1.0
2008-10-14,104.699997,105.529999,97.110001,99.849998,73.4110675022471,546268300,0.0000,1.0
2008-10-15,97.459999,97.800003,89.709999,90.019997,66.1839179638149,484627500,0.0000,1.0
2008-10-16,91.290001,94.769997,86.540001,93.769997,68.9409686262839,708811200,0.0000,1.0
2008-10-17,91.989998,98.589996,91.650002,93.209999,68.5292505311156,476649000,0.0000,1.0
2008-10-20,95.349998,99.099998,94.089996,98.809998,72.6464454518558,321294200,0.0000,1.0
2008-10-21,96.970001,98.639999,95.220001,95.860001,70.4775678030207,356502000,0.0000,1.0
2008-10-22,93.199997,95.860001,87.529999,90.639999,66.6397518104368,516168000,0.0000,1.0
2008-10-23,90.290001,92.449997,85.809998,91.690002,67.4117282015687,634666400,0.0000,1.0
2008-10-24,84.059998,89.919998,84.0,87.040001,63.9929846448936,545812600,0.0000,1.0
2008-10-27,85.970001,89.510002,83.699997,83.949997,61.7211719581651,397288600,0.0000,1.0
2008-10-28,87.339996,94.239998,84.529999,93.760002,68.9336201672516,639939500,0.0000,1.0
2008-10-29,93.769997,97.169998,92.099998,93.080002,68.4336749804572,531270100,0.0000,1.0
2008-10-30,95.779999,96.540001,92.900002,96.300003,70.8010632178441,414582100,0.0000,1.0
2008-10-31,95.080002,98.57,94.480003,96.830002,71.1907256429262,411394000,0.0000,1.0
2008-11-03,96.779999,97.690002,95.949997,97.110001,71.3965846905103,205419400,0.0000,1.0
2008-11-04,99.059998,100.860001,96.709999,100.410004,73.8227914791236,346793400,0.0000,1.0
2008-11-05,99.199997,100.709999,95.0,96.190002,70.7201889965315,387844100,0.0000,1.0
2008-11-06,94.459999,95.440002,90.059998,90.860001,66.801500253062,477721900,0.0000,1.0
2008-11-07,91.650002,94.0,90.5,93.860001,69.0071407830372,380391000,0.0000,1.0
2008-11-10,95.209999,95.529999,90.919998,92.629997,68.1028252248934,301773000,0.0000,1.0
2008-11-11,90.760002,92.139999,88.650002,89.769997,66.000114586317,418498200,0.0000,1.0
2008-11-12,88.230003,88.949997,85.120003,85.82,63.0960234274902,454330600,0.0000,1.0
2008-11-13,86.129997,91.730003,82.089996,91.169998,67.0294142355189,753141900,0.0000,1.0
2008-11-14,89.410004,92.059998,86.519997,86.620003,63.6841964411241,540352300,0.0000,1.0
2008-11-17,86.379997,88.559998,85.160004,85.470001,62.8386994342066,415254900,0.0000,1.0
2008-11-18,85.150002,87.220001,82.910004,87.080002,64.0223939205068,523811800,0.0000,1.0
2008-11-19,85.910004,86.870003,80.919998,81.5,59.9199010643259,558327600,0.0000,1.0
2008-11-20,80.129997,82.510002,75.050003,75.449997,55.4718571232354,814180400,0.0000,1.0
2008-11-21,77.459999,80.900002,74.339996,79.519997,58.4641761089018,718536500,0.0000,1.0
2008-11-24,81.919998,86.989998,80.360001,85.029999,62.5152040193832,523305300,0.0000,1.0
2008-11-25,87.300003,87.510002,83.82,85.660004,62.9783922067456,454112400,0.0000,1.0
2008-11-26,84.300003,89.190002,84.239998,88.970001,65.4119467191777,370134200,0.0000,1.0
2008-11-28,88.629997,90.129997,88.480003,90.089996,66.2353821743009,118308100,0.0000,1.0
2008-12-01,87.510002,87.550003,81.860001,82.110001,60.3683820406344,369927100,0.0000,1.0
2008-12-02,83.470001,85.489998,82.040001,85.269997,62.6916537913542,469508400,0.0000,1.0
2008-12-03,83.400002,87.830002,83.139999,87.32,64.1988436924778,519863500,0.0000,1.0
2008-12-04,86.059998,88.050003,83.739998,85.300003,62.713714607935,444173800,0.0000,1.0
2008-12-05,83.650002,88.419998,82.239998,87.93,64.6473239335728,471905300,0.0000,1.0
2008-12-08,90.339996,92.379997,88.080002,91.0,66.9044294092474,412859300,0.0000,1.0
2008-12-09,90.370003,92.129997,88.980003,89.5,65.8016091442598,370790000,0.0000,1.0
2008-12-10,90.32,91.360001,89.0,90.110001,66.2500901205682,396187400,0.0000,1.0
2008-12-11,89.540001,91.0,87.370003,87.940002,64.6546775390997,365061000,0.0000,1.0
2008-12-12,85.550003,89.07,85.199997,88.989998,65.426648783737,415060400,0.0000,1.0
2008-12-15,89.019997,89.150002,86.290001,87.75,64.5149855017742,256694200,0.0000,1.0
2008-12-16,91.879997,92.019997,88.18,91.879997,67.5514150923996,377699500,0.0000,1.0
2008-12-17,90.839996,92.43,90.059998,90.989998,66.8970758037204,281819800,0.0000,1.0
2008-12-18,91.400002,91.669998,88.209999,89.290001,65.647215042375,374673300,0.0000,1.0
2008-12-19,89.099998,90.620003,88.089996,88.190002,65.3673494028751,301451300,0.7193,1.0
2008-12-22,88.580002,88.669998,85.489998,87.059998,64.529778650868,243759500,0.0000,1.0
2008-12-23,87.529999,87.93,85.800003,86.160004,63.8626937101228,221625200,0.0000,1.0
2008-12-24,86.449997,86.870003,86.0,86.660004,64.2332989256827,62061600,0.0000,1.0
2008-12-26,87.239998,87.300003,86.5,87.160004,64.6039041412426,74767700,0.0000,1.0
2008-12-29,87.239998,87.330002,85.599998,86.910004,64.4186015334626,127795900,0.0000,1.0
2008-12-30,87.510002,89.050003,86.879997,88.970001,65.9454927979381,168256300,0.0000,1.0
2008-12-31,89.080002,90.970001,88.870003,90.239998,66.8868278218289,193987200,0.0000,1.0
2009-01-02,90.440002,93.440002,89.849998,92.959999,68.9029209356852,227566300,0.0000,1.0
2009-01-05,92.629997,93.660004,91.889999,92.849998,68.8213870470516,240349700,0.0000,1.0
2009-01-06,93.639999,94.449997,92.68,93.470001,69.2809397379771,328260900,0.0000,1.0
2009-01-07,92.0,92.260002,90.199997,90.669998,67.2055483072104,280899200,0.0000,1.0
2009-01-08,90.160004,91.089996,89.669998,91.040001,67.4797983903561,263834400,0.0000,1.0
2009-01-09,91.160004,91.32,85.360001,89.089996,66.0344343436203,330953600,0.0000,1.0
2009-01-12,88.839996,88.910004,86.410004,86.949997,64.4482447622344,277858500,0.0000,1.0
2009-01-13,86.730003,87.879997,86.199997,87.110001,64.5668413960553,356432300,0.0000,1.0
2009-01-14,85.540001,85.75,83.160004,84.370003,62.5359262972079,435491600,0.0000,1.0
2009-01-15,84.120003,85.25,81.720001,84.400002,62.5581618689311,532647300,0.0000,1.0
2009-01-16,85.860001,85.989998,83.050003,85.059998,63.0473577886284,399237200,0.0000,1.0
2009-01-20,84.230003,85.059998,80.050003,80.57,59.7193244353214,419855200,0.0000,1.0
2009-01-21,81.940002,84.239998,80.470001,84.050003,62.2987389592496,364360700,0.0000,1.0
2009-01-22,82.419998,84.040001,81.169998,82.75,61.3351631751626,427940300,0.0000,1.0
2009-01-23,80.900002,83.989998,80.57,83.110001,61.6019996715761,386800600,0.0000,1.0
2009-01-26,83.589996,85.360001,82.809998,83.68,62.024488876104,317978800,0.0000,1.0
2009-01-27,84.129997,85.150002,83.300003,84.529999,62.6545170013454,273789700,0.0000,1.0
2009-01-28,86.400002,87.949997,86.07,87.389999,64.774378834348,330007000,0.0000,1.0
2009-01-29,86.110001,87.489998,84.470001,84.550003,62.6693441748095,294392500,0.0000,1.0
2009-01-30,84.980003,85.400002,82.209999,82.830002,61.394461492073,383383600,0.0000,1.0
2009-02-02,81.57,83.18,81.309998,82.580002,61.2091588842931,288233300,0.0000,1.0
2009-02-03,83.099998,84.360001,82.220001,83.739998,62.0689600195503,278385800,0.0000,1.0
2009-02-04,84.300003,85.370003,83.040001,83.330002,61.7650667076329,322989300,0.0000,1.0
2009-02-05,82.699997,85.290001,77.730003,84.57,62.6841661598006,417679400,0.0000,1.0
2009-02-06,84.860001,87.339996,84.68,86.980003,64.4704855224306,366101700,0.0000,1.0
2009-02-09,86.959999,87.739998,86.32,87.099998,64.5594270681128,240075200,0.0000,1.0
2009-02-10,86.269997,87.029999,82.449997,83.110001,61.6019996715761,536212800,0.0000,1.0
2009-02-11,83.449997,84.050003,82.400002,83.599998,61.9651905591935,324442500,0.0000,1.0
2009-02-12,82.169998,83.82,81.050003,83.660004,62.0096676323233,469302200,0.0000,1.0
2009-02-13,83.550003,84.239998,82.739998,82.760002,61.3425767618946,293998400,0.0000,1.0
2009-02-17,80.160004,82.959999,79.169998,79.220001,58.7186910945201,478910100,0.0000,1.0
2009-02-18,79.790001,79.940002,78.279999,79.029999,58.5778596301865,362964800,0.0000,1.0
2009-02-19,79.839996,80.150002,78.019997,78.18,57.9478315049451,316867500,0.0000,1.0
2009-02-20,76.730003,78.339996,75.769997,77.419998,57.3845100948732,477176600,0.0000,1.0
2009-02-23,78.269997,78.269997,74.589996,74.650002,55.3313601655131,379641400,0.0000,1.0
2009-02-24,75.290001,77.949997,74.699997,77.480003,57.4289864267926,426260900,0.0000,1.0
2009-02-25,77.139999,78.419998,75.629997,76.870003,56.9768480638095,461985800,0.0000,1.0
2009-02-26,77.82,79.669998,75.529999,75.620003,56.0503350249098,363353900,0.0000,1.0
2009-02-27,74.010002,75.690002,73.809998,73.93,54.797687172686,470510900,0.0000,1.0
2009-03-02,72.519997,73.919998,70.370003,70.599998,52.3294549546363,426452600,0.0000,1.0
2009-03-03,71.610001,71.699997,69.639999,70.07,51.9366149085636,443761000,0.0000,1.0
2009-03-04,71.230003,72.870003,70.07,71.730003,53.1670264478538,462753100,0.0000,1.0
2009-03-05,70.099998,71.730003,68.169998,68.800003,50.9952798846728,485549400,0.0000,1.0
2009-03-06,69.400002,70.449997,67.099998,68.919998,51.084221430355,490470000,0.0000,1.0
2009-03-09,67.949997,70.0,67.730003,68.110001,50.4838432047793,379905300,0.0000,1.0
2009-03-10,69.510002,72.370003,69.370003,72.169998,53.4931553314943,406227900,0.0000,1.0
2009-03-11,73.0,73.75,71.830002,72.639999,53.8415249753311,356648300,0.0000,1.0
2009-03-12,72.620003,75.75,71.970001,75.5,55.9613875495441,409702700,0.0000,1.0
2009-03-13,76.010002,76.980003,74.730003,76.089996,56.398698739063,337474700,0.0000,1.0
2009-03-16,76.959999,77.970001,75.809998,75.860001,56.2282240459576,360644900,0.0000,1.0
2009-03-17,76.07,78.360001,75.449997,78.18,57.9478315049451,356814300,0.0000,1.0
2009-03-18,77.809998,80.900002,77.07,79.93,59.2449497594048,473273200,0.0000,1.0
2009-03-19,80.93,81.0,78.690002,78.940002,58.511152915017,428520400,0.0000,1.0
2009-03-20,78.760002,78.910004,76.529999,76.709999,57.2743892023322,371078200,0.5614,1.0
2009-03-23,78.739998,82.290001,78.309998,82.220001,61.3883509174618,419933300,0.0000,1.0
2009-03-24,81.239998,82.360001,80.510002,80.599998,60.1787995742145,330271000,0.0000,1.0
2009-03-25,81.230003,82.699997,79.059998,81.449997,60.8134387892091,441775100,0.0000,1.0
2009-03-26,82.25,83.300003,81.32,83.110001,62.0528562890506,422025200,0.0000,1.0
2009-03-27,82.050003,82.529999,81.309998,81.610001,60.9329034155863,322332300,0.0000,1.0
2009-03-30,79.800003,79.870003,77.959999,78.790001,58.8273920134733,324108500,0.0000,1.0
2009-03-31,79.559998,81.080002,79.050003,79.519997,59.3724327586849,364238300,0.0000,1.0
2009-04-01,78.529999,81.419998,78.330002,81.059998,60.5222517887436,377018300,0.0000,1.0
2009-04-02,83.080002,84.610001,81.129997,83.43,62.2917788220878,476230700,0.0000,1.0
2009-04-03,83.489998,84.279999,82.669998,84.260002,62.9114875720086,284646300,0.0000,1.0
2009-04-06,83.339996,84.279999,82.290001,83.599998,62.4187053211432,264866600,0.0000,1.0
2009-04-07,82.25,82.650002,81.510002,81.650002,60.9627695721806,258947800,0.0000,1.0
2009-04-08,82.059998,82.940002,81.540001,82.529999,61.6198063513739,230402800,0.0000,1.0
2009-04-09,84.669998,85.82,84.330002,85.809998,64.0687692213807,269653500,0.0000,1.0
2009-04-13,84.919998,86.540001,84.580002,85.830002,64.0837049129013,224847500,0.0000,1.0
2009-04-14,85.029999,85.760002,84.080002,84.349998,62.9786817578754,276598800,0.0000,1.0
2009-04-15,83.839996,85.419998,83.610001,85.25,63.6506549752245,250726100,0.0000,1.0
2009-04-16,85.93,87.150002,84.769997,86.5,64.5839490364448,335202900,0.0000,1.0
2009-04-17,86.830002,87.650002,86.139999,87.080002,65.0169989741216,262649000,0.0000,1.0
2009-04-20,85.540001,87.050003,83.339996,83.43,62.2917788220878,293690100,0.0000,1.0
2009-04-21,82.82,85.129997,82.75,85.059998,63.5087927846486,114090900,0.0000,1.0
2009-04-22,84.290001,86.339996,84.07,84.540001,63.1205446950867,340395200,0.0000,1.0
2009-04-23,84.709999,85.419998,83.629997,85.370003,63.7402534450074,324903700,0.0000,1.0
2009-04-24,86.029999,87.309998,85.690002,86.660004,64.703413662822,287703000,0.0000,1.0
2009-04-27,85.68,87.010002,85.540001,85.839996,64.0911667855795,289581600,0.0000,1.0
2009-04-28,84.970001,86.589996,84.760002,85.57,63.8895782548969,247926300,0.0000,1.0
2009-04-29,86.519997,88.360001,86.300003,87.389999,65.2484536613985,311505700,0.0000,1.0
2009-04-30,88.550003,89.019997,86.919998,87.419998,65.2708519722325,301419800,0.0000,1.0
2009-05-01,87.440002,88.209999,86.720001,87.889999,65.6217712858866,236110300,0.0000,1.0
2009-05-04,88.550003,90.940002,88.379997,90.879997,67.854209187055,287120000,0.0000,1.0
2009-05-05,90.57,90.93,89.839996,90.57,67.6227544997781,243036300,0.0000,1.0
2009-05-06,91.68,92.199997,90.610001,92.139999,68.7949710940356,291941000,0.0000,1.0
2009-05-07,93.010002,93.150002,90.279999,90.860001,67.8392794686165,317728000,0.0000,1.0
2009-05-08,92.029999,93.220001,91.440002,92.980003,69.4221476897166,299081700,0.0000,1.0
2009-05-11,91.699997,92.110001,91.040001,91.239998,68.1229986233217,247923600,0.0000,1.0
2009-05-12,91.629997,91.830002,89.849998,90.970001,67.9214093460039,282431300,0.0000,1.0
2009-05-13,89.739998,90.010002,88.5,88.68,66.2116138792131,269619100,0.0000,1.0
2009-05-14,88.720001,90.120003,88.5,89.440002,66.7790581617055,260098700,0.0000,1.0
2009-05-15,89.370003,90.0,88.150002,88.709999,66.2340121900471,271502700,0.0000,1.0
2009-05-18,89.550003,91.339996,88.57,91.230003,68.1155360040082,241447400,0.0000,1.0
2009-05-19,91.18,91.970001,90.809998,91.120003,68.0334061266208,206102200,0.0000,1.0
2009-05-20,91.949997,92.800003,90.410004,90.510002,67.5779578781101,285722200,0.0000,1.0
2009-05-21,89.459999,89.800003,88.260002,89.209999,66.6073298145352,258988400,0.0000,1.0
2009-05-22,89.459999,90.0,88.68,89.019997,66.4654676239592,166811900,0.0000,1.0
2009-05-26,88.360001,91.559998,88.32,91.300003,68.1678004714365,236318500,0.0000,1.0
2009-05-27,91.440002,91.75,89.529999,89.669998,66.950781282429,246015800,0.0000,1.0
2009-05-28,90.459999,91.339996,89.099998,90.919998,67.8840753436493,289095000,0.0000,1.0
2009-05-29,91.419998,93.699997,90.68,92.529999,69.0861588411363,258641500,0.0000,1.0
2009-06-01,93.669998,95.169998,93.43,94.769997,70.7586203055726,276246800,0.0000,1.0
2009-06-02,94.400002,95.370003,94.230003,94.849998,70.818351872126,230874500,0.0000,1.0
2009-06-03,94.040001,94.129997,92.760002,93.650002,69.9223925598955,235310500,0.0000,1.0
2009-06-04,94.0,94.669998,93.300003,94.529999,70.5794293390888,210102300,0.0000,1.0
2009-06-05,95.489998,95.669998,93.800003,94.550003,70.5943650306093,284257900,0.0000,1.0
2009-06-08,93.839996,95.099998,93.040001,94.160004,70.3031780301439,238565100,0.0000,1.0
2009-06-09,94.690002,95.139999,94.019997,94.639999,70.6615592164762,225125500,0.0000,1.0
2009-06-10,95.480003,95.489998,93.190002,94.400002,70.4823689966276,296100400,0.0000,1.0
2009-06-11,94.580002,96.110001,94.559998,94.82,70.7959543079272,275414200,0.0000,1.0
2009-06-12,94.400002,95.139999,94.0,95.080002,70.9900809659315,184361800,0.0000,1.0
2009-06-15,93.959999,94.019997,92.400002,92.900002,69.3624161231633,224190500,0.0000,1.0
2009-06-16,93.230003,93.290001,91.580002,91.639999,68.4216534695475,227319000,0.0000,1.0
2009-06-17,91.599998,92.330002,90.830002,91.550003,68.3544592836806,223445200,0.0000,1.0
2009-06-18,91.690002,92.669998,91.25,92.220001,68.8547034072242,211725100,0.0000,1.0
2009-06-19,92.580002,92.699997,91.519997,92.040001,69.1072079820755,215655600,0.5182,1.0
2009-06-22,91.139999,91.190002,89.25,89.279999,67.0348912700739,251913600,0.0000,1.0
2009-06-23,89.470001,89.879997,88.849998,89.349998,67.0874492383374,188309800,0.0000,1.0
2009-06-24,90.160004,91.080002,89.599998,90.120003,67.6655989026582,211577700,0.0000,1.0
2009-06-25,89.669998,92.169998,89.57,92.080002,69.1372422866871,279411000,0.0000,1.0
2009-06-26,91.769997,92.239998,91.269997,91.839996,68.9570364590172,167579000,0.0000,1.0
2009-06-29,92.110001,92.82,91.599998,92.699997,69.6027586159715,168481300,0.0000,1.0
2009-06-30,92.720001,93.059998,91.269997,91.949997,69.0396294827313,228888200,0.0000,1.0
2009-07-01,92.339996,93.230003,92.209999,92.330002,69.3249519977672,173041100,0.0000,1.0
2009-07-02,91.129997,92.360001,89.760002,89.809998,67.4328351067248,212309900,0.0000,1.0
2009-07-06,88.940002,89.93,88.660004,89.800003,67.4253304724758,174499600,0.0000,1.0
2009-07-07,89.709999,89.82,88.0,88.059998,66.1188671291643,197088900,0.0000,1.0
2009-07-08,88.589996,88.800003,87.0,88.0,66.0738183001828,248050500,0.0000,1.0
2009-07-09,88.610001,88.900002,87.910004,88.169998,66.2014594020395,163777600,0.0000,1.0
2009-07-10,87.699997,88.489998,87.349998,87.959999,66.0437839955711,173520300,0.0000,1.0
2009-07-13,88.309998,90.169998,87.589996,90.099998,67.6505783715776,217413500,0.0000,1.0
2009-07-14,90.379997,90.690002,89.730003,90.610001,68.0335084346975,181487400,0.0000,1.0
2009-07-15,91.809998,93.510002,90.68,93.260002,70.023232122985,220877900,0.0000,1.0
2009-07-16,93.0,94.510002,92.82,93.110001,69.9106055454981,231174500,0.0000,1.0
2009-07-17,94.059998,94.32,93.540001,94.129997,70.6764581633494,138561700,0.0000,1.0
2009-07-20,94.68,95.290001,94.190002,95.129997,71.4272970076697,164179400,0.0000,1.0
2009-07-21,95.870003,95.900002,94.419998,95.57,71.7576683516871,217718300,0.0000,1.0
2009-07-22,94.959999,96.129997,94.889999,95.550003,71.7426538273173,196068100,0.0000,1.0
2009-07-23,95.610001,98.080002,95.529999,97.660004,73.3269245396719,258795500,0.0000,1.0
2009-07-24,97.199997,98.139999,96.690002,98.059998,73.6272555723669,154003100,0.0000,1.0
2009-07-27,97.879997,98.400002,97.339996,98.349998,73.8449988372198,159259400,0.0000,1.0
2009-07-28,97.660004,98.370003,97.059998,97.889999,73.4996137196713,186685200,0.0000,1.0
2009-07-29,97.440002,98.089996,96.980003,97.650002,73.319414649551,194399300,0.0000,1.0
2009-07-30,98.830002,99.830002,98.599998,98.669998,74.0852672674022,225575400,0.0000,1.0
2009-07-31,98.650002,99.470001,98.379997,98.809998,74.1903847056071,207358000,0.0000,1.0
2009-08-03,99.85,100.53,99.31,100.44,75.4142535235268,175643135,0.0000,1.0
2009-08-04,99.99,100.84,99.78,100.7,75.6094716230501,176580411,0.0000,1.0
2009-08-05,100.77,100.86,99.58,100.41,75.3917283581972,184659827,0.0000,1.0
2009-08-06,100.87,101.02,99.42,99.89,75.0012921591507,193088720,0.0000,1.0
2009-08-07,100.94,102.03,100.39,101.2,75.9848910452102,220633441,0.0000,1.0
2009-08-10,100.74,101.22,100.27,100.99,75.8272148879029,130710051,0.0000,1.0
2009-08-11,100.54,100.61,99.46,99.73,74.8811579440594,157253326,0.0000,1.0
2009-08-12,99.56,101.56,99.51,100.8,75.6845555074821,218768068,0.0000,1.0
2009-08-13,101.26,101.61,100.26,101.57,76.2627014176087,176348696,0.0000,1.0
2009-08-14,101.52,101.6,99.7,100.79,75.6770471190389,199609230,0.0000,1.0
2009-08-17,98.85,98.95,98.11,98.31,73.8149667851246,237606971,0.0000,1.0
2009-08-18,98.53,99.44,98.35,99.09,74.4006210836944,173394808,0.0000,1.0
2009-08-19,98.31,100.3,98.21,99.96,75.0538508782531,192322758,0.0000,1.0
2009-08-20,100.09,101.22,99.87,100.99,75.8272148879029,174019754,0.0000,1.0
2009-08-21,101.82,103.13,101.62,102.97,77.313875799657,224481712,0.0000,1.0
2009-08-24,103.39,103.95,102.59,102.96,77.3063674112138,191086298,0.0000,1.0
2009-08-25,103.37,104.26,102.94,103.16,77.4565351800779,214741611,0.0000,1.0
2009-08-26,102.84,103.64,102.49,103.17,77.4640435685211,194362184,0.0000,1.0
2009-08-27,103.11,103.72,101.94,103.4,77.6367365027148,195919237,0.0000,1.0
2009-08-28,104.23,104.35,102.67,103.38,77.6217197258284,146968559,0.0000,1.0
2009-08-31,102.37,102.58,101.79,102.46,76.9309479890537,175920166,0.0000,1.0
2009-09-01,101.95,103.24,99.99,100.2,75.2340522008899,321139674,0.0000,1.0
2009-09-02,99.78,100.44,99.57,99.82,74.9487334400482,171595734,0.0000,1.0
2009-09-03,100.4,100.77,99.59,100.65,75.571929680834,143353943,0.0000,1.0
2009-09-04,100.85,102.09,100.55,102.06,76.6306124513256,142610925,0.0000,1.0
2009-09-08,103.0,103.05,102.39,102.94,77.2913506343274,132787933,0.0000,1.0
2009-09-09,103.12,104.08,102.8,103.73,77.8845133213404,154517727,0.0000,1.0
2009-09-10,103.8,104.86,103.22,104.79,78.6804024963199,162734139,0.0000,1.0
2009-09-11,104.99,105.3,104.28,104.77,78.6653857194335,152271892,0.0000,1.0
2009-09-14,103.88,105.46,103.15,105.28,79.0483135300369,149475433,0.0000,1.0
2009-09-15,105.45,106.11,104.76,105.72,79.3786826215378,196641230,0.0000,1.0
2009-09-16,106.1,107.34,105.73,107.32,80.5800247724502,206052265,0.0000,1.0
2009-09-17,107.17,108.06,106.57,107.16,80.4598905573589,229170848,0.0000,1.0
2009-09-18,107.15,107.16,106.36,106.72,80.5111953755913,153772521,0.5083,1.0
2009-09-21,105.89,107.0,105.66,106.45,80.3075032583555,151779803,0.0000,1.0
2009-09-22,107.08,107.37,106.6,107.07,80.7752407127489,142758309,0.0000,1.0
2009-09-23,107.32,108.03,105.99,106.18,80.1038111411196,225779284,0.0000,1.0
2009-09-24,106.41,106.64,104.55,105.01,79.2211452997643,228505460,0.0000,1.0
2009-09-25,104.78,105.36,104.09,104.45,78.7986727603122,204011044,0.0000,1.0
2009-09-28,104.85,106.55,104.83,106.32,80.2094292759827,118163102,0.0000,1.0
2009-09-29,106.51,107.02,105.78,106.0,79.9680163962957,133557970,0.0000,1.0
2009-09-30,106.36,106.46,104.62,105.59,79.6587061441969,254033114,0.0000,1.0
2009-10-01,103.0,105.73,102.95,102.97,77.6821381917601,281762734,0.0000,1.0
2009-10-02,102.02,103.1,101.99,102.49,77.3200188722297,224706451,0.0000,1.0
2009-10-05,102.9,104.32,102.6,104.02,78.4742742032329,149790746,0.0000,1.0
2009-10-06,104.77,106.11,104.71,105.51,79.5983529242751,202430282,0.0000,1.0
2009-10-07,105.27,105.91,105.07,105.8,79.8171333464914,158928504,0.0000,1.0
2009-10-08,106.55,107.17,105.85,106.61,80.428209698199,183181713,0.0000,1.0
2009-10-09,106.64,107.26,106.36,107.26,80.918579610063,134971477,0.0000,1.0
2009-10-12,107.76,108.09,107.28,107.68,81.2354340146521,117910827,0.0000,1.0
2009-10-13,107.39,107.71,106.76,107.46,81.0694626598674,157418511,0.0000,1.0
2009-10-14,108.72,109.42,107.42,109.31,82.4651308705574,191341839,0.0000,1.0
2009-10-15,108.78,109.71,108.73,109.71,82.7668969701661,173793776,0.0000,1.0
2009-10-16,108.8,109.27,108.23,108.89,82.1482764659683,192006233,0.0000,1.0
2009-10-19,109.07,110.13,108.73,109.79,82.8272501900878,159347056,0.0000,1.0
2009-10-20,109.95,109.99,108.68,109.21,82.3896893456553,180823274,0.0000,1.0
2009-10-21,109.04,110.31,108.15,108.23,81.650362401614,225309382,0.0000,1.0
2009-10-22,108.19,109.68,107.5,109.33,82.4802191755379,238188816,0.0000,1.0
2009-10-23,109.69,109.76,107.63,108.08,81.5372001142608,239925670,0.0000,1.0
2009-10-26,108.2,109.31,106.61,106.91,80.6545342729055,241662450,0.0000,1.0
2009-10-27,107.03,107.39,106.16,106.42,80.2848708008848,252540139,0.0000,1.0
2009-10-28,106.15,106.48,104.35,104.41,78.7684961503513,248531297,0.0000,1.0
2009-10-29,105.19,106.86,104.94,106.65,80.4583863081598,198013284,0.0000,1.0
2009-10-30,106.3,106.62,103.44,103.56,78.1272431886829,325534258,0.0000,1.0
2009-11-02,104.13,105.41,103.08,104.32,78.7005987779393,254151475,0.0000,1.0
2009-11-03,103.74,104.8,103.54,104.65,78.9495558101165,228290890,0.0000,1.0
2009-11-04,105.51,106.33,104.65,104.92,79.1532479273524,247439191,0.0000,1.0
2009-11-05,105.66,106.88,105.44,106.85,80.6092693579642,179810733,0.0000,1.0
2009-11-06,106.26,107.4,106.05,107.13,80.8205056276902,170909597,0.0000,1.0
2009-11-09,107.95,109.63,107.87,109.57,82.6612788353031,159329968,0.0000,1.0
2009-11-10,109.31,109.93,108.97,109.59,82.6763671402835,171641411,0.0000,1.0
2009-11-11,110.31,110.82,109.62,110.15,83.0988396797356,169316202,0.0000,1.0
2009-11-12,110.0,110.57,108.75,109.03,82.2538946008314,157056118,0.0000,1.0
2009-11-13,109.31,110.09,108.75,109.62,82.6989995977542,150936223,0.0000,1.0
2009-11-16,110.38,111.69,110.32,111.21,83.8985198436986,210844976,0.0000,1.0
2009-11-17,110.92,111.39,110.5,111.34,83.9965938260714,146909664,0.0000,1.0
2009-11-18,111.26,111.43,110.57,111.27,83.9437847586399,156306393,0.0000,1.0
2009-11-19,110.51,111.31,109.13,109.82,82.8498826475585,208639978,0.0000,1.0
2009-11-20,109.25,109.76,109.01,109.43,82.55566070044,134167825,0.0000,1.0
2009-11-23,110.72,111.74,110.6,110.82,83.6042978965801,147903660,0.0000,1.0
2009-11-24,111.0,111.2,110.01,110.99,83.7325484889138,138293830,0.0000,1.0
2009-11-25,111.17,111.5,110.82,111.38,84.0267704360323,109564770,0.0000,1.0
2009-11-27,108.4,110.32,108.29,109.57,82.6612788353031,126001795,0.0000,1.0
2009-11-30,109.48,110.2,108.12,109.94,82.9404124774411,160662425,0.0000,1.0
2009-12-01,110.92,111.66,110.73,111.3,83.9664172161105,159532424,0.0000,1.0
2009-12-02,111.28,112.01,110.92,111.25,83.9286964536594,131843464,0.0000,1.0
2009-12-03,111.55,112.18,110.29,110.38,83.2723551870106,167038303,0.0000,1.0
2009-12-04,111.84,112.38,110.04,111.01,83.7476367938943,274875662,0.0000,1.0
2009-12-07,110.91,111.53,110.49,110.84,83.6193862015606,127766350,0.0000,1.0
2009-12-08,110.04,110.77,109.27,109.61,82.6914554452639,169715623,0.0000,1.0
2009-12-09,109.58,110.18,109.02,110.02,83.0007656973628,154961652,0.0000,1.0
2009-12-10,110.7,111.12,110.45,110.64,83.4685031517562,137957786,0.0000,1.0
2009-12-11,111.11,111.36,110.61,111.11,83.8230783187964,124798122,0.0000,1.0
2009-12-14,111.87,112.0,111.13,111.87,84.3964339080529,106654631,0.0000,1.0
2009-12-15,111.46,111.92,111.0,111.35,84.0041379785616,120349844,0.0000,1.0
2009-12-16,111.8,112.13,111.27,111.52,84.1323885708953,155069441,0.0000,1.0
2009-12-17,110.72,110.93,110.08,110.18,83.1214721372063,183277623,0.0000,1.0
2009-12-18,110.2,110.3,109.28,110.21,83.589352930497,172641677,0.5902,1.0
2009-12-21,110.76,111.7,110.76,111.33,84.4388228087491,117939912,0.0000,1.0
2009-12-22,111.57,111.97,111.43,111.73,84.7422049081248,91672192,0.0000,1.0
2009-12-23,112.0,112.11,111.5,111.95,84.9090650627814,111740397,0.0000,1.0
2009-12-24,112.19,112.6,112.0,112.48,85.3110463444543,39677470,0.0000,1.0
2009-12-28,112.9,112.99,112.32,112.72,85.4930756040797,87374107,0.0000,1.0
2009-12-29,113.01,113.03,112.55,112.56,85.3717227643294,80506177,0.0000,1.0
2009-12-30,112.23,112.65,112.17,112.52,85.3413845543918,72969976,0.0000,1.0
2009-12-31,112.77,112.8,111.39,111.44,84.5222528860774,90153924,0.0000,1.0
2010-01-04,112.37,113.39,111.51,113.33,85.9557333056277,118857369,0.0000,1.0
2010-01-05,113.26,113.68,112.85,113.63,86.1832698801595,111519230,0.0000,1.0
2010-01-06,113.52,113.99,113.43,113.71,86.2439463000346,116017127,0.0000,1.0
2010-01-07,113.5,114.33,113.18,114.19,86.6080048192855,130502017,0.0000,1.0
2010-01-08,113.89,114.62,113.66,114.57,86.8962178136924,126357911,0.0000,1.0
2010-01-11,115.08,115.13,114.24,114.73,87.0175706534427,105905179,0.0000,1.0
2010-01-12,113.97,114.21,113.22,113.66,86.2060235376127,166498092,0.0000,1.0
2010-01-13,113.95,114.94,113.37,114.62,86.9341405761144,161730350,0.0000,1.0
2010-01-14,114.49,115.14,114.42,114.93,87.1692617031306,115646960,0.0000,1.0
2010-01-15,114.73,114.84,113.2,113.64,86.1908544326439,212252769,0.0000,1.0
2010-01-19,113.62,115.13,113.59,115.06,87.2678608854277,138671890,0.0000,1.0
2010-01-20,114.28,114.45,112.98,113.89,86.3804682447537,216330645,0.0000,1.0
2010-01-21,113.92,114.27,111.56,111.7,84.7194512506716,344747028,0.0000,1.0
2010-01-22,111.2,111.74,109.09,109.21,82.8308976820577,345627282,0.0000,1.0
2010-01-25,110.21,110.41,109.41,109.77,83.2556326211837,186751367,0.0000,1.0
2010-01-26,109.34,110.47,109.04,109.31,82.9067432069016,210788669,0.0000,1.0
2010-01-27,109.17,110.08,108.33,109.83,83.3011399360901,271482263,0.0000,1.0
2010-01-28,110.19,110.25,107.91,108.57,82.3454863230565,315523641,0.0000,1.0
2010-01-29,109.04,109.8,107.22,107.39,81.4505091298982,310523229,0.0000,1.0
2010-02-01,108.15,109.07,107.5,109.06,82.7171293947918,187376305,0.0000,1.0
2010-02-02,109.26,110.59,108.88,110.38,83.7182903227317,216202000,0.0000,1.0
2010-02-03,109.88,110.48,109.51,109.83,83.3011399360901,172541928,0.0000,1.0
2010-02-04,108.98,109.03,106.42,106.44,80.7299766438808,356204273,0.0000,1.0
2010-02-05,106.56,106.88,104.58,106.66,80.8968367985374,493483874,0.0000,1.0
2010-02-08,106.74,107.33,105.81,105.89,80.3128262572392,223943088,0.0000,1.0
2010-02-09,107.13,108.15,106.27,107.22,81.3215717376635,337698759,0.0000,1.0
2010-02-10,107.05,107.6,106.11,107.01,81.1622961354912,240337447,0.0000,1.0
2010-02-11,106.87,108.25,106.25,108.13,82.0117660137432,223348428,0.0000,1.0
2010-02-12,106.99,108.1,106.51,108.04,81.9435050413837,304335521,0.0000,1.0
2010-02-16,108.86,109.85,107.82,109.74,83.2328789637305,159025359,0.0000,1.0
2010-02-17,110.27,110.41,109.74,110.26,83.627275692919,168609976,0.0000,1.0
2010-02-18,110.08,111.14,110.04,110.91,84.1202716044045,192806015,0.0000,1.0
2010-02-19,110.62,111.57,110.36,111.14,84.2947163115456,215567204,0.0000,1.0
2010-02-22,111.55,111.58,110.83,111.16,84.3098854165144,132148949,0.0000,1.0
2010-02-23,110.86,111.2,109.52,109.81,83.2859708311213,206922860,0.0000,1.0
2010-02-24,110.14,111.0,109.86,110.82,84.052010632045,176170766,0.0000,1.0
2010-02-25,109.24,110.75,108.94,110.67,83.9382423447791,259023227,0.0000,1.0
2010-02-26,110.77,111.12,110.11,110.74,83.9913342121698,173425228,0.0000,1.0
2010-03-01,111.2,112.0,111.17,111.89,84.8635577478751,147507319,0.0000,1.0
2010-03-02,112.37,112.74,112.0,112.2,85.0986788748913,160920705,0.0000,1.0
2010-03-03,112.49,112.97,112.02,112.3,85.1745243997352,150552463,0.0000,1.0
2010-03-04,112.45,112.8,112.03,112.64,85.4323991842046,135526954,0.0000,1.0
2010-03-05,113.37,114.34,113.1,114.25,86.6535121341919,176047042,0.0000,1.0
2010-03-08,114.26,114.52,114.07,114.27,86.6686812391606,114525089,0.0000,1.0
2010-03-09,113.93,114.99,113.87,114.46,86.8127877363641,154378793,0.0000,1.0
2010-03-10,114.51,115.28,114.41,114.97,87.1995999130682,185854165,0.0000,1.0
2010-03-11,114.7,115.48,114.35,115.45,87.563658432319,160381449,0.0000,1.0
2010-03-12,115.95,115.97,115.14,115.46,87.5712429848034,161925254,0.0000,1.0
2010-03-15,115.26,115.57,114.6,115.49,87.5939966422566,146532076,0.0000,1.0
2010-03-16,115.81,116.52,115.49,116.41,88.2917754708208,168561421,0.0000,1.0
2010-03-17,116.76,117.48,116.42,117.1,88.8151095922439,177203017,0.0000,1.0
2010-03-18,117.11,117.27,116.57,117.04,88.7696022773376,170817,0.0000,1.0
2010-03-19,115.97,117.29,115.52,115.97,88.3224018937528,226519190,0.4804,1.0
2010-03-22,115.31,116.8,115.24,116.59,88.7945920220112,184083906,0.0000,1.0
2010-03-23,116.76,117.51,116.38,117.41,89.4191015464819,182625254,0.0000,1.0
2010-03-24,116.97,117.43,115.58,116.84,88.9849912672766,196061714,0.0000,1.0
2010-03-25,117.63,118.17,116.51,116.65,88.8402878408749,223197727,0.0000,1.0
2010-03-26,116.87,117.42,116.12,116.58,88.7869760522005,205625701,0.0000,1.0
2010-03-29,117.17,117.53,116.69,117.32,89.3505578181864,134431758,0.0000,1.0
2010-03-30,117.46,117.83,116.91,117.4,89.4114855766713,145681592,0.0000,1.0
2010-03-31,116.95,117.52,116.61,117.0,89.1068467842466,160932206,0.0000,1.0
2010-04-01,117.8,118.25,117.1,117.8,89.7161243690961,161083608,0.0000,1.0
2010-04-05,118.25,118.84,117.92,118.76,90.4472574709156,105621743,0.0000,1.0
2010-04-06,118.42,119.25,118.29,119.04,90.6605046256129,110194919,0.0000,1.0
2010-04-07,118.8,119.36,117.81,118.36,90.1426186784908,184432309,0.0000,1.0
2010-04-08,117.95,118.97,117.6,118.77,90.4548734407262,158495871,0.0000,1.0
2010-04-09,119.02,119.6,118.8,119.55,91.0489190859545,132701705,0.0000,1.0
2010-04-12,119.7,120.05,119.56,119.74,91.1936225123563,110200946,0.0000,1.0
2010-04-13,119.62,120.04,119.0,119.83,91.2621662406518,121901060,0.0000,1.0
2010-04-14,120.27,121.19,120.08,121.19,92.2979381348961,161608989,0.0000,1.0
2010-04-15,120.99,121.57,120.95,121.29,92.3740978330023,144514805,0.0000,1.0
2010-04-16,120.86,121.29,118.75,119.36,90.9042156595527,366379413,0.0000,1.0
2010-04-19,119.01,119.93,118.47,119.81,91.2469343010306,217625461,0.0000,1.0
2010-04-20,120.56,120.98,119.87,120.88,92.0618430707669,157457380,0.0000,1.0
2010-04-21,120.95,121.23,119.99,120.66,91.8942917349332,192782906,0.0000,1.0
2010-04-22,119.81,121.17,119.12,121.02,92.1684666481155,239108192,0.0000,1.0
2010-04-23,120.94,121.86,120.63,121.81,92.7701282631545,177262089,0.0000,1.0
2010-04-26,121.85,122.12,121.23,121.35,92.419793651866,143347665,0.0000,1.0
2010-04-27,120.65,121.34,118.25,118.48,90.2340103162182,355560974,0.0000,1.0
2010-04-28,119.05,119.68,118.27,119.38,90.919447599174,300539227,0.0000,1.0
2010-04-29,120.1,121.11,120.07,120.86,92.0466111311456,193598705,0.0000,1.0
2010-04-30,120.88,121.01,118.78,118.81,90.4853373199687,269859816,0.0000,1.0
2010-05-03,119.38,120.68,119.2,120.35,91.658196670804,182672396,0.0000,1.0
2010-05-04,119.01,119.03,116.92,117.52,89.5028772143988,360072452,0.0000,1.0
2010-05-05,116.56,117.8,115.97,116.82,88.9697593276554,328745969,0.0000,1.0
2010-05-06,116.260002,117.0,105.0,112.940002,86.0147645643291,647356600,0.0000,1.0
2010-05-07,112.64,113.77,109.41,111.26,84.735280112951,636806832,0.0000,1.0
2010-05-10,115.81,116.65,114.91,116.16,88.4671053201545,395942202,0.0000,1.0
2010-05-11,115.07,117.36,114.91,115.83,88.2157783164041,314227758,0.0000,1.0
2010-05-12,116.29,117.62,116.09,117.45,89.4495654257244,235346103,0.0000,1.0
2010-05-13,117.13,117.68,115.89,115.99,88.337633833374,234328751,0.0000,1.0
2010-05-14,115.12,115.33,112.87,113.89,86.7382801731439,345536506,0.0000,1.0
2010-05-17,114.2,114.52,111.77,113.95,86.7839759920077,325702142,0.0000,1.0
2010-05-18,114.88,115.22,112.03,112.4,85.6035006713617,360122928,0.0000,1.0
2010-05-19,111.77,112.77,110.36,111.76,85.116078603482,394353890,0.0000,1.0
2010-05-20,109.38,109.89,107.47,107.54,81.9021393434006,529155816,0.0000,1.0
2010-05-21,105.91,109.38,105.36,109.11,83.0978466036679,500625583,0.0000,1.0
2010-05-24,108.52,109.39,107.61,107.71,82.0316108301812,269079858,0.0000,1.0
2010-05-25,105.11,107.87,104.38,107.82,82.115386498098,395832912,0.0000,1.0
2010-05-26,108.48,109.47,106.85,107.17,81.6203484604077,348931025,0.0000,1.0
2010-05-27,109.19,110.8,108.78,110.76,84.3544816224201,300394583,0.0000,1.0
2010-05-28,110.64,110.72,108.85,109.37,83.295861818744,297534031,0.0000,1.0
2010-06-01,108.35,109.95,107.37,107.53,81.89452337359,277410545,0.0000,1.0
2010-06-02,108.08,110.34,107.51,110.33,84.0269949205634,240010348,0.0000,1.0
2010-06-03,110.65,111.06,109.58,110.71,84.316401773367,226453184,0.0000,1.0
2010-06-04,108.61,109.33,106.46,106.82,81.353789517036,395563854,0.0000,1.0
2010-06-07,107.2,107.61,105.41,105.49,80.3408655322237,264299273,0.0000,1.0
2010-06-08,105.57,106.83,104.65,106.62,81.2014701208237,357532564,0.0000,1.0
2010-06-09,107.24,108.28,105.6,106.05,80.7673598416183,267756304,0.0000,1.0
2010-06-10,107.86,109.28,106.04,109.15,83.1283104829104,317694394,0.0000,1.0
2010-06-11,108.19,109.75,108.12,109.68,83.5319568828732,214061156,0.0000,1.0
2010-06-14,110.52,111.12,109.4,109.51,83.4024853960927,206968051,0.0000,1.0
2010-06-15,110.28,112.1,110.09,112.0,85.2988618789369,237669665,0.0000,1.0
2010-06-16,111.42,112.42,111.2,111.96,85.2683979996944,216095034,0.0000,1.0
2010-06-17,112.28,112.33,111.05,112.14,85.4054854562855,263055167,0.0000,1.0
2010-06-18,111.83,112.13,111.37,111.73,85.4978519381487,173821764,0.5313,1.0
2010-06-21,113.12,113.2,110.79,111.41,85.2529820498447,212852834,0.0000,1.0
2010-06-22,111.41,111.9,109.41,109.57,83.8449801920966,239055412,0.0000,1.0
2010-06-23,109.64,110.03,108.48,109.23,83.5848059357736,254527875,0.0000,1.0
2010-06-24,108.69,108.83,107.14,107.42,82.199760630054,268265029,0.0000,1.0
2010-06-25,107.74,108.42,106.77,107.87,82.5441089104816,237712217,0.0000,1.0
2010-06-28,108.03,108.32,107.14,107.53,82.2839346541585,168908508,0.0000,1.0
2010-06-29,106.02,107.51,103.55,104.21,79.7434095630044,373318268,0.0000,1.0
2010-06-30,103.92,104.88,102.88,103.22,78.9858433460638,283318911,0.0000,1.0
2010-07-01,103.15,103.49,101.13,102.76,78.6338428816268,382651225,0.0000,1.0
2010-07-02,103.11,103.42,101.62,102.2,78.2053205770948,233291686,0.0000,1.0
2010-07-06,103.64,104.37,101.88,102.87,78.7180169057313,255782116,0.0000,1.0
2010-07-07,103.13,106.24,103.02,106.11,81.1973245248095,253429307,0.0000,1.0
2010-07-08,107.0,107.28,105.91,107.16,82.000803845807,210678561,0.0000,1.0
2010-07-09,107.13,107.97,106.93,107.96,82.6129785665671,144930550,0.0000,1.0
2010-07-12,107.6,108.24,107.15,108.03,82.6665438546336,130961733,0.0000,1.0
2010-07-13,109.15,110.09,108.93,109.66,83.9138498481821,212543601,0.0000,1.0
2010-07-14,109.31,110.08,108.86,109.65,83.9061976641726,184330050,0.0000,1.0
2010-07-15,109.61,110.06,108.17,109.68,83.9291542162011,231681837,0.0000,1.0
2010-07-16,109.09,109.21,106.45,106.66,81.618194645332,282607148,0.0000,1.0
2010-07-19,107.05,107.63,106.22,107.29,82.1002822379305,186394545,0.0000,1.0
2010-07-20,105.87,108.56,105.82,108.48,83.0108921350611,257880059,0.0000,1.0
2010-07-21,109.04,109.07,106.63,107.07,81.9319341897215,264349757,0.0000,1.0
2010-07-22,108.34,109.94,108.33,109.46,83.7608061679921,274503131,0.0000,1.0
2010-07-23,109.24,110.57,108.93,110.41,84.4877636488947,221913150,0.0000,1.0
2010-07-26,110.6,111.67,110.29,111.56,85.3677648099872,181974164,0.0000,1.0
2010-07-27,112.17,112.29,111.11,111.55,85.3601126259777,204764961,0.0000,1.0
2010-07-28,111.32,111.66,110.46,110.83,84.8091553772937,162881260,0.0000,1.0
2010-07-29,111.52,111.82,109.41,110.29,84.3959374407807,220040677,0.0000,1.0
2010-07-30,109.17,110.86,108.98,110.27,84.3806330727617,219883424,0.0000,1.0
2010-08-02,111.99,112.94,111.54,112.76,86.2860268911273,188055426,0.0000,1.0
2010-08-03,112.48,112.77,111.85,112.22,85.8728089546143,146470014,0.0000,1.0
2010-08-04,112.53,113.11,112.16,112.97,86.4467227553268,157998963,0.0000,1.0
2010-08-05,112.25,112.91,112.08,112.85,86.3548965472128,140358072,0.0000,1.0
2010-08-06,111.74,112.57,110.92,112.39,86.0028960827758,239618389,0.0000,1.0
2010-08-09,112.92,113.18,112.32,112.99,86.4620271233458,120724863,0.0000,1.0
2010-08-10,112.03,112.98,111.37,112.38,85.9952438987663,242692534,0.0000,1.0
2010-08-11,110.65,110.69,109.12,109.3,83.6383712238401,272943363,0.0000,1.0
2010-08-12,107.65,109.02,107.6,108.63,83.1256748952036,239364581,0.0000,1.0
2010-08-13,108.29,108.96,108.18,108.31,82.8808050068996,158383281,0.0000,1.0
2010-08-16,107.57,108.61,107.18,108.26,82.8425440868521,147556208,0.0000,1.0
2010-08-17,109.19,110.39,108.88,109.59,83.8602845601156,172118257,0.0000,1.0
2010-08-18,109.54,110.38,108.91,109.79,84.0133282403056,182533533,0.0000,1.0
2010-08-19,109.22,109.49,107.43,107.88,82.551761094491,265766788,0.0000,1.0
2010-08-20,107.56,107.94,106.75,107.53,82.2839346541585,209556423,0.0000,1.0
2010-08-23,108.04,108.57,107.07,107.12,81.970195109769,163097648,0.0000,1.0
2010-08-24,105.95,106.39,104.97,105.53,80.7534978522584,280534115,0.0000,1.0
2010-08-25,104.95,106.34,104.29,105.94,81.067237396648,272169169,0.0000,1.0
2010-08-26,106.44,106.58,104.88,105.23,80.5239323319734,224219048,0.0000,1.0
2010-08-27,105.89,106.97,104.31,106.86,81.771238325522,272308220,0.0000,1.0
2010-08-30,106.58,106.91,105.3,105.31,80.5851498040494,166871252,0.0000,1.0
2010-08-31,104.92,105.98,104.49,105.31,80.5851498040494,273616262,0.0000,1.0
2010-09-01,106.73,108.61,106.66,108.46,82.9955877670421,267563260,0.0000,1.0
2010-09-02,108.72,109.49,108.49,109.47,83.7684583520016,155921532,0.0000,1.0
2010-09-03,110.54,110.99,109.95,110.89,84.8550684813507,212125752,0.0000,1.0
2010-09-07,110.37,110.51,109.55,109.64,83.8985454801631,141821257,0.0000,1.0
2010-09-08,109.86,110.85,109.81,110.41,84.4877636488947,149907549,0.0000,1.0
2010-09-09,111.65,111.68,110.62,110.92,84.8780250333792,146442924,0.0000,1.0
2010-09-10,111.12,111.61,110.87,111.48,85.3065473379112,127752166,0.0000,1.0
2010-09-13,112.58,112.95,112.13,112.72,86.2554181550893,177874202,0.0000,1.0
2010-09-14,112.5,113.29,112.08,112.65,86.2018528670228,209339106,0.0000,1.0
2010-09-15,112.32,113.21,111.98,113.08,86.5308967794313,168413600,0.0000,1.0
2010-09-16,112.73,113.12,112.35,113.05,86.5079402274028,199774257,0.0000,1.0
2010-09-17,113.04,113.15,112.18,112.49,86.5401788786348,195746043,0.6021,1.0
2010-09-20,112.88,114.46,112.52,114.21,87.8633996775614,214541807,0.0000,1.0
2010-09-21,114.3,114.84,113.51,113.98,87.6864573614259,268363571,0.0000,1.0
2010-09-22,113.8,114.44,113.1,113.42,87.2556412873568,191154384,0.0000,1.0
2010-09-23,112.49,113.67,112.18,112.5,86.5478720228146,202119199,0.0000,1.0
2010-09-24,113.75,114.9,113.65,114.82,88.3326814725295,209597808,0.0000,1.0
2010-09-27,114.86,114.99,114.16,114.27,87.9095585426402,128567256,0.0000,1.0
2010-09-28,114.42,115.04,113.18,114.67,88.2172843098325,209089087,0.0000,1.0
2010-09-29,114.38,114.91,114.02,114.47,88.0634214262363,179576563,0.0000,1.0
2010-09-30,115.05,115.79,113.59,114.13,87.801854524123,286947461,0.0000,1.0
2010-10-01,114.99,115.12,113.93,114.61,88.1711254447536,174556419,0.0000,1.0
2010-10-04,114.37,114.85,113.18,113.75,87.5095150452903,165979593,0.0000,1.0
2010-10-05,114.8,116.32,114.67,116.04,89.2712450624659,229309351,0.0000,1.0
2010-10-06,116.02,116.33,115.56,116.03,89.2635519182861,148514950,0.0000,1.0
2010-10-07,116.5,116.53,115.19,115.89,89.1558478997688,164724633,0.0000,1.0
2010-10-08,116.05,116.86,115.61,116.54,89.6559022714561,177626639,0.0000,1.0
2010-10-11,116.72,116.97,116.25,116.65,89.740526857434,102920611,0.0000,1.0
2010-10-12,116.27,117.35,115.65,117.01,90.017480047907,181748883,0.0000,1.0
2010-10-13,117.66,118.55,117.38,117.92,90.7175561682693,193888150,0.0000,1.0
2010-10-14,117.81,118.01,116.72,117.46,90.3636715359983,217324777,0.0000,1.0
2010-10-15,118.28,118.35,116.76,117.7,90.5483069963136,243526366,0.0000,1.0
2010-10-18,117.74,118.67,117.31,118.28,90.9945093587423,141416390,0.0000,1.0
2010-10-19,117.19,117.85,116.02,116.73,89.8020720108725,280331815,0.0000,1.0
2010-10-20,116.94,118.44,116.87,117.87,90.6790904473703,199776327,0.0000,1.0
2010-10-21,118.4,119.09,117.21,118.13,90.8791121960453,221423812,0.0000,1.0
2010-10-22,118.31,118.53,118.0,118.35,91.048361368001,108136870,0.0000,1.0
2010-10-25,119.14,119.76,118.61,118.7,91.3176214142942,150911529,0.0000,1.0
2010-10-26,118.1,118.84,117.87,118.72,91.3330077026538,158887883,0.0000,1.0
2010-10-27,117.89,118.51,117.26,118.38,91.0714408005404,189872039,0.0000,1.0
2010-10-28,119.06,119.11,117.83,118.4,91.0868270889,168414804,0.0000,1.0
2010-10-29,118.28,118.72,118.07,118.49,91.1560653865183,144175222,0.0000,1.0
2010-11-01,119.07,119.75,117.85,118.53,91.1868379632375,173851149,0.0000,1.0
2010-11-02,119.42,119.75,119.1,119.47,91.9099935161392,157916916,0.0000,1.0
2010-11-03,119.68,120.02,118.45,119.95,92.2792644367699,226512548,0.0000,1.0
2010-11-04,121.28,122.32,119.97,122.26,94.056380742305,214571865,0.0000,1.0
2010-11-05,122.34,122.92,122.18,122.72,94.4102653745761,180591242,0.0000,1.0
2010-11-08,122.34,122.69,121.94,122.49,94.2333230584406,155551735,0.0000,1.0
2010-11-09,122.82,122.95,121.12,121.61,93.5563263706177,186006607,0.0000,1.0
2010-11-10,121.58,122.16,120.66,122.1,93.9332904354281,220587229,0.0000,1.0
2010-11-11,121.05,121.82,120.68,121.64,93.5794058031571,157659616,0.0000,1.0
2010-11-12,120.82,121.35,119.65,120.2,92.4715930412651,238930528,0.0000,1.0
2010-11-15,120.58,121.05,119.98,120.03,92.3408095902084,163635229,0.0000,1.0
2010-11-16,119.29,119.49,117.59,118.16,90.9021916285847,299705738,0.0000,1.0
2010-11-17,118.21,118.71,117.86,118.22,90.9483504936635,172013797,0.0000,1.0
2010-11-18,119.36,120.39,119.35,119.96,92.2869575809497,197429267,0.0000,1.0
2010-11-19,119.9,120.34,119.25,120.29,92.5408313388833,156802316,0.0000,1.0
2010-11-22,119.69,120.24,118.77,120.19,92.4638998970852,181349749,0.0000,1.0
2010-11-23,118.77,119.02,117.99,118.45,91.125292809799,221848973,0.0000,1.0
2010-11-24,119.2,120.23,119.18,120.2,92.4715930412651,140040883,0.0000,1.0
2010-11-26,119.16,119.81,118.8,118.8,91.3945528560922,76007704,0.0000,1.0
2010-11-29,118.5,119.48,117.74,119.16,91.6715060465652,223441824,0.0000,1.0
2010-11-30,117.98,119.17,117.81,118.49,91.1560653865183,233594243,0.0000,1.0
2010-12-01,120.2,121.24,120.19,121.01,93.0947377198293,220813253,0.0000,1.0
2010-12-02,121.2,122.65,121.13,122.56,94.2871750676992,191000993,0.0000,1.0
2010-12-03,122.14,123.03,122.11,122.89,94.5410488256328,151218294,0.0000,1.0
2010-12-06,122.63,123.04,122.5,122.76,94.4410379512953,102219003,0.0000,1.0
2010-12-07,123.94,124.01,122.76,122.83,94.4948899605539,206338935,0.0000,1.0
2010-12-08,122.98,123.38,122.41,123.28,94.8410814486452,137753048,0.0000,1.0
2010-12-09,123.97,124.02,123.15,123.76,95.2103523692759,123129634,0.0000,1.0
2010-12-10,124.14,124.6,123.73,124.48,95.7642587502219,117451490,0.0000,1.0
2010-12-13,125.05,125.2,124.52,124.56,95.8258039036604,133626673,0.0000,1.0
2010-12-14,124.75,125.23,124.29,124.67,95.9104284896382,147004202,0.0000,1.0
2010-12-15,124.44,124.93,123.89,124.1,95.4719192713893,160353340,0.0000,1.0
2010-12-16,124.18,124.91,123.75,124.82,96.0258256523353,185035200,0.0000,1.0
2010-12-17,124.08,124.46,123.82,124.3,96.1279598344664,140935518,0.6528,1.0
2010-12-20,124.64,124.9,123.98,124.6,96.3599661735681,118947468,0.0000,1.0
2010-12-21,124.99,125.47,124.87,125.39,96.9709161998692,94848761,0.0000,1.0
2010-12-22,125.48,125.82,125.41,125.78,97.2725244407014,78820816,0.0000,1.0
2010-12-23,125.64,125.78,125.29,125.6,97.1333206372404,70052157,0.0000,1.0
2010-12-27,125.13,125.77,125.04,125.65,97.171988360424,58062305,0.0000,1.0
2010-12-28,125.9,125.95,125.5,125.83,97.311192163885,55258057,0.0000,1.0
2010-12-29,125.98,126.2,125.9,125.92,97.3807940656155,57970747,0.0000,1.0
2010-12-30,125.8,126.13,125.53,125.72,97.2261231728811,76592513,0.0000,1.0
2010-12-31,125.53,125.87,125.33,125.75,97.2493238067912,91206861,0.0000,1.0
2011-01-03,126.71,127.6,125.7,127.05,98.2546846095652,138503753,0.0000,1.0
2011-01-04,127.33,127.37,126.19,126.98,98.2005497971082,137310521,0.0000,1.0
2011-01-05,126.58,127.72,126.46,127.64,98.7109637431319,133860404,0.0000,1.0
2011-01-06,127.69,127.83,127.01,127.39,98.5176251272138,122398841,0.0000,1.0
2011-01-07,127.56,127.77,126.15,127.14,98.3242865112957,155960478,0.0000,1.0
2011-01-10,126.58,127.16,126.2,126.98,98.2005497971082,122198298,0.0000,1.0
2011-01-11,127.44,127.74,126.95,127.43,98.5485593057607,110183265,0.0000,1.0
2011-01-12,128.21,128.72,127.46,128.58,99.4379169389838,107344690,0.0000,1.0
2011-01-13,128.63,128.69,128.05,128.37,99.2755125016127,128975422,0.0000,1.0
2011-01-14,128.19,129.33,128.1,129.3,99.9947321528279,117607384,0.0000,1.0
2011-01-18,129.18,129.64,129.03,129.52,100.164870134836,114227671,0.0000,1.0
2011-01-19,129.41,129.54,127.91,128.25,99.182709965972,151612850,0.0000,1.0
2011-01-20,127.96,128.4,127.13,128.08,99.0512397071477,175498439,0.0000,1.0
2011-01-21,128.88,129.17,128.23,128.37,99.2755125016127,151372443,0.0000,1.0
2011-01-24,128.29,129.25,128.26,129.1,99.8400612600934,113638998,0.0000,1.0
2011-01-25,128.76,129.28,128.11,129.17,99.8941960725505,167374610,0.0000,1.0
2011-01-26,129.49,130.05,129.23,129.67,100.280873304387,141125437,0.0000,1.0
2011-01-27,129.7,130.21,129.47,129.99,100.528346732762,123202443,0.0000,1.0
2011-01-28,130.14,130.35,127.51,127.72,98.7728321002257,295509227,0.0000,1.0
2011-01-31,128.07,128.78,127.75,128.68,99.5152523853511,149095725,0.0000,1.0
2011-02-01,129.46,130.97,129.38,130.74,101.108362580516,166897171,0.0000,1.0
2011-02-02,130.4,130.84,130.33,130.49,100.915023964598,117643828,0.0000,1.0
2011-02-03,130.26,130.98,129.57,130.78,101.139296759063,145711629,0.0000,1.0
2011-02-04,130.83,131.2,130.23,131.15,101.425437910622,134578637,0.0000,1.0
2011-02-07,131.44,132.4,131.43,131.97,102.059588570833,112329113,0.0000,1.0
2011-02-08,132.09,132.64,131.73,132.57,102.523601249036,98856742,0.0000,1.0
2011-02-09,132.21,132.63,131.61,132.27,102.291594909935,146290644,0.0000,1.0
2011-02-10,131.6,132.47,131.3,132.32,102.330262633118,162504516,0.0000,1.0
2011-02-11,131.8,133.28,131.77,133.11,102.941212659419,137665186,0.0000,1.0
2011-02-14,133.03,133.54,132.88,133.43,103.188686087794,101523079,0.0000,1.0
2011-02-15,133.02,133.22,132.32,133.01,102.863877213052,119454089,0.0000,1.0
2011-02-16,133.46,134.01,133.19,133.85,103.513494962537,130028894,0.0000,1.0
2011-02-17,133.46,134.43,133.34,134.25,103.822836748006,109756912,0.0000,1.0
2011-02-18,134.37,134.69,134.06,134.53,104.039375997834,129820539,0.0000,1.0
2011-02-22,133.12,134.56,131.47,131.83,101.951318945919,232802702,0.0000,1.0
2011-02-23,131.75,132.07,130.21,131.02,101.324901830344,227027906,0.0000,1.0
2011-02-24,130.88,131.44,129.7,130.93,101.255299928614,260113340,0.0000,1.0
2011-02-25,131.48,132.41,131.4,132.33,102.337996177755,141487875,0.0000,1.0
2011-02-28,132.82,133.32,132.38,133.15,102.972146837966,141371239,0.0000,1.0
2011-03-01,133.57,133.69,130.89,130.93,101.255299928614,257661260,0.0000,1.0
2011-03-02,130.75,131.82,130.35,131.21,101.471839178442,200065225,0.0000,1.0
2011-03-03,132.4,133.62,132.39,133.47,103.219620266341,175901528,0.0000,1.0
2011-03-04,133.37,133.63,131.6,132.47,102.446265802669,276985954,0.0000,1.0
2011-03-07,132.86,133.16,130.74,131.43,101.64197716045,216563517,0.0000,1.0
2011-03-08,131.64,133.0,131.07,132.58,102.531334793673,174429069,0.0000,1.0
2011-03-09,132.32,132.8,131.6,132.39,102.384397445575,153739992,0.0000,1.0
2011-03-10,131.0,131.18,129.81,129.94,100.489679009578,301173723,0.0000,1.0
2011-03-11,129.52,131.31,129.49,130.84,101.185698026883,225387232,0.0000,1.0
2011-03-14,129.99,130.48,129.06,130.05,100.574748000582,234935586,0.0000,1.0
2011-03-15,126.59,129.33,126.5,128.56,99.4224498497104,357936092,0.0000,1.0
2011-03-16,128.15,128.57,125.28,126.18,97.5818662261703,465885431,0.0000,1.0
2011-03-17,128.0,128.39,127.1,127.85,98.873368180503,253963153,0.0000,1.0
2011-03-18,128.84,128.88,127.51,127.76,99.2316787706117,229674841,0.5533,1.0
2011-03-21,129.35,130.01,129.2,129.74,100.769552314489,153783793,0.0000,1.0
2011-03-22,129.72,129.89,129.17,129.29,100.420035599972,129568159,0.0000,1.0
2011-03-23,128.93,130.0,128.32,129.66,100.707416009686,148209381,0.0000,1.0
2011-03-24,130.4,131.09,129.67,130.9,101.670528734135,158313879,0.0000,1.0
2011-03-25,131.24,131.87,130.89,131.3,101.981210258151,155632745,0.0000,1.0
2011-03-28,131.58,131.92,130.94,130.98,101.732665038938,108870796,0.0000,1.0
2011-03-29,130.87,131.9,130.44,131.86,102.416164391773,129251966,0.0000,1.0
2011-03-30,132.55,133.16,132.36,132.77,103.122964858908,135649246,0.0000,1.0
2011-03-31,132.6,132.96,132.45,132.59,102.983158173101,132554158,0.0000,1.0
2011-04-01,133.41,133.77,132.83,133.15,103.418112306723,153904534,0.0000,1.0
2011-04-04,133.43,133.67,132.88,133.26,103.503549725827,100648849,0.0000,1.0
2011-04-05,133.0,133.83,132.94,133.24,103.488015649627,120779754,0.0000,1.0
2011-04-06,133.88,134.0,133.12,133.66,103.814231249843,120226603,0.0000,1.0
2011-04-07,133.42,133.98,132.66,133.32,103.55015195443,170837414,0.0000,1.0
2011-04-08,133.91,133.99,132.31,132.86,103.192868201812,147820026,0.0000,1.0
2011-04-11,133.0,133.45,132.14,132.46,102.882186677796,121335593,0.0000,1.0
2011-04-12,131.72,131.98,130.99,131.47,102.113249905857,161227043,0.0000,1.0
2011-04-13,132.08,132.18,130.96,131.46,102.105482867757,161934295,0.0000,1.0
2011-04-14,130.7,131.76,130.27,131.56,102.183153248761,161111305,0.0000,1.0
2011-04-15,131.8,132.37,131.41,132.04,102.55597107758,170005215,0.0000,1.0
2011-04-18,130.59,132.03,129.51,130.56,101.406449438722,210528629,0.0000,1.0
2011-04-19,130.76,131.35,130.44,131.31,101.988977296251,124172780,0.0000,1.0
2011-04-20,132.88,133.39,132.79,133.1,103.379277116221,155698544,0.0000,1.0
2011-04-21,133.79,133.84,133.1,133.78,103.907435707048,136137430,0.0000,1.0
2011-04-25,133.68,133.86,133.2,133.64,103.798697173642,65448313,0.0000,1.0
2011-04-26,134.05,135.06,133.91,134.79,104.691906555187,146642787,0.0000,1.0
2011-04-27,135.05,135.87,134.5,135.67,105.375405908022,143070032,0.0000,1.0
2011-04-28,135.43,136.29,135.41,136.11,105.717155584439,124737256,0.0000,1.0
2011-04-29,136.16,136.57,135.98,136.43,105.965700803652,114976790,0.0000,1.0
2011-05-02,137.07,137.18,135.95,136.22,105.802593003544,126171453,0.0000,1.0
2011-05-03,135.96,136.19,135.04,135.73,105.422008136624,138157240,0.0000,1.0
2011-05-04,135.67,135.73,134.23,134.83,104.722974707589,182561092,0.0000,1.0
2011-05-05,134.08,134.95,133.02,133.61,103.775396059341,226749811,0.0000,1.0
2011-05-06,134.94,135.63,133.68,134.2,104.233651307264,222802766,0.0000,1.0
2011-05-09,134.19,135.11,133.98,134.72,104.637537288485,113906571,0.0000,1.0
2011-05-10,135.17,136.11,135.0,135.87,105.53074667003,114747161,0.0000,1.0
2011-05-11,135.67,135.69,133.82,134.44,104.420060221674,193519181,0.0000,1.0
2011-05-12,134.08,135.36,133.39,135.08,104.917150660099,171028329,0.0000,1.0
2011-05-13,135.15,135.34,133.56,134.04,104.109378697658,157390444,0.0000,1.0
2011-05-16,133.56,134.61,132.97,133.19,103.449180459125,141591409,0.0000,1.0
2011-05-17,132.69,133.35,132.12,133.17,103.433646382924,192833580,0.0000,1.0
2011-05-18,133.24,134.5,132.95,134.36,104.357923916871,135025396,0.0000,1.0
2011-05-19,134.8,135.03,133.94,134.68,104.606469136083,118664220,0.0000,1.0
2011-05-20,134.33,134.68,133.36,133.61,103.775396059341,182444085,0.0000,1.0
2011-05-23,131.98,132.72,131.59,132.06,102.57150515378,168356335,0.0000,1.0
2011-05-24,132.44,132.73,131.7,131.95,102.486067734676,147060899,0.0000,1.0
2011-05-25,131.42,132.94,131.38,132.39,102.827817411093,150896607,0.0000,1.0
2011-05-26,132.03,133.24,131.78,133.0,103.301606735217,164894518,0.0000,1.0
2011-05-27,133.37,133.87,132.96,133.51,103.697725678337,120803429,0.0000,1.0
2011-05-31,134.77,134.92,133.84,134.9,104.777343974292,164348891,0.0000,1.0
2011-06-01,134.51,134.92,131.76,131.87,102.423931429873,232456164,0.0000,1.0
2011-06-02,131.96,132.24,130.96,131.73,102.315192896467,200320487,0.0000,1.0
2011-06-03,130.15,131.42,130.08,130.42,101.297710905316,234455975,0.0000,1.0
2011-06-06,130.09,130.36,128.87,129.04,100.225859647462,179258735,0.0000,1.0
2011-06-07,129.7,130.07,128.85,128.96,100.163723342659,161485789,0.0000,1.0
2011-06-08,128.76,129.19,128.18,128.42,99.7443032852376,197987250,0.0000,1.0
2011-06-09,128.77,129.93,128.46,129.4,100.505473019076,160674400,0.0000,1.0
2011-06-10,128.85,128.93,127.26,127.6,99.1074061610054,238411677,0.0000,1.0
2011-06-13,127.89,128.24,127.05,127.7,99.1850765420094,184488103,0.0000,1.0
2011-06-14,128.87,129.77,128.82,129.32,100.443336714273,160125927,0.0000,1.0
2011-06-15,128.24,129.3,126.68,127.02,98.6569179511827,300377189,0.0000,1.0
2011-06-16,127.06,127.97,126.32,127.3,98.8743950179937,307721462,0.0000,1.0
2011-06-17,127.93,127.94,126.62,127.05,99.1676939107407,233230974,0.6276,1.0
2011-06-20,126.62,127.97,126.58,127.7,99.6750453553844,159305551,0.0000,1.0
2011-06-21,128.36,129.7,127.75,129.45,101.040991552502,191713605,0.0000,1.0
2011-06-22,129.05,129.81,128.59,128.67,100.43216981893,176121450,0.0000,1.0
2011-06-23,127.16,128.64,126.19,128.3,100.143369765825,333657698,0.0000,1.0
2011-06-24,128.27,128.37,126.62,126.81,98.9803641465646,225810845,0.0000,1.0
2011-06-27,126.89,128.43,126.64,127.94,99.8623751195605,166315651,0.0000,1.0
2011-06-28,128.45,129.63,128.27,129.61,101.165878061953,165190188,0.0000,1.0
2011-06-29,130.2,130.93,129.63,130.72,102.032278221267,243880784,0.0000,1.0
2011-06-30,131.14,132.18,130.71,131.97,103.007954076351,222967799,0.0000,1.0
2011-07-01,132.09,134.1,131.78,133.92,104.530008410283,201950626,0.0000,1.0
2011-07-05,133.78,134.08,133.39,133.81,104.444148935035,165927160,0.0000,1.0
2011-07-06,133.49,134.14,133.11,133.97,104.569035444486,143126404,0.0000,1.0
2011-07-07,135.16,135.7,134.88,135.36,105.653986995339,169953719,0.0000,1.0
2011-07-08,133.83,135.36,133.39,134.4,104.904667938635,193857426,0.0000,1.0
2011-07-11,132.75,133.18,131.66,131.97,103.007954076351,195046000,0.0000,1.0
2011-07-12,131.69,132.78,131.36,131.4,102.563045886433,213911524,0.0000,1.0
2011-07-13,132.09,133.22,131.52,131.84,102.906483787423,201984740,0.0000,1.0
2011-07-14,132.17,132.78,130.68,130.93,102.196191764922,225402428,0.0000,1.0
2011-07-15,131.66,131.87,130.77,131.69,102.789402684813,218322032,0.0000,1.0
2011-07-18,131.08,131.28,129.63,130.61,101.94641874602,196456431,0.0000,1.0
2011-07-19,131.34,132.89,131.31,132.73,103.601164996243,165885446,0.0000,1.0
2011-07-20,133.07,133.15,132.42,132.65,103.538721741517,135775669,0.0000,1.0
2011-07-21,133.4,134.82,132.67,134.49,104.974916600201,248433811,0.0000,1.0
2011-07-22,134.52,134.72,133.76,134.58,105.045165261767,125209573,0.0000,1.0
2011-07-25,133.3,134.49,133.16,133.83,104.459759748716,136138062,0.0000,1.0
2011-07-26,133.74,133.96,133.03,133.33,104.069489406683,130989724,0.0000,1.0
2011-07-27,132.59,132.63,130.43,130.6,101.938613339179,247869769,0.0000,1.0
2011-07-28,130.6,131.77,130.01,130.22,101.642007879234,207393093,0.0000,1.0
2011-07-29,128.91,130.55,127.97,129.33,100.947326670414,306535688,0.0000,1.0
2011-08-01,130.84,130.96,127.53,128.78,100.518029294177,324694811,0.0000,1.0
2011-08-02,127.81,128.5,125.49,125.49,97.9500504435958,345325261,0.0000,1.0
2011-08-03,125.66,126.31,123.53,126.17,98.4808181087615,370546778,0.0000,1.0
2011-08-04,124.42,124.62,120.06,120.26,93.8678226659243,519400868,0.0000,1.0
2011-08-05,121.76,122.07,116.86,120.08,93.7273253427921,654932879,0.0000,1.0
2011-08-08,116.91,120.12,112.02,112.26,87.6234971933865,699984484,0.0000,1.0
2011-08-09,114.07,117.64,110.27,117.48,91.6979195642174,709504454,0.0000,1.0
2011-08-10,115.26,116.28,111.95,112.29,87.6469134139085,659583629,0.0000,1.0
2011-08-11,113.26,118.92,112.32,117.33,91.5808384616073,487137245,0.0000,1.0
2011-08-12,118.4,119.21,117.28,118.12,92.1974656020204,313614670,0.0000,1.0
2011-08-15,119.19,120.74,119.0,120.62,94.1488173121884,258305402,0.0000,1.0
2011-08-16,119.47,120.69,118.31,119.59,93.3448604075992,293453756,0.0000,1.0
2011-08-17,120.25,121.2,118.72,119.67,93.4073036623246,237781164,0.0000,1.0
2011-08-18,116.5,119.71,113.39,114.51,89.3797137325377,512113802,0.0000,1.0
2011-08-19,112.96,115.88,112.5,112.64,87.920102653332,430047209,0.0000,1.0
2011-08-22,115.17,115.23,112.41,112.73,87.990351314898,274705984,0.0000,1.0
2011-08-23,113.15,116.57,112.58,116.44,90.8861572527874,328960993,0.0000,1.0
2011-08-24,116.19,118.24,115.92,118.08,92.1662439746577,244763498,0.0000,1.0
2011-08-25,118.73,119.4,115.87,116.28,90.7612707433367,311782517,0.0000,1.0
2011-08-26,115.69,118.51,113.85,117.97,92.0803844994103,314269489,0.0000,1.0
2011-08-29,119.56,121.43,118.06,121.36,94.7264174183982,190438148,0.0000,1.0
2011-08-30,120.83,122.43,119.26,121.68,94.9761904372997,240892012,0.0000,1.0
2011-08-31,122.46,123.51,121.3,122.22,95.397682406696,301480767,0.0000,1.0
2011-09-01,122.29,123.4,120.78,120.94,94.3985903310899,254226774,0.0000,1.0
2011-09-02,118.42,120.87,117.43,117.85,91.9867196173222,255119283,0.0000,1.0
2011-09-06,114.39,117.16,114.38,116.99,91.3154546290244,284897438,0.0000,1.0
2011-09-07,118.76,120.34,118.36,120.29,93.8912388864463,209475736,0.0000,1.0
2011-09-08,119.57,120.94,118.77,119.04,92.9155630313622,249532924,0.0000,1.0
2011-09-09,117.68,119.06,115.28,115.92,90.4802760970725,379839727,0.0000,1.0
2011-09-12,114.47,116.76,114.05,116.67,91.0656816101229,304103460,0.0000,1.0
2011-09-13,117.05,118.18,116.22,117.74,91.9008601420748,272091085,0.0000,1.0
2011-09-14,118.34,120.8,116.72,119.37,93.1731414571044,317698271,0.0000,1.0
2011-09-15,120.65,121.47,119.4,121.43,94.7810552662829,326067873,0.0000,1.0
2011-09-16,121.29,121.97,120.32,121.52,95.3391063095682,283874681,0.6250,1.0
2011-09-19,119.53,120.93,118.72,120.31,94.3897949317326,239823961,0.0000,1.0
2011-09-20,120.82,121.99,120.01,120.17,94.2799572516525,218316019,0.0000,1.0
2011-09-21,120.23,120.6,116.44,116.63,91.5026330553402,315614847,0.0000,1.0
2011-09-22,113.25,114.21,111.3,112.86,88.5448612417534,512946022,0.0000,1.0
2011-09-23,112.11,114.16,112.02,113.54,89.0783585449998,306183274,0.0000,1.0
2011-09-26,114.61,116.4,112.98,116.24,91.1966566608312,260314367,0.0000,1.0
2011-09-27,118.53,119.56,116.84,117.54,92.2165779758611,311231680,0.0000,1.0
2011-09-28,117.78,118.49,114.97,115.14,90.3336463173443,286147551,0.0000,1.0
2011-09-29,117.05,117.63,113.93,116.05,91.0475912378653,297687450,0.0000,1.0
2011-09-30,114.45,115.45,113.07,113.15,88.7723821504908,288287488,0.0000,1.0
2011-10-03,112.49,113.95,109.81,109.93,86.2461155086474,364341597,0.0000,1.0
2011-10-04,108.35,112.58,107.43,112.34,88.1368927157414,458235197,0.0000,1.0
2011-10-05,112.62,114.72,111.58,114.42,89.7687668197893,283515241,0.0000,1.0
2011-10-06,114.36,116.66,113.51,116.49,91.39279537526,257354587,0.0000,1.0
2011-10-07,117.17,117.25,115.06,115.71,90.7808425862421,312140434,0.0000,1.0
2011-10-10,117.68,119.63,117.67,119.58,93.8170698856004,230112993,0.0000,1.0
2011-10-11,118.87,120.04,118.75,119.7,93.9112164685263,208801747,0.0000,1.0
2011-10-12,120.6,122.14,120.33,120.75,94.7349990691274,281302289,0.0000,1.0
2011-10-13,120.04,120.87,119.12,120.51,94.5467059032757,211963751,0.0000,1.0
2011-10-14,121.91,122.6,121.23,122.57,96.1628889101693,211138668,0.0000,1.0
2011-10-17,121.99,122.55,119.93,120.23,94.3270305431154,201641246,0.0000,1.0
2011-10-18,120.14,123.5,119.2,122.58,96.1707344587465,318129364,0.0000,1.0
2011-10-19,122.38,123.08,120.71,121.13,95.0331299150592,226406028,0.0000,1.0
2011-10-20,121.43,122.1,119.82,121.66,95.4489439896483,261835661,0.0000,1.0
2011-10-21,123.09,124.12,122.72,123.97,97.2612657109708,278550463,0.0000,1.0
2011-10-24,124.17,125.8,124.06,125.49,98.4537890946981,202222735,0.0000,1.0
2011-10-25,124.89,124.95,122.78,123.05,96.5394752418727,263858308,0.0000,1.0
2011-10-26,124.35,124.77,122.21,124.3,97.5201688140168,288582522,0.0000,1.0
2011-10-27,127.63,129.42,126.61,128.63,100.917291347924,393288897,0.0000,1.0
2011-10-28,128.0,128.85,127.8,128.6,100.893754702193,225439234,0.0000,1.0
2011-10-31,127.16,128.62,125.32,125.5,98.4616346432753,227488415,0.0000,1.0
2011-11-01,122.03,123.51,121.52,122.0,95.7156926412716,414920750,0.0000,1.0
2011-11-02,123.83,124.4,122.79,123.99,97.2769568081251,244533108,0.0000,1.0
2011-11-03,125.27,126.5,123.6,126.25,99.0500507865618,286049726,0.0000,1.0
2011-11-04,125.23,125.7,124.01,125.48,98.4459435461209,248867478,0.0000,1.0
2011-11-07,125.39,126.39,124.2,126.26,99.0578963351389,196176091,0.0000,1.0
2011-11-08,126.92,128.02,125.71,127.88,100.328875204638,224083163,0.0000,1.0
2011-11-09,124.89,125.8,122.86,123.16,96.6257762762214,336963772,0.0000,1.0
2011-11-10,124.79,124.94,123.02,124.32,97.5358599111711,231317470,0.0000,1.0
2011-11-11,125.83,126.99,125.79,126.66,99.371718278225,189673478,0.0000,1.0
2011-11-14,126.19,127.45,124.92,125.46,98.4302524489666,158964273,0.0000,1.0
2011-11-15,125.17,126.75,124.72,126.08,98.9166764607502,184179838,0.0000,1.0
2011-11-16,124.81,126.34,123.9,124.08,97.3475667453195,234773689,0.0000,1.0
2011-11-17,123.85,124.16,121.23,122.11,95.8019936756203,330058092,0.0000,1.0
2011-11-18,122.5,122.75,121.47,121.98,95.7000015441173,215045815,0.0000,1.0
2011-11-21,120.2,120.35,118.65,119.66,93.8798342742177,228483956,0.0000,1.0
2011-11-22,119.4,120.1,118.52,119.19,93.5110934910915,215981643,0.0000,1.0
2011-11-23,118.07,119.19,116.56,116.56,91.4477142153001,223964369,0.0000,1.0
2011-11-25,116.38,117.7,116.2,116.34,91.2751121466027,99556980,0.0000,1.0
2011-11-28,119.54,120.18,118.82,119.71,93.9190620171034,209775055,0.0000,1.0
2011-11-29,120.05,121.0,119.61,120.05,94.1858106687266,198727310,0.0000,1.0
2011-11-30,123.49,125.22,120.0,124.99,98.0615116658404,322365596,0.0000,1.0
2011-12-01,124.85,125.64,124.43,124.97,98.0458205686861,176496621,0.0000,1.0
2011-12-02,126.12,126.5,124.78,124.86,97.9595195343374,220768750,0.0000,1.0
2011-12-05,126.84,127.18,125.44,126.22,99.0265141408303,224770475,0.0000,1.0
2011-12-06,126.21,127.11,125.76,126.26,99.0578963351389,178219945,0.0000,1.0
2011-12-07,125.84,127.26,124.97,126.73,99.4266371182651,236861816,0.0000,1.0
2011-12-08,125.9,126.18,123.65,123.95,97.2455746138165,240131025,0.0000,1.0
2011-12-09,124.51,126.37,124.4,126.05,98.8931398150187,208829481,0.0000,1.0
2011-12-12,124.95,124.97,123.16,124.21,97.4495588768225,214953180,0.0000,1.0
2011-12-13,124.86,125.57,122.45,123.05,96.5394752418727,244217330,0.0000,1.0
2011-12-14,122.56,123.03,121.47,121.74,95.5117083782656,237725027,0.0000,1.0
2011-12-15,123.03,123.2,121.99,122.18,95.8569125156603,198553939,0.0000,1.0
2011-12-16,122.23,122.95,121.3,121.59,95.9982343821806,219592687,0.7701,1.0
2011-12-19,122.06,122.32,120.03,120.29,94.9718530621967,182949189,0.0000,1.0
2011-12-20,122.18,124.14,120.37,123.93,97.8457207581515,224583759,0.0000,1.0
2011-12-21,123.93,124.36,122.75,124.17,98.0352065403024,193887149,0.0000,1.0
2011-12-22,124.63,125.4,124.23,125.27,98.9036830418271,119059500,0.0000,1.0
2011-12-23,125.67,126.43,125.41,126.39,99.7879500251978,91800080,0.0000,1.0
2011-12-27,126.17,126.82,126.06,126.49,99.8669024344273,85494893,0.0000,1.0
2011-12-28,126.51,126.53,124.73,124.83,98.5562924412172,118365897,0.0000,1.0
2011-12-29,125.24,126.25,124.86,126.12,99.5747785202781,123033349,0.0000,1.0
2011-12-30,126.02,126.33,125.5,125.5,99.085273583055,95272998,0.0000,1.0
2012-01-03,127.76,128.38,127.43,127.5,100.664321767646,193309527,0.0000,1.0
2012-01-04,127.2,127.81,126.71,127.7,100.822226586105,126705865,0.0000,1.0
2012-01-05,127.01,128.23,126.43,128.04,101.090664777485,173388995,0.0000,1.0
2012-01-06,128.2,128.22,127.29,127.71,100.830121827028,147337290,0.0000,1.0
2012-01-09,128.0,128.18,127.41,128.02,101.074874295639,99225199,0.0000,1.0
2012-01-10,129.39,129.65,128.95,129.13,101.951246038087,114679719,0.0000,1.0
2012-01-11,128.73,129.37,128.52,129.2,102.006512724547,111221979,0.0000,1.0
2012-01-12,129.57,129.7,128.54,129.51,102.251265193159,119120347,0.0000,1.0
2012-01-13,128.64,129.05,127.72,128.84,101.722284051321,179613047,0.0000,1.0
2012-01-17,130.08,130.32,128.9,129.34,102.117046097469,131927181,0.0000,1.0
2012-01-18,129.31,130.84,129.08,130.77,103.246065549451,162901737,0.0000,1.0
2012-01-19,131.22,131.57,130.8,131.46,103.790837173135,125972329,0.0000,1.0
2012-01-20,131.24,131.95,130.92,131.95,104.177703978359,138079453,0.0000,1.0
2012-01-23,131.51,132.25,130.98,131.61,103.909265786979,129162435,0.0000,1.0
2012-01-24,130.8,131.5,130.6,131.46,103.790837173135,102701099,0.0000,1.0
2012-01-25,131.26,132.87,130.75,132.56,104.65931367466,198222535,0.0000,1.0
2012-01-26,133.15,133.4,131.36,131.88,104.122437291899,184542356,0.0000,1.0
2012-01-27,131.24,132.05,131.15,131.82,104.075065846361,135185159,0.0000,1.0
2012-01-30,130.51,131.44,130.06,131.37,103.719780004828,146747212,0.0000,1.0
2012-01-31,132.02,132.18,130.68,131.32,103.680303800213,157082268,0.0000,1.0
2012-02-01,132.29,133.14,132.13,132.47,104.588256506353,165757550,0.0000,1.0
2012-02-02,132.73,133.02,132.21,132.68,104.754056565735,112910085,0.0000,1.0
2012-02-03,134.0,134.62,133.77,134.54,106.222571377404,160517202,0.0000,1.0
2012-02-06,133.98,134.51,133.83,134.45,106.151514209098,107517511,0.0000,1.0
2012-02-07,134.17,135.02,133.64,134.79,106.419952400478,135265501,0.0000,1.0
2012-02-08,134.86,135.22,134.31,135.19,106.735762037396,138506870,0.0000,1.0
2012-02-09,135.41,135.59,134.56,135.36,106.869981133086,148313299,0.0000,1.0
2012-02-10,134.16,134.47,133.84,134.36,106.080457040791,167753903,0.0000,1.0
2012-02-13,135.32,135.52,134.74,135.36,106.869981133086,115201853,0.0000,1.0
2012-02-14,135.0,135.27,134.25,135.19,106.735762037396,165300175,0.0000,1.0
2012-02-15,135.63,135.83,134.29,134.56,106.23836185925,194497951,0.0000,1.0
2012-02-16,134.57,136.17,134.33,136.05,107.41475275677,186193854,0.0000,1.0
2012-02-17,136.52,136.63,135.96,136.41,107.698981429996,129075063,0.0000,1.0
2012-02-21,136.73,137.05,136.05,136.47,107.746352875534,133899477,0.0000,1.0
2012-02-22,136.26,136.55,135.79,136.03,107.398962274924,123997265,0.0000,1.0
2012-02-23,135.96,136.73,135.5,136.63,107.872676730301,137488236,0.0000,1.0
2012-02-24,136.93,137.2,136.63,136.93,108.10953395799,105474533,0.0000,1.0
2012-02-27,136.02,137.53,135.8,137.16,108.291124499218,145563368,0.0000,1.0
2012-02-28,137.2,137.72,136.93,137.56,108.606934136136,129145619,0.0000,1.0
2012-02-29,137.76,138.19,136.54,137.02,108.180591126296,185615627,0.0000,1.0
2012-03-01,137.31,137.99,136.93,137.73,108.741153231826,144742785,0.0000,1.0
2012-03-02,137.64,137.82,137.0,137.31,108.409553113062,120536666,0.0000,1.0
2012-03-05,137.1,137.2,136.28,136.75,107.967419621377,140544479,0.0000,1.0
2012-03-06,135.35,135.43,134.36,134.75,106.388371436786,201787583,0.0000,1.0
2012-03-07,135.06,135.91,134.93,135.69,107.130524083544,143600783,0.0000,1.0
2012-03-08,136.52,137.32,136.24,137.04,108.196381608142,116712098,0.0000,1.0
2012-03-09,137.3,137.93,137.13,137.57,108.614829377059,122808966,0.0000,1.0
2012-03-12,137.55,137.76,137.09,137.58,108.622724617982,103873080,0.0000,1.0
2012-03-13,138.32,140.13,138.09,140.06,110.580744366874,183032814,0.0000,1.0
2012-03-14,140.1,140.45,139.48,139.91,110.46231575303,145034209,0.0000,1.0
2012-03-15,140.12,140.78,139.76,140.72,111.101830267789,164882424,0.0000,1.0
2012-03-16,140.36,140.48,140.0,140.3,111.254911094044,151779966,0.6139,1.0
2012-03-19,140.21,141.28,140.11,140.85,111.691049377021,125211330,0.0000,1.0
2012-03-20,140.05,140.61,139.64,140.44,111.365928111529,121629293,0.0000,1.0
2012-03-21,140.52,140.65,139.92,140.21,111.183543011375,122251226,0.0000,1.0
2012-03-22,139.18,139.55,138.74,139.2,110.382634528089,135040700,0.0000,1.0
2012-03-23,139.32,139.81,138.55,139.65,110.739474941434,120400107,0.0000,1.0
2012-03-26,140.65,141.61,140.6,141.61,112.293713186226,119477129,0.0000,1.0
2012-03-27,141.74,141.83,141.08,141.17,111.944802559845,119584541,0.0000,1.0
2012-03-28,141.1,141.32,139.64,140.47,111.389717472419,148434044,0.0000,1.0
2012-03-29,139.64,140.49,139.09,140.23,111.199402585301,164884702,0.0000,1.0
2012-03-30,140.92,141.05,140.05,140.81,111.659330229168,135353643,0.0000,1.0
2012-04-02,140.64,142.21,140.36,141.84,112.476098286381,151598615,0.0000,1.0
2012-04-03,141.64,141.88,140.43,141.26,112.016170642514,155717384,0.0000,1.0
2012-04-04,140.22,140.34,139.34,139.86,110.906000467662,146781144,0.0000,1.0
2012-04-05,139.38,140.2,139.26,139.79,110.85049195892,137161910,0.0000,1.0
2012-04-09,138.03,139.84,137.84,138.22,109.605515405693,127440839,0.0000,1.0
2012-04-10,137.95,138.34,135.76,135.9,107.765804830225,235129361,0.0000,1.0
2012-04-11,137.29,137.54,136.75,137.0,108.63808139618,153297439,0.0000,1.0
2012-04-12,137.13,138.9,137.03,138.79,110.057513262597,153603844,0.0000,1.0
2012-04-13,138.47,138.82,137.01,137.14,108.749098413665,169047929,0.0000,1.0
2012-04-16,137.84,138.04,136.58,137.05,108.677730330996,147707377,0.0000,1.0
2012-04-17,137.84,139.36,137.7,139.08,110.287477084531,147627266,0.0000,1.0
2012-04-18,138.46,139.08,138.38,138.61,109.914777097259,122743959,0.0000,1.0
2012-04-19,138.63,139.15,137.07,137.72,109.209026057532,198512320,0.0000,1.0
2012-04-20,138.33,138.83,137.87,137.95,109.391411157686,142867082,0.0000,1.0
2012-04-23,136.54,136.91,135.94,136.79,108.471555869952,171710414,0.0000,1.0
2012-04-24,136.91,137.66,136.8,137.31,108.88390479204,137239318,0.0000,1.0
2012-04-25,138.65,139.25,138.53,139.19,110.374704741126,150143367,0.0000,1.0
2012-04-26,138.89,140.32,138.81,140.16,111.143894076559,135453146,0.0000,1.0
2012-04-27,140.58,140.79,139.8,140.39,111.326279176713,123902644,0.0000,1.0
2012-04-30,140.11,140.21,139.49,139.87,110.913930254625,115006285,0.0000,1.0
2012-05-01,139.79,141.66,139.63,140.74,111.603821720426,138747253,0.0000,1.0
2012-05-02,139.92,140.46,139.46,140.32,111.27077066797,120982449,0.0000,1.0
2012-05-03,140.34,140.45,138.99,139.25,110.422283462905,143518530,0.0000,1.0
2012-05-04,138.52,139.3,136.92,137.0,108.63808139618,193496350,0.0000,1.0
2012-05-07,136.51,137.56,136.46,137.1,108.717379265812,127664189,0.0000,1.0
2012-05-08,136.28,136.77,134.92,136.55,108.281240982835,213125597,0.0000,1.0
2012-05-09,135.1,136.61,134.49,135.74,107.638928238814,220525746,0.0000,1.0
2012-05-10,136.68,136.85,135.71,136.02,107.860962273784,150085682,0.0000,1.0
2012-05-11,135.17,136.87,135.11,135.61,107.535841008292,152988103,0.0000,1.0
2012-05-14,134.31,135.61,133.91,134.11,106.346372963808,163196962,0.0000,1.0
2012-05-15,134.02,134.81,133.13,133.34,105.73577936764,207288863,0.0000,1.0
2012-05-16,133.94,134.55,132.8,132.83,105.331360232515,206973192,0.0000,1.0
2012-05-17,132.86,133.02,130.79,130.86,103.76919220076,247684669,0.0000,1.0
2012-05-18,131.37,131.6,129.55,129.74,102.881056060879,319503709,0.0000,1.0
2012-05-21,130.16,132.02,129.95,131.97,104.649398553678,177733753,0.0000,1.0
2012-05-22,132.31,133.23,131.34,132.2,104.831783653832,197272169,0.0000,1.0
2012-05-23,131.25,132.46,129.99,132.27,104.887292162574,204667764,0.0000,1.0
2012-05-24,132.63,132.84,131.42,132.53,105.093466623618,167017765,0.0000,1.0
2012-05-25,132.48,132.85,131.78,132.1,104.7524857842,135393214,0.0000,1.0
2012-05-29,133.16,133.93,131.17,133.7,106.021251698316,152437330,0.0000,1.0
2012-05-30,132.56,133.69,131.49,131.76,104.48287302745,162154670,0.0000,1.0
2012-05-31,131.71,132.45,130.34,131.47,104.252909205517,195826754,0.0000,1.0
2012-06-01,129.41,131.5,128.16,128.16,101.628149720689,253063555,0.0000,1.0
2012-06-04,128.39,128.74,127.14,128.1,101.58057099891,202317540,0.0000,1.0
2012-06-05,127.85,129.26,127.78,129.07,102.349760334343,163687095,0.0000,1.0
2012-06-06,129.97,132.03,129.93,131.97,104.649398553678,183846801,0.0000,1.0
2012-06-07,133.47,133.53,131.78,132.05,104.712836849384,184597574,0.0000,1.0
2012-06-08,131.71,133.13,131.29,133.1,105.545464480522,143634224,0.0000,1.0
2012-06-11,134.17,134.25,131.28,131.41,104.205330483737,169457174,0.0000,1.0
2012-06-12,131.79,133.01,131.16,132.92,105.402728315184,181773014,0.0000,1.0
2012-06-13,132.53,133.36,131.62,132.07,104.72869642331,171953597,0.0000,1.0
2012-06-14,132.34,134.0,131.98,133.47,105.838866598161,230470410,0.0000,1.0
2012-06-15,133.38,134.26,133.1,134.14,106.915937842228,169104512,0.6883,1.0
2012-06-18,133.58,134.73,133.28,134.4,107.123170165465,131154924,0.0000,1.0
2012-06-19,135.08,136.25,134.37,135.7,108.159331781649,137213470,0.0000,1.0
2012-06-20,135.71,136.1,134.27,135.48,107.983981354295,206299494,0.0000,1.0
2012-06-21,135.64,135.78,132.33,132.44,105.560957267219,205129421,0.0000,1.0
2012-06-22,133.13,133.71,132.62,133.46,106.373945612225,129848438,0.0000,1.0
2012-06-25,132.05,132.1,130.85,131.32,104.668264182507,146248554,0.0000,1.0
2012-06-26,131.7,132.38,130.93,131.98,105.194315464569,141386194,0.0000,1.0
2012-06-27,132.42,133.43,131.97,133.17,106.142801867076,107982307,0.0000,1.0
2012-06-28,132.29,132.99,131.28,132.79,105.839923856191,168941315,0.0000,1.0
2012-06-29,135.2,136.27,134.85,136.1,108.478150740475,212056876,0.0000,1.0
2012-07-02,136.48,136.65,135.52,136.51,108.804940173271,129049181,0.0000,1.0
2012-07-03,136.48,137.51,136.34,137.41,109.522282830629,80450171,0.0000,1.0
2012-07-05,136.9,137.8,136.29,136.79,109.028113444449,126024304,0.0000,1.0
2012-07-06,135.47,135.77,134.85,135.49,107.991951828265,151120499,0.0000,1.0
2012-07-09,135.38,135.57,134.7,135.32,107.856453770765,103703827,0.0000,1.0
2012-07-10,136.01,136.23,133.68,134.14,106.915937842228,162748754,0.0000,1.0
2012-07-11,134.21,134.6,133.38,134.16,106.93187879017,142460464,0.0000,1.0
2012-07-12,133.38,134.23,132.6,133.51,106.413797982078,143428183,0.0000,1.0
2012-07-13,133.86,135.89,133.84,135.75,108.199184151502,129613009,0.0000,1.0
2012-07-16,135.44,135.83,134.9,135.43,107.944128984442,97413111,0.0000,1.0
2012-07-17,135.97,136.64,134.55,136.36,108.685383063712,138576451,0.0000,1.0
2012-07-18,136.04,137.64,135.96,137.37,109.490400934747,113247909,0.0000,1.0
2012-07-19,137.65,138.18,137.21,137.73,109.77733799769,129742249,0.0000,1.0
2012-07-20,136.95,137.16,136.32,136.47,108.773058277389,142813020,0.0000,1.0
2012-07-23,134.47,136.38,133.84,135.09,107.67313286944,144901109,0.0000,1.0
2012-07-24,135.19,135.25,133.03,133.93,106.748557888845,173030103,0.0000,1.0
2012-07-25,134.21,134.56,133.25,133.96,106.772469310757,129041882,0.0000,1.0
2012-07-26,135.89,136.46,135.26,136.17,108.533944058269,156221922,0.0000,1.0
2012-07-27,136.89,139.07,136.14,138.68,110.534533024901,236689679,0.0000,1.0
2012-07-30,138.52,139.34,138.27,138.68,110.534533024901,106715402,0.0000,1.0
2012-07-31,138.49,138.87,137.71,137.71,109.761397049749,120507272,0.0000,1.0
2012-08-01,138.7,138.73,137.4,137.59,109.665751362101,138192791,0.0000,1.0
2012-08-02,136.55,137.57,135.58,136.64,108.90855633489,199418419,0.0000,1.0
2012-08-03,138.56,139.64,136.68,139.35,111.068554780934,157710313,0.0000,1.0
2012-08-06,139.72,140.17,139.56,139.62,111.283757578142,85244038,0.0000,1.0
2012-08-07,140.18,140.92,140.03,140.32,111.841690756087,109434310,0.0000,1.0
2012-08-08,139.85,140.65,139.81,140.49,111.977188813588,89648652,0.0000,1.0
2012-08-09,140.29,140.89,140.15,140.61,112.072834501236,90094828,0.0000,1.0
2012-08-10,140.04,140.89,139.81,140.84,112.25615540256,99737237,0.0000,1.0
2012-08-13,140.6,140.84,140.04,140.77,112.200362084766,79352310,0.0000,1.0
2012-08-14,141.29,141.38,140.37,140.79,112.216303032707,102210603,0.0000,1.0
2012-08-15,140.64,141.19,140.55,140.95,112.343830616238,71012147,0.0000,1.0
2012-08-16,141.15,142.16,140.8,141.99,113.172759909185,111977601,0.0000,1.0
2012-08-17,142.23,142.3,141.86,142.18,113.324198914627,90784837,0.0000,1.0
2012-08-20,141.98,142.22,141.59,142.19,113.332169388597,78199468,0.0000,1.0
2012-08-21,142.54,143.09,141.45,141.76,112.98943900786,105399601,0.0000,1.0
2012-08-22,141.4,142.05,141.07,141.82,113.037261851684,132950820,0.0000,1.0
2012-08-23,141.47,141.48,140.44,140.66,112.112686871089,111378827,0.0000,1.0
2012-08-24,140.31,141.83,140.22,141.51,112.790177158594,99416396,0.0000,1.0
2012-08-27,141.89,142.08,141.34,141.54,112.814088580506,68716759,0.0000,1.0
2012-08-28,141.18,141.84,140.97,141.4,112.702501944917,75623274,0.0000,1.0
2012-08-29,141.52,141.89,141.12,141.51,112.790177158594,65396086,0.0000,1.0
2012-08-30,140.9,140.94,140.19,140.49,111.977188813588,96477807,0.0000,1.0
2012-08-31,141.29,141.82,140.36,141.16,112.511210569621,151904556,0.0000,1.0
2012-09-04,141.04,141.46,140.13,141.03,112.407594408003,119620349,0.0000,1.0
2012-09-05,141.09,141.47,140.63,140.91,112.311948720355,100482344,0.0000,1.0
2012-09-06,141.76,143.78,141.75,143.77,114.591504275959,157982836,0.0000,1.0
2012-09-07,144.01,144.39,143.88,144.33,115.037850818315,107218047,0.0000,1.0
2012-09-10,144.19,144.44,143.46,143.51,114.384271952723,86274348,0.0000,1.0
2012-09-11,143.6,144.37,143.56,143.91,114.703090911548,88581396,0.0000,1.0
2012-09-12,144.39,144.55,143.9,144.39,115.085673662139,87596498,0.0000,1.0
2012-09-13,144.37,147.04,143.99,146.59,116.839177935681,225243763,0.0000,1.0
2012-09-14,146.88,148.11,146.76,147.24,117.357258743773,169672999,0.0000,1.0
2012-09-17,146.94,147.19,146.37,146.74,116.958735045241,119136952,0.0000,1.0
2012-09-18,146.49,146.81,146.25,146.62,116.863089357593,98293358,0.0000,1.0
2012-09-19,146.79,147.17,146.41,146.7,116.926853149358,128175304,0.0000,1.0
2012-09-20,146.03,146.79,145.63,146.71,116.934823623329,153893195,0.0000,1.0
2012-09-21,146.64,146.67,145.81,145.87,116.886562403437,108585503,0.7794,1.0
2012-09-24,145.15,145.98,145.04,145.65,116.710274998701,95622709,0.0000,1.0
2012-09-25,145.96,146.24,144.06,144.1,115.468250101702,133060270,0.0000,1.0
2012-09-26,144.07,144.11,142.95,143.29,114.819191929721,146283598,0.0000,1.0
2012-09-27,143.89,144.97,143.51,144.64,115.900955549689,111654225,0.0000,1.0
2012-09-28,144.09,144.56,143.46,143.97,115.364080271631,150664142,0.0000,1.0
2012-10-01,144.52,145.69,144.01,144.35,115.668576697992,135858200,0.0000,1.0
2012-10-02,144.92,145.15,143.83,144.5,115.788772655766,113346235,0.0000,1.0
2012-10-03,144.89,145.43,144.13,145.09,116.261543423011,121026475,0.0000,1.0
2012-10-04,145.64,146.34,145.44,146.13,117.094902063578,124255532,0.0000,1.0
2012-10-05,146.91,147.16,145.7,146.14,117.10291512743,124661611,0.0000,1.0
2012-10-08,145.6,146.12,145.31,145.64,116.70226193485,78257959,0.0000,1.0
2012-10-09,145.53,145.65,144.15,144.2,115.548380740218,148520522,0.0000,1.0
2012-10-10,144.18,144.32,143.09,143.28,114.81117886587,123906096,0.0000,1.0
2012-10-11,144.28,144.49,143.33,143.36,114.875283376683,123539819,0.0000,1.0
2012-10-12,143.46,143.95,142.58,142.89,114.498669375657,124063714,0.0000,1.0
2012-10-15,143.23,144.23,142.77,144.08,115.452223973998,107448207,0.0000,1.0
2012-10-16,144.76,145.64,144.66,145.54,116.622131296333,108612021,0.0000,1.0
2012-10-17,145.64,146.32,145.42,146.2,117.15099351054,128757819,0.0000,1.0
2012-10-18,145.82,146.52,145.33,145.82,116.846497084179,147982555,0.0000,1.0
2012-10-19,145.55,145.56,143.05,143.39,114.899322568237,185459471,0.0000,1.0
2012-10-22,143.15,143.67,142.28,143.41,114.915348695941,125401781,0.0000,1.0
2012-10-23,141.86,142.06,140.83,141.42,113.32074898947,191909488,0.0000,1.0
2012-10-24,141.93,142.1,140.8,141.02,113.000226435406,119929435,0.0000,1.0
2012-10-25,142.02,142.28,140.57,141.43,113.328762053322,134167644,0.0000,1.0
2012-10-26,141.3,141.84,140.39,141.35,113.264657542509,146001865,0.0000,1.0
2012-10-31,141.85,142.03,140.68,141.35,113.264657542509,103253290,0.0000,1.0
2012-11-01,141.65,143.01,141.52,142.83,114.450590992547,100929973,0.0000,1.0
2012-11-02,143.68,143.72,141.41,141.56,113.432931883393,137651914,0.0000,1.0
2012-11-05,141.35,142.17,140.93,141.85,113.665310735089,98318459,0.0000,1.0
2012-11-06,142.28,143.52,142.13,142.96,114.554760822618,106563909,0.0000,1.0
2012-11-07,141.66,141.68,139.06,139.72,111.958528134696,263929703,0.0000,1.0
2012-11-08,139.7,140.41,137.93,138.04,110.612333407626,181351566,0.0000,1.0
2012-11-09,137.62,139.44,137.55,138.16,110.708490173845,200950904,0.0000,1.0
2012-11-12,138.59,138.81,137.96,138.27,110.796633876213,97301953,0.0000,1.0
2012-11-13,137.54,139.25,137.36,137.79,110.412006811336,122818991,0.0000,1.0
2012-11-14,138.21,138.43,135.62,135.93,108.921576934936,191349976,0.0000,1.0
2012-11-15,135.98,136.49,135.18,135.7,108.737276466349,177963481,0.0000,1.0
2012-11-16,135.9,136.64,134.7,136.37,109.274151744407,239316080,0.0000,1.0
2012-11-19,137.9,139.15,136.41,139.13,111.485757367451,151289828,0.0000,1.0
2012-11-20,138.91,139.42,138.08,139.19,111.533835750561,119410788,0.0000,1.0
2012-11-21,139.31,139.57,139.03,139.45,111.742175410703,81542659,0.0000,1.0
2012-11-23,140.13,141.4,140.04,141.35,113.264657542509,65409145,0.0000,1.0
2012-11-26,140.65,141.36,140.19,141.05,113.024265626961,99649879,0.0000,1.0
2012-11-27,140.91,141.39,140.24,140.33,112.447325029645,127850321,0.0000,1.0
2012-11-28,139.76,141.54,139.0,141.46,113.352801244877,176637479,0.0000,1.0
2012-11-29,141.99,142.51,141.37,142.12,113.881663459083,150798733,0.0000,1.0
2012-11-30,142.14,142.42,141.66,142.15,113.905702650638,136298627,0.0000,1.0
2012-12-03,142.8,142.92,141.34,141.45,113.344788181025,124385047,0.0000,1.0
2012-12-04,141.44,141.87,140.87,141.25,113.184526903993,126623508,0.0000,1.0
2012-12-05,141.37,142.16,140.37,141.5,113.384853500283,147129404,0.0000,1.0
2012-12-06,141.37,142.04,141.16,141.98,113.76948056516,103086256,0.0000,1.0
2012-12-07,142.53,142.69,141.67,142.41,114.11404231078,108661551,0.0000,1.0
2012-12-10,142.21,142.81,142.15,142.47,114.162120693889,98424357,0.0000,1.0
2012-12-11,143.06,144.11,142.99,143.44,114.939387887495,152344305,0.0000,1.0
2012-12-12,144.0,144.55,143.31,143.51,114.995479334457,146740002,0.0000,1.0
2012-12-13,143.42,143.83,142.27,142.63,114.290329715515,135280737,0.0000,1.0
2012-12-14,142.32,142.58,141.88,142.1,113.86563733138,137650387,0.0000,1.0
2012-12-17,142.47,143.85,142.43,143.77,115.203818994599,143176435,0.0000,1.0
2012-12-18,144.0,145.5,143.79,145.37,116.485909210856,177579280,0.0000,1.0
2012-12-19,145.53,145.58,144.24,144.29,115.620498314882,150656553,0.0000,1.0
2012-12-20,144.38,145.14,143.98,145.12,116.285582614566,167906484,0.0000,1.0
2012-12-21,142.17,144.09,141.94,142.79,115.23733764069,245707986,1.0218,1.0
2012-12-24,142.48,142.56,142.19,142.35,114.882239744745,53874548,0.0000,1.0
2012-12-26,142.64,142.71,141.35,141.75,114.398015341185,105880761,0.0000,1.0
2012-12-27,141.79,142.08,139.92,141.56,114.244677613391,167731111,0.0000,1.0
2012-12-28,140.64,141.42,139.87,140.03,113.009905384311,148156789,0.0000,1.0
2012-12-31,139.66,142.56,139.54,142.41,114.930662185101,243370696,0.0000,1.0
2013-01-02,145.11,146.15,144.73,146.06,117.876360640095,191699844,0.0000,1.0
2013-01-03,145.99,146.37,145.34,145.73,117.610037218137,144670984,0.0000,1.0
2013-01-04,145.97,146.61,145.67,146.37,118.126543248601,116753387,0.0000,1.0
2013-01-07,145.85,146.11,145.43,145.97,117.803726979561,109872420,0.0000,1.0
2013-01-08,145.71,145.91,144.98,145.55,117.464769897068,121133837,0.0000,1.0
2013-01-09,145.87,146.32,145.64,145.92,117.763374945931,90616572,0.0000,1.0
2013-01-10,146.73,147.09,145.97,147.08,118.699542126148,130545424,0.0000,1.0
2013-01-11,147.04,147.15,146.61,147.07,118.691471719422,113891272,0.0000,1.0
2013-01-14,146.89,147.07,146.43,146.97,118.610767652162,89495130,0.0000,1.0
2013-01-15,146.29,147.21,146.2,147.07,118.691471719422,93129495,0.0000,1.0
2013-01-16,146.77,147.28,146.61,147.05,118.67533090597,104747927,0.0000,1.0
2013-01-17,147.7,148.42,147.15,148.0,119.442019544941,133581775,0.0000,1.0
2013-01-18,147.97,148.49,147.43,148.33,119.708342966899,169850738,0.0000,1.0
2013-01-22,148.33,149.13,147.98,149.13,120.35397550498,111615740,0.0000,1.0
2013-01-23,149.13,149.5,148.86,149.37,120.547665266404,104286611,0.0000,1.0
2013-01-24,149.15,150.14,149.01,149.41,120.579946893308,146167943,0.0000,1.0
2013-01-25,149.88,150.25,149.37,150.25,121.257861058293,147142564,0.0000,1.0
2013-01-28,150.29,150.33,149.51,150.07,121.112593737225,113251578,0.0000,1.0
2013-01-29,149.77,150.85,149.67,150.66,121.588747734059,105606462,0.0000,1.0
2013-01-30,150.64,150.94,149.93,150.07,121.112593737225,137305441,0.0000,1.0
2013-01-31,149.89,150.38,149.6,149.7,120.813988688362,108490791,0.0000,1.0
2013-02-01,150.65,151.42,150.39,151.24,122.056831324168,131103910,0.0000,1.0
2013-02-04,150.32,151.27,149.43,149.54,120.684862180746,158901804,0.0000,1.0
2013-02-05,150.35,151.48,150.29,151.05,121.903493596374,113835751,0.0000,1.0
2013-02-06,150.52,151.26,150.41,151.16,121.99226807036,138641354,0.0000,1.0
2013-02-07,151.21,151.35,149.86,150.96,121.83085993584,162376010,0.0000,1.0
2013-02-08,151.22,151.89,151.22,151.8,122.508774100824,103104819,0.0000,1.0
2013-02-11,151.74,151.9,151.39,151.77,122.484562880646,73707733,0.0000,1.0
2013-02-12,151.78,152.3,151.61,152.02,122.686323048797,65311038,0.0000,1.0
2013-02-13,152.33,152.61,151.72,152.15,122.791238336235,82228386,0.0000,1.0
2013-02-14,151.69,152.47,151.52,152.29,122.904224030399,80765157,0.0000,1.0
2013-02-15,152.43,152.59,151.55,152.11,122.758956709331,215103754,0.0000,1.0
2013-02-19,152.37,153.28,152.16,153.25,123.678983076096,95043470,0.0000,1.0
2013-02-20,153.14,153.19,151.26,151.34,122.137535391428,160357559,0.0000,1.0
2013-02-21,150.96,151.42,149.94,150.42,121.395057972635,181438601,0.0000,1.0
2013-02-22,151.15,151.89,150.49,151.89,122.581407761358,106239444,0.0000,1.0
2013-02-25,152.63,152.86,149.0,149.0,120.249060217542,237325697,0.0000,1.0
2013-02-26,149.72,150.2,148.73,150.02,121.072241703595,186316695,0.0000,1.0
2013-02-27,149.89,152.33,149.76,151.91,122.59754857481,147089201,0.0000,1.0
2013-02-28,151.9,152.87,151.41,151.61,122.35543637303,126627248,0.0000,1.0
2013-03-01,151.09,152.34,150.41,152.11,122.758956709331,170605782,0.0000,1.0
2013-03-04,151.76,152.92,151.52,152.92,123.412659654137,97382957,0.0000,1.0
2013-03-05,153.66,154.7,153.64,154.29,124.518305375601,121384504,0.0000,1.0
2013-03-06,154.84,154.92,154.16,154.5,124.687783916847,94355975,0.0000,1.0
2013-03-07,154.7,154.98,154.52,154.78,124.913755305175,85702532,0.0000,1.0
2013-03-08,155.46,155.65,154.66,155.44,125.446402149092,123471509,0.0000,1.0
2013-03-11,155.32,156.04,155.13,156.03,125.922556145926,83315530,0.0000,1.0
2013-03-12,155.92,156.1,155.21,155.68,125.640091910516,105663831,0.0000,1.0
2013-03-13,155.76,156.12,155.23,155.9,125.817640858488,92399074,0.0000,1.0
2013-03-14,156.31,156.8,155.91,156.73,126.487484616747,127154879,0.0000,1.0
2013-03-15,155.85,156.04,155.31,155.83,126.321008266803,138507153,0.6937,1.0
2013-03-18,154.34,155.64,154.2,154.97,125.623863512202,126602593,0.0000,1.0
2013-03-19,155.3,155.51,153.59,154.61,125.332035475392,167206228,0.0000,1.0
2013-03-20,155.52,155.95,155.26,155.69,126.207519585821,113632993,0.0000,1.0
2013-03-21,154.76,155.64,154.1,154.36,125.129377116497,128441488,0.0000,1.0
2013-03-22,154.85,155.6,154.73,155.6,126.134562576619,111082225,0.0000,1.0
2013-03-25,156.01,156.27,154.35,154.95,125.60765084349,151141333,0.0000,1.0
2013-03-26,155.59,156.23,155.42,156.19,126.612836303613,86222901,0.0000,1.0
2013-03-27,155.26,156.24,155.0,156.19,126.612836303613,99859772,0.0000,1.0
2013-03-28,156.09,156.85,155.75,156.67,127.001940352692,102819515,0.0000,1.0
2013-04-01,156.59,156.91,155.67,156.05,126.499347622631,99146793,0.0000,1.0
2013-04-02,156.61,157.21,156.37,156.82,127.123535368029,101379648,0.0000,1.0
2013-04-03,156.91,157.03,154.82,155.23,125.834628205453,153863537,0.0000,1.0
2013-04-04,155.43,156.17,155.09,155.86,126.34532726987,131800661,0.0000,1.0
2013-04-05,153.95,155.35,153.77,155.16,125.777883864963,159608146,0.0000,1.0
2013-04-08,155.27,156.22,154.75,156.21,126.629048972324,86406390,0.0000,1.0
2013-04-09,156.5,157.32,155.98,156.75,127.066791027539,100762236,0.0000,1.0
2013-04-10,157.17,158.87,157.13,158.67,128.623207223857,135064585,0.0000,1.0
2013-04-11,158.7,159.71,158.54,159.19,129.04473661036,110026835,0.0000,1.0
2013-04-12,158.68,159.04,157.92,158.8,128.728589570483,116234137,0.0000,1.0
2013-04-15,158.0,158.13,155.1,155.12,125.745458527539,216210295,0.0000,1.0
2013-04-16,156.29,157.49,155.91,157.41,127.601809095023,147215890,0.0000,1.0
2013-04-17,156.29,156.32,154.28,155.11,125.737352193184,226580070,0.0000,1.0
2013-04-18,155.37,155.41,153.55,154.14,124.951037760669,167415764,0.0000,1.0
2013-04-19,154.5,155.55,154.12,155.48,126.037286564349,149577337,0.0000,1.0
2013-04-22,155.78,156.54,154.75,156.17,126.596623634901,106460508,0.0000,1.0
2013-04-23,156.95,157.93,156.17,157.78,127.901743466189,165858583,0.0000,1.0
2013-04-24,157.83,158.3,157.54,157.88,127.982806809747,96580174,0.0000,1.0
2013-04-25,158.34,159.27,158.1,158.52,128.50161220852,130849307,0.0000,1.0
2013-04-26,158.33,158.6,157.73,158.24,128.274634846556,95891293,0.0000,1.0
2013-04-29,158.67,159.65,158.42,159.3,129.133906288274,88476104,0.0000,1.0
2013-04-30,159.27,159.72,158.61,159.68,129.441946993795,115868414,0.0000,1.0
2013-05-01,159.33,159.41,158.1,158.28,128.30706018398,138772621,0.0000,1.0
2013-05-02,158.68,159.89,158.53,159.75,129.498691334286,96336318,0.0000,1.0
2013-05-03,161.14,161.88,159.78,161.37,130.811917499929,143979238,0.0000,1.0
2013-05-06,161.49,162.01,161.42,161.78,131.144277208518,66750706,0.0000,1.0
2013-05-07,162.13,162.65,161.67,162.6,131.808996625696,89948203,0.0000,1.0
2013-05-08,162.42,163.39,162.33,163.34,132.408865368027,97023107,0.0000,1.0
2013-05-09,163.27,163.7,162.47,162.88,132.035973987659,106566417,0.0000,1.0
2013-05-10,162.99,163.55,162.51,163.41,132.465609708517,103075824,0.0000,1.0
2013-05-13,163.2,163.81,162.82,163.54,132.570992055143,81688029,0.0000,1.0
2013-05-14,163.67,165.35,163.67,165.23,133.940962561277,118798711,0.0000,1.0
2013-05-15,164.96,166.45,164.91,166.12,134.662426318946,120608462,0.0000,1.0
2013-05-16,165.78,166.36,165.09,165.34,134.030132239191,109779806,0.0000,1.0
2013-05-17,165.95,167.04,165.73,166.94,135.327145736123,129718215,0.0000,1.0
2013-05-20,166.78,167.58,166.61,166.93,135.319039401767,85006385,0.0000,1.0
2013-05-21,167.08,167.8,166.5,167.17,135.513591426307,95701008,0.0000,1.0
2013-05-22,167.34,169.07,165.17,165.93,134.508405966185,243639217,0.0000,1.0
2013-05-23,164.16,165.91,163.94,165.45,134.119301917105,210803037,0.0000,1.0
2013-05-24,164.47,165.38,163.98,165.31,134.005813236124,151527477,0.0000,1.0
2013-05-28,167.04,167.78,165.81,166.3,134.808340337351,143410276,0.0000,1.0
2013-05-29,165.42,165.8,164.34,165.22,133.932856226922,160214092,0.0000,1.0
2013-05-30,165.35,166.59,165.22,165.83,134.427342622627,106551037,0.0000,1.0
2013-05-31,165.37,166.31,163.13,163.45,132.498035045941,176380148,0.0000,1.0
2013-06-03,163.83,164.46,162.66,164.35,133.227605137965,167962719,0.0000,1.0
2013-06-04,164.44,165.1,162.73,163.56,132.587204723855,157537197,0.0000,1.0
2013-06-05,163.09,163.42,161.13,161.27,130.730854156371,211235847,0.0000,1.0
2013-06-06,161.2,162.74,160.25,162.73,131.914378972321,200064681,0.0000,1.0
2013-06-07,163.85,164.95,163.14,164.8,133.592390183977,185761019,0.0000,1.0
2013-06-10,165.31,165.4,164.37,164.8,133.592390183977,102542965,0.0000,1.0
2013-06-11,163.3,164.54,162.74,163.1,132.214313343487,159379607,0.0000,1.0
2013-06-12,164.22,164.39,161.6,161.75,131.119958205451,176962186,0.0000,1.0
2013-06-13,161.66,164.5,161.3,164.21,133.114116456983,163201480,0.0000,1.0
2013-06-14,164.03,164.67,162.91,163.18,132.279164018333,141018099,0.0000,1.0
2013-06-17,164.29,165.22,163.22,164.44,133.300562147167,136114269,0.0000,1.0
2013-06-18,164.53,165.99,164.52,165.74,134.354385613424,114592356,0.0000,1.0
2013-06-19,165.6,165.89,163.38,163.45,132.498035045941,205916944,0.0000,1.0
2013-06-20,161.86,163.47,158.98,159.4,129.214969631832,320785551,0.0000,1.0
2013-06-21,159.64,159.76,157.47,159.07,129.627679326556,271424782,0.8391,1.0
2013-06-24,157.41,158.43,155.73,157.06,127.989710913616,221849792,0.0000,1.0
2013-06-25,158.48,160.1,157.42,158.57,129.220224497466,161987972,0.0000,1.0
2013-06-26,159.87,160.5,159.25,160.14,130.499632660807,134713304,0.0000,1.0
2013-06-27,161.1,161.82,160.95,161.08,131.265647739496,129359801,0.0000,1.0
2013-06-28,160.63,161.4,159.86,160.42,130.727807365098,160158020,0.0000,1.0
2013-07-01,161.26,162.48,161.08,161.36,131.493822443786,131657906,0.0000,1.0
2013-07-02,161.12,162.3,160.5,161.21,131.371585995059,144734577,0.0000,1.0
2013-07-03,160.48,161.77,160.22,161.28,131.428629671132,75216341,0.0000,1.0
2013-07-05,162.47,163.08,161.3,163.02,132.846572476363,122350267,0.0000,1.0
2013-07-08,163.86,164.39,163.08,163.95,133.60443845847,106842928,0.0000,1.0
2013-07-09,164.98,165.33,164.27,165.13,134.566031855121,119211370,0.0000,1.0
2013-07-10,164.97,165.75,164.63,165.19,134.614926434612,120332699,0.0000,1.0
2013-07-11,167.11,167.61,165.18,167.44,136.448473165515,135466463,0.0000,1.0
2013-07-12,167.39,167.93,167.13,167.51,136.505516841588,102638074,0.0000,1.0
2013-07-15,167.97,168.39,167.68,168.15,137.027059022822,69387788,0.0000,1.0
2013-07-16,168.26,168.36,167.07,167.52,136.51366593817,88590595,0.0000,1.0
2013-07-17,168.16,168.48,167.73,167.95,136.864077091187,91766311,0.0000,1.0
2013-07-18,168.31,169.27,168.2,168.87,137.613793976711,103461245,0.0000,1.0
2013-07-19,168.52,169.23,168.31,169.17,137.858266874165,103709128,0.0000,1.0
2013-07-22,169.41,169.74,169.01,169.5,138.127187061364,79307249,0.0000,1.0
2013-07-23,169.8,169.83,169.05,169.14,137.83381958442,80765520,0.0000,1.0
2013-07-24,169.79,169.86,168.18,168.52,137.328575596349,112811714,0.0000,1.0
2013-07-25,168.22,169.08,167.94,168.93,137.662688556202,111066858,0.0000,1.0
2013-07-26,168.22,169.16,167.52,169.11,137.809372294674,107750433,0.0000,1.0
2013-07-29,168.68,169.06,168.11,168.59,137.385619272421,79712464,0.0000,1.0
2013-07-30,169.1,169.28,168.19,168.59,137.385619272421,85124833,0.0000,1.0
2013-07-31,168.94,169.85,168.49,168.71,137.483408431403,142329200,0.0000,1.0
2013-08-01,169.99,170.81,169.9,170.66,139.072482264852,110213653,0.0000,1.0
2013-08-02,170.28,170.97,170.05,170.95,139.308806065724,91009697,0.0000,1.0
2013-08-05,170.57,170.96,170.35,170.7,139.105078651179,53868607,0.0000,1.0
2013-08-06,170.37,170.74,169.35,169.73,138.314616282745,87403388,0.0000,1.0
2013-08-07,169.19,169.43,168.55,169.18,137.866415970747,84663314,0.0000,1.0
2013-08-08,169.98,170.18,168.93,169.8,138.371659958818,101940958,0.0000,1.0
2013-08-09,169.58,170.1,168.72,169.31,137.97235422631,91824151,0.0000,1.0
2013-08-12,168.46,169.31,168.38,169.11,137.809372294674,68477641,0.0000,1.0
2013-08-13,169.41,169.9,168.41,169.61,138.216827123764,80689816,0.0000,1.0
2013-08-14,169.53,169.8,168.7,168.74,137.507855721148,79609123,0.0000,1.0
2013-08-15,167.41,167.43,166.09,166.38,135.584668927845,152647543,0.0000,1.0
2013-08-16,166.06,166.63,165.5,165.83,135.136468615847,130636116,0.0000,1.0
2013-08-19,165.64,166.21,164.76,164.77,134.272664378177,96330805,0.0000,1.0
2013-08-20,165.04,166.2,164.86,165.58,134.932741201302,89235551,0.0000,1.0
2013-08-21,165.12,166.03,164.19,164.56,134.101533349959,159343176,0.0000,1.0
2013-08-22,164.9,166.3,164.89,166.06,135.323897837228,101381277,0.0000,1.0
2013-08-23,166.55,166.83,165.77,166.62,135.780247245808,90872824,0.0000,1.0
2013-08-26,166.79,167.3,165.89,166.0,135.275003257737,89492894,0.0000,1.0
2013-08-27,164.36,166.0,163.21,163.33,133.099194470399,158359408,0.0000,1.0
2013-08-28,163.26,164.49,163.05,163.91,133.571842072143,107750295,0.0000,1.0
2013-08-29,163.55,165.04,163.4,164.17,133.783718583269,119032950,0.0000,1.0
2013-08-30,164.51,164.53,163.17,163.65,133.359965561016,134740736,0.0000,1.0
2013-09-03,165.23,165.58,163.7,164.39,133.962998708069,142331733,0.0000,1.0
2013-09-04,164.43,166.03,164.13,165.75,135.071275843192,97219175,0.0000,1.0
2013-09-05,165.85,166.4,165.73,165.96,135.24240687141,63023864,0.0000,1.0
2013-09-06,166.51,166.98,164.48,166.04,135.307599644064,159700226,0.0000,1.0
2013-09-09,166.45,167.73,166.45,167.63,136.603306000569,87408601,0.0000,1.0
2013-09-10,168.64,168.9,168.26,168.87,137.613793976711,105300853,0.0000,1.0
2013-09-11,168.64,169.4,168.35,169.4,138.045696095546,94296092,0.0000,1.0
2013-09-12,169.34,169.56,168.72,168.95,137.678986749366,83134871,0.0000,1.0
2013-09-13,169.13,169.46,168.74,169.33,137.988652419474,72700859,0.0000,1.0
2013-09-16,171.16,171.24,170.04,170.31,138.787263884489,126115232,0.0000,1.0
2013-09-17,170.46,171.11,170.46,171.07,139.406595224705,82269719,0.0000,1.0
2013-09-18,171.01,173.52,170.58,173.05,141.0201163479,203079713,0.0000,1.0
2013-09-19,173.52,173.6,172.59,172.76,140.783792547028,146510429,0.0000,1.0
2013-09-20,172.33,172.33,170.58,170.72,139.804230392414,132555427,0.8379,1.0
2013-09-23,170.49,170.65,169.39,169.93,139.157291884858,104534720,0.0000,1.0
2013-09-24,169.9,170.53,169.21,169.53,138.829728083563,101097962,0.0000,1.0
2013-09-25,169.64,169.98,168.89,169.04,138.428462426978,117195118,0.0000,1.0
2013-09-26,169.32,170.17,169.05,169.69,138.960753604081,77036992,0.0000,1.0
2013-09-27,168.84,169.14,168.47,168.91,138.322004191557,98644882,0.0000,1.0
2013-09-30,167.48,168.54,167.15,168.01,137.584985638645,143620138,0.0000,1.0
2013-10-01,168.14,169.5,167.97,169.34,138.674135277949,126997489,0.0000,1.0
2013-10-02,168.35,169.34,167.83,169.18,138.543109757431,112859880,0.0000,1.0
2013-10-03,168.79,168.94,166.84,167.62,137.265610932383,176563533,0.0000,1.0
2013-10-04,167.75,169.06,167.53,168.89,138.305626001492,96853649,0.0000,1.0
2013-10-07,167.42,168.45,167.25,167.43,137.110018126768,96070316,0.0000,1.0
2013-10-08,167.4,167.62,165.36,165.48,135.513144595458,178558678,0.0000,1.0
2013-10-09,165.8,166.2,164.53,165.6,135.611413735847,168271554,0.0000,1.0
2013-10-10,167.29,169.26,167.23,169.17,138.534920662398,194021164,0.0000,1.0
2013-10-11,168.91,170.32,168.77,170.26,139.427532020925,104967037,0.0000,1.0
2013-10-14,169.21,171.08,169.08,170.94,139.984390483126,111901876,0.0000,1.0
2013-10-15,170.51,171.15,169.47,169.7,138.968942699113,153958055,0.0000,1.0
2013-10-16,170.72,172.16,170.64,172.07,140.909758221782,161058684,0.0000,1.0
2013-10-17,171.37,173.32,171.34,173.22,141.851504150503,129004482,0.0000,1.0
2013-10-18,173.86,174.51,173.51,174.39,142.809628269289,138269996,0.0000,1.0
2013-10-21,174.45,174.75,174.01,174.4,142.817817364322,104054017,0.0000,1.0
2013-10-22,174.91,175.93,174.43,175.41,143.64491596259,126536379,0.0000,1.0
2013-10-23,174.81,174.89,173.96,174.57,142.957031979872,105370556,0.0000,1.0
2013-10-24,174.92,175.37,174.51,175.15,143.431999491749,70144619,0.0000,1.0
2013-10-25,175.51,176.0,175.17,175.95,144.087127094337,93571048,0.0000,1.0
2013-10-28,175.89,176.47,175.7,176.23,144.316421755243,84672528,0.0000,1.0
2013-10-29,176.63,177.24,176.38,177.17,145.086196688285,87248072,0.0000,1.0
2013-10-30,177.38,177.51,175.66,176.29,144.365556325437,139662588,0.0000,1.0
2013-10-31,176.15,176.89,175.53,175.79,143.956101573819,133367094,0.0000,1.0
2013-11-01,176.02,176.61,175.22,176.21,144.300043565178,142775416,0.0000,1.0
2013-11-04,176.69,176.9,175.98,176.83,144.807767457185,85486867,0.0000,1.0
2013-11-05,176.14,176.75,175.57,176.27,144.349178135373,85601525,0.0000,1.0
2013-11-06,177.03,177.5,176.54,177.17,145.086196688285,87129195,0.0000,1.0
2013-11-07,177.5,177.64,174.76,174.93,143.251839401037,156202030,0.0000,1.0
2013-11-08,174.87,177.31,174.85,177.29,145.184465828673,136681130,0.0000,1.0
2013-11-11,177.12,177.53,176.91,177.32,145.20903311377,66300304,0.0000,1.0
2013-11-12,176.94,177.36,176.37,176.96,144.914225692605,83808745,0.0000,1.0
2013-11-13,176.09,178.43,176.09,178.38,146.0770771872,103057956,0.0000,1.0
2013-11-14,178.54,179.42,178.25,179.27,146.80590664508,103190954,0.0000,1.0
2013-11-15,179.56,180.12,179.33,180.05,147.444656057604,102818190,0.0000,1.0
2013-11-18,180.35,180.5,179.02,179.42,146.928743070565,104796009,0.0000,1.0
2013-11-19,179.33,179.87,178.72,179.03,146.609368364303,93891416,0.0000,1.0
2013-11-20,179.39,179.93,177.98,178.47,146.150779042491,124908601,0.0000,1.0
2013-11-21,178.97,180.05,178.86,179.91,147.330008727151,92841271,0.0000,1.0
2013-11-22,179.98,180.83,179.77,180.81,148.067027280063,81295887,0.0000,1.0
2013-11-25,181.13,181.17,180.37,180.63,147.919623569481,79485709,0.0000,1.0
2013-11-26,180.72,181.22,180.41,180.68,147.960569044642,86993560,0.0000,1.0
2013-11-27,180.87,181.24,180.65,181.12,148.320889226066,58800056,0.0000,1.0
2013-11-29,181.32,181.75,180.8,181.0,148.222620085678,55870903,0.0000,1.0
2013-12-02,181.09,181.43,180.25,180.53,147.837732619157,99725781,0.0000,1.0
2013-12-03,179.94,180.39,179.17,179.75,147.198983206633,116563302,0.0000,1.0
2013-12-04,179.1,180.48,178.35,179.73,147.182605016568,123032637,0.0000,1.0
2013-12-05,179.41,179.74,178.77,178.94,146.535666509012,106934067,0.0000,1.0
2013-12-06,180.67,181.11,180.15,180.94,148.173485515484,127727518,0.0000,1.0
2013-12-09,181.47,181.67,181.16,181.4,148.550183886972,70123608,0.0000,1.0
2013-12-10,180.98,181.36,180.64,180.75,148.017892709869,80976207,0.0000,1.0
2013-12-11,180.82,180.85,178.5,178.72,146.3555064183,130590810,0.0000,1.0
2013-12-12,178.64,178.86,177.76,178.13,145.872349811391,115564840,0.0000,1.0
2013-12-13,178.5,178.66,177.77,178.11,145.855971621326,107807610,0.0000,1.0
2013-12-16,178.95,179.81,178.9,179.22,146.764961169918,96194790,0.0000,1.0
2013-12-17,179.38,179.41,178.25,178.65,146.298182753074,89886224,0.0000,1.0
2013-12-18,178.92,181.73,177.32,181.7,148.795856737943,234906482,0.0000,1.0
2013-12-19,181.18,181.7,180.71,181.49,148.623885742263,136298872,0.0000,1.0
2013-12-20,180.69,181.99,180.57,181.56,149.483945448037,197086908,0.9802,1.0
2013-12-23,182.45,182.64,182.07,182.53,150.282576352887,85597541,0.0000,1.0
2013-12-24,182.54,183.01,182.53,182.93,150.611908684784,45368841,0.0000,1.0
2013-12-26,183.34,183.96,183.32,183.86,151.377606356444,63365227,0.0000,1.0
2013-12-27,184.1,184.18,183.66,183.85,151.369373048147,61813841,0.0000,1.0
2013-12-30,183.87,184.02,183.58,183.82,151.344673123255,56857458,0.0000,1.0
2013-12-31,184.07,184.69,183.93,184.69,152.060970945131,86247638,0.0000,1.0
2014-01-02,183.98,184.07,182.48,182.92,150.603675376487,119636836,0.0000,1.0
2014-01-03,183.23,183.6,182.63,182.89,150.578975451594,81390502,0.0000,1.0
2014-01-06,183.49,183.56,182.08,182.36,150.142610111831,108028139,0.0000,1.0
2014-01-07,183.09,183.79,182.95,183.48,151.064740641142,86144169,0.0000,1.0
2014-01-08,183.45,183.83,182.89,183.52,151.097673874332,96582234,0.0000,1.0
2014-01-09,184.11,184.13,182.8,183.64,151.196473573901,90683302,0.0000,1.0
2014-01-10,183.95,184.22,183.01,184.14,151.608138988772,102026318,0.0000,1.0
2014-01-13,183.67,184.18,181.34,181.69,149.590978455903,149891938,0.0000,1.0
2014-01-14,182.29,183.77,181.95,183.67,151.221173498793,105016055,0.0000,1.0
2014-01-15,184.1,184.94,183.71,184.66,152.036271020238,98525721,0.0000,1.0
2014-01-16,184.28,184.66,183.83,184.42,151.8386716211,72290520,0.0000,1.0
2014-01-17,184.1,184.45,183.32,183.64,151.196473573901,107848616,0.0000,1.0
2014-01-21,184.7,184.77,183.05,184.18,151.641072221962,88621138,0.0000,1.0
2014-01-22,184.49,184.57,183.91,184.3,151.739871921531,61270816,0.0000,1.0
2014-01-23,183.37,183.4,181.82,182.79,150.49664236862,132496880,0.0000,1.0
2014-01-24,181.6,181.66,178.83,178.89,147.285652132625,208677093,0.0000,1.0
2014-01-27,179.06,179.52,177.12,178.01,146.561121002451,180843004,0.0000,1.0
2014-01-28,178.14,179.3,178.12,179.07,147.433851681978,110463152,0.0000,1.0
2014-01-29,177.58,178.55,176.88,177.35,146.017722654821,216597269,0.0000,1.0
2014-01-30,178.83,179.81,178.26,179.23,147.565584614737,118938051,0.0000,1.0
2014-01-31,177.01,179.29,176.92,178.18,146.701087243507,194677861,0.0000,1.0
2014-02-03,177.97,178.37,173.83,174.17,143.39953061624,254837004,0.0000,1.0
2014-02-04,174.95,175.84,174.11,175.39,144.403994228526,165012351,0.0000,1.0
2014-02-05,174.78,175.56,173.71,175.17,144.222861445983,164230470,0.0000,1.0
2014-02-06,175.58,177.48,175.22,177.48,146.124755662688,132877526,0.0000,1.0
2014-02-07,178.31,179.87,177.73,179.68,147.936083488121,170787197,0.0000,1.0
2014-02-10,179.7,180.07,179.21,180.01,148.207782661936,92218729,0.0000,1.0
2014-02-11,180.16,182.44,180.04,181.98,149.829744396529,117814009,0.0000,1.0
2014-02-12,182.25,182.83,181.71,182.07,149.903844171205,94717638,0.0000,1.0
2014-02-13,180.84,183.2,180.83,183.01,150.677775151163,100542155,0.0000,1.0
2014-02-14,182.84,184.36,182.67,184.02,151.509339289203,96498305,0.0000,1.0
2014-02-18,184.18,184.49,183.65,184.24,151.690472071747,80460878,0.0000,1.0
2014-02-19,183.76,184.95,182.87,183.02,150.686008459461,126524261,0.0000,1.0
2014-02-20,183.27,184.52,182.6,184.1,151.575205755583,104998099,0.0000,1.0
2014-02-21,184.45,184.89,183.8,183.89,151.402306281337,118116359,0.0000,1.0
2014-02-24,184.28,186.15,184.2,184.91,152.242103727674,114063868,0.0000,1.0
2014-02-25,185.06,185.59,184.23,184.84,152.184470569592,117084901,0.0000,1.0
2014-02-26,185.11,185.6,184.33,184.85,152.192703877889,98677144,0.0000,1.0
2014-02-27,184.58,185.87,184.37,185.82,152.99133478274,93880780,0.0000,1.0
2014-02-28,185.79,187.15,185.05,186.29,153.378300272719,150842000,0.0000,1.0
2014-03-03,184.65,185.45,183.75,184.98,152.299736885756,167448668,0.0000,1.0
2014-03-04,186.79,187.98,186.75,187.58,154.440397043086,167545852,0.0000,1.0
2014-03-05,187.74,188.07,187.45,187.75,154.580363284142,88376859,0.0000,1.0
2014-03-06,188.21,188.61,187.78,188.18,154.934395540932,82516500,0.0000,1.0
2014-03-07,188.96,188.96,187.43,188.26,155.000262007311,114513432,0.0000,1.0
2014-03-10,187.97,188.23,187.08,188.16,154.917928924337,74939176,0.0000,1.0
2014-03-11,188.44,188.71,186.8,187.23,154.152231252676,99009013,0.0000,1.0
2014-03-12,186.32,187.35,185.9,187.28,154.193397794164,104824323,0.0000,1.0
2014-03-13,187.84,187.99,184.66,185.18,152.464403051704,155014237,0.0000,1.0
2014-03-14,184.85,185.8,184.44,184.66,152.036271020238,153919598,0.0000,1.0
2014-03-17,185.59,186.77,185.51,186.33,153.411233505908,98359454,0.0000,1.0
2014-03-18,186.71,187.91,186.51,187.66,154.506263509466,101804519,0.0000,1.0
2014-03-19,187.68,187.94,185.47,186.66,153.682932679723,176267253,0.0000,1.0
2014-03-20,186.25,187.89,185.92,187.75,154.580363284142,117240972,0.0000,1.0
2014-03-21,187.71,189.02,186.03,186.2,153.983127333556,163127905,0.8246,1.0
2014-03-24,186.84,187.07,184.62,185.43,153.346355002477,121411145,0.0000,1.0
2014-03-25,186.37,186.94,185.27,186.31,154.074094809424,103851737,0.0000,1.0
2014-03-26,187.04,187.34,184.92,184.97,152.965945557937,119842897,0.0000,1.0
2014-03-27,184.75,185.34,183.9,184.58,152.643424507131,142382757,0.0000,1.0
2014-03-28,185.11,186.42,185.0,185.49,153.395973625678,101641547,0.0000,1.0
2014-03-31,186.67,187.3,185.52,187.01,154.652978746768,99744911,0.0000,1.0
2014-04-01,187.62,188.36,187.0,188.25,155.678430292921,89193125,0.0000,1.0
2014-04-02,188.49,189.13,188.14,188.88,156.199425836531,78680761,0.0000,1.0
2014-04-03,189.17,189.22,188.05,188.63,155.992681573193,77435320,0.0000,1.0
2014-04-04,189.66,189.7,186.1,186.4,154.148522744225,169380705,0.0000,1.0
2014-04-07,185.95,186.26,183.96,184.34,152.444950014327,140802699,0.0000,1.0
2014-04-08,184.26,185.4,183.59,185.1,153.073452574872,112659755,0.0000,1.0
2014-04-09,185.6,187.15,185.06,187.09,154.719136911036,100253612,0.0000,1.0
2014-04-10,187.08,187.17,182.93,183.16,151.469117091375,172959331,0.0000,1.0
2014-04-11,182.14,183.42,181.31,181.51,150.10460495335,167250792,0.0000,1.0
2014-04-14,182.93,183.37,181.44,182.94,151.287182139638,132381601,0.0000,1.0
2014-04-15,183.32,184.33,181.51,184.2,152.329173226858,157092533,0.0000,1.0
2014-04-16,185.47,186.14,184.65,186.13,153.925238939821,105196633,0.0000,1.0
2014-04-17,185.88,186.91,185.56,186.39,154.140252973692,105254649,0.0000,1.0
2014-04-21,186.44,187.1,186.21,187.04,154.677788058369,68329343,0.0000,1.0
2014-04-22,187.23,188.4,187.13,187.89,155.380718553715,85790307,0.0000,1.0
2014-04-23,187.82,187.92,187.3,187.45,155.016848650242,73869384,0.0000,1.0
2014-04-24,188.37,188.39,186.93,187.83,155.331099930514,88169916,0.0000,1.0
2014-04-25,187.22,187.33,185.87,186.29,154.057555268357,100380205,0.0000,1.0
2014-04-28,187.05,187.69,184.96,186.88,154.545471729833,135121094,0.0000,1.0
2014-04-29,187.48,188.04,187.08,187.75,155.264941766246,84097551,0.0000,1.0
2014-04-30,187.44,188.5,187.18,188.31,155.728048916122,101507717,0.0000,1.0
2014-05-01,188.22,188.84,187.73,188.33,155.744588457189,93019095,0.0000,1.0
2014-05-02,188.31,189.14,187.78,188.06,155.521304652784,98121662,0.0000,1.0
2014-05-05,187.14,188.55,186.62,188.42,155.81901639199,75882739,0.0000,1.0
2014-05-06,188.0,188.13,186.74,186.78,154.462774024498,85454226,0.0000,1.0
2014-05-07,187.41,187.97,186.01,187.88,155.372448783182,106500480,0.0000,1.0
2014-05-08,187.71,189.05,187.08,187.68,155.207053372512,93617513,0.0000,1.0
2014-05-09,187.71,188.04,186.83,187.96,155.43860694745,83678568,0.0000,1.0
2014-05-12,188.8,189.88,188.0,189.79,156.951974955078,86940045,0.0000,1.0
2014-05-13,190.04,190.42,189.77,189.96,157.092561054147,66453965,0.0000,1.0
2014-05-14,189.79,189.88,188.79,189.06,156.348281706133,72366848,0.0000,1.0
2014-05-15,188.68,188.72,186.48,187.4,154.975499797574,154956399,0.0000,1.0
2014-05-16,187.51,188.13,186.72,188.05,155.513034882251,97457678,0.0000,1.0
2014-05-19,187.69,188.89,187.52,188.74,156.083649049062,63839398,0.0000,1.0
2014-05-20,188.65,188.67,187.07,187.55,155.099546355577,111644478,0.0000,1.0
2014-05-21,188.09,189.22,188.06,189.13,156.406170099868,89093285,0.0000,1.0
2014-05-22,189.18,189.98,188.86,189.59,156.786579544408,61549345,0.0000,1.0
2014-05-23,189.76,190.48,189.59,190.35,157.415082104953,60156088,0.0000,1.0
2014-05-27,191.06,191.58,190.95,191.52,158.382645257372,72010355,0.0000,1.0
2014-05-28,191.52,191.82,191.06,191.38,158.266868469903,66722865,0.0000,1.0
2014-05-29,191.82,192.4,191.33,192.37,159.085575752718,64376573,0.0000,1.0
2014-05-30,192.19,192.8,192.03,192.68,159.341938639256,76315640,0.0000,1.0
2014-06-02,192.95,192.99,191.97,192.9,159.523873590993,64655648,0.0000,1.0
2014-06-03,192.43,192.9,192.25,192.8,159.441175885658,65047193,0.0000,1.0
2014-06-04,192.47,193.3,192.27,193.19,159.763696936464,55529372,0.0000,1.0
2014-06-05,193.41,194.65,192.7,194.45,160.805688023684,92102592,0.0000,1.0
2014-06-06,194.87,195.43,194.78,195.38,161.574776683298,78696219,0.0000,1.0
2014-06-09,195.35,196.05,195.17,195.58,161.740172093968,65118828,0.0000,1.0
2014-06-10,195.34,195.64,194.92,195.6,161.756711635035,57129440,0.0000,1.0
2014-06-11,194.9,195.12,194.48,194.92,161.194367238758,68772479,0.0000,1.0
2014-06-12,194.69,194.8,193.11,193.54,160.053138905136,106350200,0.0000,1.0
2014-06-13,193.92,194.32,193.3,194.13,160.541055366612,82017278,0.0000,1.0
2014-06-16,193.89,194.7,193.66,194.29,160.673371695148,87424332,0.0000,1.0
2014-06-17,194.02,194.97,193.81,194.83,161.119939303956,84833876,0.0000,1.0
2014-06-18,194.83,196.37,194.4,196.26,162.302516490245,105266767,0.0000,1.0
2014-06-19,196.43,196.6,195.8,196.48,162.484451441982,85928920,0.0000,1.0
2014-06-20,196.03,196.1,195.7,195.94,162.812504969275,100587108,0.9367,1.0
2014-06-23,195.99,196.05,195.52,195.88,162.762649144542,70611486,0.0000,1.0
2014-06-24,195.53,196.5,194.48,194.7,161.782151258129,96236917,0.0000,1.0
2014-06-25,194.29,195.78,194.25,195.58,162.513370020878,82781912,0.0000,1.0
2014-06-26,195.61,195.63,194.13,195.44,162.397039763168,84311822,0.0000,1.0
2014-06-27,194.98,195.88,194.89,195.82,162.712793319809,71453616,0.0000,1.0
2014-06-30,195.7,196.17,195.53,195.72,162.629700278588,70504228,0.0000,1.0
2014-07-01,196.2,197.63,196.13,197.03,163.718219118588,90470121,0.0000,1.0
2014-07-02,197.05,197.48,196.96,197.23,163.884405201031,52474832,0.0000,1.0
2014-07-03,197.79,198.29,197.64,198.2,164.690407700879,52938832,0.0000,1.0
2014-07-07,197.82,197.98,197.22,197.51,164.117065716451,61696447,0.0000,1.0
2014-07-08,197.15,197.22,195.76,196.24,163.061784092939,108142552,0.0000,1.0
2014-07-09,196.73,197.3,196.31,197.12,163.793002855688,72992322,0.0000,1.0
2014-07-10,195.22,196.86,195.06,196.34,163.144877134161,99040407,0.0000,1.0
2014-07-11,196.22,196.75,195.78,196.61,163.369228345458,64243410,0.0000,1.0
2014-07-14,197.61,197.86,197.44,197.6,164.191849453551,58657919,0.0000,1.0
2014-07-15,197.72,198.1,196.36,197.23,163.884405201031,111346230,0.0000,1.0
2014-07-16,198.11,198.26,197.42,197.96,164.490984401948,80073242,0.0000,1.0
2014-07-17,197.35,198.1,195.43,195.71,162.621390974465,145398459,0.0000,1.0
2014-07-18,196.35,197.91,196.24,197.71,164.283251798894,124330419,0.0000,1.0
2014-07-21,197.09,197.5,196.43,197.34,163.975807546375,67591618,0.0000,1.0
2014-07-22,198.01,198.56,197.87,198.2,164.690407700879,67677602,0.0000,1.0
2014-07-23,198.5,198.85,198.1,198.64,165.056017082253,65611830,0.0000,1.0
2014-07-24,198.83,199.06,198.45,198.65,165.064326386376,56888093,0.0000,1.0
2014-07-25,198.09,198.26,197.33,197.72,164.291561103016,76837257,0.0000,1.0
2014-07-28,197.76,198.09,196.62,197.8,164.358035535993,69258785,0.0000,1.0
2014-07-29,198.17,198.45,196.92,196.95,163.651744685611,80466351,0.0000,1.0
2014-07-30,197.65,197.91,196.16,196.98,163.676672597978,104222452,0.0000,1.0
2014-07-31,195.61,195.78,192.97,193.09,160.444353294464,183479441,0.0000,1.0
2014-08-01,192.56,193.76,191.57,192.5,159.954104351257,189260864,0.0000,1.0
2014-08-04,192.87,194.3,192.05,193.89,161.109097624235,91340487,0.0000,1.0
2014-08-05,193.1,193.6,191.31,192.01,159.546948449272,152690379,0.0000,1.0
2014-08-06,191.11,192.89,191.08,192.07,159.596804274005,94818317,0.0000,1.0
2014-08-07,192.94,193.13,190.55,191.03,158.732636645302,135733421,0.0000,1.0
2014-08-08,191.46,193.37,190.95,193.24,160.568992856296,117014384,0.0000,1.0
2014-08-11,193.97,194.66,193.71,193.8,161.034313887136,74543691,0.0000,1.0
2014-08-12,193.61,194.15,192.94,193.53,160.809962675838,73631640,0.0000,1.0
2014-08-13,194.29,195.06,193.96,194.84,161.898481515839,68926041,0.0000,1.0
2014-08-14,195.16,195.76,194.98,195.76,162.662937495076,57370793,0.0000,1.0
2014-08-15,196.47,196.65,194.31,195.72,162.629700278588,139950669,0.0000,1.0
2014-08-18,196.8,197.45,196.69,197.36,163.992426154619,75424360,0.0000,1.0
2014-08-19,197.84,198.54,197.44,198.39,164.8482844792,59134709,0.0000,1.0
2014-08-20,198.12,199.16,198.08,198.92,165.288677597673,72762541,0.0000,1.0
2014-08-21,199.09,199.76,198.93,199.5,165.770617236758,67790690,0.0000,1.0
2014-08-22,199.34,199.69,198.74,199.19,165.513028808971,76107359,0.0000,1.0
2014-08-25,200.14,200.59,199.15,200.2,166.352268525308,63855022,0.0000,1.0
2014-08-26,200.33,200.82,200.28,200.33,166.460289478896,47298324,0.0000,1.0
2014-08-27,200.43,200.57,199.94,200.25,166.393815045919,47873708,0.0000,1.0
2014-08-28,199.59,200.27,199.39,200.14,166.302412700575,58330373,0.0000,1.0
2014-08-29,200.45,200.73,199.82,200.71,166.776043035537,65906598,0.0000,1.0
2014-09-02,200.97,201.0,199.86,200.61,166.692949994316,72425793,0.0000,1.0
2014-09-03,201.38,201.41,200.22,200.5,166.601547648972,57461742,0.0000,1.0
2014-09-04,200.84,201.58,199.66,200.21,166.36057782943,85236442,0.0000,1.0
2014-09-05,200.17,201.19,199.41,201.11,167.108415200423,102176784,0.0000,1.0
2014-09-08,200.92,201.21,200.0,200.59,166.676331386071,64145745,0.0000,1.0
2014-09-09,200.41,200.55,198.91,199.32,165.621049762559,88590876,0.0000,1.0
2014-09-10,199.43,200.2,198.77,200.07,166.24424757172,67251103,0.0000,1.0
2014-09-11,199.27,200.33,199.12,200.3,166.435361566529,66823558,0.0000,1.0
2014-09-12,200.1,200.12,198.56,199.13,165.463172984238,117478516,0.0000,1.0
2014-09-15,199.16,199.32,198.38,198.98,165.338533422406,76401421,0.0000,1.0
2014-09-16,198.61,200.84,198.5,200.48,166.584929040728,116200722,0.0000,1.0
2014-09-17,200.77,201.68,199.75,200.75,166.809280252026,151265896,0.0000,1.0
2014-09-18,201.36,201.85,201.1,201.82,167.698375793095,94990300,0.0000,1.0
2014-09-19,201.52,201.9,200.29,200.7,167.548135265263,121649147,0.9392,1.0
2014-09-22,200.35,200.38,198.73,199.15,166.254166109004,125552758,0.0000,1.0
2014-09-23,198.43,199.26,197.95,198.01,165.302472665046,111393319,0.0000,1.0
2014-09-24,198.04,199.69,197.52,199.56,166.596441821304,107275635,0.0000,1.0
2014-09-25,199.04,199.05,196.27,196.34,163.908325251528,150300028,0.0000,1.0
2014-09-26,196.7,198.39,196.42,197.9,165.210642595892,103546740,0.0000,1.0
2014-09-29,196.2,197.89,196.05,197.54,164.910107824115,95111605,0.0000,1.0
2014-09-30,197.69,198.3,196.61,197.02,164.476002042661,131302082,0.0000,1.0
2014-10-01,196.7,196.77,193.91,194.35,162.247035818654,177797862,0.0000,1.0
2014-10-02,194.18,195.06,192.35,194.38,162.272080382968,157285182,0.0000,1.0
2014-10-03,195.68,196.94,195.08,196.52,164.058592637416,121568769,0.0000,1.0
2014-10-06,197.34,197.6,195.58,196.29,163.866584311003,104778335,0.0000,1.0
2014-10-07,195.28,195.72,193.22,193.26,161.33708331522,147913498,0.0000,1.0
2014-10-08,193.37,196.92,192.36,196.64,164.158770894675,186461453,0.0000,1.0
2014-10-09,196.33,196.6,192.58,192.74,160.902977533765,210704601,0.0000,1.0
2014-10-10,192.69,193.65,190.49,190.54,159.066376150688,221908954,0.0000,1.0
2014-10-13,190.46,191.15,187.3,187.41,156.453393273856,230938833,0.0000,1.0
2014-10-14,188.42,189.82,187.04,187.7,156.695490728898,215846527,0.0000,1.0
2014-10-15,185.16,187.69,181.92,186.43,155.635270839576,380714598,0.0000,1.0
2014-10-16,183.06,187.58,182.89,186.27,155.501699829898,270391488,0.0000,1.0
2014-10-17,188.42,189.75,187.62,188.47,157.338301212975,214624921,0.0000,1.0
2014-10-20,188.13,190.45,188.07,190.3,158.866019636171,130010813,0.0000,1.0
2014-10-21,191.68,194.2,191.48,194.07,162.013286551716,154948579,0.0000,1.0
2014-10-22,194.41,194.91,192.61,192.69,160.861236593241,151822409,0.0000,1.0
2014-10-23,194.62,196.2,194.26,194.93,162.731230728738,154944169,0.0000,1.0
2014-10-24,195.25,196.49,194.49,196.43,163.983458944472,117927286,0.0000,1.0
2014-10-27,195.73,196.45,195.03,196.16,163.75805786564,82953689,0.0000,1.0
2014-10-28,196.82,198.42,196.73,198.41,165.636400189241,106735936,0.0000,1.0
2014-10-29,198.55,199.12,196.8,198.11,165.385954546094,142557417,0.0000,1.0
2014-10-30,197.58,199.95,197.4,199.38,166.446174435416,113329976,0.0000,1.0
2014-10-31,201.78,201.82,200.77,201.66,168.349561323333,146902554,0.0000,1.0
2014-11-03,201.92,202.45,201.31,201.77,168.441391392486,93734143,0.0000,1.0
2014-11-04,201.23,201.6,200.06,201.07,167.857018225144,93342777,0.0000,1.0
2014-11-05,202.54,202.59,201.45,202.34,168.917238114465,91708574,0.0000,1.0
2014-11-06,202.39,203.26,201.64,203.15,169.593441350962,107089076,0.0000,1.0
2014-11-07,203.17,203.6,202.61,203.34,169.752056924955,89539712,0.0000,1.0
2014-11-10,203.38,204.04,203.13,203.98,170.286340963668,66318964,0.0000,1.0
2014-11-11,204.06,204.31,203.65,204.18,170.453304725766,54499375,0.0000,1.0
2014-11-12,203.35,204.24,203.31,203.96,170.269644587459,90120295,0.0000,1.0
2014-11-13,204.16,204.83,203.21,204.19,170.461652913871,85357918,0.0000,1.0
2014-11-14,204.1,204.49,203.72,204.24,170.503393854396,80417514,0.0000,1.0
2014-11-17,203.85,204.58,203.65,204.37,170.611920299759,80440954,0.0000,1.0
2014-11-18,204.44,205.92,204.44,205.55,171.597006496137,76068107,0.0000,1.0
2014-11-19,205.31,205.55,204.3,205.22,171.321516288676,82373009,0.0000,1.0
2014-11-20,204.26,205.71,204.18,205.58,171.622051060452,72840326,0.0000,1.0
2014-11-21,207.64,207.84,205.98,206.68,172.54035175199,142327285,0.0000,1.0
2014-11-24,207.17,207.39,206.91,207.26,173.024546662074,65880759,0.0000,1.0
2014-11-25,207.54,207.79,206.8,207.11,172.899323840501,79108301,0.0000,1.0
2014-11-26,207.29,207.76,207.03,207.64,173.34177781006,62167832,0.0000,1.0
2014-11-28,207.49,207.87,206.91,207.2,172.974457533445,57890088,0.0000,1.0
2014-12-01,206.4,206.54,205.38,205.76,171.77231844634,103968354,0.0000,1.0
2014-12-02,205.81,207.34,205.78,207.09,172.882627464291,74507192,0.0000,1.0
2014-12-03,207.3,208.15,207.1,207.89,173.550482512683,68951968,0.0000,1.0
2014-12-04,207.54,208.27,206.7,207.66,173.35847418627,91316591,0.0000,1.0
2014-12-05,207.87,208.47,207.55,208.0,173.642312581837,91025470,0.0000,1.0
2014-12-08,207.52,208.12,205.93,206.61,172.481914435256,108588152,0.0000,1.0
2014-12-09,204.37,206.6,203.91,206.47,172.365039801788,125180054,0.0000,1.0
2014-12-10,205.91,205.98,202.93,203.16,169.601789539067,159856394,0.0000,1.0
2014-12-11,203.88,206.19,203.71,204.19,170.461652913871,159012805,0.0000,1.0
2014-12-12,202.64,203.82,200.85,200.89,167.706750839256,202330191,0.0000,1.0
2014-12-15,201.98,202.53,198.78,199.51,166.55470088078,189965750,0.0000,1.0
2014-12-16,198.58,202.4,197.86,197.91,165.218990783997,259543848,0.0000,1.0
2014-12-17,198.44,202.34,198.29,201.79,168.458087768696,253910092,0.0000,1.0
2014-12-18,204.740005,212.970001,203.919998,206.779999,172.62383279822,257633900,0.0000,1.0
2014-12-19,206.43,207.33,205.61,206.52,173.354233306713,245084590,1.1349,1.0
2014-12-22,206.75,207.47,206.46,207.47,174.151669495176,148318934,0.0000,1.0
2014-12-23,208.17,208.23,207.4,207.75,174.386703319144,122167931,0.0000,1.0
2014-12-24,208.02,208.34,207.72,207.77,174.403491449427,42963399,0.0000,1.0
2014-12-26,208.31,208.85,208.25,208.44,174.965893813922,57326703,0.0000,1.0
2014-12-29,208.22,208.97,208.14,208.72,175.20092763789,79643948,0.0000,1.0
2014-12-30,208.21,208.37,207.51,207.6,174.260792342018,73540761,0.0000,1.0
2014-12-31,207.99,208.19,205.39,205.54,172.531614922825,130333829,0.0000,1.0
2015-01-02,206.38,206.88,204.18,205.43,172.439280206266,121465865,0.0000,1.0
2015-01-05,204.17,204.37,201.35,201.72,169.325082038689,169632646,0.0000,1.0
2015-01-06,202.09,202.72,198.86,199.82,167.730209661763,209151408,0.0000,1.0
2015-01-07,201.42,202.72,200.88,202.31,169.820331882051,125346709,0.0000,1.0
2015-01-08,204.01,206.16,203.99,205.9,172.833801267927,147217784,0.0000,1.0
2015-01-09,206.4,206.42,203.51,204.25,171.448780519543,158567288,0.0000,1.0
2015-01-12,204.41,204.6,201.92,202.65,170.105730096869,144396067,0.0000,1.0
2015-01-13,204.12,205.48,200.51,202.08,169.627268383791,214553306,0.0000,1.0
2015-01-14,199.65,201.1,198.57,200.86,168.603192436502,192991092,0.0000,1.0
2015-01-15,201.63,202.01,198.88,199.02,167.058684450426,176613906,0.0000,1.0
2015-01-16,198.77,201.82,198.55,201.63,169.249535452414,211879605,0.0000,1.0
2015-01-20,202.4,202.72,200.17,202.06,169.610480253508,130991069,0.0000,1.0
2015-01-21,201.5,203.66,200.94,203.08,170.466674897963,122942707,0.0000,1.0
2015-01-22,203.99,206.26,202.33,206.1,173.001682570761,174356029,0.0000,1.0
2015-01-23,205.79,206.1,204.81,204.97,172.053153209747,117516753,0.0000,1.0
2015-01-26,204.71,205.56,203.85,205.45,172.456068336549,92009711,0.0000,1.0
2015-01-27,202.97,204.12,201.74,202.74,170.181276683144,134044598,0.0000,1.0
2015-01-28,204.17,204.29,199.91,200.14,167.998819746298,168514312,0.0000,1.0
2015-01-29,200.38,202.3,198.68,201.99,169.551721797516,173585424,0.0000,1.0
2015-01-30,200.57,202.17,199.13,199.45,167.41962925152,197729724,0.0000,1.0
2015-02-02,200.05,202.03,197.86,201.92,169.492963341524,163106969,0.0000,1.0
2015-02-03,203.0,204.85,202.55,204.84,171.944030362905,124212881,0.0000,1.0
2015-02-04,203.92,205.38,203.51,204.06,171.289293281851,134306728,0.0000,1.0
2015-02-05,204.86,206.3,204.77,206.12,173.018470701044,97953181,0.0000,1.0
2015-02-06,206.56,207.24,204.92,205.55,172.540008987966,125672026,0.0000,1.0
2015-02-09,204.77,205.64,204.14,204.63,171.767754994929,87219016,0.0000,1.0
2015-02-10,205.88,207.12,204.68,206.81,173.597661195823,96164183,0.0000,1.0
2015-02-11,206.61,207.45,205.83,206.93,173.698389977523,91087785,0.0000,1.0
2015-02-12,207.89,208.99,206.97,208.92,175.368808940725,97545949,0.0000,1.0
2015-02-13,209.07,209.84,208.76,209.78,176.090698542912,93670430,0.0000,1.0
2015-02-17,209.4,210.32,209.1,210.11,176.367702692589,76968199,0.0000,1.0
2015-02-18,209.66,210.22,209.34,210.13,176.384490822872,80652941,0.0000,1.0
2015-02-19,209.41,210.42,209.24,209.98,176.258579845747,91462491,0.0000,1.0
2015-02-20,209.48,211.33,208.73,211.24,177.316232053603,140896392,0.0000,1.0
2015-02-23,210.94,211.21,210.48,211.21,177.291049858178,74411054,0.0000,1.0
2015-02-24,211.12,212.05,210.76,211.81,177.79469376668,72472263,0.0000,1.0
2015-02-25,211.66,212.24,211.22,211.63,177.64360059413,73061687,0.0000,1.0
2015-02-26,211.52,211.71,210.65,211.38,177.433748965587,72697868,0.0000,1.0
2015-02-27,211.26,211.58,210.6,210.66,176.829376275383,108075972,0.0000,1.0
2015-03-02,210.78,212.06,210.72,211.99,177.945786939231,87491428,0.0000,1.0
2015-03-03,211.47,212.05,210.08,211.12,177.215503271902,110325809,0.0000,1.0
2015-03-04,210.4,210.49,209.06,210.23,176.468431474289,114497192,0.0000,1.0
2015-03-05,210.619995,210.800003,209.850006,210.460007,176.661500848394,76873000,0.0000,1.0
2015-03-06,210.46,210.46,207.1,207.5,174.176851690601,188127982,0.0000,1.0
2015-03-09,207.74,208.79,207.55,208.36,174.898741292789,89818893,0.0000,1.0
2015-03-10,206.71,206.81,204.93,204.98,172.061547274889,157121263,0.0000,1.0
2015-03-11,205.29,205.5,204.4,204.5,171.658632148086,110145718,0.0000,1.0
2015-03-12,205.26,207.18,205.2,207.1,173.841089084932,93993523,0.0000,1.0
2015-03-13,206.77,207.93,204.58,205.83,172.775042811934,162410893,0.0000,1.0
2015-03-16,206.71,208.69,205.86,208.58,175.083410725906,136099192,0.0000,1.0
2015-03-17,207.69,208.42,206.98,207.96,174.56297868712,94510422,0.0000,1.0
2015-03-18,207.39,211.27,206.62,210.46,176.661494972549,228808524,0.0000,1.0
2015-03-19,209.96,210.47,209.03,209.5,175.855664718944,117917302,0.0000,1.0
2015-03-20,209.71,211.02,209.49,210.41,177.400852624296,177715081,0.9308,1.0
2015-03-23,210.42,211.11,210.0,210.0,177.055173476081,71784536,0.0000,1.0
2015-03-24,209.85,210.4,208.74,208.82,176.06029202512,77805321,0.0000,1.0
2015-03-25,209.07,209.35,205.71,205.76,173.480345211612,159521708,0.0000,1.0
2015-03-26,204.96,206.37,204.12,205.27,173.067216473501,153067241,0.0000,1.0
2015-03-27,205.13,205.95,204.9,205.74,173.463482814138,118938966,0.0000,1.0
2015-03-30,206.979996,208.610001,206.960007,208.25,175.579713697114,96180400,0.0000,1.0
2015-03-31,207.26,208.1,206.36,206.43,174.045235526988,126768703,0.0000,1.0
2015-04-01,206.43,206.43,204.51,205.7,173.42975801919,137303584,0.0000,1.0
2015-04-02,205.62,206.98,205.4,206.44,174.053666725725,86900906,0.0000,1.0
2015-04-06,206.44,208.45,205.21,207.83,175.225603350162,114368155,0.0000,1.0
2015-04-07,207.86,208.76,207.24,207.28,174.761887419629,81236337,0.0000,1.0
2015-04-08,207.55,208.51,207.08,207.98,175.352071331216,89351939,0.0000,1.0
2015-04-09,207.78,209.18,207.19,208.9,176.127741615016,85548854,0.0000,1.0
2015-04-10,209.2,210.09,208.96,210.04,177.088898271029,72722915,0.0000,1.0
2015-04-13,209.87,210.63,209.03,209.09,176.287934391018,74436594,0.0000,1.0
2015-04-14,208.85,209.71,208.1,209.49,176.625182340496,75099866,0.0000,1.0
2015-04-15,210.05,211.04,209.95,210.43,177.41771502177,99529320,0.0000,1.0
2015-04-16,210.03,210.98,209.79,210.37,177.367127829349,68934864,0.0000,1.0
2015-04-17,208.94,209.23,207.01,207.95,175.326777735005,191113230,0.0000,1.0
2015-04-20,209.06,210.25,208.96,209.85,176.928705495027,92189481,0.0000,1.0
2015-04-21,210.67,210.86,209.24,209.6,176.717925526603,72559831,0.0000,1.0
2015-04-22,210.01,210.85,208.9,210.63,177.586338996509,78264616,0.0000,1.0
2015-04-23,210.15,211.94,210.01,211.16,178.033192529568,102585942,0.0000,1.0
2015-04-24,211.66,211.97,211.11,211.65,178.446321267679,61327387,0.0000,1.0
2015-04-27,212.33,212.48,210.54,210.77,177.704375778827,79358126,0.0000,1.0
2015-04-28,210.74,211.5,209.33,211.44,178.269266094203,86863531,0.0000,1.0
2015-04-29,211.44,211.44,209.6,210.57,177.535751804088,125684903,0.0000,1.0
2015-04-30,209.88,210.35,207.62,208.46,175.75676887059,161304890,0.0000,1.0
2015-05-01,209.4,210.77,209.28,210.72,177.662219785142,103399711,0.0000,1.0
2015-05-04,211.23,212.02,211.1,211.32,178.168091709359,70927235,0.0000,1.0
2015-05-05,211.03,211.46,208.73,208.9,176.127741615016,113326156,0.0000,1.0
2015-05-06,209.56,209.93,206.76,208.04,175.402658523638,135060151,0.0000,1.0
2015-05-07,207.92,209.38,207.52,208.87,176.102448018805,88244940,0.0000,1.0
2015-05-08,210.88,211.86,210.78,211.62,178.421027671468,155877260,0.0000,1.0
2015-05-11,211.57,211.89,210.52,210.61,177.569476599035,75708065,0.0000,1.0
2015-05-12,209.61,210.63,208.62,209.98,177.038311078607,119727592,0.0000,1.0
2015-05-13,210.47,211.22,209.74,210.02,177.072035873555,94667943,0.0000,1.0
2015-05-14,211.24,212.32,210.91,212.21,178.918468396948,95934006,0.0000,1.0
2015-05-15,212.44,212.61,211.86,212.44,179.112385967898,76510099,0.0000,1.0
2015-05-18,212.24,213.4,212.16,213.1,179.668845084538,74549685,0.0000,1.0
2015-05-19,213.24,213.57,212.69,213.03,179.609826693379,72114610,0.0000,1.0
2015-05-20,213.15,213.78,212.5,212.88,179.483358712325,76857530,0.0000,1.0
2015-05-21,212.71,213.75,212.51,213.5,180.006093034016,64764585,0.0000,1.0
2015-05-22,213.04,213.54,212.91,212.99,179.576101898431,57433495,0.0000,1.0
2015-05-26,212.4,212.91,210.2,210.7,177.645357387668,124308584,0.0000,1.0
2015-05-27,211.25,212.98,210.76,212.7,179.331597135059,93213981,0.0000,1.0
2015-05-28,212.33,212.59,211.63,212.46,179.129248365372,74974560,0.0000,1.0
2015-05-29,212.38,212.43,210.82,211.14,178.016330132094,124919611,0.0000,1.0
2015-06-01,211.94,212.34,210.62,211.57,178.378871677783,93338750,0.0000,1.0
2015-06-02,211.02,212.19,210.27,211.36,178.201816504307,91531012,0.0000,1.0
2015-06-03,212.0,212.67,211.33,211.92,178.673963633577,87820909,0.0000,1.0
2015-06-04,211.07,211.86,209.75,210.13,177.164779059662,151882820,0.0000,1.0
2015-06-05,209.95,210.58,208.98,209.77,176.861255905131,121704676,0.0000,1.0
2015-06-08,209.64,209.82,208.39,208.42,175.723044075642,89063330,0.0000,1.0
2015-06-09,208.45,209.1,207.69,208.45,175.748337671853,105034690,0.0000,1.0
2015-06-10,209.37,211.41,209.3,210.96,177.864568554829,134551285,0.0000,1.0
2015-06-11,211.48,212.09,211.2,211.65,178.446321267679,73876447,0.0000,1.0
2015-06-12,210.64,211.48,209.68,209.93,176.996155084922,135382369,0.0000,1.0
2015-06-15,208.64,209.45,207.79,209.1,176.296365589755,124384184,0.0000,1.0
2015-06-16,208.93,210.35,208.72,210.25,177.265953444505,85308227,0.0000,1.0
2015-06-17,210.59,211.32,209.36,210.59,177.552614201562,126708635,0.0000,1.0
2015-06-18,211.31,213.34,210.63,212.71,179.340028333796,165867949,0.0000,1.0
2015-06-19,211.46,211.55,210.36,210.81,178.606573062072,130478689,1.0301,1.0
2015-06-22,211.91,212.59,211.64,211.89,179.521591794139,70696027,0.0000,1.0
2015-06-23,212.14,212.44,211.57,212.05,179.657150124816,68476797,0.0000,1.0
2015-06-24,211.72,212.17,210.47,210.51,178.352401192054,92307318,0.0000,1.0
2015-06-25,211.1,211.25,209.77,209.83,177.776278286678,97107361,0.0000,1.0
2015-06-26,210.29,210.58,209.16,209.9,177.835585056349,104174840,0.0000,1.0
2015-06-29,208.05,209.83,205.33,205.47,174.082313775741,202621332,0.0000,1.0
2015-06-30,207.26,207.32,205.28,205.89,174.438154393767,182925106,0.0000,1.0
2015-07-01,207.73,208.03,206.56,207.57,175.861516865871,135979873,0.0000,1.0
2015-07-02,208.07,208.27,206.81,207.32,175.649706974189,104373652,0.0000,1.0
2015-07-06,205.77,207.65,205.53,206.67,175.099001255816,117975369,0.0000,1.0
2015-07-07,206.96,208.17,204.11,208.01,176.234302275232,173820249,0.0000,1.0
2015-07-08,206.42,206.76,204.25,204.53,173.285908583016,164020059,0.0000,1.0
2015-07-09,207.04,207.35,204.77,204.8,173.514663266033,144113107,0.0000,1.0
2015-07-10,207.29,207.98,204.95,207.48,175.785265304866,129456890,0.0000,1.0
2015-07-13,208.99,209.9,208.94,209.76,177.716971517007,106069400,0.0000,1.0
2015-07-14,209.72,211.05,209.65,210.72,178.530321501067,81709575,0.0000,1.0
2015-07-15,210.73,211.28,210.04,210.63,178.454069940061,97914141,0.0000,1.0
2015-07-16,211.87,212.3,211.58,212.27,179.843542829496,106683266,0.0000,1.0
2015-07-17,212.29,212.55,211.8,212.47,180.012990742842,89029973,0.0000,1.0
2015-07-20,212.75,213.18,212.21,212.62,180.140076677851,70446821,0.0000,1.0
2015-07-21,212.43,212.74,211.39,211.76,179.411450650465,77965048,0.0000,1.0
2015-07-22,210.93,211.77,210.89,211.29,179.013248054102,88667920,0.0000,1.0
2015-07-23,211.53,211.65,209.75,210.14,178.038922552364,90509128,0.0000,1.0
2015-07-24,210.3,210.37,207.6,207.94,176.174995505561,117754979,0.0000,1.0
2015-07-27,208.0,208.0,206.26,206.74,175.158308025487,132361082,0.0000,1.0
2015-07-28,207.79,209.5,206.8,209.31,177.335713711979,123544845,0.0000,1.0
2015-07-29,209.48,211.04,209.31,210.77,178.572683479403,105791255,0.0000,1.0
2015-07-30,210.16,211.02,209.42,210.82,178.61504545774,91304374,0.0000,1.0
2015-07-31,211.42,211.45,210.16,210.45,178.30156681805,103266857,0.0000,1.0
2015-08-03,210.46,210.53,208.65,209.73,177.691554330005,113965728,0.0000,1.0
2015-08-04,209.7,210.25,208.8,209.32,177.344186107647,81820823,0.0000,1.0
2015-08-05,210.45,211.31,209.73,210.1,178.005032969695,85786817,0.0000,1.0
2015-08-06,210.29,210.42,207.65,208.35,176.52236372792,116030803,0.0000,1.0
2015-08-07,208.16,208.34,206.87,207.92,176.158050714226,117857956,0.0000,1.0
2015-08-10,209.28,210.67,209.28,210.63,178.454069940061,80270676,0.0000,1.0
2015-08-11,208.97,209.47,207.76,208.66,176.785007993606,126081377,0.0000,1.0
2015-08-12,207.11,209.14,205.36,208.92,177.005290280955,172123672,0.0000,1.0
2015-08-13,208.73,209.55,208.01,208.7,176.818897576275,89383253,0.0000,1.0
2015-08-14,208.43,209.51,208.26,209.36,177.378075690316,72786528,0.0000,1.0
2015-08-17,208.71,210.59,208.16,210.56,178.39476317039,79072643,0.0000,1.0
2015-08-18,210.26,210.68,209.7,209.93,177.861002243351,71692678,0.0000,1.0
2015-08-19,209.09,210.01,207.35,208.28,176.463056958249,172864412,0.0000,1.0
2015-08-20,206.51,208.29,203.9,204.01,172.845344008317,194327884,0.0000,1.0
2015-08-21,201.73,203.94,197.52,197.63,167.439955572588,346588469,0.0000,1.0
2015-08-24,187.490005,197.479996,182.399994,189.5,160.551897895084,507244300,0.0000,1.0
2015-08-25,195.43,195.45,186.92,187.23,158.62866407861,369833071,0.0000,1.0
2015-08-26,192.08,194.79,188.37,194.68,164.940598850739,339256986,0.0000,1.0
2015-08-27,197.02,199.42,195.21,199.16,168.736232109683,274143906,0.0000,1.0
2015-08-28,198.5,199.84,197.92,199.24,168.804011275022,160414352,0.0000,1.0
2015-08-31,198.11,199.13,197.01,197.54,167.363704011583,163298816,0.0000,1.0
2015-09-01,193.12,194.77,190.73,191.77,162.475131711558,256000392,0.0000,1.0
2015-09-02,194.62,195.46,192.42,195.41,165.559083734451,160269331,0.0000,1.0
2015-09-03,196.26,198.05,194.96,195.65,165.762421230466,152087836,0.0000,1.0
2015-09-04,192.85,193.86,191.61,192.59,163.169868156276,207080961,0.0000,1.0
2015-09-08,195.94,197.61,195.17,197.46,167.295924846244,116025739,0.0000,1.0
2015-09-09,199.32,199.47,194.35,194.76,165.008378016077,149347735,0.0000,1.0
2015-09-10,194.56,197.22,194.25,195.85,165.931869143811,158611063,0.0000,1.0
2015-09-11,195.38,196.82,194.53,196.74,166.6859123582,119691212,0.0000,1.0
2015-09-14,196.95,197.01,195.43,195.98,166.042010287486,79451983,0.0000,1.0
2015-09-15,196.61,198.99,195.96,198.45,168.134692017306,113806176,0.0000,1.0
2015-09-16,198.82,200.41,198.41,200.14,169.566526885077,99581557,0.0000,1.0
2015-09-17,200.02,202.89,199.28,199.7,169.193741475717,276046618,0.0000,1.0
2015-09-18,195.71,198.68,194.96,195.36,166.392284541559,223657456,1.0334,1.0
2015-09-21,196.44,197.68,195.21,196.44,167.312143608435,105726209,0.0000,1.0
2015-09-22,193.88,194.46,192.56,193.9,165.14877135856,153890876,0.0000,1.0
2015-09-23,194.11,194.67,192.91,193.6,164.893254951094,92790620,0.0000,1.0
2015-09-24,192.15,193.45,190.56,192.93,164.322601641088,159378840,0.0000,1.0
2015-09-25,194.64,195.0,191.81,192.87,164.271498359595,155054777,0.0000,1.0
2015-09-28,191.78,191.91,187.64,187.91,160.046960422831,178515871,0.0000,1.0
2015-09-29,188.27,189.74,186.93,188.08,160.191753053728,159045572,0.0000,1.0
2015-09-30,190.37,191.83,189.44,191.59,163.181295021075,163452044,0.0000,1.0
2015-10-01,192.08,192.49,189.82,192.13,163.641224554513,131078964,0.0000,1.0
2015-10-02,189.77,195.03,189.12,195.0,166.0856648526,211003342,0.0000,1.0
2015-10-05,196.46,198.74,196.33,198.47,169.041137965618,126320842,0.0000,1.0
2015-10-06,198.31,198.98,197.0,197.79,168.46196744203,110274530,0.0000,1.0
2015-10-07,198.9,199.83,197.48,199.41,169.841756042343,124307295,0.0000,1.0
2015-10-08,198.95,201.55,198.59,201.21,171.374854487137,153055231,0.0000,1.0
2015-10-09,201.38,201.9,200.58,201.33,171.477061050123,107069240,0.0000,1.0
2015-10-12,201.42,201.76,200.91,201.52,171.638888108184,56395585,0.0000,1.0
2015-10-13,200.65,202.16,200.05,200.25,170.557201983247,88038718,0.0000,1.0
2015-10-14,200.18,200.87,198.94,199.29,169.739549479357,99106161,0.0000,1.0
2015-10-15,200.08,202.36,199.64,202.35,172.345816835506,134142195,0.0000,1.0
2015-10-16,202.83,203.29,201.92,203.27,173.129400485067,114580052,0.0000,1.0
2015-10-19,202.5,203.37,202.13,203.37,173.214572620889,76523897,0.0000,1.0
2015-10-20,202.85,203.84,202.55,203.11,172.993125067752,78448484,0.0000,1.0
2015-10-21,203.61,203.79,201.65,201.85,171.919956156396,102038033,0.0000,1.0
2015-10-22,202.98,205.51,201.85,205.21,174.781739920011,174911723,0.0000,1.0
2015-10-23,207.25,207.95,206.3,207.52,176.749216257495,144442340,0.0000,1.0
2015-10-26,207.3,207.37,206.56,206.99,176.297803937639,69032965,0.0000,1.0
2015-10-27,206.2,207.0,205.79,206.57,175.940080967188,77905770,0.0000,1.0
2015-10-28,207.0,208.98,206.21,208.94,177.958660586165,135906725,0.0000,1.0
2015-10-29,208.35,209.27,208.21,208.89,177.916074518254,90525498,0.0000,1.0
2015-10-30,209.06,209.44,207.74,207.93,177.098422014365,131076942,0.0000,1.0
2015-11-02,208.32,210.62,208.17,210.39,179.193656555582,86270811,0.0000,1.0
2015-11-03,209.97,211.66,209.7,211.0,179.713206584095,95246052,0.0000,1.0
2015-11-04,211.35,211.5,209.72,210.38,179.185139342,96224477,0.0000,1.0
2015-11-05,210.43,210.98,209.09,210.15,178.98924342961,78408744,0.0000,1.0
2015-11-06,209.74,210.32,208.46,210.04,178.895554080206,110471473,0.0000,1.0
2015-11-09,209.31,209.49,206.95,208.08,177.226180218098,131008660,0.0000,1.0
2015-11-10,207.51,208.6,207.19,208.56,177.635006470042,75874602,0.0000,1.0
2015-11-11,208.88,208.94,207.66,207.74,176.936594956303,67845971,0.0000,1.0
2015-11-12,206.5,207.06,204.82,204.84,174.46660301747,121315200,0.0000,1.0
2015-11-13,204.35,204.67,202.44,202.54,172.507643893567,153577050,0.0000,1.0
2015-11-16,202.32,205.69,202.18,205.62,175.13094567688,117645231,0.0000,1.0
2015-11-17,205.99,207.04,204.88,205.47,175.003187473147,121123744,0.0000,1.0
2015-11-18,206.04,208.9,205.99,208.73,177.779799100939,121342544,0.0000,1.0
2015-11-19,208.59,209.05,208.2,208.55,177.62648925646,88220465,0.0000,1.0
2015-11-20,209.45,210.12,208.86,209.31,178.273797488706,94011519,0.0000,1.0
2015-11-23,209.38,209.98,208.52,209.07,178.069384362734,64931172,0.0000,1.0
2015-11-24,207.87,209.83,207.41,209.35,178.307866343035,98874365,0.0000,1.0
2015-11-25,209.5,209.74,209.01,209.32,178.282314702288,51980062,0.0000,1.0
2015-11-27,209.43,209.8,208.86,209.56,178.486727828261,37317779,0.0000,1.0
2015-11-30,209.75,209.89,208.56,208.69,177.745730246611,112822700,0.0000,1.0
2015-12-01,209.44,210.82,209.11,210.68,179.440655749465,97858418,0.0000,1.0
2015-12-02,210.62,211.0,208.23,208.53,177.609454829296,108441259,0.0000,1.0
2015-12-03,208.83,209.15,204.75,205.61,175.122428463298,166224154,0.0000,1.0
2015-12-04,205.61,209.97,205.61,209.62,178.537831109754,192913879,0.0000,1.0
2015-12-07,209.23,209.73,207.2,208.35,177.456144984816,102027111,0.0000,1.0
2015-12-08,206.49,208.29,205.78,206.95,176.263735083311,103372367,0.0000,1.0
2015-12-09,206.19,208.68,204.18,205.34,174.892463696579,162401537,0.0000,1.0
2015-12-10,205.42,207.43,205.14,205.87,175.343876016435,116128884,0.0000,1.0
2015-12-11,203.35,204.14,201.51,201.88,171.945507797143,211125329,0.0000,1.0
2015-12-14,202.07,203.05,199.95,202.9,172.814263582526,182385177,0.0000,1.0
2015-12-15,204.7,206.11,202.87,205.03,174.628430075531,154069569,0.0000,1.0
2015-12-16,206.37,208.39,204.8,208.03,177.183594150187,197017008,0.0000,1.0
2015-12-17,208.4,208.48,204.84,204.86,174.483637444634,173092476,0.0000,1.0
2015-12-18,202.77,202.93,199.83,200.02,171.393209082406,251393535,1.2115,1.0
2015-12-21,201.41,201.88,200.09,201.67,172.807061672077,99094290,0.0000,1.0
2015-12-22,202.72,203.85,201.55,203.5,174.375152726076,111026246,0.0000,1.0
2015-12-23,204.69,206.07,204.58,206.02,176.534491226664,110987228,0.0000,1.0
2015-12-24,205.72,206.33,205.42,205.68,176.243151905156,48542150,0.0000,1.0
2015-12-28,204.86,205.26,203.94,205.21,175.840418137189,65899939,0.0000,1.0
2015-12-29,206.51,207.79,206.47,207.4,177.716986119843,92640672,0.0000,1.0
2015-12-30,207.11,207.21,205.76,205.93,176.4573719945,63317679,0.0000,1.0
2015-12-31,205.13,205.89,203.87,203.87,174.692198458305,114877859,0.0000,1.0
2016-01-04,200.490005,201.029999,198.589996,201.020004,172.250092867304,222353500,0.0000,1.0
2016-01-05,201.399994,201.899994,200.050003,201.360001,172.541429618171,110845800,0.0000,1.0
2016-01-06,198.339996,200.059998,197.600006,198.820007,170.364958651717,152112600,0.0000,1.0
2016-01-07,195.330002,197.440002,193.589996,194.050003,166.277635919511,213436100,0.0000,1.0
2016-01-08,195.190002,195.850006,191.580002,191.919998,164.452476473898,209817200,0.0000,1.0
2016-01-11,193.009995,193.410004,189.820007,192.110001,164.61528631244,187941300,0.0000,1.0
2016-01-12,193.820007,194.550003,191.139999,193.660004,165.943453437014,172330500,0.0000,1.0
2016-01-13,194.449997,194.860001,188.380005,188.830002,161.804719597126,221168900,0.0000,1.0
2016-01-14,189.550003,193.259995,187.660004,191.929993,164.46104099307,240795600,0.0000,1.0
2016-01-15,186.770004,188.759995,185.520004,187.809998,160.930698205081,314240200,0.0000,1.0
2016-01-19,189.960007,190.110001,186.199997,188.059998,161.144918294425,195244400,0.0000,1.0
2016-01-20,185.029999,187.5,181.020004,185.649994,159.079833205627,286547800,0.0000,1.0
2016-01-21,186.210007,188.869995,184.639999,186.690002,159.970995632341,195772900,0.0000,1.0
2016-01-22,189.779999,190.759995,188.880005,190.520004,163.252849114853,168319600,0.0000,1.0
2016-01-25,189.919998,190.149994,187.410004,187.639999,160.785029401207,130371700,0.0000,1.0
2016-01-26,188.419998,190.529999,188.020004,190.199997,162.97864140233,141036800,0.0000,1.0
2016-01-27,189.580002,191.559998,187.059998,188.130005,161.204905917604,185681700,0.0000,1.0
2016-01-28,189.960007,190.199997,187.160004,189.110001,162.044645240311,143798800,0.0000,1.0
2016-01-29,190.020004,193.880005,189.880005,193.720001,165.994863687816,210529300,0.0000,1.0
2016-02-01,192.529999,194.580002,191.839996,193.649994,165.934876064637,136061600,0.0000,1.0
2016-02-02,191.960007,191.970001,189.539993,190.160004,162.944372186197,182564900,0.0000,1.0
2016-02-03,191.410004,191.779999,187.100006,191.300003,163.921214936726,205054900,0.0000,1.0
2016-02-04,190.710007,192.75,189.960007,191.600006,164.17828161458,139531800,0.0000,1.0
2016-02-05,190.990005,191.669998,187.199997,187.949997,161.050660598233,180788300,0.0000,1.0
2016-02-08,185.770004,186.119995,182.800003,185.419998,158.882754150952,191526700,0.0000,1.0
2016-02-09,183.360001,186.940002,183.199997,185.429993,158.891318670124,184513100,0.0000,1.0
2016-02-10,186.410004,188.339996,185.119995,185.270004,158.754227238627,148214100,0.0000,1.0
2016-02-11,182.339996,184.100006,181.089996,182.860001,156.689143006709,219058900,0.0000,1.0
2016-02-12,184.960007,186.649994,183.960007,186.630005,159.919585381539,127632400,0.0000,1.0
2016-02-16,188.770004,189.809998,187.630005,189.779999,162.618753365993,120250700,0.0000,1.0
2016-02-17,191.160004,193.320007,191.009995,192.880005,165.275087615141,136009500,0.0000,1.0
2016-02-18,193.199997,193.270004,191.720001,192.089996,164.598144420891,102343000,0.0000,1.0
2016-02-19,191.169998,192.179993,190.449997,192.0,164.521028616248,114793000,0.0000,1.0
2016-02-22,193.869995,194.949997,193.789993,194.779999,166.903155152874,103640300,0.0000,1.0
2016-02-23,194.0,194.320007,192.179993,192.320007,164.795236328771,111455300,0.0000,1.0
2016-02-24,190.630005,193.529999,189.320007,193.199997,165.549282474459,150812200,0.0000,1.0
2016-02-25,193.729996,195.550003,192.830002,195.539993,167.554379083198,110728300,0.0000,1.0
2016-02-26,196.570007,196.679993,194.899994,195.089996,167.16878549302,129833700,0.0000,1.0
2016-02-29,195.110001,196.229996,193.330002,193.559998,165.857760259995,125918100,0.0000,1.0
2016-03-01,195.009995,198.210007,194.449997,198.110001,169.756568456698,141799700,0.0000,1.0
2016-03-02,197.740005,199.059998,197.25,199.0,170.519191117882,102415000,0.0000,1.0
2016-03-03,198.789993,199.800003,198.110001,199.779999,171.187556939756,95172200,0.0000,1.0
2016-03-04,200.009995,201.350006,199.029999,200.429993,171.744524030768,129293600,0.0000,1.0
2016-03-07,199.339996,201.070007,199.25,200.589996,171.881627458589,100219000,0.0000,1.0
2016-03-08,199.320007,199.919998,198.210007,198.399994,170.005057762175,123974900,0.0000,1.0
2016-03-09,199.360001,199.789993,198.429993,199.380005,170.844809938087,94801200,0.0000,1.0
2016-03-10,199.960007,201.070007,197.380005,199.539993,170.981900512703,156838700,0.0000,1.0
2016-03-11,201.259995,202.809998,199.520004,202.759995,173.741056977216,137964500,0.0000,1.0
2016-03-14,202.160004,203.039993,201.770004,202.5,173.518272368699,73612000,0.0000,1.0
2016-03-15,201.360001,202.529999,201.050003,202.169998,173.235500137005,93169100,0.0000,1.0
2016-03-16,201.600006,203.820007,201.550003,203.339996,174.238048441374,129303200,0.0000,1.0
2016-03-17,203.240005,205.229996,202.770004,204.630005,175.343431814313,134278500,0.0000,1.0
2016-03-18,204.169998,204.779999,203.800003,204.380005,176.028596775592,138372400,1.0496,1.0
2016-03-21,204.070007,204.940002,203.800003,204.669998,176.278362210644,72926700,0.0000,1.0
2016-03-22,203.759995,205.229996,203.570007,204.559998,176.183621310499,97471900,0.0000,1.0
2016-03-23,204.110001,204.330002,203.009995,203.210007,175.020899832977,81052500,0.0000,1.0
2016-03-24,202.0,203.160004,201.740005,203.119995,174.943374215669,84360900,0.0000,1.0
2016-03-28,203.610001,203.860001,202.710007,203.240005,175.046736537727,62408200,0.0000,1.0
2016-03-29,202.759995,205.25,202.399994,205.119995,176.665936036485,92922900,0.0000,1.0
2016-03-30,206.300003,206.869995,205.589996,206.020004,177.441096607381,86365300,0.0000,1.0
2016-03-31,205.910004,206.410004,205.330002,205.520004,177.010456152176,94584100,0.0000,1.0
2016-04-01,204.350006,207.139999,203.979996,206.919998,178.216244259062,114423500,0.0000,1.0
2016-04-04,206.830002,207.070007,205.889999,206.25,177.639187771651,63497000,0.0000,1.0
2016-04-05,204.669998,206.259995,203.889999,204.190002,175.864950818772,99662200,0.0000,1.0
2016-04-06,204.190002,206.490005,203.979996,206.419998,177.785603803858,91839800,0.0000,1.0
2016-04-07,205.139999,205.559998,203.089996,203.949997,175.65823909387,113859000,0.0000,1.0
2016-04-08,205.339996,205.850006,203.869995,204.5,176.131946178437,95040600,0.0000,1.0
2016-04-11,205.25,206.070007,203.910004,204.020004,175.718534786565,83757500,0.0000,1.0
2016-04-12,204.220001,206.25,203.699997,205.919998,177.354963348654,115350600,0.0000,1.0
2016-04-13,207.0,208.100006,206.839996,208.0,179.146429364865,96336400,0.0000,1.0
2016-04-14,208.070007,208.600006,207.600006,208.009995,179.155037867564,65212900,0.0000,1.0
2016-04-15,208.009995,208.169998,207.399994,207.779999,178.956946703294,75761600,0.0000,1.0
2016-04-18,207.779999,209.279999,207.0,209.240005,180.214422000175,75277700,0.0000,1.0
2016-04-19,209.740005,210.199997,208.940002,209.899994,180.782857926954,88316100,0.0000,1.0
2016-04-20,209.949997,210.919998,209.389999,210.100006,180.955124444407,81100300,0.0000,1.0
2016-04-21,210.119995,210.25,208.649994,208.970001,179.981872709241,85695000,0.0000,1.0
2016-04-22,208.550003,209.289993,207.910004,208.970001,179.981872709241,99251700,0.0000,1.0
2016-04-25,208.259995,208.660004,207.539993,208.610001,179.671811581494,66166500,0.0000,1.0
2016-04-26,209.039993,209.520004,208.360001,208.919998,179.938806079878,75864200,0.0000,1.0
2016-04-27,208.470001,209.809998,208.050003,209.350006,180.309163761601,77329400,0.0000,1.0
2016-04-28,208.460007,209.759995,206.960007,207.449997,178.672722280298,97216200,0.0000,1.0
2016-04-29,206.720001,207.130005,205.029999,206.330002,177.708091967045,142424100,0.0000,1.0
2016-05-02,206.919998,208.179993,206.410004,207.970001,179.120591798833,62188000,0.0000,1.0
2016-05-03,206.520004,206.800003,205.279999,206.160004,177.561675934838,101267500,0.0000,1.0
2016-05-04,204.990005,205.850006,204.419998,205.009995,176.57119513634,92243800,0.0000,1.0
2016-05-05,205.559998,205.979996,204.470001,204.970001,176.536749067609,67619200,0.0000,1.0
2016-05-06,204.059998,205.770004,203.880005,205.720001,177.182709750415,83784900,0.0000,1.0
2016-05-09,205.570007,206.399994,205.360001,205.889999,177.329125782623,74374900,0.0000,1.0
2016-05-10,206.720001,208.470001,206.639999,208.449997,179.534003190706,77472200,0.0000,1.0
2016-05-11,207.910004,208.539993,206.5,206.5,177.854507999253,81727000,0.0000,1.0
2016-05-12,207.289993,207.490005,205.369995,206.559998,177.906183131315,89586300,0.0000,1.0
2016-05-13,206.210007,206.860001,204.380005,204.759995,176.355874908738,96474600,0.0000,1.0
2016-05-16,204.960007,207.339996,204.889999,206.779999,178.095665792886,77486800,0.0000,1.0
2016-05-17,206.460007,206.800003,204.229996,204.850006,176.433399664765,114924900,0.0000,1.0
2016-05-18,204.440002,206.300003,203.630005,204.910004,176.485074796828,120062100,0.0000,1.0
2016-05-19,204.059998,204.539993,202.779999,204.199997,175.873559321472,115430500,0.0000,1.0
2016-05-20,204.919998,206.100006,204.860001,205.490005,176.984618586145,104990400,0.0000,1.0
2016-05-23,205.509995,205.839996,204.990005,205.210007,176.743461653793,58682600,0.0000,1.0
2016-05-24,206.169998,208.240005,206.139999,207.869995,179.034458540107,93537800,0.0000,1.0
2016-05-25,208.669998,209.770004,207.869995,209.279999,180.248868068906,76621400,0.0000,1.0
2016-05-26,209.440002,209.710007,208.970001,209.339996,180.300542339688,55280700,0.0000,1.0
2016-05-27,209.529999,210.25,209.470001,210.240005,181.075702910583,59329000,0.0000,1.0
2016-05-31,210.559998,210.690002,209.179993,209.839996,180.731182794892,109879400,0.0000,1.0
2016-06-01,209.119995,210.479996,208.889999,210.270004,181.101540476615,69936200,0.0000,1.0
2016-06-02,209.800003,210.929993,209.240005,210.910004,181.652760259276,63044700,0.0000,1.0
2016-06-03,210.25,210.690002,208.860001,210.279999,181.110148979314,101757100,0.0000,1.0
2016-06-06,210.699997,211.770004,210.509995,211.350006,182.031725582417,64887000,0.0000,1.0
2016-06-07,211.529999,212.339996,211.5,211.679993,182.3159370862,60974800,0.0000,1.0
2016-06-08,211.839996,212.520004,211.690002,212.369995,182.910222636943,66170900,0.0000,1.0
2016-06-09,211.509995,212.220001,211.190002,212.080002,182.660457201891,73786900,0.0000,1.0
2016-06-10,210.460007,210.860001,209.429993,210.070007,180.929286878376,113829200,0.0000,1.0
2016-06-13,209.360001,210.369995,208.350006,208.449997,179.534003190706,117751200,0.0000,1.0
2016-06-14,208.0,208.740005,206.919998,208.039993,179.180874572315,125059300,0.0000,1.0
2016-06-15,208.039993,209.360001,207.529999,207.75,178.931109137263,109124500,0.0000,1.0
2016-06-16,207.75,208.570007,205.589996,208.369995,179.465098995311,149533100,0.0000,1.0
2016-06-17,207.169998,207.199997,205.75,206.520004,178.800578570167,117055700,1.0784,1.0
2016-06-20,208.820007,209.610001,207.75,207.850006,179.952065702132,82789600,0.0000,1.0
2016-06-21,208.300003,208.919998,207.779999,208.440002,180.462871551982,72461700,0.0000,1.0
2016-06-22,208.649994,209.5,207.929993,208.100006,180.168510326269,95560500,0.0000,1.0
2016-06-23,209.809998,210.869995,209.270004,210.809998,182.514763125686,102731400,0.0000,1.0
2016-06-24,203.630005,210.850006,202.720001,203.240005,175.960825967268,333444400,0.0000,1.0
2016-06-27,201.589996,201.600006,198.649994,199.600006,172.809393105613,230775800,0.0000,1.0
2016-06-28,201.479996,203.229996,201.119995,203.199997,175.926187901179,159382400,0.0000,1.0
2016-06-29,204.839996,206.929993,204.720001,206.660004,178.921787559683,137328600,0.0000,1.0
2016-06-30,207.210007,209.539993,206.559998,209.479996,181.36327599372,165021900,0.0000,1.0
2016-07-01,209.479996,210.490005,209.289993,209.919998,181.744220263758,106055300,0.0000,1.0
2016-07-05,208.949997,209.080002,207.710007,208.410004,180.436899928642,109803700,0.0000,1.0
2016-07-06,207.830002,209.800003,207.059998,209.660004,181.519123049327,96021500,0.0000,1.0
2016-07-07,209.869995,210.649994,208.630005,209.529999,181.406567515883,85593800,0.0000,1.0
2016-07-08,211.050003,212.940002,210.779999,212.649994,184.10779209622,133971000,0.0000,1.0
2016-07-11,213.190002,214.070007,212.949997,213.399994,184.757125968631,73633900,0.0000,1.0
2016-07-12,214.529999,215.300003,213.429993,214.949997,186.099085235615,101275600,0.0000,1.0
2016-07-13,215.440002,215.449997,214.350006,214.919998,186.073112746497,87324100,0.0000,1.0
2016-07-14,216.399994,216.669998,215.660004,216.119995,187.112044345019,91230900,0.0000,1.0
2016-07-15,216.779999,217.009995,215.309998,215.830002,186.86097464147,107155400,0.0000,1.0
2016-07-18,215.970001,216.600006,215.669998,216.410004,187.363127901025,58725900,0.0000,1.0
2016-07-19,215.919998,216.229996,215.630005,216.190002,187.172654900227,54345700,0.0000,1.0
2016-07-20,216.190002,217.369995,216.190002,217.089996,187.951850352449,58159500,0.0000,1.0
2016-07-21,216.960007,217.220001,215.75,216.270004,187.241918911508,67777300,0.0000,1.0
2016-07-22,216.410004,217.300003,216.100006,217.240005,188.081724918938,62787500,0.0000,1.0
2016-07-25,217.0,217.059998,215.970001,216.649994,187.570906082411,55873100,0.0000,1.0
2016-07-26,216.529999,217.169998,215.759995,216.75,187.657489126737,70080500,0.0000,1.0
2016-07-27,217.190002,217.270004,215.619995,216.520004,187.458363535645,84083900,0.0000,1.0
2016-07-28,216.289993,217.110001,215.75,216.770004,187.674808159782,65035700,0.0000,1.0
2016-07-29,216.460007,217.539993,216.130005,217.119995,187.977822841567,79519400,0.0000,1.0
2016-08-01,217.190002,217.649994,216.410004,216.940002,187.821988772638,73311400,0.0000,1.0
2016-08-02,216.649994,216.830002,214.570007,215.550003,186.618557528215,92295500,0.0000,1.0
2016-08-03,215.479996,216.25,215.130005,216.179993,187.163989323255,53993600,0.0000,1.0
2016-08-04,216.309998,216.779999,214.25,216.410004,187.363127901025,46585500,0.0000,1.0
2016-08-05,216.410004,218.229996,216.410004,218.179993,188.895546316351,71892200,0.0000,1.0
2016-08-08,218.399994,218.520004,217.740005,218.050003,188.783003769584,39906500,0.0000,1.0
2016-08-09,218.130005,218.759995,217.800003,218.179993,188.895546316351,51251700,0.0000,1.0
2016-08-10,218.309998,218.399994,217.229996,217.639999,188.428031122886,57941100,0.0000,1.0
2016-08-11,218.259995,218.940002,217.949997,218.649994,189.302463075507,72504300,0.0000,1.0
2016-08-12,218.289993,218.710007,217.990005,218.460007,189.137976416283,61313500,0.0000,1.0
2016-08-15,218.889999,219.5,218.880005,219.089996,189.683407345545,49813500,0.0000,1.0
2016-08-16,218.600006,218.679993,217.960007,217.960007,188.705087168009,53213600,0.0000,1.0
2016-08-17,218.0,218.529999,217.020004,218.369995,189.060045962252,75134300,0.0000,1.0
2016-08-18,218.339996,218.899994,218.210007,218.860001,189.484282620231,52989300,0.0000,1.0
2016-08-19,218.309998,218.75,217.740005,218.539993,189.207226575108,75443000,0.0000,1.0
2016-08-22,218.259995,218.800003,217.830002,218.529999,189.198573984813,61368800,0.0000,1.0
2016-08-23,219.25,219.600006,218.899994,218.970001,189.579518254851,53399200,0.0000,1.0
2016-08-24,218.800003,218.910004,217.360001,217.850006,188.60985066761,71728900,0.0000,1.0
2016-08-25,217.399994,218.190002,217.220001,217.699997,188.479976101122,69224800,0.0000,1.0
2016-08-26,217.919998,219.119995,216.25,217.289993,188.125003454423,122506300,0.0000,1.0
2016-08-29,217.440002,218.669998,217.399994,218.360001,189.051393371957,70502200,0.0000,1.0
2016-08-30,218.259995,218.589996,217.350006,218.0,188.739712247422,58114500,0.0000,1.0
2016-08-31,217.610001,217.75,216.470001,217.380005,188.202933908454,85269500,0.0000,1.0
2016-09-01,217.369995,217.729996,216.029999,217.389999,188.211586498749,97844200,0.0000,1.0
2016-09-02,218.389999,218.869995,217.699997,218.369995,189.060045962252,79293900,0.0000,1.0
2016-09-06,218.699997,219.119995,217.860001,219.029999,189.631463233087,56702100,0.0000,1.0
2016-09-07,218.839996,219.220001,218.300003,219.009995,189.614144200042,76554900,0.0000,1.0
2016-09-08,218.619995,218.940002,218.149994,218.509995,189.181254951768,74102900,0.0000,1.0
2016-09-09,216.970001,217.029999,213.25,213.279999,184.653236877937,221589100,0.0000,1.0
2016-09-12,212.389999,216.809998,212.309998,216.339996,187.302516480038,168110900,0.0000,1.0
2016-09-13,214.839996,215.149994,212.5,213.229996,184.609945355775,182828800,0.0000,1.0
2016-09-14,213.289993,214.699997,212.5,213.149994,184.540681344494,134185500,0.0000,1.0
2016-09-15,212.960007,215.729996,212.75,215.279999,186.384793871033,134427900,0.0000,1.0
2016-09-16,213.479996,213.690002,212.570007,213.369995,185.667984685715,155236400,1.0821,1.0
2016-09-19,214.130005,214.880005,213.029999,213.410004,185.702799282769,80250500,0.0000,1.0
2016-09-20,214.410004,214.589996,213.380005,213.419998,185.711495753137,69665300,0.0000,1.0
2016-09-21,214.240005,216.029999,213.440002,215.820007,187.799909516551,110284400,0.0000,1.0
2016-09-22,217.0,217.529999,216.710007,217.179993,188.983327362255,76678700,0.0000,1.0
2016-09-23,216.720001,216.880005,215.880005,215.990005,187.947836529722,73630900,0.0000,1.0
2016-09-26,215.020004,215.229996,214.009995,214.240005,186.425040537717,89827300,0.0000,1.0
2016-09-27,214.050003,215.679993,213.619995,215.570007,187.582367231979,78494800,0.0000,1.0
2016-09-28,215.830002,216.820007,214.710007,216.639999,188.513441248594,87411000,0.0000,1.0
2016-09-29,216.399994,216.869995,214.039993,214.679993,186.807904516535,128070600,0.0000,1.0
2016-09-30,215.649994,217.119995,215.360001,216.300003,188.217587222253,117202900,0.0000,1.0
2016-10-03,215.820007,216.039993,215.039993,215.779999,187.765095789666,83512100,0.0000,1.0
2016-10-04,215.910004,216.169998,213.990005,214.679993,186.807904516535,119948100,0.0000,1.0
2016-10-05,215.410004,216.130005,215.330002,215.630005,187.634575639938,72816000,0.0000,1.0
2016-10-06,215.369995,216.039993,214.740005,215.779999,187.765095789666,62927400,0.0000,1.0
2016-10-07,216.100006,216.300003,214.190002,215.039993,187.121165406318,89788300,0.0000,1.0
2016-10-10,216.160004,216.699997,215.990005,216.160004,188.095764413062,51855000,0.0000,1.0
2016-10-11,215.660004,215.740005,212.580002,213.429993,185.720193093674,130367400,0.0000,1.0
2016-10-12,213.589996,214.320007,213.009995,213.710007,185.963852634763,73866100,0.0000,1.0
2016-10-13,212.160004,213.589996,211.210007,213.009995,185.354723795931,101357000,0.0000,1.0
2016-10-14,214.149994,214.690002,213.029999,213.119995,185.450442401143,93346200,0.0000,1.0
2016-10-17,213.089996,213.389999,212.169998,212.380005,184.806525940501,58275700,0.0000,1.0
2016-10-18,214.240005,214.309998,213.270004,213.710007,185.963852634763,76869700,0.0000,1.0
2016-10-19,214.020004,214.639999,213.600006,214.279999,186.459842082234,66519200,0.0000,1.0
2016-10-20,213.869995,214.529999,213.110001,213.880005,186.111779647934,73639800,0.0000,1.0
2016-10-21,213.880005,214.080002,212.759995,213.979996,186.19878873024,89089100,0.0000,1.0
2016-10-24,215.0,215.320007,214.479996,214.889999,186.99064525659,60146600,0.0000,1.0
2016-10-25,214.679993,214.979996,213.979996,214.169998,186.364122606853,66542300,0.0000,1.0
2016-10-26,213.210007,214.419998,212.929993,213.740005,185.989955968573,75705500,0.0000,1.0
2016-10-27,214.580002,214.619995,213.080002,213.169998,185.493953468565,77220200,0.0000,1.0
2016-10-28,213.139999,213.929993,211.710007,212.539993,184.945742560598,140623200,0.0000,1.0
2016-10-31,212.929993,213.190002,212.360001,212.550003,184.954452953672,61272500,0.0000,1.0
2016-11-01,212.929993,212.990005,209.600006,211.009995,183.614385519355,122781800,0.0000,1.0
2016-11-02,210.649994,211.100006,209.229996,209.740005,182.50927941542,103330800,0.0000,1.0
2016-11-03,209.990005,210.240005,208.460007,208.779999,181.673911821649,88939300,0.0000,1.0
2016-11-04,208.910004,209.889999,208.380005,208.550003,181.473776400519,109122100,0.0000,1.0
2016-11-07,208.550003,213.190002,208.550003,213.149994,185.476546605123,109794900,0.0000,1.0
2016-11-08,212.690002,214.770004,212.380005,214.110001,186.311915069063,102268300,0.0000,1.0
2016-11-09,212.369995,217.100006,212.339996,216.380005,188.287202493654,258429000,0.0000,1.0
2016-11-10,217.300003,218.309998,215.220001,216.919998,188.757087737146,172113300,0.0000,1.0
2016-11-11,216.080002,216.699997,215.320007,216.419998,188.322003168002,93847200,0.0000,1.0
2016-11-14,217.029999,217.270004,215.720001,216.589996,188.469930181172,94580000,0.0000,1.0
2016-11-15,217.039993,218.279999,216.800003,218.279999,189.940518635387,91652600,0.0000,1.0
2016-11-16,217.559998,218.139999,217.419998,217.869995,189.583745808012,65617700,0.0000,1.0
2016-11-17,218.050003,219.059998,217.919998,218.990005,190.558343944586,69797200,0.0000,1.0
2016-11-18,219.070007,219.270004,218.289993,218.5,190.13195671598,86265800,0.0000,1.0
2016-11-21,219.169998,220.179993,219.0,220.149994,191.56773057314,72402600,0.0000,1.0
2016-11-22,220.509995,220.789993,219.729996,220.580002,191.941910263957,67429000,0.0000,1.0
2016-11-23,219.979996,220.759995,219.75,220.699997,192.046326209706,56620200,0.0000,1.0
2016-11-25,221.100006,221.559998,221.009995,221.520004,192.759870994287,37872300,0.0000,1.0
2016-11-28,221.160004,221.479996,220.360001,220.479996,191.854888129114,76572500,0.0000,1.0
2016-11-29,220.520004,221.440002,220.169998,220.910004,192.229067819931,69886700,0.0000,1.0
2016-11-30,221.630005,221.820007,220.309998,220.380005,191.767879046807,113291800,0.0000,1.0
2016-12-01,220.729996,220.729996,219.149994,219.570007,191.063043785132,79040500,0.0000,1.0
2016-12-02,219.669998,220.25,219.259995,219.679993,191.158750207976,74840300,0.0000,1.0
2016-12-05,220.649994,221.399994,220.419998,221.0,192.3073795617,67837800,0.0000,1.0
2016-12-06,221.220001,221.740005,220.660004,221.699997,192.916495347994,59877400,0.0000,1.0
2016-12-07,221.520004,224.669998,221.380005,224.600006,195.439993680553,110738100,0.0000,1.0
2016-12-08,224.570007,225.699997,224.259995,225.149994,195.918576264581,99714400,0.0000,1.0
2016-12-09,225.410004,226.529999,225.369995,226.509995,197.102007162823,88005800,0.0000,1.0
2016-12-12,226.399994,226.960007,225.759995,226.25,196.875767537713,102016100,0.0000,1.0
2016-12-13,227.020004,228.339996,227.0,227.759995,198.189718585683,110477500,0.0000,1.0
2016-12-14,227.410004,228.229996,225.369995,225.880005,196.553809307392,142501800,0.0000,1.0
2016-12-15,226.160004,227.809998,225.889999,226.809998,197.363060514817,124972600,0.0000,1.0
2016-12-16,226.009995,226.080002,224.669998,225.039993,196.979250662146,156420200,1.3289,1.0
2016-12-19,225.25,226.020004,225.080002,225.529999,197.408156713081,90341100,0.0000,1.0
2016-12-20,226.149994,226.570007,225.880005,226.399994,198.169670081861,89838800,0.0000,1.0
2016-12-21,226.25,226.449997,225.770004,225.770004,197.618234950397,67909000,0.0000,1.0
2016-12-22,225.600006,225.740005,224.919998,225.380005,197.276865801941,56219100,0.0000,1.0
2016-12-23,225.429993,225.720001,225.210007,225.710007,197.565719111126,36251400,0.0000,1.0
2016-12-27,226.020004,226.729996,226.0,226.270004,198.055888827017,42672500,0.0000,1.0
2016-12-28,226.570007,226.589996,224.270004,224.399994,196.41905457538,64095000,0.0000,1.0
2016-12-29,224.479996,224.889999,223.839996,224.350006,196.375299691411,48696100,0.0000,1.0
2016-12-30,224.729996,224.830002,222.729996,223.529999,195.657541206599,108998300,0.0000,1.0
2017-01-03,225.039993,225.830002,223.880005,225.240005,197.154322716487,91366500,0.0000,1.0
2017-01-04,225.619995,226.75,225.610001,226.580002,198.327232479907,78744400,0.0000,1.0
2017-01-05,226.270004,226.580002,225.479996,226.399994,198.169670081861,78379000,0.0000,1.0
2017-01-06,226.529999,227.75,225.899994,227.210007,198.878680740987,71559900,0.0000,1.0
2017-01-09,226.910004,227.070007,226.419998,226.460007,198.222199926056,46939700,0.0000,1.0
2017-01-10,226.479996,227.449997,226.009995,226.460007,198.222199926056,63771900,0.0000,1.0
2017-01-11,226.360001,227.100006,225.589996,227.100006,198.782396012823,74650000,0.0000,1.0
2017-01-12,226.5,226.75,224.960007,226.529999,198.283464466321,72113200,0.0000,1.0
2017-01-13,226.729996,227.399994,226.690002,227.050003,198.738627999238,62717900,0.0000,1.0
2017-01-17,226.309998,226.779999,225.800003,226.25,198.038379170722,61240800,0.0000,1.0
2017-01-18,226.539993,226.800003,225.899994,226.75,198.476033047342,54793300,0.0000,1.0
2017-01-19,226.839996,227.0,225.410004,225.910004,197.740778035851,66608800,0.0000,1.0
2017-01-20,226.699997,227.309998,225.970001,226.740005,198.467284346348,129168600,0.0000,1.0
2017-01-23,226.740005,226.809998,225.270004,226.149994,197.950843143551,75061600,0.0000,1.0
2017-01-24,226.399994,228.080002,226.270004,227.600006,199.220049889443,95555300,0.0000,1.0
2017-01-25,228.699997,229.570007,228.509995,229.570007,200.944407038635,84437700,0.0000,1.0
2017-01-26,229.399994,229.710007,229.009995,229.330002,200.734328801319,59970700,0.0000,1.0
2017-01-27,229.419998,229.589996,228.759995,228.970001,200.419217134844,59711100,0.0000,1.0
2017-01-30,228.169998,228.199997,226.410004,227.550003,199.176281875858,79737300,0.0000,1.0
2017-01-31,226.979996,227.600006,226.320007,227.529999,199.158772219562,75880800,0.0000,1.0
2017-02-01,227.529999,228.589996,226.940002,227.619995,199.237546416123,79117700,0.0000,1.0
2017-02-02,227.619995,228.100006,226.820007,227.770004,199.368850456879,69657600,0.0000,1.0
2017-02-03,228.820007,229.550003,228.460007,229.339996,200.743076627005,80563200,0.0000,1.0
2017-02-06,228.869995,229.330002,228.539993,228.929993,200.384197822253,57790100,0.0000,1.0
2017-02-07,229.380005,229.660004,228.720001,228.940002,200.392958777555,57931200,0.0000,1.0
2017-02-08,228.940002,229.389999,228.309998,229.240005,200.65555372945,51566200,0.0000,1.0
2017-02-09,229.240005,230.949997,229.240005,230.600006,201.845973149165,65955200,0.0000,1.0
2017-02-10,231.0,231.770004,230.619995,231.509995,202.642493576229,66015900,0.0000,1.0
2017-02-13,232.080002,233.070007,232.050003,232.770004,203.745389223082,55182100,0.0000,1.0
2017-02-14,232.559998,233.710007,232.160004,233.699997,204.559419306442,71109000,0.0000,1.0
2017-02-15,233.449997,235.139999,233.389999,234.919998,205.627295640703,86785800,0.0000,1.0
2017-02-16,234.949997,235.160004,233.850006,234.720001,205.452236715979,84722400,0.0000,1.0
2017-02-17,233.949997,235.089996,233.929993,235.089996,205.776096208139,77204100,0.0000,1.0
2017-02-21,235.520004,236.690002,235.509995,236.490005,207.001534940446,88946100,0.0000,1.0
2017-02-22,236.020004,236.539993,235.830002,236.279999,206.817715060419,62115200,0.0000,1.0
2017-02-23,236.880005,236.899994,235.559998,236.440002,206.95776692686,74615900,0.0000,1.0
2017-02-24,235.460007,236.789993,235.410004,236.740005,207.220361878756,82381600,0.0000,1.0
2017-02-27,236.639999,237.309998,236.350006,237.110001,207.544222246224,56515400,0.0000,1.0
2017-02-28,236.669998,236.949997,236.020004,236.470001,206.98402528415,96961900,0.0000,1.0
2017-03-01,238.389999,240.320007,238.369995,239.779999,209.881292196761,149158200,0.0000,1.0
2017-03-02,239.559998,239.570007,238.210007,238.270004,208.559581865907,70246000,0.0000,1.0
2017-03-03,238.169998,238.610001,237.729996,238.419998,208.690872777046,81974300,0.0000,1.0
2017-03-06,237.5,238.119995,237.009995,237.710007,208.069412150015,55391500,0.0000,1.0
2017-03-07,237.360001,237.770004,236.759995,237.0,207.44793751806,65103700,0.0000,1.0
2017-03-08,237.339996,237.639999,236.399994,236.559998,207.062800356018,78168800,0.0000,1.0
2017-03-09,236.699997,237.240005,235.740005,236.860001,207.325395307914,90683900,0.0000,1.0
2017-03-10,237.970001,238.020004,236.589996,237.690002,208.051901618411,81991700,0.0000,1.0
2017-03-13,237.619995,237.860001,237.240005,237.809998,208.156935047569,57256800,0.0000,1.0
2017-03-14,237.179993,237.240005,236.190002,236.899994,207.360401490889,59880800,0.0000,1.0
2017-03-15,237.559998,239.440002,237.289993,238.949997,209.154785010956,96081800,0.0000,1.0
2017-03-16,239.110001,239.199997,238.100006,238.479996,208.743389491625,78344000,0.0000,1.0
2017-03-17,237.75,237.970001,237.029999,237.029999,208.378492070762,89002100,1.0331,1.0
2017-03-20,237.029999,237.360001,236.320007,236.770004,208.149924521192,52537000,0.0000,1.0
2017-03-21,237.470001,237.610001,233.580002,233.729996,205.477383975288,131809300,0.0000,1.0
2017-03-22,233.770004,234.610001,233.050003,234.279999,205.960904189008,97569200,0.0000,1.0
2017-03-23,234.279999,235.339996,233.600006,234.029999,205.741123472485,100410300,0.0000,1.0
2017-03-24,234.380005,235.039993,232.960007,233.860001,205.591674343495,112504900,0.0000,1.0
2017-03-27,231.929993,233.919998,231.610001,233.619995,205.380679580895,87454500,0.0000,1.0
2017-03-28,233.270004,235.809998,233.139999,235.320007,206.875199002727,93483900,0.0000,1.0
2017-03-29,234.990005,235.809998,234.729996,235.539993,207.068593725547,61950400,0.0000,1.0
2017-03-30,235.470001,236.520004,235.270004,236.289993,207.727935875116,56737900,0.0000,1.0
2017-03-31,235.899994,236.509995,235.679993,235.740005,207.24442884824,73733100,0.0000,1.0
2017-04-03,235.800003,236.029999,233.910004,235.330002,206.883985835773,85546500,0.0000,1.0
2017-04-04,235.0,235.580002,234.559998,235.479996,207.01584899095,56466200,0.0000,1.0
2017-04-05,236.259995,237.389999,234.539993,234.779999,206.400465622054,108800600,0.0000,1.0
2017-04-06,234.940002,236.039993,234.429993,235.440002,206.980689351043,69135800,0.0000,1.0
2017-04-07,235.149994,236.0,234.639999,235.199997,206.769695467567,74412300,0.0000,1.0
2017-04-10,235.360001,236.259995,234.729996,235.339996,206.892771789697,67615300,0.0000,1.0
2017-04-11,234.899994,235.179993,233.339996,235.059998,206.646619145437,88045300,0.0000,1.0
2017-04-12,234.740005,234.960007,233.770004,234.029999,205.741123472485,81864400,0.0000,1.0
2017-04-13,233.639999,234.490005,232.509995,232.509995,204.404853199533,92880400,0.0000,1.0
2017-04-17,233.110001,234.570007,232.880005,234.570007,206.215856853157,68405400,0.0000,1.0
2017-04-18,233.720001,234.490005,233.080002,233.869995,205.600460297418,83225800,0.0000,1.0
2017-04-19,234.520004,234.949997,233.179993,233.440002,205.222443618859,68699900,0.0000,1.0
2017-04-20,234.149994,235.850006,233.779999,235.339996,206.892771789697,92572200,0.0000,1.0
2017-04-21,235.25,235.309998,234.130005,234.589996,206.233429640128,110389800,0.0000,1.0
2017-04-24,237.179993,237.410004,234.559998,237.169998,208.501568392892,119209900,0.0000,1.0
2017-04-25,237.910004,238.949997,237.809998,238.550003,209.714762343714,76698300,0.0000,1.0
2017-04-26,238.509995,239.529999,238.350006,238.399994,209.582886001694,84702500,0.0000,1.0
2017-04-27,238.770004,238.949997,237.979996,238.600006,209.758721124387,57410300,0.0000,1.0
2017-04-28,238.899994,238.929993,237.929993,238.080002,209.301573717527,63532800,0.0000,1.0
2017-05-01,238.679993,239.169998,238.199997,238.679993,209.829039525077,66882500,0.0000,1.0
2017-05-02,238.839996,238.979996,238.300003,238.770004,209.908170253377,57375700,0.0000,1.0
2017-05-03,238.770004,238.880005,237.699997,238.479996,209.653217589227,73137700,0.0000,1.0
2017-05-04,238.830002,238.919998,237.779999,238.759995,209.89937111261,61462700,0.0000,1.0
2017-05-05,239.190002,239.720001,238.679993,239.699997,210.725748364983,62001300,0.0000,1.0
2017-05-08,239.75,239.919998,239.169998,239.660004,210.690589604199,48385700,0.0000,1.0
2017-05-09,239.960007,240.190002,239.039993,239.440002,210.497180815413,51363200,0.0000,1.0
2017-05-10,239.389999,239.869995,239.149994,239.869995,210.875197493973,54293800,0.0000,1.0
2017-05-11,239.350006,239.570007,238.130005,239.380005,210.444436080816,62358300,0.0000,1.0
2017-05-12,239.089996,239.429993,238.669998,238.979996,210.092779022273,53912700,0.0000,1.0
2017-05-15,239.470001,240.440002,239.449997,240.300003,211.253227359376,61918900,0.0000,1.0
2017-05-16,240.639999,240.669998,239.630005,240.080002,211.059819449712,51241800,0.0000,1.0
2017-05-17,240.080002,240.080002,235.75,235.820007,207.314760435773,172174100,0.0000,1.0
2017-05-18,235.729996,237.75,235.429993,236.770004,208.149924521192,107047700,0.0000,1.0
2017-05-19,237.330002,239.080002,237.270004,238.309998,209.503768460237,115011400,0.0000,1.0
2017-05-22,238.899994,239.710007,238.820007,239.520004,210.567512402946,61010600,0.0000,1.0
2017-05-23,239.949997,240.240005,239.509995,240.050003,211.033446642852,48341700,0.0000,1.0
2017-05-24,240.320007,240.729996,239.929993,240.610001,211.525753689618,46927700,0.0000,1.0
2017-05-25,241.199997,242.080002,240.960007,241.759995,212.536739710887,64071700,0.0000,1.0
2017-05-26,241.539993,241.899994,241.449997,241.710007,212.492794117057,43404500,0.0000,1.0
2017-05-30,241.339996,241.789993,241.160004,241.5,212.308172161318,35201900,0.0000,1.0
2017-05-31,241.839996,241.880005,240.639999,241.440002,212.255426547598,91796000,0.0000,1.0
2017-06-01,241.970001,243.380005,241.639999,243.360001,213.943341571373,68962000,0.0000,1.0
2017-06-02,243.419998,244.350006,243.080002,244.169998,214.655428455539,88666100,0.0000,1.0
2017-06-05,243.970001,244.300003,243.759995,243.990005,214.497192493502,44698800,0.0000,1.0
2017-06-06,243.339996,243.979996,243.119995,243.210007,213.811478416196,50375400,0.0000,1.0
2017-06-07,243.600006,243.919998,242.830002,243.660004,214.207081068569,54144300,0.0000,1.0
2017-06-08,243.770004,244.330002,243.169998,243.779999,214.312571416886,65950700,0.0000,1.0
2017-06-09,244.089996,245.009995,241.949997,243.410004,213.987300352046,132256400,0.0000,1.0
2017-06-12,243.130005,243.419998,242.380005,243.360001,213.943341571373,86108100,0.0000,1.0
2017-06-13,243.979996,244.610001,243.580002,244.550003,214.989499540268,60067000,0.0000,1.0
2017-06-14,244.860001,244.869995,243.289993,244.240005,214.716973210025,78602300,0.0000,1.0
2017-06-15,242.679993,243.910004,242.360001,243.770004,214.303784583839,66464900,0.0000,1.0
2017-06-16,242.770004,242.830002,241.630005,242.639999,214.350468645397,84553100,1.1831,1.0
2017-06-19,243.589996,244.729996,243.479996,244.660004,216.13496015628,65123800,0.0000,1.0
2017-06-20,244.25,244.259995,242.990005,243.009995,214.677326609145,56906400,0.0000,1.0
2017-06-21,243.460007,243.589996,242.410004,242.949997,214.62432380882,55977600,0.0000,1.0
2017-06-22,242.960007,243.529999,242.639999,242.839996,214.527147885648,44148100,0.0000,1.0
2017-06-23,242.910004,243.509995,242.470001,243.130005,214.783344577527,66986800,0.0000,1.0
2017-06-26,243.899994,244.380005,243.050003,243.289993,214.924679488996,56700500,0.0000,1.0
2017-06-27,243.039993,243.380005,241.309998,241.330002,213.19320491299,82247700,0.0000,1.0
2017-06-28,242.5,243.720001,242.229996,243.490005,215.101371980388,70042600,0.0000,1.0
2017-06-29,243.660004,243.720001,239.960007,241.350006,213.210876635675,106949700,0.0000,1.0
2017-06-30,242.279999,242.710007,241.580002,241.800003,213.608408239024,69340100,0.0000,1.0
2017-07-03,242.880005,243.380005,242.210007,242.210007,213.970609648143,39153800,0.0000,1.0
2017-07-05,242.630005,243.009995,241.699997,242.770004,214.465316291256,54427600,0.0000,1.0
2017-07-06,241.889999,242.029999,240.339996,240.550003,212.504146423532,65400800,0.0000,1.0
2017-07-07,241.210007,242.279999,240.559998,242.110001,213.882263402447,56062000,0.0000,1.0
2017-07-10,241.95,242.8,241.76,242.37,214.11194897666,36663274,0.0000,1.0
2017-07-11,242.16,242.55,240.85,242.19,213.952935275229,50290920,0.0000,1.0
2017-07-12,243.3,244.2,243.3,244.01,215.560740478586,59610405,0.0000,1.0
2017-07-13,244.02,244.55,243.76,244.42,215.922938354067,39471637,0.0000,1.0
2017-07-14,244.43,245.97,244.31,245.56,216.930025129796,60234284,0.0000,1.0
2017-07-17,245.47,245.91,245.33,245.53,216.903522846224,33502556,0.0000,1.0
2017-07-18,245.06,245.72,244.67,245.66,217.018366075036,42742498,0.0000,1.0
2017-07-19,246.02,247.0,246.01,246.99,218.193300646719,51034260,0.0000,1.0
2017-07-20,247.28,247.42,246.47,247.1,218.290475686482,47095050,0.0000,1.0
2017-07-21,246.44,246.91,246.18,246.88,218.096125606956,88711019,0.0000,1.0
2017-07-24,246.79,246.98,246.28,246.82,218.043121039812,46607836,0.0000,1.0
2017-07-25,247.68,247.8,247.16,247.42,218.573166711248,54915591,0.0000,1.0
2017-07-26,247.75,247.79,247.13,247.43,218.582000805772,47575422,0.0000,1.0
2017-07-27,247.96,248.0,245.68,247.2,218.378816631722,70766568,0.0000,1.0
2017-07-28,246.65,247.06,246.13,246.91,218.122627890528,50088359,0.0000,1.0
2017-07-31,247.37,247.48,246.53,246.77,217.998950567193,65838659,0.0000,1.0
2017-08-01,247.46,247.5,246.716,247.32,218.484825766009,55050401,0.0000,1.0
2017-08-02,247.47,247.6,246.37,247.44,218.590834900296,47211216,0.0000,1.0
2017-08-03,247.31,247.34,246.64,246.96,218.166798363147,40785699,0.0000,1.0
2017-08-04,247.52,247.79,246.97,247.41,218.564332616724,60191838,0.0000,1.0
2017-08-07,247.49,247.87,247.37,247.87,218.970700964826,31995021,0.0000,1.0
2017-08-08,247.51,248.91,246.83,247.26,218.431821198865,61719353,0.0000,1.0
2017-08-09,246.47,247.31,246.06,247.25,218.422987104342,62523195,0.0000,1.0
2017-08-10,246.29,246.44,243.7,243.76,215.339888115487,120361520,0.0000,1.0
2017-08-11,244.02,244.8,243.75,244.12,215.657915518349,74869947,0.0000,1.0
2017-08-14,245.59,246.79,245.55,246.54,217.795766393142,73291919,0.0000,1.0
2017-08-15,246.98,247.0,246.16,246.51,217.76926410957,55242746,0.0000,1.0
2017-08-16,247.11,247.57,246.45,246.94,218.149130174099,56573941,0.0000,1.0
2017-08-17,246.24,246.6,243.09,243.09,214.748003782384,128490396,0.0000,1.0
2017-08-18,242.9,244.19,242.2,242.71,214.412308190474,136747986,0.0000,1.0
2017-08-21,242.64,243.2,241.83,242.9,214.580155986429,65469736,0.0000,1.0
2017-08-22,243.57,245.62,243.55,245.44,216.824015995509,63140101,0.0000,1.0
2017-08-23,244.33,245.05,244.16,244.56,216.046615677402,50203837,0.0000,1.0
2017-08-24,245.0,245.18,243.75,243.99,215.543072289538,50741671,0.0000,1.0
2017-08-25,244.9,245.61,244.39,244.56,216.046615677402,64445912,0.0000,1.0
2017-08-28,245.17,245.2,244.09,244.57,216.055449771926,40565606,0.0000,1.0
2017-08-29,243.06,245.15,242.93,244.85,216.302804418597,51135715,0.0000,1.0
2017-08-30,244.83,246.32,244.62,246.01,217.327559383373,62030805,0.0000,1.0
2017-08-31,246.72,247.77,246.05,247.49,218.635005372916,103803880,0.0000,1.0
2017-09-01,247.92,248.33,247.67,247.84,218.944198681254,62006989,0.0000,1.0
2017-09-05,247.26,247.52,244.95,246.06,217.371729855993,91398777,0.0000,1.0
2017-09-06,246.84,247.28,246.23,246.9,218.113793796004,57916867,0.0000,1.0
2017-09-07,247.25,247.27,246.4,246.87,218.087291512432,58034730,0.0000,1.0
2017-09-08,246.54,247.11,246.3,246.58,217.831102771238,63832825,0.0000,1.0
2017-09-11,248.04,249.3,248.02,249.21,220.154469631033,71364848,0.0000,1.0
2017-09-12,249.63,250.09,249.42,250.05,220.896533571044,56896027,0.0000,1.0
2017-09-13,249.72,250.21,249.59,250.17,221.002542705331,59228002,0.0000,1.0
2017-09-14,249.8,250.32,249.6,250.09,220.93186994914,95446349,0.0000,1.0
2017-09-15,248.69,249.29,248.57,249.19,221.227435783265,95432382,1.2346,1.0
2017-09-18,249.61,250.12,249.28,249.72,221.697962453537,46235238,0.0000,1.0
2017-09-19,250.0,250.07,249.6,249.97,221.919908996118,47108148,0.0000,1.0
2017-09-20,250.07,250.19,248.92,250.06,221.999809751447,59574083,0.0000,1.0
2017-09-21,249.88,249.98,249.19,249.39,221.40499301733,48211398,0.0000,1.0
2017-09-22,249.05,249.63,249.02,249.44,221.449382325846,51214032,0.0000,1.0
2017-09-25,249.15,249.55,248.08,248.93,220.99661137898,57064357,0.0000,1.0
2017-09-26,249.42,249.7,248.81,249.08,221.129779304529,54081959,0.0000,1.0
2017-09-27,249.88,250.49,248.87,250.05,221.990931889744,81001426,0.0000,1.0
2017-09-28,249.73,250.44,249.63,250.35,222.257267740842,44778841,0.0000,1.0
2017-09-29,250.34,251.32,250.13,251.23,223.038519570728,85578002,0.0000,1.0
2017-10-02,251.49,252.32,251.29,252.32,224.006206496382,59022985,0.0000,1.0
2017-10-03,252.32,252.89,252.23,252.86,224.485611028357,66810169,0.0000,1.0
2017-10-04,252.69,253.44,252.56,253.16,224.751946879455,55953619,0.0000,1.0
2017-10-05,253.54,254.68,253.2,254.66,226.083626134942,63522757,0.0000,1.0
2017-10-06,254.15,254.7,253.85,254.37,225.826168145548,80645998,0.0000,1.0
2017-10-09,254.63,254.7,253.65,253.95,225.453297954011,35803138,0.0000,1.0
2017-10-10,254.6,255.05,253.98,254.62,226.048114688129,43057363,0.0000,1.0
2017-10-11,254.51,255.02,254.32,255.02,226.403229156259,47674325,0.0000,1.0
2017-10-12,254.66,255.06,254.37,254.64,226.065870411536,47065144,0.0000,1.0
2017-10-13,255.14,255.27,254.64,254.95,226.341084124336,54800435,0.0000,1.0
2017-10-16,255.21,255.51,254.82,255.29,226.642931422247,38221675,0.0000,1.0
2017-10-17,255.23,255.52,254.98,255.47,226.802732932905,31560964,0.0000,1.0
2017-10-18,255.9,255.95,255.5,255.72,227.024679475486,40888330,0.0000,1.0
2017-10-19,254.83,255.83,254.35,255.79,227.086824507409,61903788,0.0000,1.0
2017-10-20,256.7,257.14,255.77,257.11,228.258702252238,89176377,0.0000,1.0
2017-10-23,257.48,257.51,256.02,256.11,227.370916081913,63915306,0.0000,1.0
2017-10-24,256.6,256.83,256.15,256.56,227.770419858559,66935910,0.0000,1.0
2017-10-25,256.18,256.31,254.0,255.29,226.642931422247,103715291,0.0000,1.0
2017-10-26,255.99,256.3,255.48,255.62,226.935900858454,69797972,0.0000,1.0
2017-10-27,256.47,257.89,255.63,257.71,228.791373954433,85562544,0.0000,1.0
2017-10-30,256.47,257.6,256.41,256.75,227.939099230921,54285687,0.0000,1.0
2017-10-31,257.18,257.44,256.81,257.15,228.294213699051,60304781,0.0000,1.0
2017-11-01,258.04,258.43,257.07,257.49,228.596060996962,54202736,0.0000,1.0
2017-11-02,257.41,257.75,256.19,257.59,228.684839613994,56449535,0.0000,1.0
2017-11-03,257.77,258.5,257.3,258.45,229.448335720473,59589730,0.0000,1.0
2017-11-06,258.3,259.0,258.22,258.85,229.803450188603,49652598,0.0000,1.0
2017-11-07,258.97,259.35,258.09,258.67,229.643648677945,57502161,0.0000,1.0
2017-11-08,258.47,259.22,258.15,259.11,230.034274592888,50469579,0.0000,1.0
2017-11-09,257.73,258.39,256.36,258.17,229.199755592783,93981044,0.0000,1.0
2017-11-10,257.73,258.29,257.37,258.09,229.128732699156,59984662,0.0000,1.0
2017-11-13,257.31,258.59,257.27,258.33,229.341801380034,50228648,0.0000,1.0
2017-11-14,257.41,257.85,256.52,257.73,228.80912967784,61315152,0.0000,1.0
2017-11-15,256.62,257.22,255.63,256.44,227.66388551812,80811525,0.0000,1.0
2017-11-16,257.52,259.04,257.47,258.62,229.599259369429,67777027,0.0000,1.0
2017-11-17,258.22,258.59,257.77,257.86,228.924541879982,75756833,0.0000,1.0
2017-11-20,258.14,258.52,257.86,258.3,229.315167794925,48075514,0.0000,1.0
2017-11-21,259.18,260.2,258.26,259.99,230.815526422774,69176799,0.0000,1.0
2017-11-22,260.0,260.15,259.57,259.76,230.611335603599,45033392,0.0000,1.0
2017-11-24,260.32,260.48,260.16,260.36,231.144007305794,27856514,0.0000,1.0
2017-11-27,260.41,260.75,260.0,260.23,231.028595103652,52274922,0.0000,1.0
2017-11-28,260.76,262.9,260.65,262.87,233.37235059331,98971719,0.0000,1.0
2017-11-29,263.02,263.63,262.2,262.71,233.230304806058,77512102,0.0000,1.0
2017-11-30,263.76,266.05,263.67,265.01,235.272212997805,127894389,0.0000,1.0
2017-12-01,264.76,265.31,260.76,264.46,234.783930604126,164390902,0.0000,1.0
2017-12-04,266.31,266.8,264.08,264.14,234.499839029622,94040560,0.0000,1.0
2017-12-05,263.19,265.15,263.04,263.19,233.656442167814,77994544,0.0000,1.0
2017-12-06,263.3,263.73,262.71,263.24,233.70083147633,75898566,0.0000,1.0
2017-12-07,264.07,264.43,262.94,264.07,234.437693997699,77218569,0.0000,1.0
2017-12-08,265.16,265.52,264.03,265.51,235.716106082967,76563873,0.0000,1.0
2017-12-11,266.31,266.38,265.48,266.31,236.426335019227,83077533,0.0000,1.0
2017-12-12,267.21,267.32,266.35,266.78,236.84359451928,85195750,0.0000,1.0
2017-12-13,267.06,267.56,266.65,266.75,236.81696093417,102905409,0.0000,1.0
2017-12-14,267.09,267.22,265.6,265.66,235.849274008516,100666692,0.0000,1.0
2017-12-15,265.45,267.04,265.39,266.51,237.803587002196,144610290,1.3513,1.0
2017-12-18,268.1,268.6,267.98,268.2,239.311553164943,83653572,0.0000,1.0
2017-12-19,268.48,268.53,267.09,267.17,238.392496864571,82382876,0.0000,1.0
2017-12-20,268.27,268.33,266.69,267.03,238.267576590733,76751500,0.0000,1.0
2017-12-21,267.74,268.39,267.3,267.58,238.758334809379,67032339,0.0000,1.0
2017-12-22,267.6,267.64,266.9,267.51,238.69587467246,78720873,0.0000,1.0
2017-12-26,267.05,267.44,266.89,267.19,238.410342617976,45244433,0.0000,1.0
2017-12-27,267.38,267.73,267.01,267.32,238.52634001511,57750986,0.0000,1.0
2017-12-28,267.89,267.92,267.45,267.87,239.017098233756,45116139,0.0000,1.0
2017-12-29,268.53,268.55,266.64,266.86,238.115887686789,96007424,0.0000,1.0
2018-01-02,267.84,268.81,267.4,268.77,239.820157136994,86655749,0.0000,1.0
2018-01-03,268.96,270.64,268.96,270.47,241.337046176443,90070416,0.0000,1.0
2018-01-04,271.2,272.16,270.54,271.61,242.354254120545,80636408,0.0000,1.0
2018-01-05,272.51,273.56,271.95,273.42,243.969294803724,83523995,0.0000,1.0
2018-01-08,273.31,274.1,272.98,273.92,244.415438638856,57319192,0.0000,1.0
2018-01-09,274.4,275.25,274.08,274.54,244.96865699442,57253957,0.0000,1.0
2018-01-10,273.68,274.42,272.92,274.12,244.593896172909,69574318,0.0000,1.0
2018-01-11,274.75,276.12,274.56,276.12,246.378471513438,62361455,0.0000,1.0
2018-01-12,276.42,278.11,276.08,277.92,247.984589319914,90816076,0.0000,1.0
2018-01-16,279.35,280.09,276.18,276.97,247.136916033163,106555142,0.0000,1.0
2018-01-17,278.03,280.05,276.97,279.61,249.492555482661,113258799,0.0000,1.0
2018-01-18,279.48,279.96,278.58,279.14,249.073180277637,100728006,0.0000,1.0
2018-01-19,279.8,280.41,279.14,280.41,250.206385618873,140920098,0.0000,1.0
2018-01-22,280.17,282.69,280.11,282.69,252.240801507076,91322408,0.0000,1.0
2018-01-23,282.74,283.62,282.37,283.29,252.776174109235,97084700,0.0000,1.0
2018-01-24,284.02,284.7,281.84,283.18,252.678022465505,134816117,0.0000,1.0
2018-01-25,284.16,284.27,282.4,283.3,252.785096985937,84587313,0.0000,1.0
2018-01-26,284.25,286.63,283.96,286.58,255.711800544405,107743119,0.0000,1.0
2018-01-29,285.93,286.43,284.5,284.68,254.016453970902,90118337,0.0000,1.0
2018-01-30,282.6,284.74,281.22,281.76,251.41097397373,131796419,0.0000,1.0
2018-01-31,282.73,283.3,280.68,281.9,251.535894247567,118948131,0.0000,1.0
2018-02-01,281.07,283.06,280.68,281.58,251.250362193082,90102470,0.0000,1.0
2018-02-02,280.08,280.23,275.41,275.45,245.780638774361,173174790,0.0000,1.0
2018-02-05,273.45,275.85,263.31,263.93,235.501484812914,294681816,0.0000,1.0
2018-02-06,259.94,269.7,258.7,269.13,240.141380698289,355026782,0.0000,1.0
2018-02-07,268.5,272.36,267.58,267.67,238.838640699703,167376100,0.0000,1.0
2018-02-08,268.01,268.17,257.59,257.63,229.880072490247,246449505,0.0000,1.0
2018-02-09,260.8,263.61,252.92,261.5,233.333225774171,283565315,0.0000,1.0
2018-02-12,263.83,267.01,261.66,265.34,236.759610427986,143735976,0.0000,1.0
2018-02-13,263.97,266.62,263.31,266.0,237.348520290361,81223640,0.0000,1.0
2018-02-14,264.31,270.0,264.3,269.59,240.551833026611,120735685,0.0000,1.0
2018-02-15,271.57,273.04,268.77,273.03,243.621302612321,111200286,0.0000,1.0
2018-02-16,272.32,275.32,272.27,273.11,243.692685625942,160420135,0.0000,1.0
2018-02-20,272.03,273.67,270.5,271.4,242.166873709789,86369662,0.0000,1.0
2018-02-21,271.9,274.72,269.94,270.05,240.962285354932,98883740,0.0000,1.0
2018-02-22,271.1,273.05,269.64,270.4,241.274586039525,110511290,0.0000,1.0
2018-02-23,271.79,274.71,271.25,274.71,245.120345898365,92766428,0.0000,1.0
2018-02-26,275.93,278.01,275.26,277.9,247.966743566509,86491406,0.0000,1.0
2018-02-27,278.11,278.92,274.36,274.43,244.870505350691,99099165,0.0000,1.0
2018-02-28,275.68,276.19,271.29,271.65,242.389945627356,121907767,0.0000,1.0
2018-03-01,271.41,273.17,266.0,267.7,238.865409329811,176855077,0.0000,1.0
2018-03-02,265.8,269.72,264.82,269.08,240.096766314776,139083217,0.0000,1.0
2018-03-05,267.73,272.89,267.61,272.19,242.871780969298,97307387,0.0000,1.0
2018-03-06,273.3,273.39,271.18,272.88,243.487459461781,79213163,0.0000,1.0
2018-03-07,270.42,273.18,270.2,272.78,243.398230694754,87063502,0.0000,1.0
2018-03-08,273.55,274.24,272.42,274.1,244.576050419504,66901150,0.0000,1.0
2018-03-09,275.7,278.87,275.34,278.87,248.832262606665,113625335,0.0000,1.0
2018-03-12,279.2,279.91,278.08,278.52,248.519961922073,71924793,0.0000,1.0
2018-03-13,279.84,280.41,276.03,276.72,246.913844115597,91968937,0.0000,1.0
2018-03-14,277.81,278.02,274.67,275.3,245.646795623821,105895079,0.0000,1.0
2018-03-15,275.88,276.61,274.43,275.0,245.379109322742,83433038,0.0000,1.0
2018-03-16,274.5,275.39,274.14,274.2,245.643922457523,100343673,1.0968,1.0
2018-03-19,273.35,274.4,268.62,270.49,242.320293893273,109208442,0.0000,1.0
2018-03-20,270.94,271.67,270.18,270.95,242.732388000969,59757271,0.0000,1.0
2018-03-21,270.9,273.27,270.19,270.43,242.266542487921,78709578,0.0000,1.0
2018-03-22,267.91,268.87,263.36,263.67,236.21055081829,148785916,0.0000,1.0
2018-03-23,264.17,264.54,257.83,258.05,231.175835850342,183534751,0.0000,1.0
2018-03-26,262.13,265.43,259.41,265.11,237.500584546732,141956102,0.0000,1.0
2018-03-27,266.17,266.77,258.84,260.6,233.460270577792,129941445,0.0000,1.0
2018-03-28,260.75,262.64,258.58,259.83,232.770460875777,146452306,0.0000,1.0
2018-03-29,261.12,265.26,259.84,263.15,235.744705305241,124244790,0.0000,1.0
2018-04-02,262.55,263.13,254.67,257.47,230.656238931942,186286343,0.0000,1.0
2018-04-03,258.87,261.31,256.84,260.77,233.612566226288,119956861,0.0000,1.0
2018-04-04,256.75,264.36,256.6,263.56,236.112006575145,123715339,0.0000,1.0
2018-04-05,265.55,266.64,264.32,265.64,237.975388627339,82652618,0.0000,1.0
2018-04-06,263.42,265.11,258.0,259.72,232.671916632633,179521209,0.0000,1.0
2018-04-09,261.37,264.84,259.94,261.0,233.818613280137,105442932,0.0000,1.0
2018-04-10,264.27,266.04,262.98,265.15,237.536418816966,105573736,0.0000,1.0
2018-04-11,263.47,265.64,263.39,263.76,236.291177926317,91140243,0.0000,1.0
2018-04-12,265.26,267.0,265.06,265.93,238.235187086539,68890480,0.0000,1.0
2018-04-13,267.41,267.54,264.01,265.15,237.536418816966,85079176,0.0000,1.0
2018-04-16,267.0,268.2,266.07,267.33,239.489386544747,63405287,0.0000,1.0
2018-04-17,269.33,270.87,268.75,270.19,242.051536866514,64682036,0.0000,1.0
2018-04-18,270.69,271.3,269.87,270.39,242.230708217686,57303857,0.0000,1.0
2018-04-19,269.65,269.88,267.72,268.89,240.886923083892,77655909,0.0000,1.0
2018-04-20,268.81,269.06,265.61,266.61,238.844369680526,99953133,0.0000,1.0
2018-04-23,267.26,267.89,265.35,266.57,238.808535410291,65557954,0.0000,1.0
2018-04-24,267.73,267.98,261.28,262.98,235.592409656745,112885452,0.0000,1.0
2018-04-25,262.91,264.13,260.85,263.63,236.174716548055,103756753,0.0000,1.0
2018-04-26,264.79,267.25,264.29,266.31,238.575612653767,67731942,0.0000,1.0
2018-04-27,267.0,267.34,265.5,266.56,238.799576842733,57053647,0.0000,1.0
2018-04-30,267.26,267.89,264.43,264.51,236.963070493214,82182324,0.0000,1.0
2018-05-01,263.87,265.1,262.11,264.98,237.38412316847,74203365,0.0000,1.0
2018-05-02,264.76,265.68,262.76,263.2,235.789498143034,86368943,0.0000,1.0
2018-05-03,262.26,263.36,259.05,262.62,235.269901224634,136311479,0.0000,1.0
2018-05-04,261.52,266.79,261.15,266.02,238.315814194567,91222075,0.0000,1.0
2018-05-07,266.89,268.02,266.11,266.92,239.122085274843,55304907,0.0000,1.0
2018-05-08,266.5,267.33,265.15,266.92,239.122085274843,67499247,0.0000,1.0
2018-05-09,267.68,269.87,267.09,269.5,241.433395704969,59666143,0.0000,1.0
2018-05-10,270.34,272.39,270.22,272.02,243.690954729742,72063931,0.0000,1.0
2018-05-11,272.16,273.15,271.58,272.85,244.434515837108,59871511,0.0000,1.0
2018-05-14,273.34,274.08,272.36,272.98,244.55097721537,54790606,0.0000,1.0
2018-05-15,271.59,271.61,270.03,271.1,242.866766514349,87036136,0.0000,1.0
2018-05-16,271.14,272.76,271.11,272.24,243.888043216032,53942631,0.0000,1.0
2018-05-17,271.94,273.23,271.13,272.01,243.681996162184,56536400,0.0000,1.0
2018-05-18,271.62,272.03,270.93,271.33,243.072813568197,64367959,0.0000,1.0
2018-05-21,273.01,273.98,272.57,273.37,244.900361350157,58025875,0.0000,1.0
2018-05-22,273.96,274.25,272.24,272.61,244.219510215701,52966358,0.0000,1.0
2018-05-23,271.17,273.39,270.99,273.36,244.891402782598,64694184,0.0000,1.0
2018-05-24,272.91,273.22,270.78,272.8,244.389722999315,76043827,0.0000,1.0
2018-05-25,272.15,272.86,271.58,272.15,243.807416108004,56374755,0.0000,1.0
2018-05-29,270.31,271.17,267.76,269.02,241.003384462155,115908607,0.0000,1.0
2018-05-30,270.5,273.11,270.42,272.61,244.219510215701,69678449,0.0000,1.0
2018-05-31,272.15,272.49,270.26,270.94,242.723429433411,93519941,0.0000,1.0
2018-06-01,272.41,273.94,272.33,273.6,245.106408404005,71258411,0.0000,1.0
2018-06-04,274.53,275.19,274.26,274.9,246.271022186627,45385166,0.0000,1.0
2018-06-05,275.05,275.53,274.18,275.1,246.450193537799,51135038,0.0000,1.0
2018-06-06,275.79,277.52,275.09,277.4,248.510664076283,62732215,0.0000,1.0
2018-06-07,277.95,278.28,276.34,277.37,248.483788373607,72969402,0.0000,1.0
2018-06-08,276.85,278.25,276.66,278.19,249.218390913415,72139719,0.0000,1.0
2018-06-11,278.44,279.37,278.31,278.56,249.549857913084,58892515,0.0000,1.0
2018-06-12,279.03,279.33,278.19,278.92,249.872366345194,72329028,0.0000,1.0
2018-06-13,279.19,279.48,277.8,278.03,249.075053832476,79070610,0.0000,1.0
2018-06-14,279.01,279.33,278.06,278.73,249.70215356158,77097620,0.0000,1.0
2018-06-15,276.6,277.51,275.35,277.13,249.384661927303,120041562,1.2456,1.0
2018-06-18,275.49,276.7,274.95,276.56,248.871728440136,52917581,0.0000,1.0
2018-06-19,274.0,275.75,273.53,275.5,247.917852130668,97531510,0.0000,1.0
2018-06-20,276.27,276.72,275.59,275.97,248.340797286753,53785486,0.0000,1.0
2018-06-21,275.96,275.98,273.68,274.24,246.783999159035,71061404,0.0000,1.0
2018-06-22,275.66,275.79,274.49,274.74,247.233940814445,56612003,0.0000,1.0
2018-06-25,273.44,273.62,269.1,271.0,243.868377231981,137854162,0.0000,1.0
2018-06-26,271.64,272.56,270.79,271.6,244.408307218473,68683211,0.0000,1.0
2018-06-27,272.26,273.87,269.18,269.35,242.38356976913,104960655,0.0000,1.0
2018-06-28,269.29,271.75,268.49,270.89,243.769390067791,76650517,0.0000,1.0
2018-06-29,272.12,273.66,271.15,271.28,244.120344559011,97592499,0.0000,1.0
2018-07-02,269.51,272.04,269.24,271.86,244.642276879286,63554774,0.0000,1.0
2018-07-03,272.87,272.98,270.42,270.9,243.7783889009,42187071,0.0000,1.0
2018-07-05,272.17,273.18,270.96,273.11,245.76713101781,56925919,0.0000,1.0
2018-07-06,273.14,275.84,272.71,275.42,247.845861465802,66493696,0.0000,1.0
2018-07-09,276.55,277.96,276.5,277.9,250.077572076633,50550399,0.0000,1.0
2018-07-10,278.41,279.01,278.08,278.9,250.977455387452,51966829,0.0000,1.0
2018-07-11,277.15,278.04,276.52,276.86,249.141693433382,77054739,0.0000,1.0
2018-07-12,278.28,279.43,277.6,279.37,251.400400543538,60124687,0.0000,1.0
2018-07-13,279.17,279.93,278.66,279.59,251.598374871918,48234964,0.0000,1.0
2018-07-16,279.64,279.8,278.84,279.34,251.373404044213,48201038,0.0000,1.0
2018-07-17,278.47,280.91,278.41,280.47,252.390272185439,52315500,0.0000,1.0
2018-07-18,280.56,281.18,280.06,281.06,252.921203338822,44593465,0.0000,1.0
2018-07-19,280.31,280.74,279.46,280.0,251.967327029354,61412117,0.0000,1.0
2018-07-20,279.77,280.48,279.5,279.68,251.679364369891,82372729,0.0000,1.0
2018-07-23,279.45,280.43,279.06,280.2,252.147303691517,47047565,0.0000,1.0
2018-07-24,281.79,282.56,280.63,281.61,253.416139159772,68026935,0.0000,1.0
2018-07-25,281.33,284.37,281.28,284.01,255.575859105738,78882927,0.0000,1.0
2018-07-26,283.2,284.11,283.09,283.34,254.972937287489,57919495,0.0000,1.0
2018-07-27,283.71,283.82,280.38,281.42,253.245161330717,76783177,0.0000,1.0
2018-07-30,281.51,281.69,279.36,279.95,251.922332863813,63742508,0.0000,1.0
2018-07-31,280.81,282.02,280.38,281.33,253.164171832743,68570493,0.0000,1.0
2018-08-01,281.56,282.13,280.13,280.86,252.741226676658,53853326,0.0000,1.0
2018-08-02,279.39,282.58,279.16,282.39,254.118048142211,63426363,0.0000,1.0
2018-08-03,282.53,283.66,282.33,283.6,255.206906948302,53935386,0.0000,1.0
2018-08-06,283.64,284.99,283.2,284.64,256.142785591554,39400887,0.0000,1.0
2018-08-07,285.39,286.01,285.24,285.58,256.988675903724,43196646,0.0000,1.0
2018-08-08,285.39,285.91,284.94,285.46,256.880689906426,42114551,0.0000,1.0
2018-08-09,285.53,285.97,284.92,285.07,256.529735415206,35716976,0.0000,1.0
2018-08-10,283.45,284.06,282.36,283.16,254.810958291542,77076044,0.0000,1.0
2018-08-13,283.47,284.16,281.77,282.1,253.857081982074,65732909,0.0000,1.0
2018-08-14,282.92,284.17,282.48,283.9,255.476871941548,43842031,0.0000,1.0
2018-08-15,282.38,282.54,280.16,281.78,253.569119322612,102925355,0.0000,1.0
2018-08-16,283.4,285.04,283.36,284.06,255.620853271279,69967919,0.0000,1.0
2018-08-17,283.83,285.56,283.37,285.06,256.520736582098,65618481,0.0000,1.0
2018-08-20,285.57,285.97,285.06,285.67,257.069665401698,39807490,0.0000,1.0
2018-08-21,286.25,287.31,285.71,286.34,257.672587219947,67271983,0.0000,1.0
2018-08-22,285.88,286.76,285.58,286.17,257.519607057108,44993333,0.0000,1.0
2018-08-23,285.97,286.94,285.43,285.79,257.177651398996,49204851,0.0000,1.0
2018-08-24,286.44,287.67,286.38,287.51,258.725450693605,57487399,0.0000,1.0
2018-08-27,288.86,289.9,288.68,289.78,260.768185809164,57072377,0.0000,1.0
2018-08-28,290.3,290.42,289.4,289.92,260.894169472679,46943472,0.0000,1.0
2018-08-29,290.16,291.74,289.89,291.48,262.297987437557,61485514,0.0000,1.0
2018-08-30,290.94,291.36,289.63,290.3,261.23612513079,61229501,0.0000,1.0
2018-08-31,289.84,290.81,289.29,290.31,261.245123963899,66140838,0.0000,1.0
2018-09-04,289.84,290.21,288.68,289.81,260.795182308489,57594367,0.0000,1.0
2018-09-05,289.41,289.64,287.89,289.03,260.09327332605,72452437,0.0000,1.0
2018-09-06,289.15,289.49,287.0,288.16,259.310374845638,65909863,0.0000,1.0
2018-09-07,286.98,288.7,286.71,287.6,258.806440191579,73524824,0.0000,1.0
2018-09-10,288.74,289.04,287.88,288.1,259.256381846988,50191113,0.0000,1.0
2018-09-11,287.37,289.55,286.98,289.05,260.111270992267,50530492,0.0000,1.0
2018-09-12,289.06,289.8,288.23,289.12,260.174262824024,59810758,0.0000,1.0
2018-09-13,290.32,291.04,290.0,290.83,261.713063285525,51034222,0.0000,1.0
2018-09-14,291.06,291.27,290.0,290.88,261.758057451066,55079875,0.0000,1.0
2018-09-17,290.82,290.86,289.03,289.34,260.372237152404,68244043,0.0000,1.0
2018-09-18,289.58,291.58,289.55,290.91,261.78505395039,61930407,0.0000,1.0
2018-09-19,290.97,291.69,290.83,291.22,262.064017776744,49080562,0.0000,1.0
2018-09-20,292.64,293.94,291.24,293.58,264.187742390277,100360646,0.0000,1.0
2018-09-21,293.09,293.22,291.81,291.99,263.947113592964,105479656,1.3226,1.0
2018-09-24,291.34,291.5,290.37,291.02,263.070272947102,53409645,0.0000,1.0
2018-09-25,291.53,291.65,290.48,290.75,262.826203901347,44370037,0.0000,1.0
2018-09-26,290.91,292.24,289.41,289.88,262.039759198358,79739674,0.0000,1.0
2018-09-27,290.41,291.91,290.1,290.69,262.771966335624,59249455,0.0000,1.0
2018-09-28,289.99,291.28,289.95,290.72,262.799085118485,70091385,0.0000,1.0
2018-10-01,292.11,292.93,290.98,291.73,263.712084141496,62078937,0.0000,1.0
2018-10-02,291.56,292.36,291.14,291.56,263.558411038613,47258227,0.0000,1.0
2018-10-03,292.74,293.21,291.32,291.72,263.703044547209,64694594,0.0000,1.0
2018-10-04,291.18,291.24,287.66,289.44,261.642017049719,111545910,0.0000,1.0
2018-10-05,289.69,290.27,286.22,287.82,260.177602775187,105951698,0.0000,1.0
2018-10-08,287.05,288.22,285.5,287.82,260.177602775187,87742172,0.0000,1.0
2018-10-09,287.39,288.86,286.77,287.4,259.797939815123,74338982,0.0000,1.0
2018-10-10,286.83,286.91,277.88,278.3,251.57190901374,214731042,0.0000,1.0
2018-10-11,277.08,278.9,270.36,272.17,246.030637715665,274840491,0.0000,1.0
2018-10-12,276.77,277.09,272.37,275.95,249.44760435624,183186492,0.0000,1.0
2018-10-15,275.55,277.04,274.3,274.4,248.046467241718,102263717,0.0000,1.0
2018-10-16,276.6,280.82,276.07,280.4,253.470223814059,118255834,0.0000,1.0
2018-10-17,280.44,281.15,277.56,280.45,253.515421785495,110625987,0.0000,1.0
2018-10-18,279.4,280.07,274.97,276.4,249.854386099165,134557525,0.0000,1.0
2018-10-19,277.13,279.3,275.47,276.25,249.718792184857,139901634,0.0000,1.0
2018-10-22,277.0,277.36,274.41,275.01,248.59788249324,82415812,0.0000,1.0
2018-10-23,270.95,274.87,268.61,273.61,247.332339293027,146352719,0.0000,1.0
2018-10-24,273.33,273.76,264.7,265.32,239.838515628909,177806697,0.0000,1.0
2018-10-25,267.38,271.81,266.23,270.08,244.141362509633,138061545,0.0000,1.0
2018-10-26,265.92,271.0,262.29,265.33,239.847555223197,201574596,0.0000,1.0
2018-10-29,268.8,270.25,259.85,263.86,238.518734862973,160749101,0.0000,1.0
2018-10-30,263.67,268.12,263.12,267.77,242.053216229282,157115995,0.0000,1.0
2018-10-31,270.65,273.23,270.12,270.63,244.638540195431,128296325,0.0000,1.0
2018-11-01,271.6,273.73,270.38,273.51,247.241943350155,99495037,0.0000,1.0
2018-11-02,274.75,275.23,269.59,271.89,245.777529075623,122634107,0.0000,1.0
2018-11-05,272.44,274.01,271.35,273.39,247.133468218708,65622482,0.0000,1.0
2018-11-06,273.32,275.3,273.25,275.12,248.697318030399,60085894,0.0000,1.0
2018-11-07,277.56,281.1,277.08,281.01,254.021639065581,102752099,0.0000,1.0
2018-11-08,280.11,281.22,279.22,280.5,253.560619756932,65584886,0.0000,1.0
2018-11-09,279.03,279.24,276.18,277.76,251.083770922229,98812561,0.0000,1.0
2018-11-12,277.19,277.46,271.99,272.57,246.392221487155,99673574,0.0000,1.0
2018-11-13,273.09,275.33,271.25,272.06,245.931202178506,98176610,0.0000,1.0
2018-11-14,274.16,274.61,268.45,270.2,244.24983764108,125335931,0.0000,1.0
2018-11-15,268.78,273.54,267.01,273.02,246.79900323008,135101437,0.0000,1.0
2018-11-16,271.79,274.75,271.21,273.73,247.440814424474,126668040,0.0000,1.0
2018-11-19,273.05,273.38,268.07,269.1,243.255482269484,103061706,0.0000,1.0
2018-11-20,265.36,267.0,263.15,264.12,238.753764314441,136021311,0.0000,1.0
2018-11-21,265.86,267.15,265.01,265.02,239.567327800292,75563743,0.0000,1.0
2018-11-23,263.18,264.82,263.07,263.25,237.967319611452,42807878,0.0000,1.0
2018-11-26,265.78,267.75,265.34,267.5,241.809147183527,79981362,0.0000,1.0
2018-11-27,266.34,268.4,265.66,268.4,242.622710669378,75502441,0.0000,1.0
2018-11-28,269.6,274.58,268.33,274.58,248.209179938889,127629633,0.0000,1.0
2018-11-29,273.71,275.55,272.43,273.98,247.666804281655,82346420,0.0000,1.0
2018-11-30,273.81,276.28,273.45,275.65,249.176416527623,98204190,0.0000,1.0
2018-12-03,280.28,280.4,277.51,279.3,252.475868442463,103017719,0.0000,1.0
2018-12-04,278.37,278.85,269.9,270.25,244.295035612516,177986013,0.0000,1.0
2018-12-06,265.92,269.97,262.44,269.84,243.924412246739,204185411,0.0000,1.0
2018-12-07,269.46,271.22,262.63,263.57,238.256586628643,161018923,0.0000,1.0
2018-12-10,263.37,265.16,258.62,264.07,238.708566343005,151445885,0.0000,1.0
2018-12-11,267.66,267.87,262.48,264.13,238.762803908728,121504431,0.0000,1.0
2018-12-12,267.47,269.0,265.37,265.46,239.965069948931,97976706,0.0000,1.0
2018-12-13,266.52,267.49,264.12,265.37,239.883713600346,96662717,0.0000,1.0
2018-12-14,262.96,264.03,259.85,260.47,235.454312399601,116961071,0.0000,1.0
2018-12-17,259.4,260.65,253.53,255.36,230.835079718824,165492257,0.0000,1.0
2018-12-18,257.2,257.95,253.28,255.08,230.581971078781,134515094,0.0000,1.0
2018-12-19,255.17,259.4,249.35,251.26,227.128846061057,214992763,0.0000,1.0
2018-12-20,249.86,251.62,244.65,247.17,223.431651997579,252053377,0.0000,1.0
2018-12-21,246.74,249.71,239.98,240.7,218.880577857727,255345633,1.4354,1.0
2018-12-24,239.04,240.84,234.27,234.34,213.09711098953,147311588,0.0000,1.0
2018-12-26,235.97,246.18,233.76,246.18,223.863816605797,218485360,0.0000,1.0
2018-12-27,242.57,248.29,238.96,248.07,225.582488363799,186267342,0.0000,1.0
2018-12-28,249.58,251.4,246.45,247.75,225.291496320116,153100189,0.0000,1.0
2018-12-31,249.56,250.19,247.47,249.92,227.264786116341,144299370,0.0000,1.0
2019-01-02,245.98,251.21,245.95,250.18,227.501217151833,126925199,0.0000,1.0
2019-01-03,248.23,248.57,243.67,244.21,222.072396836874,144140692,0.0000,1.0
2019-01-04,247.59,253.11,247.17,252.39,229.510880953518,142628834,0.0000,1.0
2019-01-07,252.69,255.95,251.69,254.38,231.320487725171,103139100,0.0000,1.0
2019-01-08,256.82,257.31,254.0,256.77,233.493834551428,102512587,0.0000,1.0
2019-01-09,257.56,258.91,256.19,257.97,234.585054715239,95006554,0.0000,1.0
2019-01-10,256.26,259.16,255.5,258.88,235.412563339462,96823923,0.0000,1.0
2019-01-11,257.68,259.01,257.03,258.98,235.503498353113,73858110,0.0000,1.0
2019-01-14,256.86,258.3,256.41,257.4,234.066725137428,70908227,0.0000,1.0
2019-01-15,257.82,260.7,257.81,260.35,236.74930804013,85208271,0.0000,1.0
2019-01-16,260.83,261.97,260.6,260.98,237.322198626131,77636710,0.0000,1.0
2019-01-17,260.01,263.92,259.96,262.96,239.122711896419,96118435,0.0000,1.0
2019-01-18,264.98,266.98,263.0,266.46,242.3054373742,127900303,0.0000,1.0
2019-01-22,264.82,265.06,261.06,262.86,239.031776882768,115531183,0.0000,1.0
2019-01-23,264.01,264.79,260.66,263.41,239.531919457848,86030287,0.0000,1.0
2019-01-24,263.21,264.2,262.08,263.55,239.659228476959,59204139,0.0000,1.0
2019-01-25,265.61,266.7,263.66,265.78,241.687079281374,96883358,0.0000,1.0
2019-01-28,263.39,263.83,261.79,263.76,239.850192005626,85613655,0.0000,1.0
2019-01-29,263.92,264.55,262.48,263.41,239.531919457848,66136334,0.0000,1.0
2019-01-30,265.1,268.52,264.25,267.58,243.323909527091,92473671,0.0000,1.0
2019-01-31,267.51,270.47,267.27,269.93,245.460882347887,104012073,0.0000,1.0
2019-02-01,270.15,271.2,269.18,270.06,245.579097865633,85782524,0.0000,1.0
2019-02-04,270.11,272.03,269.36,271.96,247.306863125,60744844,0.0000,1.0
2019-02-05,272.44,273.44,271.88,273.1,248.34352228062,79552774,0.0000,1.0
2019-02-06,272.79,273.34,271.92,272.74,248.016156231477,58347791,0.0000,1.0
2019-02-07,270.94,271.55,268.29,270.14,245.651845876554,95481961,0.0000,1.0
2019-02-08,268.75,270.58,267.83,270.47,245.951931421602,75788861,0.0000,1.0
2019-02-11,271.2,271.49,270.03,270.62,246.088333942078,68021423,0.0000,1.0
2019-02-12,272.42,274.52,272.34,274.1,249.25287241713,72270221,0.0000,1.0
2019-02-13,275.03,275.93,274.56,274.99,250.062194038623,65277204,0.0000,1.0
2019-02-14,273.78,275.64,272.87,274.38,249.507490455352,83234396,0.0000,1.0
2019-02-15,276.36,277.41,276.13,277.37,252.226447363514,97088659,0.0000,1.0
2019-02-19,276.48,278.58,276.47,277.85,252.662935429038,59120804,0.0000,1.0
2019-02-20,277.81,278.92,277.25,278.41,253.172171505484,76610767,0.0000,1.0
2019-02-21,277.7,278.1,276.35,277.42,252.27191487034,64214727,0.0000,1.0
2019-02-22,278.11,279.36,277.4,279.14,253.835997105135,78114616,0.0000,1.0
2019-02-25,280.73,281.31,279.43,279.52,254.181550157009,69030699,0.0000,1.0
2019-02-26,279.13,280.3,278.9,279.32,253.999680129707,56844101,0.0000,1.0
2019-02-27,278.52,279.59,277.48,279.2,253.890558113326,56921570,0.0000,1.0
2019-02-28,278.96,279.45,278.32,278.68,253.417696042341,69268293,0.0000,1.0
2019-03-01,280.44,280.88,278.82,280.42,254.999965279867,78880548,0.0000,1.0
2019-03-04,281.6,281.87,276.84,279.4,254.072428140627,106494637,0.0000,1.0
2019-03-05,279.54,279.76,278.41,279.02,253.726875088754,59114559,0.0000,1.0
2019-03-06,279.15,279.16,276.97,277.33,252.190073358054,75039771,0.0000,1.0
2019-03-07,276.83,276.99,274.07,275.01,250.080381041353,94885089,0.0000,1.0
2019-03-08,272.94,274.65,272.42,274.46,249.580238466273,85795799,0.0000,1.0
2019-03-11,275.26,278.62,275.23,278.44,253.199452009579,65098897,0.0000,1.0
2019-03-12,279.06,280.07,278.85,279.49,254.154269652913,79667530,0.0000,1.0
2019-03-13,280.48,282.38,280.3,281.34,255.836567405455,80639153,0.0000,1.0
2019-03-14,281.37,281.84,280.67,281.16,255.672884380883,67518366,0.0000,1.0
2019-03-15,280.54,282.21,280.33,281.31,256.930606554689,81308979,1.2331,1.0
2019-03-18,281.55,282.66,281.3,282.33,257.86220947917,62199806,0.0000,1.0
2019-03-19,283.51,284.36,281.41,282.4,257.926143013203,90268121,0.0000,1.0
2019-03-20,282.16,283.5,280.32,281.55,257.149807242802,84609210,0.0000,1.0
2019-03-21,280.64,285.18,280.59,284.73,260.054216360302,79550375,0.0000,1.0
2019-03-22,283.22,283.8,279.18,279.25,255.049133981717,122659286,0.0000,1.0
2019-03-25,278.87,280.19,277.64,279.04,254.857333379618,85575197,0.0000,1.0
2019-03-26,280.99,282.18,279.56,281.12,256.757072676599,68125920,0.0000,1.0
2019-03-27,281.11,281.76,277.93,279.65,255.414468461906,72224722,0.0000,1.0
2019-03-28,280.35,281.21,279.07,280.71,256.382604834406,56238545,0.0000,1.0
2019-03-29,282.39,282.84,281.14,282.48,257.999209909241,82186806,0.0000,1.0
2019-04-01,284.7,286.16,284.4,285.83,261.058886180821,77617945,0.0000,1.0
2019-04-02,286.04,286.23,285.09,285.97,261.186753248887,40070351,0.0000,1.0
2019-04-03,287.32,287.76,285.75,286.42,261.597754539099,68243202,0.0000,1.0
2019-04-04,286.78,287.46,286.01,287.18,262.291890051458,48997505,0.0000,1.0
2019-04-05,287.92,288.63,287.6,288.57,263.561427370113,58621729,0.0000,1.0
2019-04-08,288.1,288.91,287.37,288.79,263.762361334217,53566335,0.0000,1.0
2019-04-09,287.72,288.08,286.7,287.31,262.410623757519,66142316,0.0000,1.0
2019-04-10,287.77,288.39,287.31,288.29,263.305693233981,52601499,0.0000,1.0
2019-04-11,288.83,288.84,287.58,288.21,263.232626337944,55093100,0.0000,1.0
2019-04-12,290.0,290.47,288.26,290.16,265.013631928863,69727782,0.0000,1.0
2019-04-15,290.24,290.35,289.08,289.97,264.840098050774,49596685,0.0000,1.0
2019-04-16,290.95,291.01,289.5,290.16,265.013631928863,52153197,0.0000,1.0
2019-04-17,291.4,291.43,288.99,289.45,264.365163226528,58268295,0.0000,1.0
2019-04-18,290.1,290.32,288.66,290.02,264.885764860797,68708513,0.0000,1.0
2019-04-22,289.17,290.44,289.07,290.27,265.114098910915,40160140,0.0000,1.0
2019-04-23,290.68,293.14,290.42,292.88,267.497906394146,52246633,0.0000,1.0
2019-04-24,292.79,293.16,292.07,292.23,266.90423786384,50392914,0.0000,1.0
2019-04-25,292.12,292.78,290.73,292.05,266.739837347755,57770862,0.0000,1.0
2019-04-26,292.1,293.49,291.24,293.41,267.981974580396,50916423,0.0000,1.0
2019-04-29,293.51,294.45,293.41,293.87,268.402109232613,57197747,0.0000,1.0
2019-04-30,293.49,294.34,291.92,294.02,268.539109662684,81111733,0.0000,1.0
2019-05-01,294.72,294.95,291.8,291.81,266.520636659642,71671870,0.0000,1.0
2019-05-02,291.68,292.7,289.52,291.18,265.945234853344,65030170,0.0000,1.0
2019-05-03,292.82,294.34,291.3,294.03,268.548243024689,56543653,0.0000,1.0
2019-05-06,289.25,293.31,288.9,292.82,267.443106222118,107198069,0.0000,1.0
2019-05-07,290.15,290.81,285.81,287.93,262.976892201811,144729908,0.0000,1.0
2019-05-08,287.53,289.43,286.87,287.53,262.611557721623,91568287,0.0000,1.0
2019-05-09,285.23,287.33,283.3,286.66,261.816955227212,103471104,0.0000,1.0
2019-05-10,285.62,288.94,282.3,288.1,263.132159355892,112429293,0.0000,1.0
2019-05-13,282.42,283.49,279.93,280.86,256.519605264477,127290527,0.0000,1.0
2019-05-14,281.99,285.1,281.85,283.4,258.839479213675,77003230,0.0000,1.0
2019-05-15,281.59,285.77,281.36,285.06,260.355617306458,73956407,0.0000,1.0
2019-05-16,285.84,289.21,285.76,287.7,262.766824875703,76749643,0.0000,1.0
2019-05-17,285.14,288.6,285.12,285.84,261.068019542826,100353024,0.0000,1.0
2019-05-20,284.06,285.96,283.12,283.95,259.341814123934,62877610,0.0000,1.0
2019-05-21,285.83,286.93,285.55,286.51,261.679954797142,46847085,0.0000,1.0
2019-05-22,285.45,286.69,285.1,285.63,260.876218940727,49482472,0.0000,1.0
2019-05-23,283.16,283.21,280.57,282.14,257.68867560108,98733847,0.0000,1.0
2019-05-24,283.74,284.2,282.09,282.78,258.273210769382,55268095,0.0000,1.0
2019-05-28,283.09,284.15,280.13,280.15,255.871136562142,70029356,0.0000,1.0
2019-05-29,278.91,279.36,276.71,278.27,254.154064505255,104972927,0.0000,1.0
2019-05-30,279.11,280.04,277.81,279.03,254.848200017614,62523780,0.0000,1.0
2019-05-31,276.2,277.12,275.24,275.27,251.41405590384,86862782,0.0000,1.0
2019-06-03,275.31,276.55,273.09,274.57,250.77472056351,96427952,0.0000,1.0
2019-06-04,277.12,280.68,276.62,280.53,256.218204318321,77231889,0.0000,1.0
2019-06-05,282.33,282.99,280.32,282.96,258.437611285467,71169717,0.0000,1.0
2019-06-06,283.29,285.55,282.57,284.8,260.118149894335,69430381,0.0000,1.0
2019-06-07,285.93,288.85,285.74,287.65,262.721158065679,74272199,0.0000,1.0
2019-06-10,289.37,290.82,288.87,288.97,263.926761850302,60799053,0.0000,1.0
2019-06-11,290.99,291.4,288.18,288.9,263.862828316269,58641325,0.0000,1.0
2019-06-12,288.64,289.26,287.82,288.39,263.397026854028,47096312,0.0000,1.0
2019-06-13,289.4,289.98,288.62,289.58,264.48389693259,48945156,0.0000,1.0
2019-06-14,289.26,289.93,288.41,289.26,264.191629348439,52324716,0.0000,1.0
2019-06-17,289.52,290.22,289.18,289.37,264.292096330491,39205709,0.0000,1.0
2019-06-18,291.39,293.57,290.99,292.4,267.05950501792,85434823,0.0000,1.0
2019-06-19,292.55,293.65,291.47,293.06,267.662306910231,78674377,0.0000,1.0
2019-06-20,296.04,296.31,293.13,295.86,270.219648271552,116570017,0.0000,1.0
2019-06-21,294.13,295.52,293.76,294.0,269.82837504327,83309466,1.4316,1.0
2019-06-24,294.23,294.58,293.47,293.64,269.49797295138,47582730,0.0000,1.0
2019-06-25,293.7,293.73,290.64,290.76,266.854756216262,82028656,0.0000,1.0
2019-06-26,291.75,292.31,290.35,290.47,266.588598975574,51584902,0.0000,1.0
2019-06-27,291.31,292.06,290.89,291.5,267.533916071814,40355239,0.0000,1.0
2019-06-28,292.58,293.55,292.01,293.0,268.910591454687,59350929,0.0000,1.0
2019-07-01,296.68,296.92,294.33,295.66,271.351895800317,79107474,0.0000,1.0
2019-07-02,295.61,296.49,294.68,296.43,272.058589163525,61504544,0.0000,1.0
2019-07-03,297.18,298.82,297.02,298.8,274.233736268466,40898896,0.0000,1.0
2019-07-05,297.44,298.64,296.01,298.46,273.921689848348,51677326,0.0000,1.0
2019-07-08,297.01,298.26,296.22,296.82,272.416524763073,45841772,0.0000,1.0
2019-07-09,295.54,297.52,295.48,297.19,272.756104690848,41101279,0.0000,1.0
2019-07-10,298.37,299.66,297.78,298.61,274.059357386635,58595558,0.0000,1.0
2019-07-11,299.32,299.58,298.2,299.31,274.701805898643,50889481,0.0000,1.0
2019-07-12,299.85,300.73,299.51,300.65,275.931635907344,40354410,0.0000,1.0
2019-07-15,301.13,301.13,300.19,300.75,276.023414266202,33910261,0.0000,1.0
2019-07-16,300.65,300.88,299.44,299.78,275.133164185277,40567964,0.0000,1.0
2019-07-17,299.75,299.93,297.74,297.74,273.260885664569,44102443,0.0000,1.0
2019-07-18,297.19,299.25,296.7,298.83,274.261269776124,51701687,0.0000,1.0
2019-07-19,300.04,300.07,296.98,297.17,272.737749019077,71081238,0.0000,1.0
2019-07-22,297.61,298.5,297.04,297.9,273.407731038742,43687404,0.0000,1.0
2019-07-23,299.14,300.03,298.22,300.03,275.362610082423,44657973,0.0000,1.0
2019-07-24,299.19,301.44,299.09,301.44,276.656684942324,47213232,0.0000,1.0
2019-07-25,300.94,301.0,299.11,300.0,275.335076574765,55394074,0.0000,1.0
2019-07-26,300.76,302.23,300.62,302.01,277.179821587816,45084077,0.0000,1.0
2019-07-29,301.88,302.01,300.85,301.46,276.675040614096,38126462,0.0000,1.0
2019-07-30,299.91,301.17,299.49,300.72,275.995880758545,45849045,0.0000,1.0
2019-07-31,300.99,301.2,295.2,297.43,272.976372752108,104245162,0.0000,1.0
2019-08-01,297.6,300.87,293.96,294.84,270.599313257679,142646576,0.0000,1.0
2019-08-02,293.85,294.12,290.9,292.62,268.561833691026,116749695,0.0000,1.0
2019-08-05,288.09,288.21,281.72,283.82,260.4853381115,178745449,0.0000,1.0
2019-08-06,285.91,288.04,284.28,287.8,264.138116794058,120711682,0.0000,1.0
2019-08-07,284.4,288.82,282.04,287.97,264.294140004117,140572265,0.0000,1.0
2019-08-08,289.62,293.62,289.01,293.62,269.479617279609,87713904,0.0000,1.0
2019-08-09,292.58,293.24,289.65,291.62,267.644050102443,93729958,0.0000,1.0
2019-08-12,289.96,291.61,287.02,288.07,264.385918362975,62629500,0.0000,1.0
2019-08-13,287.74,294.15,287.36,292.55,268.497588839825,94792972,0.0000,1.0
2019-08-14,288.07,288.74,283.76,283.9,260.558760798586,135622053,0.0000,1.0
2019-08-15,284.88,285.64,282.39,284.65,261.247098490023,101929845,0.0000,1.0
2019-08-16,286.48,289.33,284.7138,288.85,265.10178956207,85825286,0.0000,1.0
2019-08-19,292.19,293.08,291.44,292.33,268.295676450337,53640153,0.0000,1.0
2019-08-20,291.77,292.36,289.95,290.09,266.239841211912,51652752,0.0000,1.0
2019-08-21,292.48,292.86,291.72,292.45,268.405810480967,49723430,0.0000,1.0
2019-08-22,293.23,293.93,290.4,292.36,268.323209957994,51739292,0.0000,1.0
2019-08-23,290.92,292.76,283.47,284.85,261.43065520774,149318151,0.0000,1.0
2019-08-26,287.27,288.0,285.58,288.0,264.321673511775,72620598,0.0000,1.0
2019-08-27,289.54,289.95,286.03,286.87,263.284578056676,68262998,0.0000,1.0
2019-08-28,286.14,289.07,285.25,288.89,265.138500905613,58891544,0.0000,1.0
2019-08-29,291.72,293.16,290.61,292.58,268.525122347483,57998913,0.0000,1.0
2019-08-30,294.22,294.24,291.42,292.45,268.405810480967,62831109,0.0000,1.0
2019-09-03,290.57,291.58,289.27,290.74,266.836400544491,69078772,0.0000,1.0
2019-09-04,293.14,294.06,292.31,294.04,269.865086386813,46813644,0.0000,1.0
2019-09-05,296.79,298.83,294.0,297.82,273.334308351655,83197295,0.0000,1.0
2019-09-06,298.17,298.76,297.42,298.05,273.545398577029,49510922,0.0000,1.0
2019-09-09,299.14,299.24,297.16,298.2,273.683066115317,51086154,0.0000,1.0
2019-09-10,297.36,298.2,295.97,298.13,273.618821264116,57698673,0.0000,1.0
2019-09-11,298.47,300.34,297.75,300.25,275.564522471911,68008165,0.0000,1.0
2019-09-12,301.25,302.46,300.41,301.29,276.519017404037,72546530,0.0000,1.0
2019-09-13,301.78,302.17,300.68,301.09,276.33546068632,62053458,0.0000,1.0
2019-09-16,299.84,301.14,299.45,300.16,275.481921948938,57934320,0.0000,1.0
2019-09-17,299.94,301.02,299.75,300.92,276.179437476261,42770135,0.0000,1.0
2019-09-18,300.49,301.22,298.24,301.1,276.344638522206,73875018,0.0000,1.0
2019-09-19,301.53,302.63,300.71,301.08,276.326282850434,77933334,0.0000,1.0
2019-09-20,300.36,300.67,297.41,298.28,275.026351613454,96939851,1.3836,1.0
2019-09-23,297.55,299.0,297.27,298.21,274.961808752341,47134009,0.0000,1.0
2019-09-24,299.41,299.84,294.81,295.87,272.804233109403,97160127,0.0000,1.0
2019-09-25,295.96,298.11,294.33,297.62,274.417804637241,73267803,0.0000,1.0
2019-09-26,297.63,297.86,295.45,297.0,273.84613929595,58594707,0.0000,1.0
2019-09-27,297.83,297.95,293.69,295.4,272.370873899069,84755721,0.0000,1.0
2019-09-30,295.97,297.55,295.92,296.77,273.634069895148,52438861,0.0000,1.0
2019-10-01,297.74,298.46,293.0,293.24,270.379265613281,89425082,0.0000,1.0
2019-10-02,291.5,291.51,286.64,288.06,265.60309389088,124208927,0.0000,1.0
2019-10-03,287.81,290.45,284.82,290.42,267.779110351279,85718095,0.0000,1.0
2019-10-04,291.14,294.63,291.08,294.35,271.402730982366,66737063,0.0000,1.0
2019-10-07,293.47,295.26,292.77,293.08,270.231739073592,60549809,0.0000,1.0
2019-10-08,291.04,291.85,288.49,288.53,266.036453101213,101367099,0.0000,1.0
2019-10-09,290.75,292.3,290.06,291.27,268.562845093371,64341784,0.0000,1.0
2019-10-10,291.18,294.21,291.0,293.24,270.379265613281,54459839,0.0000,1.0
2019-10-11,296.27,298.74,296.14,296.28,273.182269867354,101099695,0.0000,1.0
2019-10-14,295.93,296.67,295.57,295.95,272.877996379247,40467320,0.0000,1.0
2019-10-15,297.1,299.7,296.97,298.88,275.579576137284,48123837,0.0000,1.0
2019-10-16,298.37,299.16,297.92,298.4,275.13699651822,50293197,0.0000,1.0
2019-10-17,299.68,300.24,298.52,299.28,275.948392486505,46676445,0.0000,1.0
2019-10-18,298.69,299.4,297.03,297.97,274.740518942809,64293228,0.0000,1.0
2019-10-21,299.42,300.21,298.94,299.99,276.60304150637,39388285,0.0000,1.0
2019-10-22,300.58,300.9,298.91,299.01,275.699441450781,49028214,0.0000,1.0
2019-10-23,298.73,299.94,298.5,299.88,276.501617010335,34857719,0.0000,1.0
2019-10-24,300.91,301.07,299.46,300.37,276.953417038129,35688865,0.0000,1.0
2019-10-25,299.74,302.2,299.68,301.6,278.087527311981,45145150,0.0000,1.0
2019-10-28,302.94,303.85,302.91,303.3,279.654996796167,40174540,0.0000,1.0
2019-10-29,303.0,304.23,302.86,303.21,279.572013117592,44201626,0.0000,1.0
2019-10-30,303.43,304.55,301.99,304.14,280.429511129529,49542312,0.0000,1.0
2019-10-31,304.13,304.13,301.73,303.33,279.682658022358,68955393,0.0000,1.0
2019-11-01,304.92,306.19,304.74,306.14,282.27359287563,71071915,0.0000,1.0
2019-11-04,307.85,308.0,306.96,307.37,283.407703149482,60270655,0.0000,1.0
2019-11-05,307.59,307.92,306.71,307.03,283.094209252645,42809998,0.0000,1.0
2019-11-06,307.03,307.4,306.06,307.1,283.158752113758,46402927,0.0000,1.0
2019-11-07,308.57,309.65,307.66,308.18,284.154556256653,53823043,0.0000,1.0
2019-11-08,307.8,309.0,307.03,308.94,284.855307320171,49019213,0.0000,1.0
2019-11-11,307.42,308.54,307.27,308.35,284.311303205071,35775777,0.0000,1.0
2019-11-12,308.75,309.99,308.15,309.0,284.910629772554,46141997,0.0000,1.0
2019-11-13,307.91,309.54,307.66,309.1,285.002833859859,54261698,0.0000,1.0
2019-11-14,308.79,309.64,308.09,309.55,285.417752252732,51148052,0.0000,1.0
2019-11-15,311.02,311.84,310.26,311.79,287.483123808364,61990853,0.0000,1.0
2019-11-18,311.53,312.28,311.03,312.02,287.695193209166,49285964,0.0000,1.0
2019-11-19,312.68,312.69,311.22,311.93,287.612209530591,67663099,0.0000,1.0
2019-11-20,311.28,311.85,309.06,310.77,286.542642117853,79200298,0.0000,1.0
2019-11-21,310.89,311.01,309.39,310.27,286.081621681328,54403450,0.0000,1.0
2019-11-22,311.09,311.24,309.85,310.96,286.717829883732,44803329,0.0000,1.0
2019-11-25,311.98,313.37,311.98,313.37,288.939948387784,48606151,0.0000,1.0
2019-11-26,313.41,314.28,313.06,314.08,289.59459740765,37515200,0.0000,1.0
2019-11-27,314.61,315.48,314.37,315.48,290.88545462992,44260649,0.0000,1.0
2019-11-29,314.86,315.13,314.06,314.31,289.806666808451,36592740,0.0000,1.0
2019-12-02,314.59,314.66,311.17,311.64,287.344817677407,75719967,0.0000,1.0
2019-12-03,308.65,309.64,307.13,309.55,285.417752252732,74784721,0.0000,1.0
2019-12-04,310.7,312.12,310.32,311.46,287.178850320258,49007961,0.0000,1.0
2019-12-05,312.23,312.25,310.58,312.02,287.695193209166,40657041,0.0000,1.0
2019-12-06,314.12,315.31,314.11,314.87,290.323009697359,48926121,0.0000,1.0
2019-12-09,314.44,315.18,313.8,313.88,289.410189233039,34788380,0.0000,1.0
2019-12-10,313.82,314.55,312.81,313.53,289.087474927472,52609340,0.0000,1.0
2019-12-11,314.03,314.7,313.44,314.42,289.908091304487,46889653,0.0000,1.0
2019-12-12,314.43,317.99,314.17,317.13,292.406822070453,96035635,0.0000,1.0
2019-12-13,316.87,318.67,316.02,317.32,292.582009836333,81489263,0.0000,1.0
2019-12-16,319.22,320.15,317.25,319.5,294.592058939582,82723814,0.0000,1.0
2019-12-17,319.92,320.25,319.48,319.57,294.656601800696,61062693,0.0000,1.0
2019-12-18,320.0,320.25,319.53,319.59,294.675042618157,48721894,0.0000,1.0
2019-12-19,319.8,320.98,319.52,320.9,295.882916161853,85248597,0.0000,1.0
2019-12-20,320.46,321.97,319.39,320.73,297.173773384123,149214080,1.5700,1.0
2019-12-23,321.59,321.65,321.06,321.22,297.627785010595,52980805,0.0000,1.0
2019-12-24,321.47,321.52,320.9,321.23,297.637050553992,20270007,0.0000,1.0
2019-12-26,321.65,322.95,321.64,322.94,299.221458474944,30854382,0.0000,1.0
2019-12-27,323.74,323.8,322.28,322.86,299.147334127765,42523486,0.0000,1.0
2019-12-30,322.95,323.1,320.55,321.08,297.498067403031,49652827,0.0000,1.0
2019-12-31,320.53,322.13,320.15,321.86,298.220779788027,57059907,0.0000,1.0
2020-01-02,323.54,324.89,322.53,324.87,301.009708350638,59037072,0.0000,1.0
2020-01-03,321.16,323.64,321.1,322.41,298.730384674883,77708081,0.0000,1.0
2020-01-06,320.49,323.73,320.36,323.64,299.87004651276,55596982,0.0000,1.0
2020-01-07,323.02,323.54,322.24,322.73,299.026882063599,40461249,0.0000,1.0
2020-01-08,322.94,325.78,322.67,324.45,300.620555527948,68177241,0.0000,1.0
2020-01-09,326.16,326.73,325.52,326.65,302.658975075371,48421935,0.0000,1.0
2020-01-10,327.29,327.46,325.2,325.71,301.788013996018,53028660,0.0000,1.0
2020-01-13,326.39,327.96,325.92,327.95,303.863495717031,47026115,0.0000,1.0
2020-01-14,327.47,328.62,326.84,327.45,303.400218547162,62784185,0.0000,1.0
2020-01-15,327.35,329.02,327.26,328.19,304.085868758568,71870739,0.0000,1.0
2020-01-16,329.7,330.92,329.45,330.92,306.615362106052,53788867,0.0000,1.0
2020-01-17,331.7,332.18,330.85,331.95,307.569713075982,95778839,0.0000,1.0
2020-01-21,330.9,332.18,330.82,331.3,306.967452755152,77624157,0.0000,1.0
2020-01-22,332.24,332.95,331.17,331.34,307.004514928742,48705035,0.0000,1.0
2020-01-23,330.63,332.17,329.41,331.72,307.356605577842,51828259,0.0000,1.0
2020-01-24,332.44,332.53,327.36,328.77,304.623270275616,87465785,0.0000,1.0
2020-01-27,323.03,325.12,322.66,323.5,299.740328905197,83797934,0.0000,1.0
2020-01-28,325.06,327.85,323.6,326.89,302.881348116908,63519891,0.0000,1.0
2020-01-29,328.38,328.63,326.4,326.62,302.631178445179,53714641,0.0000,1.0
2020-01-30,324.36,327.91,323.54,327.68,303.613326045301,75184385,0.0000,1.0
2020-01-31,327.0,327.17,320.73,321.73,298.100327723861,113659402,0.0000,1.0
2020-02-03,323.35,326.16,323.22,324.12,300.314792595835,68931216,0.0000,1.0
2020-02-04,328.07,330.01,327.72,329.06,304.89197103414,61704740,0.0000,1.0
2020-02-05,332.27,333.09,330.67,332.86,308.412877525143,64864742,0.0000,1.0
2020-02-06,333.91,334.19,332.8,333.98,309.45061838565,49982975,0.0000,1.0
2020-02-07,332.82,333.99,331.6,332.2,307.801351660917,64074382,0.0000,1.0
2020-02-10,331.23,334.75,331.19,334.68,310.099206423466,41779456,0.0000,1.0
2020-02-11,336.16,337.02,334.68,335.26,310.636607940514,54773045,0.0000,1.0
2020-02-12,336.83,337.65,336.43,337.42,312.637965314348,42844434,0.0000,1.0
2020-02-13,335.86,338.12,335.56,337.06,312.304405752042,54038002,0.0000,1.0
2020-02-14,337.51,337.73,336.2,337.6,312.804745095501,64518123,0.0000,1.0
2020-02-18,336.51,337.67,335.21,336.73,311.998642819929,57195407,0.0000,1.0
2020-02-19,337.79,339.08,337.48,338.34,313.490395306907,48587393,0.0000,1.0
2020-02-20,337.74,338.64,333.68,336.95,312.202484774671,73891268,0.0000,1.0
2020-02-21,335.47,335.81,332.58,333.48,308.987341215781,113656552,0.0000,1.0
2020-02-24,323.14,333.56,321.24,322.42,298.73965021828,160991237,0.0000,1.0
2020-02-25,323.94,324.61,311.69,312.65,289.687214319041,217564684,0.0000,1.0
2020-02-26,314.18,318.11,310.7,311.5,288.621676828343,192818004,0.0000,1.0
2020-02-27,305.46,311.56,297.51,297.51,275.65918161541,282544492,0.0000,1.0
2020-02-28,288.7,297.89,285.54,296.26,274.500988690738,384911854,0.0000,1.0
2020-03-02,298.21,309.16,294.46,309.09,286.388680869575,237377617,0.0000,1.0
2020-03-03,309.5,313.84,297.57,300.24,278.188674962895,298851919,0.0000,1.0
2020-03-04,306.12,313.1,303.33,312.86,289.881790730386,175893889,0.0000,1.0
2020-03-05,304.98,308.47,300.01,302.46,280.245625597113,185533970,0.0000,1.0
2020-03-06,293.15,298.78,290.23,297.46,275.612853898423,228315219,0.0000,1.0
2020-03-09,275.3,284.19,273.45,274.23,254.088996586313,305980554,0.0000,1.0
2020-03-10,284.64,288.52,273.5,288.42,267.236802667193,274894230,0.0000,1.0
2020-03-11,280.7,281.94,270.88,274.36,254.209448650479,254604444,0.0000,1.0
2020-03-12,256.0,266.66,247.68,248.11,229.88739723236,389612072,0.0000,1.0
2020-03-13,263.09,271.48,248.52,269.32,249.5396147782,326142197,0.0000,1.0
2020-03-16,241.18,256.9,237.36,239.85,222.234058386125,295019288,0.0000,1.0
2020-03-17,245.04,256.17,237.07,252.8,234.232937085731,260566279,0.0000,1.0
2020-03-18,236.25,248.37,228.02,240.0,222.373041537086,324845381,0.0000,1.0
2020-03-19,239.25,247.38,232.22,240.51,222.845584250352,288124389,0.0000,1.0
2020-03-20,242.53,244.47,228.5,228.8,213.29795972323,344276957,1.4056,1.0
2020-03-23,228.19,229.68,218.26,222.95,207.844318707579,323100167,0.0000,1.0
2020-03-24,234.42,244.1,233.8,243.15,226.675694522304,233038623,0.0000,1.0
2020-03-25,244.87,256.35,239.75,246.79,230.069071154265,297989659,0.0000,1.0
2020-03-26,249.52,262.8,249.05,261.2,243.502740732988,256107410,0.0000,1.0
2020-03-27,253.27,260.81,251.05,253.42,236.249864305336,223871285,0.0000,1.0
2020-03-30,255.7,262.43,253.53,261.65,243.922251580345,171274407,0.0000,1.0
2020-03-31,260.56,263.33,256.22,257.75,240.286490903245,193290928,0.0000,1.0
2020-04-01,247.98,257.66,243.9,246.15,229.472433504689,188373330,0.0000,1.0
2020-04-02,245.19,252.68,244.59,251.83,234.767592644672,176669824,0.0000,1.0
2020-04-03,250.76,253.32,245.22,248.19,231.374216012711,134538553,0.0000,1.0
2020-04-06,257.84,267.0,248.17,264.86,246.914762291497,186692564,0.0000,1.0
2020-04-07,274.21,275.03,264.89,265.13,247.166468799912,199187791,0.0000,1.0
2020-04-08,267.96,276.0,265.25,274.03,255.463461114321,152670223,0.0000,1.0
2020-04-09,277.58,281.2,275.47,278.2,259.350928299836,189948139,0.0000,1.0
2020-04-13,277.14,277.51,271.41,275.66,256.983022628083,114353986,0.0000,1.0
2020-04-14,280.98,284.9,275.51,283.79,264.562185270347,133510280,0.0000,1.0
2020-04-15,277.57,283.94,275.46,277.76,258.940739915753,121155983,0.0000,1.0
2020-04-16,279.15,280.03,275.76,279.1,260.189949994551,126144324,0.0000,1.0
2020-04-17,285.38,287.3,282.4,286.64,267.219087303612,146455688,0.0000,1.0
2020-04-20,282.61,286.79,281.35,281.59,262.511243349931,99323028,0.0000,1.0
2020-04-21,276.73,278.04,272.02,273.04,254.540537250134,125772551,0.0000,1.0
2020-04-22,278.35,281.0,276.91,279.1,260.189949994551,92831657,0.0000,1.0
2020-04-23,280.49,283.94,278.75,279.08,260.171305068002,103685412,0.0000,1.0
2020-04-24,280.73,283.7,278.5,282.97,263.797743281828,85042563,0.0000,1.0
2020-04-27,285.12,288.27,284.62,287.05,267.601308297872,77516422,0.0000,1.0
2020-04-28,291.02,291.4,285.4,285.73,266.370743145622,104797847,0.0000,1.0
2020-04-29,291.53,294.88,290.41,293.21,273.343945675036,118066585,0.0000,1.0
2020-04-30,291.71,293.32,288.59,290.48,270.798913201065,121537052,0.0000,1.0
2020-05-01,285.31,290.66,281.52,282.79,263.629938942885,125045778,0.0000,1.0
2020-05-04,280.74,283.9,279.13,283.57,264.357091078305,80462952,0.0000,1.0
2020-05-05,286.64,289.25,283.71,286.19,266.799576456255,79199214,0.0000,1.0
2020-05-06,288.04,288.46,283.78,284.25,264.991018580979,72980387,0.0000,1.0
2020-05-07,287.75,289.78,287.13,287.68,268.188623484173,74788296,0.0000,1.0
2020-05-08,291.09,292.95,289.86,292.44,272.62611600289,76446082,0.0000,1.0
2020-05-11,290.34,294.0,289.88,292.5,272.682050782538,78982891,0.0000,1.0
2020-05-12,293.79,294.24,286.52,286.67,267.247054693436,94484342,0.0000,1.0
2020-05-13,286.06,287.19,278.96,281.6,262.520565813206,144035915,0.0000,1.0
2020-05-14,278.95,285.11,272.99,284.97,265.662235936751,121473094,0.0000,1.0
2020-05-15,282.37,286.33,281.34,286.28,266.883478625726,111015834,0.0000,1.0
2020-05-18,293.05,296.75,292.7,295.0,275.012666601192,119719465,0.0000,1.0
2020-05-19,294.35,296.21,291.95,291.97,272.187960228983,94317356,0.0000,1.0
2020-05-20,295.82,297.87,295.57,296.93,276.811902013193,85279592,0.0000,1.0
2020-05-21,296.79,297.67,293.69,294.88,274.900797041897,77863922,0.0000,1.0
2020-05-22,294.57,295.63,293.22,295.44,275.422854985275,63697627,0.0000,1.0
2020-05-26,301.93,302.19,295.46,299.08,278.816231617236,88604807,0.0000,1.0
2020-05-27,302.12,303.57,296.87,303.53,282.96472777444,104086252,0.0000,1.0
2020-05-28,304.65,306.84,302.24,302.97,282.442669831061,90232213,0.0000,1.0
2020-05-29,302.46,304.96,299.47,304.32,283.701202373135,119067393,0.0000,1.0
2020-06-01,303.62,306.21,303.06,305.55,284.847865355913,55696013,0.0000,1.0
2020-06-02,306.55,308.13,305.1,308.08,287.206448564391,73635043,0.0000,1.0
2020-06-03,310.24,313.22,309.94,312.18,291.028658506983,91750087,0.0000,1.0
2020-06-04,311.11,313.0,309.08,311.36,290.264216518465,75471787,0.0000,1.0
2020-06-05,317.23,321.27,317.16,319.34,297.703542211609,150302461,0.0000,1.0
2020-06-08,320.22,323.41,319.63,323.2,301.302013035611,73310274,0.0000,1.0
2020-06-09,320.3,323.28,319.36,320.79,299.055299386428,77174695,0.0000,1.0
2020-06-10,321.42,322.39,318.22,319.0,297.386578460272,93944722,0.0000,1.0
2020-06-11,311.46,312.15,300.01,300.61,280.242568498252,208285190,0.0000,1.0
2020-06-12,308.24,309.08,298.6,304.21,283.598655277114,194450402,0.0000,1.0
2020-06-15,298.02,308.28,296.74,307.05,286.246234847105,134968796,0.0000,1.0
2020-06-16,315.48,315.64,307.67,312.96,291.755810642403,137048347,0.0000,1.0
2020-06-17,314.07,314.39,310.86,311.66,290.543890416703,82814592,0.0000,1.0
2020-06-18,310.01,312.3,309.51,311.78,290.655759975999,80355844,0.0000,1.0
2020-06-19,314.17,314.38,306.53,308.64,289.002180594693,135211345,1.3662,1.0
2020-06-22,307.99,311.05,306.75,310.62,290.856199249363,74007212,0.0000,1.0
2020-06-23,313.49,314.5,311.61,312.05,292.195212722181,68066900,0.0000,1.0
2020-06-24,309.84,310.51,302.1,304.09,284.741683181183,132067392,0.0000,1.0
2020-06-25,303.47,307.64,301.28,307.35,287.794259349983,88966079,0.0000,1.0
2020-06-26,306.16,306.39,299.42,300.05,280.958736027208,127811745,0.0000,1.0
2020-06-29,301.41,304.61,298.93,304.46,285.088141212611,79773260,0.0000,1.0
2020-06-30,303.99,310.2,303.82,308.36,288.739996138477,112828251,0.0000,1.0
2020-07-01,309.57,311.89,309.07,310.52,290.762561943572,71910372,0.0000,1.0
2020-07-02,314.24,315.7,311.51,312.23,292.363759872606,69214995,0.0000,1.0
2020-07-06,316.37,317.68,315.56,317.05,296.877078011753,61149258,0.0000,1.0
2020-07-07,315.38,317.52,313.37,313.78,293.815138112373,82583406,0.0000,1.0
2020-07-08,314.61,316.3,312.7,316.18,296.062433451367,54202602,0.0000,1.0
2020-07-09,316.84,317.1,310.68,314.38,294.376961947121,83079092,0.0000,1.0
2020-07-10,314.31,317.88,312.76,317.59,297.382719463027,57454436,0.0000,1.0
2020-07-13,320.13,322.71,314.13,314.84,294.807693553762,102549097,0.0000,1.0
2020-07-14,313.3,319.76,312.0,318.92,298.628095630053,92791839,0.0000,1.0
2020-07-15,322.41,323.04,319.27,321.85,301.371668689742,86921534,0.0000,1.0
2020-07-16,319.79,321.28,319.09,320.79,300.379113248353,54433414,0.0000,1.0
2020-07-17,321.88,322.57,319.74,321.72,301.249940192213,64421802,0.0000,1.0
2020-07-20,321.43,325.13,320.62,324.32,303.68451014279,56150230,0.0000,1.0
2020-07-21,326.45,326.93,323.94,325.01,304.330607552751,57245315,0.0000,1.0
2020-07-22,324.62,327.2,324.5,326.86,306.062897709893,57792915,0.0000,1.0
2020-07-23,326.47,327.23,321.48,322.96,302.411042784027,75737989,0.0000,1.0
2020-07-24,320.95,321.99,319.246,320.88,300.463386823565,73766597,0.0000,1.0
2020-07-27,321.63,323.41,320.775,323.22,302.654499779085,48292970,0.0000,1.0
2020-07-28,322.43,323.64,320.85,321.17,300.73493501036,57494979,0.0000,1.0
2020-07-29,322.12,325.73,322.075,325.12,304.433608589122,48454159,0.0000,1.0
2020-07-30,321.9,324.41,319.64,323.96,303.347415841941,61861714,0.0000,1.0
2020-07-31,325.9,326.63,321.33,326.52,305.744530870202,85210755,0.0000,1.0
2020-08-03,328.32,329.62,327.73,328.79,307.870097711668,53077948,0.0000,1.0
2020-08-04,327.86,330.06,327.86,330.06,309.059291495219,41917893,0.0000,1.0
2020-08-05,331.47,332.39,331.18,332.11,310.978856263943,42866354,0.0000,1.0
2020-08-06,331.4799,334.46,331.13,334.33,313.057604452513,43679447,0.0000,1.0
2020-08-07,333.28,334.88,332.3,334.57,313.282333986413,57308270,0.0000,1.0
2020-08-10,335.06,335.77,332.955,335.57,314.218707044327,44282089,0.0000,1.0
2020-08-11,336.85,337.54,332.01,332.8,311.624953673904,69601087,0.0000,1.0
2020-08-12,335.44,338.28,332.8377,337.44,315.969724662627,53826128,0.0000,1.0
2020-08-13,336.61,338.2514,335.83,336.83,315.398537097299,41816146,0.0000,1.0
2020-08-14,336.41,337.42,335.62,336.84,315.407900827878,47260390,0.0000,1.0
2020-08-17,337.94,338.34,336.8517,337.91,316.409819999847,34496002,0.0000,1.0
2020-08-18,338.34,339.1,336.61,338.64,317.093372332124,38733908,0.0000,1.0
2020-08-19,339.05,339.61,336.62,337.23,315.773086320465,68054244,0.0000,1.0
2020-08-20,335.36,338.8,335.22,338.28,316.756278031275,42207826,0.0000,1.0
2020-08-21,337.92,339.72,337.55,339.48,317.879925700772,55106628,0.0000,1.0
2020-08-24,342.12,343.0,339.4504,342.92,321.101049019998,48588662,0.0000,1.0
2020-08-25,343.53,344.21,342.27,344.12,322.224696689495,38463381,0.0000,1.0
2020-08-26,344.76,347.86,344.17,347.57,325.4551837393,50790237,0.0000,1.0
2020-08-27,348.51,349.9,346.53,348.33,326.166827263315,58034142,0.0000,1.0
2020-08-28,349.44,350.72,348.15,350.58,328.273666643622,48588940,0.0000,1.0
2020-08-31,350.35,351.3,349.06,349.31,327.084472860071,66099183,0.0000,1.0
2020-09-01,350.21,352.71,349.24,352.6,330.165140220609,54999325,0.0000,1.0
2020-09-02,354.67,358.75,353.43,357.7,334.940642815972,69540035,0.0000,1.0
2020-09-03,355.87,356.38,342.59,345.39,323.413890473046,148011129,0.0000,1.0
2020-09-04,346.13,347.83,334.87,342.57,320.773318449728,139156281,0.0000,1.0
2020-09-08,336.71,342.64,332.88,333.21,312.008866627649,114465322,0.0000,1.0
2020-09-09,337.55,342.46,336.61,339.79,318.170201348726,91462290,0.0000,1.0
2020-09-10,341.82,342.53,332.85,333.89,312.645600307031,90569548,0.0000,1.0
2020-09-11,335.82,336.97,331.0,334.06,312.804783726876,84680194,0.0000,1.0
2020-09-14,337.49,340.38,334.2208,338.46,316.9248251817,65605686,0.0000,1.0
2020-09-15,341.12,342.02,338.4683,340.17,318.526023110733,52920862,0.0000,1.0
2020-09-16,341.51,343.06,338.52,338.82,317.261919482549,82211256,0.0000,1.0
2020-09-17,333.56,337.6996,332.991,335.84,314.471527769964,91523339,0.0000,1.0
2020-09-18,335.37,335.49,327.97,330.65,310.865764871501,105877942,1.3392,1.0
2020-09-21,325.7,327.13,321.73,326.97,307.405955360758,99450829,0.0000,1.0
2020-09-22,328.57,330.9,325.86,330.3,310.536706901729,63612107,0.0000,1.0
2020-09-23,330.9,331.2,322.1,322.64,303.335038191867,93112240,0.0000,1.0
2020-09-24,321.22,326.797,319.8,323.5,304.143580631878,76681332,0.0000,1.0
2020-09-25,322.58,329.58,321.64,328.73,309.060646865896,71069426,0.0000,1.0
2020-09-28,333.22,334.96,332.15,334.19,314.193951194335,64584614,0.0000,1.0
2020-09-29,333.97,334.77,331.6209,332.37,312.482849751522,51531594,0.0000,1.0
2020-09-30,333.09,338.29,332.88,334.89,314.852067133878,104081136,0.0000,1.0
2020-10-01,337.69,338.74,335.01,337.04,316.873423233905,88698745,0.0000,1.0
2020-10-02,331.7,337.0126,331.19,333.84,313.864893224563,89431112,0.0000,1.0
2020-10-05,336.06,339.96,336.01,339.76,319.430673741845,45713108,0.0000,1.0
2020-10-06,339.91,342.17,334.38,334.93,314.889673758995,90128883,0.0000,1.0
2020-10-07,338.12,341.63,338.09,340.76,320.370839369764,56999597,0.0000,1.0
2020-10-08,342.85,343.85,341.86,343.78,323.21013956608,45242476,0.0000,1.0
2020-10-09,345.56,347.35,344.89,346.85,326.096448043793,59528606,0.0000,1.0
2020-10-12,349.59,354.02,349.06,352.43,331.342572247582,80388533,0.0000,1.0
2020-10-13,352.28,352.4651,349.09,350.13,329.180191303368,73255513,0.0000,1.0
2020-10-14,350.75,351.93,347.14,347.93,327.111826921945,57958749,0.0000,1.0
2020-10-15,343.71,348.02,343.13,347.5,326.70755570194,60357659,0.0000,1.0
2020-10-16,348.96,350.75,347.1,347.29,326.510120920077,89501868,0.0000,1.0
2020-10-19,348.65,349.33,341.04,342.01,321.546046404663,68425614,0.0000,1.0
2020-10-20,343.46,346.88,342.64,343.38,322.834073314913,60051880,0.0000,1.0
2020-10-21,343.33,348.6847,342.4,342.73,322.222965656765,63574979,0.0000,1.0
2020-10-22,342.96,345.24,340.65,344.61,323.990477037253,55399292,0.0000,1.0
2020-10-23,345.93,345.99,343.13,345.78,325.090470821919,49143931,0.0000,1.0
2020-10-26,342.13,342.98,335.62,339.39,319.082812459515,91473002,0.0000,1.0
2020-10-27,339.76,340.12,337.99,338.22,317.982818674849,65994108,0.0000,1.0
2020-10-28,332.1,338.2483,326.13,326.66,307.114504016103,127094307,0.0000,1.0
2020-10-29,326.91,333.395,325.09,329.98,310.235853900795,90597689,0.0000,1.0
2020-10-30,328.28,329.69,322.6,326.54,307.001684140753,120448685,0.0000,1.0
2020-11-02,330.2,332.36,327.24,330.2,310.442690338937,86068299,0.0000,1.0
2020-11-03,333.69,338.25,330.2935,336.03,315.923855949706,93294192,0.0000,1.0
2020-11-04,340.86,347.94,339.59,343.54,322.98449981538,126959700,0.0000,1.0
2020-11-05,349.24,352.19,348.86,350.24,329.283609522439,82039749,0.0000,1.0
2020-11-06,349.93,351.51,347.65,350.16,329.208396272205,74972973,0.0000,1.0
2020-11-09,363.97,364.38,354.06,354.56,333.34512503505,172304203,0.0000,1.0
2020-11-10,353.49,355.18,350.51,354.04,332.856238908532,85552022,0.0000,1.0
2020-11-11,356.4,357.56,355.06,356.67,335.32887450996,58649048,0.0000,1.0
2020-11-12,355.58,356.7182,351.26,353.21,332.075901437359,68118563,0.0000,1.0
2020-11-13,355.27,358.9,354.71,358.1,336.673311357884,62959429,0.0000,1.0
2020-11-16,360.98,362.78,359.59,362.57,340.875851714683,74541138,0.0000,1.0
2020-11-17,359.97,361.92,358.34,360.62,339.042528740241,66111009,0.0000,1.0
2020-11-18,360.91,361.5,356.24,356.28,334.962209915071,70591299,0.0000,1.0
2020-11-19,355.6,358.18,354.15,357.78,336.37245835695,59940947,0.0000,1.0
2020-11-20,357.5,357.72,355.25,355.33,334.069052568548,70411890,0.0000,1.0
2020-11-23,357.28,358.82,354.865,357.46,336.071605356016,63230608,0.0000,1.0
2020-11-24,360.21,363.81,359.29,363.22,341.486959372831,60985003,0.0000,1.0
2020-11-25,363.13,363.16,361.48,362.66,340.960466621196,45330890,0.0000,1.0
2020-11-27,363.84,364.18,362.58,363.67,341.910033905394,28514072,0.0000,1.0
2020-11-30,362.83,363.12,359.17,362.06,340.396367244444,83872709,0.0000,1.0
2020-12-01,365.57,367.68,364.93,366.02,344.119423131005,72509670,0.0000,1.0
2020-12-02,364.82,366.96,364.2,366.79,344.843350664503,45927000,0.0000,1.0
2020-12-03,366.68,368.19,365.5,366.69,344.749334101711,62881998,0.0000,1.0
2020-12-04,367.32,369.85,367.22,369.85,347.720257485935,50749859,0.0000,1.0
2020-12-07,369.02,369.62,367.72,369.09,347.005731608717,48944269,0.0000,1.0
2020-12-08,367.72,370.78,367.67,370.17,348.02111048687,42458859,0.0000,1.0
2020-12-09,370.88,371.05,365.95,366.85,344.899760602178,74098312,0.0000,1.0
2020-12-10,365.37,367.86,364.43,366.73,344.786940726827,57735353,0.0000,1.0
2020-12-11,364.9,366.7402,363.26,366.3,344.382669506822,57698614,0.0000,1.0
2020-12-14,368.64,369.8,364.47,364.66,342.840797877035,69216174,0.0000,1.0
2020-12-15,367.4,369.59,365.92,369.59,347.475814422676,64071099,0.0000,1.0
2020-12-16,369.82,371.16,368.8676,370.17,348.02111048687,58420517,0.0000,1.0
2020-12-17,371.94,372.46,371.05,372.24,349.967253336662,64119472,0.0000,1.0
2020-12-18,370.97,371.15,367.02,369.18,348.575808207342,136542328,1.5800,1.0
2020-12-21,364.97,378.46,362.03,367.86,347.329478322641,96386745,0.0000,1.0
2020-12-22,368.21,368.3317,366.03,367.24,346.744080952555,48388462,0.0000,1.0
2020-12-23,368.28,369.62,367.2172,367.57,347.05566342373,46201402,0.0000,1.0
2020-12-24,368.08,369.03,367.45,369.0,348.405854132155,26457853,0.0000,1.0
2020-12-28,371.74,372.59,371.07,372.17,351.39893423405,37932709,0.0000,1.0
2020-12-29,373.81,374.0,370.83,371.46,350.72855982637,53680451,0.0000,1.0
2020-12-30,372.34,373.1,371.57,371.99,351.228980158863,49455259,0.0000,1.0
2020-12-31,371.78,374.66,371.232,373.88,353.013497948321,78520702,0.0000,1.0
2021-01-04,375.31,375.45,364.82,368.79,348.207574377771,110210810,0.0000,1.0
2021-01-05,368.1,372.5,368.05,371.33,350.605815216513,66426229,0.0000,1.0
2021-01-06,369.71,376.98,369.12,373.55,352.701915477145,107997675,0.0000,1.0
2021-01-07,376.1,379.9,375.91,379.1,357.942166128727,68766812,0.0000,1.0
2021-01-08,380.59,381.49,377.1,381.26,359.981615030964,71677208,0.0000,1.0
2021-01-11,377.85,380.58,377.7189,378.69,357.555048513024,51176719,0.0000,1.0
2021-01-12,378.89,379.86,376.36,378.77,357.630583657552,51440114,0.0000,1.0
2021-01-13,378.69,380.86,377.85,379.79,358.593656750275,45303619,0.0000,1.0
2021-01-14,380.59,381.13,378.1,378.46,357.337884972508,49989113,0.0000,1.0
2021-01-15,376.72,377.58,373.7,375.7,354.731922486317,107159962,0.0000,1.0
2021-01-19,378.34,379.23,376.75,378.65,357.517280940761,51233300,0.0000,1.0
2021-01-20,381.11,384.79,380.69,383.89,362.464832907299,61836062,0.0000,1.0
2021-01-21,384.49,384.95,383.25,384.24,362.795299164605,47955809,0.0000,1.0
2021-01-22,382.25,384.1256,381.835,382.88,361.511201707641,52136931,0.0000,1.0
2021-01-25,383.67,384.77,378.46,384.39,362.936927560594,70401971,0.0000,1.0
2021-01-26,385.41,385.85,383.54,383.79,362.370413976639,42665281,0.0000,1.0
2021-01-27,380.22,380.32,372.01,374.41,353.513918280814,123351078,0.0000,1.0
2021-01-28,376.36,381.93,375.89,377.63,356.554207848038,94198104,0.0000,1.0
2021-01-29,375.63,376.67,368.27,370.07,349.416136690208,126765121,0.0000,1.0
2021-02-01,373.72,377.34,370.376,376.23,355.23234281881,75817597,0.0000,1.0
2021-02-02,379.65,383.22,376.3181,381.55,360.255429929875,62923781,0.0000,1.0
2021-02-03,382.435,383.7,380.48,381.85,360.538686721853,52427090,0.0000,1.0
2021-02-04,382.96,386.24,381.9655,386.19,364.636468312458,47142555,0.0000,1.0
2021-02-05,388.2,388.47,386.1444,387.71,366.071636058477,48669773,0.0000,1.0
2021-02-08,389.27,390.56,388.35,390.51,368.715366116932,38365185,0.0000,1.0
2021-02-09,389.61,390.89,389.17,390.25,368.469876897219,34142633,0.0000,1.0
2021-02-10,392.12,392.28,387.5,390.08,368.309364715098,58362935,0.0000,1.0
2021-02-11,391.24,391.69,388.1,390.71,368.904203978251,42913288,0.0000,1.0
2021-02-12,389.85,392.9,389.77,392.64,370.726489339972,50593270,0.0000,1.0
2021-02-16,393.96,394.17,391.53,392.3,370.405464975731,50972366,0.0000,1.0
2021-02-17,390.42,392.66,389.33,392.39,370.490442013324,51746878,0.0000,1.0
2021-02-18,389.59,391.515,387.74,390.72,368.913645871317,59712773,0.0000,1.0
2021-02-19,392.07,392.38,389.55,390.03,368.262155249769,83240971,0.0000,1.0
2021-02-22,387.06,389.62,386.74,387.03,365.429587329995,66517089,0.0000,1.0
2021-02-23,384.66,388.945,380.2,387.5,365.873356304093,107284127,0.0000,1.0
2021-02-24,386.33,392.23,385.27,391.77,369.905044643237,72433946,0.0000,1.0
2021-02-25,390.41,391.88,380.7789,382.33,360.991897589016,144712701,0.0000,1.0
2021-02-26,384.35,385.58,378.23,380.36,359.131844655032,149530614,0.0000,1.0
2021-03-01,385.59,390.92,380.572,389.58,367.837270061802,105348798,0.0000,1.0
2021-03-02,389.82,390.07,386.0,386.54,364.966934569765,79595332,0.0000,1.0
2021-03-03,385.79,386.83,381.31,381.42,360.132685320018,119940211,0.0000,1.0
2021-03-04,381.22,384.0,371.88,376.7,355.676111792908,183433020,0.0000,1.0
2021-03-05,380.46,384.76,372.64,383.63,362.219343687585,152039624,0.0000,1.0
2021-03-08,384.66,387.68,381.42,381.72,360.415942111996,123149245,0.0000,1.0
2021-03-09,385.85,389.91,381.7299,387.17,365.561773832918,113633556,0.0000,1.0
2021-03-10,389.69,391.4,388.1702,389.58,367.837270061802,109899410,0.0000,1.0
2021-03-11,392.23,395.65,391.74,393.53,371.566817822838,86245040,0.0000,1.0
2021-03-12,392.07,394.21,391.2,394.06,372.067238155331,64653565,0.0000,1.0
2021-03-15,394.33,396.685,392.03,396.41,374.28608302582,73592302,0.0000,1.0
2021-03-16,397.07,397.83,395.08,395.91,373.813988372525,73722506,0.0000,1.0
2021-03-17,394.53,398.12,393.3,397.26,375.088643936423,97959265,0.0000,1.0
2021-03-18,394.475,396.72,390.75,391.48,369.631229744326,115349101,0.0000,1.0
2021-03-19,389.88,391.569,387.15,389.48,368.949324896834,113624490,1.2778,1.0
2021-03-22,390.03,394.07,389.97,392.59,371.895387340167,73778646,0.0000,1.0
2021-03-23,391.91,393.46,388.66,389.5,368.968270636019,90686552,0.0000,1.0
2021-03-24,391.0,392.75,387.47,387.52,367.092642456663,97588644,0.0000,1.0
2021-03-25,385.98,390.55,383.9,389.7,369.157728027874,116128622,0.0000,1.0
2021-03-26,390.93,396.41,390.29,395.98,375.106690132095,114409114,0.0000,1.0
2021-03-29,394.4,396.75,392.81,395.78,374.917232740241,108107626,0.0000,1.0
2021-03-30,394.42,395.45,393.02,394.73,373.922581433006,76262249,0.0000,1.0
2021-03-31,395.34,398.0,395.31,396.33,375.43824056784,112734214,0.0000,1.0
2021-04-01,398.4,400.67,398.18,400.61,379.492628753519,99682876,0.0000,1.0
2021-04-05,403.46,406.94,403.38,406.36,384.939528769327,91684764,0.0000,1.0
2021-04-06,405.76,407.24,405.4,406.12,384.712179899102,62020953,0.0000,1.0
2021-04-07,405.94,406.96,405.45,406.59,385.157404769959,55836280,0.0000,1.0
2021-04-08,407.93,408.58,406.93,408.52,386.985668601352,57863114,0.0000,1.0
2021-04-09,408.39,411.67,408.26,411.49,389.799110870387,61104559,0.0000,1.0
2021-04-12,410.85,411.93,410.2,411.64,389.941203914277,56704899,0.0000,1.0
2021-04-13,411.53,413.529,411.12,412.86,391.096894004588,56550988,0.0000,1.0
2021-04-14,412.83,413.96,410.87,411.45,389.761219392016,61659907,0.0000,1.0
2021-04-15,413.74,416.16,413.69,415.87,393.948227751993,60229842,0.0000,1.0
2021-04-16,417.25,417.91,415.73,417.26,395.26495662538,82037278,0.0000,1.0
2021-04-19,416.26,416.74,413.79,415.21,393.323018358874,78498496,0.0000,1.0
2021-04-20,413.91,415.0859,410.59,412.17,390.443266002691,81851828,0.0000,1.0
2021-04-21,411.51,416.29,411.36,416.07,394.137685143847,66792983,0.0000,1.0
2021-04-22,415.89,416.78,411.13,412.27,390.537994698618,97582788,0.0000,1.0
2021-04-23,412.87,418.25,412.79,416.74,394.772367406559,73276195,0.0000,1.0
2021-04-26,417.44,418.22,416.8111,417.61,395.596507061125,52182392,0.0000,1.0
2021-04-27,417.93,418.14,416.3,417.52,395.51125123479,51303056,0.0000,1.0
2021-04-28,417.81,419.01,416.9,417.4,395.397576799678,51238854,0.0000,1.0
2021-04-29,420.32,420.72,416.44,420.06,397.917360111338,78544329,0.0000,1.0
2021-04-30,417.63,418.54,416.34,417.3,395.302848103751,85527030,0.0000,1.0
2021-05-03,419.43,419.84,417.665,418.2,396.155406367094,68128289,0.0000,1.0
2021-05-04,416.07,416.6,411.67,415.62,393.711406012176,101591166,0.0000,1.0
2021-05-05,417.38,417.63,415.15,415.75,393.834553316881,39960661,0.0000,1.0
2021-05-06,415.83,419.21,413.675,419.07,396.97954602166,74321368,0.0000,1.0
2021-05-07,419.89,422.815,419.16,422.12,399.868771247436,67733790,0.0000,1.0
2021-05-10,422.5,422.74,417.81,417.94,395.909111757684,81852446,0.0000,1.0
2021-05-11,413.1,415.27,410.06,414.21,392.375731399604,116887975,0.0000,1.0
2021-05-12,411.23,412.59,404.0,405.41,384.03960615802,134811046,0.0000,1.0
2021-05-13,407.07,412.35,407.02,410.28,388.652893649669,106393963,0.0000,1.0
2021-05-14,413.21,417.49,413.18,416.58,394.620801493076,82201629,0.0000,1.0
2021-05-17,415.39,416.39,413.36,415.52,393.616677316248,65129221,0.0000,1.0
2021-05-18,415.8,416.06,411.77,411.94,390.225390002059,59810238,0.0000,1.0
2021-05-19,406.92,411.05,405.33,410.86,389.202320086046,106467052,0.0000,1.0
2021-05-20,411.8,416.625,411.67,415.28,393.389328446023,78022218,0.0000,1.0
2021-05-21,416.87,418.2,414.45,414.94,393.067250879871,76578662,0.0000,1.0
2021-05-24,417.34,420.32,417.08,419.17,397.074274717587,51376702,0.0000,1.0
2021-05-25,420.33,420.71,417.62,418.24,396.193297845465,57451396,0.0000,1.0
2021-05-26,418.87,419.61,417.76,419.07,396.97954602166,43088618,0.0000,1.0
2021-05-27,420.17,420.72,418.9851,419.29,397.1879491527,56707677,0.0000,1.0
2021-05-28,420.97,421.25,419.79,420.04,397.898414372153,58520164,0.0000,1.0
2021-06-01,422.57,422.72,419.2,419.67,397.547918197223,54216625,0.0000,1.0
2021-06-02,420.37,421.23,419.29,420.33,398.173127590342,49097061,0.0000,1.0
2021-06-03,417.85,419.99,416.28,418.77,396.695359933879,58138763,0.0000,1.0
2021-06-04,420.75,422.92,418.8422,422.6,400.323468987887,55938789,0.0000,1.0
2021-06-07,422.59,422.78,421.19,422.19,399.935081334585,51555032,0.0000,1.0
2021-06-08,423.11,423.21,420.32,422.28,400.02033716092,47134279,0.0000,1.0
2021-06-09,423.18,423.26,421.41,421.65,399.423546376579,48436342,0.0000,1.0
2021-06-10,422.96,424.63,421.55,423.61,401.28022881675,51020147,0.0000,1.0
2021-06-11,424.2,424.43,422.82,424.31,401.94332968824,45570828,0.0000,1.0
2021-06-14,424.43,425.37,423.1,425.26,402.843252299547,42358478,0.0000,1.0
2021-06-15,425.42,425.46,423.54,424.48,402.104368471316,51508508,0.0000,1.0
2021-06-16,424.63,424.87,419.92,422.11,399.859298377844,79250069,0.0000,1.0
2021-06-17,421.67,423.02,419.32,421.97,399.726678203546,90949659,0.0000,1.0
2021-06-18,417.09,417.8281,414.7,414.92,394.351653585773,118676302,1.3759,1.0
2021-06-21,416.8,421.06,415.93,420.86,399.997196876767,72822028,0.0000,1.0
2021-06-22,420.85,424.0,420.08,423.11,402.135660244568,57700303,0.0000,1.0
2021-06-23,423.19,424.05,422.51,422.6,401.6509418812,49445414,0.0000,1.0
2021-06-24,424.89,425.55,424.62,425.1,404.027012289868,45110288,0.0000,1.0
2021-06-25,425.9,427.0943,425.55,426.61,405.462158816703,58129525,0.0000,1.0
2021-06-28,427.17,427.65,425.89,427.47,406.279527037285,53159581,0.0000,1.0
2021-06-29,427.88,428.56,427.13,427.7,406.498125514882,35970515,0.0000,1.0
2021-06-30,427.21,428.78,427.18,428.06,406.840279653731,64827858,0.0000,1.0
2021-07-01,428.87,430.6,428.8,430.43,409.092794401148,53441027,0.0000,1.0
2021-07-02,431.67,434.1,430.5218,433.72,412.219703058955,57697668,0.0000,1.0
2021-07-06,433.78,434.01,430.01,432.93,411.468864809815,68710419,0.0000,1.0
2021-07-07,433.66,434.76,431.51,434.46,412.92301989992,63549456,0.0000,1.0
2021-07-08,428.78,431.73,427.52,430.92,409.558504201247,97595232,0.0000,1.0
2021-07-09,432.53,435.84,430.714,435.52,413.930473753195,76238584,0.0000,1.0
2021-07-12,435.43,437.35,434.97,437.08,415.413141688204,52889585,0.0000,1.0
2021-07-13,436.24,437.84,435.31,435.59,413.997003724638,52911312,0.0000,1.0
2021-07-14,437.4,437.92,434.91,436.24,414.614782030892,64130352,0.0000,1.0
2021-07-15,434.81,435.53,432.72,434.75,413.198644067326,55126358,0.0000,1.0
2021-07-16,436.01,436.06,430.92,431.34,409.957684029903,75874662,0.0000,1.0
2021-07-19,426.19,431.4089,421.97,424.97,403.903456628617,147987000,0.0000,1.0
2021-07-20,425.68,432.42,424.83,431.06,409.691564144132,99608174,0.0000,1.0
2021-07-21,432.34,434.7,431.0111,434.55,413.008558434632,64724389,0.0000,1.0
2021-07-22,434.74,435.72,433.69,435.46,413.873448063387,47878539,0.0000,1.0
2021-07-23,437.52,440.3,436.79,439.94,418.13136623572,63766637,0.0000,1.0
2021-07-26,439.31,441.03,439.26,441.02,419.157828652264,43719187,0.0000,1.0
2021-07-27,439.91,439.94,435.99,439.01,417.247468043695,67397137,0.0000,1.0
2021-07-28,439.68,440.3,437.31,438.83,417.076390974271,52472360,0.0000,1.0
2021-07-29,439.815,441.8,439.81,440.65,418.806170231781,45910298,0.0000,1.0
2021-07-30,437.91,440.06,437.77,438.51,416.772253961962,68951202,0.0000,1.0
2021-08-02,440.34,440.93,437.21,437.59,415.897860051572,58783297,0.0000,1.0
2021-08-03,438.44,441.28,436.1,441.15,419.281384313515,58053896,0.0000,1.0
2021-08-04,439.78,441.1243,438.73,438.98,417.218955198791,46732212,0.0000,1.0
2021-08-05,440.22,441.85,439.88,441.76,419.86114549323,38969659,0.0000,1.0
2021-08-06,442.1,442.94,441.8,442.49,420.554958052561,46930008,0.0000,1.0
2021-08-09,442.46,442.795,441.31,442.13,420.212803913713,41222585,0.0000,1.0
2021-08-10,442.61,443.44,441.88,442.68,420.73553940362,43339275,0.0000,1.0
2021-08-11,443.82,443.882,442.62,443.78,421.781010383434,44034340,0.0000,1.0
2021-08-12,443.62,445.2572,442.66,445.11,423.045079840845,38942418,0.0000,1.0
2021-08-13,445.59,445.94,445.07,445.92,423.814926653253,38673164,0.0000,1.0
2021-08-16,444.53,447.11,442.87,446.97,424.812876224894,73930864,0.0000,1.0
2021-08-17,444.24,444.96,440.85,444.04,422.028121705935,92673933,0.0000,1.0
2021-08-18,442.96,444.625,438.92,439.18,417.409040831485,89351931,0.0000,1.0
2021-08-19,436.27,441.14,436.12,439.86,418.055331982643,92812246,0.0000,1.0
2021-08-20,440.23,443.71,439.71,443.36,421.381830554777,72008712,0.0000,1.0
2021-08-23,445.16,448.23,443.4355,447.26,425.088500392299,54973038,0.0000,1.0
2021-08-24,447.97,448.54,447.42,447.97,425.763304388361,38744714,0.0000,1.0
2021-08-25,448.17,449.457,447.77,448.91,426.65670686202,40529711,0.0000,1.0
2021-08-26,448.61,448.86,446.16,446.26,424.138072228832,57829572,0.0000,1.0
2021-08-27,447.12,450.65,447.06,450.25,427.930280601066,77235113,0.0000,1.0
2021-08-30,450.97,453.07,450.71,452.23,429.812128364731,48357355,0.0000,1.0
2021-08-31,452.13,452.49,450.92,451.56,429.175341495208,59300213,0.0000,1.0
2021-09-01,452.56,453.11,451.545,451.8,429.40344425444,48721378,0.0000,1.0
2021-09-02,453.32,454.05,451.91,453.19,430.724539401659,42830867,0.0000,1.0
2021-09-03,451.98,453.63,451.55,453.08,430.619992303678,47234364,0.0000,1.0
2021-09-07,452.71,452.81,450.7423,451.46,429.080298678861,51671534,0.0000,1.0
2021-09-08,450.89,451.67,448.86,450.91,428.557563188954,56181907,0.0000,1.0
2021-09-09,450.7,452.57,448.72,448.98,426.723236833463,57970407,0.0000,1.0
2021-09-10,451.04,451.49,445.31,445.44,423.358721134789,89948174,0.0000,1.0
2021-09-13,448.64,448.92,444.11,446.58,424.442209241141,83738649,0.0000,1.0
2021-09-14,448.12,448.34,443.22,444.17,422.151677367186,78197140,0.0000,1.0
2021-09-15,444.62,448.41,443.44,447.88,425.677765853649,78792222,0.0000,1.0
2021-09-16,447.32,448.36,444.02,447.17,425.002961857587,77786735,0.0000,1.0
2021-09-17,444.92,445.37,441.02,441.4,420.876313971908,118425037,1.4281,1.0
2021-09-20,434.88,436.56,428.86,434.04,413.858530395032,166445534,0.0000,1.0
2021-09-21,436.53,437.91,433.07,433.63,413.467594081646,92526112,0.0000,1.0
2021-09-22,436.05,440.03,433.747,437.86,417.500912631943,102350143,0.0000,1.0
2021-09-23,439.85,444.89,439.6,443.18,422.573549673924,76395981,0.0000,1.0
2021-09-24,441.44,444.67,441.21,443.91,423.269607012392,62094837,0.0000,1.0
2021-09-27,442.81,444.05,441.9,442.64,422.058657944099,61371108,0.0000,1.0
2021-09-28,439.69,440.04,432.94,433.72,413.55340936995,130436306,0.0000,1.0
2021-09-29,435.19,437.04,433.85,434.45,414.249466708417,82329213,0.0000,1.0
2021-09-30,436.02,436.77,428.78,429.14,409.18636469847,140505979,0.0000,1.0
2021-10-01,430.98,436.0329,427.23,434.24,414.049231035708,129240106,0.0000,1.0
2021-10-04,433.0,433.96,426.36,428.64,408.70961309678,128569957,0.0000,1.0
2021-10-05,430.24,435.49,429.39,433.1,412.962237383855,90682520,0.0000,1.0
2021-10-06,429.27,435.1199,427.54,434.9,414.678543149938,113032245,0.0000,1.0
2021-10-07,438.39,441.68,438.2,438.66,418.263715194647,72437499,0.0000,1.0
2021-10-08,439.48,439.89,437.19,437.86,417.500912631943,74557404,0.0000,1.0
2021-10-11,437.16,440.26,434.62,434.69,414.478307477229,65233285,0.0000,1.0
2021-10-12,435.67,436.1,432.78,433.62,413.458059049612,71181163,0.0000,1.0
2021-10-13,434.71,436.05,431.54,435.18,414.945524046885,72973979,0.0000,1.0
2021-10-14,439.08,442.66,438.58,442.5,421.925167495626,70236825,0.0000,1.0
2021-10-15,444.75,446.26,444.09,445.87,425.138473291016,66260210,0.0000,1.0
2021-10-18,443.97,447.55,443.27,447.19,426.397097519478,62213228,0.0000,1.0
2021-10-19,448.92,450.71,448.27,450.64,429.686683571139,46996827,0.0000,1.0
2021-10-20,451.13,452.732,451.01,452.41,431.374384241121,49571569,0.0000,1.0
2021-10-21,451.77,453.829,451.31,453.59,432.49951802111,41305438,0.0000,1.0
2021-10-22,453.13,454.67,451.05,453.12,432.051371515521,58845088,0.0000,1.0
2021-10-25,454.28,455.9,452.39,455.55,434.368384299734,45214507,0.0000,1.0
2021-10-26,457.2,458.49,455.56,455.96,434.75932061312,56075116,0.0000,1.0
2021-10-27,456.45,457.16,453.86,453.94,432.833244142293,72437997,0.0000,1.0
2021-10-28,455.46,458.4,455.45,458.32,437.009588173097,51437944,0.0000,1.0
2021-10-29,455.87,459.56,455.56,459.25,437.89634615224,70162424,0.0000,1.0
2021-11-01,460.3,460.7021,458.2,460.04,438.64961368291,47474495,0.0000,1.0
2021-11-02,460.22,462.23,460.08,461.9,440.423129641197,47840033,0.0000,1.0
2021-11-03,461.3,465.15,460.83,464.72,443.112008674728,52509825,0.0000,1.0
2021-11-04,465.36,467.0,464.99,466.91,445.20018069013,52847087,0.0000,1.0
2021-11-05,469.28,470.65,466.92,468.53,446.744855879606,66390563,0.0000,1.0
2021-11-08,469.7,470.23,468.2031,468.93,447.126257160958,50405194,0.0000,1.0
2021-11-09,469.32,469.57,465.88,467.38,445.648327195719,50232447,0.0000,1.0
2021-11-10,465.58,467.38,462.04,463.62,442.06315515101,69429653,0.0000,1.0
2021-11-11,465.21,465.29,463.75,463.77,442.206180631517,34848495,0.0000,1.0
2021-11-12,465.12,467.86,464.11,467.27,445.543441843347,51018081,0.0000,1.0
2021-11-15,468.64,468.81,466.23,467.43,445.696002355888,46980500,0.0000,1.0
2021-11-16,467.15,470.485,467.07,469.28,447.459983282141,48857502,0.0000,1.0
2021-11-17,469.0,469.19,467.48,468.14,446.372989630288,47858289,0.0000,1.0
2021-11-18,469.24,470.01,466.34,469.73,447.889059723662,50625607,0.0000,1.0
2021-11-19,469.61,470.94,468.5,468.89,447.088117032823,57315573,0.0000,1.0
2021-11-22,470.89,473.54,467.35,467.57,445.829492804361,72761954,0.0000,1.0
2021-11-23,467.22,469.095,464.45,468.19,446.420664790457,73206538,0.0000,1.0
2021-11-24,466.06,469.57,465.19,469.44,447.612543794682,61858813,0.0000,1.0
2021-11-26,462.34,463.9,457.77,458.97,437.629365255294,112669636,0.0000,1.0
2021-11-29,464.07,466.56,461.73,464.6,442.997588290323,86268818,0.0000,1.0
2021-11-30,462.0,464.03,455.3,455.56,434.377919331768,148559598,0.0000,1.0
2021-12-01,461.64,464.67,450.29,450.5,429.553193122666,132485835,0.0000,1.0
2021-12-02,450.73,459.07,450.31,457.4,436.132365225987,127637758,0.0000,1.0
2021-12-03,459.17,460.3,448.92,453.42,432.337422476535,137331647,0.0000,1.0
2021-12-06,456.13,460.79,453.56,458.79,437.457734678685,98977532,0.0000,1.0
2021-12-07,464.41,468.88,458.6546,468.28,446.506480078761,95484688,0.0000,1.0
2021-12-08,468.7,470.0,466.83,469.52,447.688824050952,72238777,0.0000,1.0
2021-12-09,468.15,469.6291,466.14,466.35,444.666218896238,61272568,0.0000,1.0
2021-12-10,469.23,470.9,466.51,470.74,448.852097959076,77159757,0.0000,1.0
2021-12-13,470.19,470.56,466.27,466.57,444.875989600981,87724680,0.0000,1.0
2021-12-14,463.09,465.74,460.25,463.36,441.815244318132,97264128,0.0000,1.0
2021-12-15,463.42,470.86,460.74,470.6,448.718607510603,116899251,0.0000,1.0
2021-12-16,472.57,472.87,464.8,466.45,444.761569216576,116568626,0.0000,1.0
2021-12-17,461.55,464.74,458.06,459.87,440.045051318509,135636510,1.6335,1.0
2021-12-20,454.48,455.4,451.14,454.98,435.36585871854,107134822,0.0000,1.0
2021-12-21,458.61,463.21,456.31,463.06,443.097530744664,69806260,0.0000,1.0
2021-12-22,462.79,467.81,462.58,467.69,447.527931918049,58890223,0.0000,1.0
2021-12-23,468.75,472.19,468.64,470.6,450.312482115577,56439745,0.0000,1.0
2021-12-27,472.06,477.31,472.01,477.26,456.685370196515,56808619,0.0000,1.0
2021-12-28,477.72,478.81,476.06,476.87,456.31218305664,47274585,0.0000,1.0
2021-12-29,476.98,478.56,475.92,477.48,456.895886019009,54502964,0.0000,1.0
2021-12-30,477.93,479.0,475.67,476.16,455.632791084048,55329041,0.0000,1.0
2021-12-31,475.64,476.86,474.67,474.96,454.484522961356,63617437,0.0000,1.0
2022-01-03,476.3,477.85,473.85,477.71,457.115970742525,72668233,0.0000,1.0
2022-01-04,479.22,479.98,475.58,477.55,456.962868326166,71178678,0.0000,1.0
2022-01-05,477.16,477.98,468.2801,468.38,448.188186088597,104538940,0.0000,1.0
2022-01-06,467.89,470.82,465.43,467.94,447.76715444361,86858900,0.0000,1.0
2022-01-07,467.95,469.2,464.65,466.09,445.99690775446,85111593,0.0000,1.0
2022-01-10,462.7,465.74,456.5973,465.51,445.441911495159,119361989,0.0000,1.0
2022-01-11,465.23,469.85,462.05,469.75,449.49912552867,73332978,0.0000,1.0
2022-01-12,471.59,473.2,468.94,471.02,450.714375958519,67605444,0.0000,1.0
2022-01-13,472.19,472.88,463.44,464.53,444.504159194961,91173121,0.0000,1.0
2022-01-14,461.19,465.09,459.9,464.72,444.685968314387,95890948,0.0000,1.0
2022-01-18,459.74,459.96,455.31,456.49,436.810762772927,107848237,0.0000,1.0
2022-01-19,458.13,459.6124,451.46,451.75,432.275103688295,104945382,0.0000,1.0
2022-01-20,453.75,458.74,444.5,446.75,427.49065317708,122379696,0.0000,1.0
2022-01-21,445.56,448.06,437.95,437.98,419.098726980408,202271241,0.0000,1.0
2022-01-24,432.03,440.38,420.76,439.84,420.878542570581,252496719,0.0000,1.0
2022-01-25,433.06,439.72,427.15,434.47,415.740042721535,167997325,0.0000,1.0
2022-01-26,440.72,444.04,428.86,433.38,414.69703251009,186391088,0.0000,1.0
2022-01-27,438.26,441.59,429.45,431.24,412.64928769129,149878307,0.0000,1.0
2022-01-28,432.68,442.0,427.82,441.95,422.897580686313,164457370,0.0000,1.0
2022-01-31,441.24,450.28,439.81,449.91,430.514425900168,152251425,0.0000,1.0
2022-02-01,450.68,453.63,446.9384,452.95,433.423371810987,123155382,0.0000,1.0
2022-02-02,455.5,458.12,453.05,457.35,437.633688260856,117360953,0.0000,1.0
2022-02-03,450.95,452.97,445.71,446.6,427.347119661744,118024442,0.0000,1.0
2022-02-04,446.35,452.78,443.83,448.7,429.356588876454,118454352,0.0000,1.0
2022-02-07,449.51,450.99,445.85,447.26,427.978667129224,84472859,0.0000,1.0
2022-02-08,446.73,451.92,445.22,450.94,431.500022705478,81012036,0.0000,1.0
2022-02-09,455.22,457.88,455.005,457.54,437.815497380282,92589929,0.0000,1.0
2022-02-10,451.34,457.71,447.2,449.32,429.949860739845,140103712,0.0000,1.0
2022-02-11,449.41,451.605,438.94,440.46,421.471814433971,153214597,0.0000,1.0
2022-02-14,439.92,441.6,435.34,439.02,420.093892686741,123006262,0.0000,1.0
2022-02-15,443.73,446.28,443.18,446.1,426.868674610622,88659503,0.0000,1.0
2022-02-16,443.93,448.055,441.94,446.6,427.347119661744,84863585,0.0000,1.0
2022-02-17,443.22,446.5652,436.42,437.06,418.218388086345,102259108,0.0000,1.0
2022-02-18,437.33,438.66,431.82,434.23,415.510389096997,132642896,0.0000,1.0
2022-02-22,431.89,435.5,425.86,429.57,411.051281220544,122145129,0.0000,1.0
2022-02-23,432.66,433.26,421.35,421.95,403.759778641452,132578005,0.0000,1.0
2022-02-24,411.02,428.76,410.64,428.3,409.836030790696,213942946,0.0000,1.0
2022-02-25,429.61,437.84,427.86,437.75,418.878642256893,121804459,0.0000,1.0
2022-02-28,432.03,438.2,430.7,436.63,417.80692534238,145615029,0.0000,1.0
2022-03-01,435.04,437.17,427.11,429.98,411.443606162464,137785908,0.0000,1.0
2022-03-02,432.37,439.72,431.57,437.89,419.012606871207,117726525,0.0000,1.0
2022-03-03,440.47,441.11,433.8,435.71,416.926586448317,105501715,0.0000,1.0
2022-03-04,431.75,433.37,427.88,432.17,413.539195486376,114083256,0.0000,1.0
2022-03-07,431.55,432.3018,419.36,419.43,401.3484155838,137896560,0.0000,1.0
2022-03-08,419.62,427.21,415.12,416.25,398.305505058667,164772744,0.0000,1.0
2022-03-09,425.14,429.51,422.82,427.41,408.984398599699,116990765,0.0000,1.0
2022-03-10,422.52,426.43,420.44,425.48,407.13760070237,93972655,0.0000,1.0
2022-03-11,428.12,428.77,419.53,420.07,401.960825249236,95636277,0.0000,1.0
2022-03-14,420.89,424.55,415.79,417.0,399.023172635349,95729188,0.0000,1.0
2022-03-15,419.77,426.84,418.42,426.17,407.797854872918,106219117,0.0000,1.0
2022-03-16,429.89,435.68,424.8,435.62,416.840466339115,144954805,0.0000,1.0
2022-03-17,433.59,441.07,433.19,441.07,422.055517396339,102676870,0.0000,1.0
2022-03-18,438.0,444.86,437.22,444.52,426.663908740753,102665985,1.3660,1.0
2022-03-21,444.34,446.46,440.68,444.39,426.539130759703,87350111,0.0000,1.0
2022-03-22,445.86,450.58,445.86,449.59,431.530250001699,73464881,0.0000,1.0
2022-03-23,446.91,448.49,443.71,443.8,425.972830691861,79426098,0.0000,1.0
2022-03-24,445.94,450.5,444.76,450.49,432.394097562813,64736892,0.0000,1.0
2022-03-25,451.16,452.98,448.43,452.69,434.505724934427,76123606,0.0000,1.0
2022-03-28,452.06,455.91,450.06,455.91,437.59637954197,68529767,0.0000,1.0
2022-03-29,460.02,462.07,457.18,461.55,443.009824258289,86581542,0.0000,1.0
2022-03-30,460.34,461.195,456.465,458.7,440.274306981426,79666942,0.0000,1.0
2022-03-31,457.89,458.76,451.16,451.64,433.497902779793,121699948,0.0000,1.0
2022-04-01,453.31,453.46,449.14,452.92,434.726485977823,89048773,0.0000,1.0
2022-04-04,453.13,456.91,452.26,456.8,438.45062879685,59601000,0.0000,1.0
2022-04-05,455.22,457.83,449.82,451.03,432.912406099482,72741037,0.0000,1.0
2022-04-06,446.89,448.93,443.47,446.52,428.583569987674,106897970,0.0000,1.0
2022-04-07,445.59,450.69,443.53,448.77,430.743188890461,78097214,0.0000,1.0
2022-04-08,447.97,450.63,445.94,447.57,429.591392142308,79272711,0.0000,1.0
2022-04-11,444.11,445.0,439.39,439.92,422.248687872834,89770538,0.0000,1.0
2022-04-12,443.08,445.75,436.6501,438.29,420.684163956593,84363635,0.0000,1.0
2022-04-13,438.03,444.11,437.84,443.31,425.502513686365,74070394,0.0000,1.0
2022-04-14,443.55,444.7301,437.68,437.79,420.204248644862,97869451,0.0000,1.0
2022-04-18,436.81,439.75,435.61,437.97,420.377018157085,66002498,0.0000,1.0
2022-04-19,437.86,445.8,437.68,445.04,427.163020664952,77821013,0.0000,1.0
2022-04-20,446.92,447.57,443.48,444.71,426.84627655921,64140001,0.0000,1.0
2022-04-21,448.54,450.01,437.1,438.06,420.463402913197,85417327,0.0000,1.0
2022-04-22,436.91,438.0825,425.44,426.04,408.926238819199,132471772,0.0000,1.0
2022-04-25,423.67,428.69,418.84,428.51,411.297020459147,119647748,0.0000,1.0
2022-04-26,425.83,426.04,416.07,416.1,399.385522422,100647304,0.0000,1.0
2022-04-27,417.24,422.92,415.01,417.27,400.508524251449,122029990,0.0000,1.0
2022-04-28,422.29,429.64,417.6,427.81,410.625139022725,105449088,0.0000,1.0
2022-04-29,423.59,425.87,411.21,412.0,395.450216865811,145491088,0.0000,1.0
2022-05-02,412.07,415.92,405.02,414.48,397.830596811993,158312526,0.0000,1.0
2022-05-03,415.01,418.93,413.36,416.38,399.654274996569,100028190,0.0000,1.0
2022-05-04,417.08,429.66,413.7099,429.06,411.82492730205,141106960,0.0000,1.0
2022-05-05,424.55,425.0,409.44,413.81,397.187510294275,172929106,0.0000,1.0
2022-05-06,411.1,414.8,405.73,411.34,394.816728654327,151770811,0.0000,1.0
2022-05-09,405.1,406.41,396.5,398.17,382.175759343349,155586067,0.0000,1.0
2022-05-10,404.49,406.08,394.82,399.09,383.058803516933,132497200,0.0000,1.0
2022-05-11,398.07,404.04,391.96,392.75,376.973477364192,142360992,0.0000,1.0
2022-05-12,389.37,395.8,385.15,392.34,376.579946808573,125090753,0.0000,1.0
2022-05-13,396.71,403.18,395.61,401.72,385.583158056635,104174421,0.0000,1.0
2022-05-16,399.98,403.97,397.6,400.09,384.018634140394,78622444,0.0000,1.0
2022-05-17,406.53,408.57,402.5824,408.32,391.918040171475,83029710,0.0000,1.0
2022-05-18,403.5,403.8,390.55,391.86,376.119228109312,117674545,0.0000,1.0
2022-05-19,388.62,394.14,387.11,389.46,373.815634613006,98510715,0.0000,1.0
2022-05-20,393.25,397.03,380.54,389.63,373.978805818995,131432197,0.0000,1.0
2022-05-23,392.83,397.73,390.38,396.92,380.975971064023,76414878,0.0000,1.0
2022-05-24,392.56,395.15,386.96,393.89,378.067684274937,91448831,0.0000,1.0
2022-05-25,392.31,399.45,391.89,397.37,381.407894844581,91472866,0.0000,1.0
2022-05-26,398.67,407.04,398.45,405.31,389.028949994859,82168339,0.0000,1.0
2022-05-27,407.91,415.3801,407.7,415.26,398.579264698293,84768710,0.0000,1.0
2022-05-31,413.55,416.46,410.03,412.93,396.342859345629,95936980,0.0000,1.0
2022-06-01,415.17,416.24,406.93,409.59,393.13702506327,86585813,0.0000,1.0
2022-06-02,409.42,417.44,407.04,417.39,400.623703926264,79609633,0.0000,1.0
2022-06-03,412.4,414.04,409.51,410.54,394.048864155558,71874281,0.0000,1.0
2022-06-06,414.78,416.609,410.5523,411.79,395.248652434884,57508858,0.0000,1.0
2022-06-07,408.1,416.22,407.61,415.74,399.039983397554,59272373,0.0000,1.0
2022-06-08,413.93,415.82,410.38,411.22,394.701548979511,64349966,0.0000,1.0
2022-06-09,409.34,411.74,401.44,401.44,385.314405482066,86289796,0.0000,1.0
2022-06-10,394.88,395.7777,389.75,389.8,374.141977024983,132893864,0.0000,1.0
2022-06-13,379.85,381.81,373.3,375.0,359.936483797765,170004861,0.0000,1.0
2022-06-14,376.85,377.94,370.59,373.87,358.851875193254,104011831,0.0000,1.0
2022-06-15,377.36,383.9,372.12,379.2,363.9677724163,125666797,0.0000,1.0
2022-06-16,370.51,370.94,364.0799,366.65,351.921898091868,134473288,0.0000,1.0
2022-06-17,365.51,369.38,362.17,365.86,352.677160974381,111113904,1.5769,1.0
2022-06-21,371.89,376.525,371.81,375.07,361.555301936973,76811861,0.0000,1.0
2022-06-22,370.62,378.72,370.18,374.39,360.899804015739,90059424,0.0000,1.0
2022-06-23,376.64,378.83,372.89,378.06,364.437564855339,79292135,0.0000,1.0
2022-06-24,381.4,390.09,381.365,390.08,376.024454580677,98050333,0.0000,1.0
2022-06-27,391.05,391.36,387.44,388.59,374.58814295915,66009617,0.0000,1.0
2022-06-28,390.23,393.16,380.53,380.65,366.934240761215,86689824,0.0000,1.0
2022-06-29,381.23,382.27,378.42,380.34,366.635410826535,65675999,0.0000,1.0
2022-06-30,376.24,380.6582,372.56,377.25,363.656751155046,112508273,0.0000,1.0
2022-07-01,376.56,381.7,373.8,381.24,367.502981604638,74839729,0.0000,1.0
2022-07-05,375.88,381.98,372.9,381.96,368.197038227121,81437965,0.0000,1.0
2022-07-06,382.11,385.87,379.6,383.25,369.440556342403,70426244,0.0000,1.0
2022-07-07,385.12,389.83,383.267,388.99,374.973729971641,64525919,0.0000,1.0
2022-07-08,387.27,390.64,385.66,388.67,374.665260361648,72397765,0.0000,1.0
2022-07-11,385.85,386.87,383.5,384.23,370.385244523004,58366945,0.0000,1.0
2022-07-12,383.65,386.16,378.99,380.83,367.107754916836,62219178,0.0000,1.0
2022-07-13,375.1,381.92,374.658,378.83,365.179819854383,84224649,0.0000,1.0
2022-07-14,373.61,379.0498,371.04,377.91,364.292969725655,89704819,0.0000,1.0
2022-07-15,382.55,385.25,380.54,385.13,371.252815301108,79060383,0.0000,1.0
2022-07-18,388.38,389.09,380.66,381.95,368.187398551809,63203626,0.0000,1.0
2022-07-19,386.08,392.87,385.39,392.27,378.135543474062,78505972,0.0000,1.0
2022-07-20,392.47,396.26,391.03,394.77,380.545462302127,71843769,0.0000,1.0
2022-07-21,394.16,398.84,391.63,398.79,384.420611777656,64903856,0.0000,1.0
2022-07-22,398.92,400.18,392.75,395.09,380.85393191212,72197332,0.0000,1.0
2022-07-25,395.75,396.47,393.21,395.57,381.316636327108,53631485,0.0000,1.0
2022-07-26,393.84,394.06,389.95,390.89,376.80526828097,52946393,0.0000,1.0
2022-07-27,394.36,402.88,394.05,401.04,386.589538722915,82342106,0.0000,1.0
2022-07-28,401.89,406.8,398.15,406.07,391.438295404982,73966563,0.0000,1.0
2022-07-29,407.58,413.03,406.77,411.99,397.144983189841,87003672,0.0000,1.0
2022-08-01,409.15,413.41,408.4,410.77,395.968942801745,69997471,0.0000,1.0
2022-08-02,409.12,413.0,406.82,408.06,393.356590792122,63435418,0.0000,1.0
2022-08-03,410.3,415.68,410.0,414.45,399.516343316657,67820555,0.0000,1.0
2022-08-04,414.37,415.09,412.44,414.17,399.246432407914,45656574,0.0000,1.0
2022-08-05,409.66,414.15,409.6,413.47,398.571655136055,56814929,0.0000,1.0
2022-08-08,415.25,417.62,411.83,412.99,398.108950721067,54025965,0.0000,1.0
2022-08-09,412.22,412.75,410.22,411.35,396.528043969856,44931772,0.0000,1.0
2022-08-10,418.78,420.14,416.72,419.99,404.85672343965,68665712,0.0000,1.0
2022-08-11,422.99,424.95,419.21,419.99,404.85672343965,59489704,0.0000,1.0
2022-08-12,422.03,427.21,421.03,427.1,411.710532586667,61694542,0.0000,1.0
2022-08-15,424.765,429.41,424.71,428.86,413.407115441625,54048280,0.0000,1.0
2022-08-16,427.73,431.73,426.88,429.7,414.216848167855,59289039,0.0000,1.0
2022-08-17,425.91,429.5,424.54,426.65,411.276747197615,63563394,0.0000,1.0
2022-08-18,426.86,428.61,425.5,427.89,412.472066936336,49023206,0.0000,1.0
2022-08-19,424.98,425.26,421.22,422.14,406.929253631786,68016902,0.0000,1.0
2022-08-22,417.05,417.23,412.4,413.35,398.455979032308,77695640,0.0000,1.0
2022-08-23,412.9,415.42,411.77,412.35,397.492011501082,49105249,0.0000,1.0
2022-08-24,412.11,415.1101,411.39,413.67,398.764448642301,49177804,0.0000,1.0
2022-08-25,415.24,419.56,414.09,419.51,404.394019024661,50942252,0.0000,1.0
2022-08-26,419.39,419.96,405.25,405.31,390.70568008125,103086976,0.0000,1.0
2022-08-29,402.2,405.84,401.1999,402.63,388.122247097565,64289165,0.0000,1.0
2022-08-30,403.85,404.1,396.0,398.21,383.861510609545,85652443,0.0000,1.0
2022-08-31,399.93,401.24,395.04,395.18,380.94068898993,76029671,0.0000,1.0
2022-09-01,392.89,396.78,390.04,396.42,382.13600872865,78740084,0.0000,1.0
2022-09-02,400.28,401.555,390.33,392.24,378.106624448125,99632149,0.0000,1.0
2022-09-06,393.13,394.12,388.42,390.76,376.679952501911,74798116,0.0000,1.0
2022-09-07,390.43,398.59,390.2,397.78,383.447004571118,70964232,0.0000,1.0
2022-09-08,395.39,400.86,394.12,400.38,385.953320152306,80821681,0.0000,1.0
2022-09-09,402.74,407.51,402.46,406.6,391.949198196532,76706918,0.0000,1.0
2022-09-12,408.78,411.73,408.46,410.97,396.16173630799,69256262,0.0000,1.0
2022-09-13,401.83,403.1,391.92,393.1,378.93563652498,122947081,0.0000,1.0
2022-09-14,394.47,396.2,391.12,394.6,380.381587821819,85023747,0.0000,1.0
2022-09-15,392.96,395.96,388.78,390.12,376.063013281926,87633840,0.0000,1.0
2022-09-16,384.14,386.25,382.11,385.56,373.206197178449,103084819,1.5964,1.0
2022-09-19,382.26,388.55,382.1784,388.55,376.100394007901,73278490,0.0000,1.0
2022-09-20,385.06,386.12,381.195,384.09,371.783297733869,77274882,0.0000,1.0
2022-09-21,386.11,389.31,377.38,377.39,365.297973734762,106746554,0.0000,1.0
2022-09-22,376.58,377.66,373.44,374.22,362.22954432026,87465927,0.0000,1.0
2022-09-23,370.58,370.62,363.29,367.95,356.160442607663,122346933,0.0000,1.0
2022-09-26,366.41,370.21,363.0299,364.31,352.637072554417,92581244,0.0000,1.0
2022-09-27,368.02,370.4,360.87,363.38,351.736870864988,108294074,0.0000,1.0
2022-09-28,364.38,372.3,362.6,370.53,358.657776326722,110802217,0.0000,1.0
2022-09-29,366.81,367.11,359.7,362.79,351.165775169545,112952315,0.0000,1.0
2022-09-30,361.8,365.91,357.04,357.18,345.7355262688,153711243,0.0000,1.0
2022-10-03,361.08,368.55,359.21,366.61,354.863377807841,89756479,0.0000,1.0
2022-10-04,372.4,378.0,366.5677,377.97,365.859389842148,103602775,0.0000,1.0
2022-10-05,373.39,379.46,370.95,377.09,365.007586093011,88065669,0.0000,1.0
2022-10-06,375.62,378.72,372.68,373.2,361.242226338306,82333543,0.0000,1.0
2022-10-07,368.97,373.2933,360.94,362.79,351.165775169545,107789498,0.0000,1.0
2022-10-10,363.96,364.21,357.67,360.02,348.484529277377,76042765,0.0000,1.0
2022-10-11,358.235,363.03,355.71,357.74,346.277583200069,92482785,0.0000,1.0
2022-10-12,358.17,359.8179,356.3,356.56,345.135391809181,76991799,0.0000,1.0
2022-10-13,349.205,367.51,348.11,365.97,354.243884172106,147254518,0.0000,1.0
2022-10-14,368.55,370.26,356.96,357.63,346.171107731427,123737013,0.0000,1.0
2022-10-17,364.01,367.9799,357.2808,366.82,355.066649157067,93168231,0.0000,1.0
2022-10-18,375.13,375.45,367.52,371.13,359.238551610224,97162850,0.0000,1.0
2022-10-19,368.99,371.85,365.55,368.5,356.692819950873,79746863,0.0000,1.0
2022-10-20,368.03,372.67,364.61,365.41,353.701827240837,88283087,0.0000,1.0
2022-10-21,365.12,374.8,363.54,374.29,362.297301436668,131038379,0.0000,1.0
2022-10-24,375.89,380.06,373.11,378.87,366.730552767401,85436907,0.0000,1.0
2022-10-25,378.79,385.25,378.671,384.92,372.586703542714,78846348,0.0000,1.0
2022-10-26,381.62,387.58,381.35,382.02,369.779623005787,104087348,0.0000,1.0
2022-10-27,383.07,385.0,379.33,379.98,367.80498704188,81971756,0.0000,1.0
2022-10-28,379.87,389.52,379.68,389.02,376.555334646645,100301958,0.0000,1.0
2022-10-31,386.44,388.4,385.26,386.21,373.835370402243,96631258,0.0000,1.0
2022-11-01,390.14,390.39,383.29,384.52,372.199520020379,85407598,0.0000,1.0
2022-11-02,383.9,388.63,374.76,374.87,362.858717544054,126990356,0.0000,1.0
2022-11-03,371.465,374.2,368.79,371.01,359.122396553523,87100115,0.0000,1.0
2022-11-04,377.0,378.87,370.0,376.35,364.291296576692,103505182,0.0000,1.0
2022-11-07,377.71,380.57,375.53,379.95,367.775948277705,68286947,0.0000,1.0
2022-11-08,381.11,385.12,377.72,382.0,369.76026382967,84641062,0.0000,1.0
2022-11-09,379.93,381.14,373.61,374.13,362.142428027734,78495470,0.0000,1.0
2022-11-10,388.05,395.04,385.642,394.69,382.04366107574,141455847,0.0000,1.0
2022-11-11,395.59,399.35,393.61,398.51,385.741263714036,93839872,0.0000,1.0
2022-11-14,396.66,400.1799,394.83,395.12,382.459883362249,71893165,0.0000,1.0
2022-11-15,401.15,402.31,394.49,398.49,385.72190453792,93194452,0.0000,1.0
2022-11-16,396.78,397.78,394.79,395.45,382.779309768176,68508454,0.0000,1.0
2022-11-17,390.46,394.95,390.14,394.24,381.608079613113,74496255,0.0000,1.0
2022-11-18,397.74,397.81,393.04,396.03,383.340725875561,92922451,0.0000,1.0
2022-11-21,394.64,395.82,392.66,394.59,381.946865195156,51243189,0.0000,1.0
2022-11-22,396.63,400.07,395.1527,399.9,387.086726454149,60429025,0.0000,1.0
2022-11-23,399.55,402.93,399.31,402.42,389.525982644858,68261628,0.0000,1.0
2022-11-25,401.83,402.91,401.535,402.33,389.438866352333,30545434,0.0000,1.0
2022-11-28,399.09,400.81,395.11,395.91,383.224570818861,68021749,0.0000,1.0
2022-11-29,396.05,397.3,393.3,395.23,382.566358830891,52310039,0.0000,1.0
2022-11-30,395.49,407.68,393.48,407.68,394.61744596356,144566653,0.0000,1.0
2022-12-01,408.77,410.0,404.75,407.38,394.327058321809,76398170,0.0000,1.0
2022-12-02,402.25,407.86,402.14,406.91,393.872117683066,85342731,0.0000,1.0
2022-12-05,403.95,404.93,398.17,399.59,386.78665922434,77289815,0.0000,1.0
2022-12-06,399.42,399.99,391.64,393.83,381.21121650272,77972217,0.0000,1.0
2022-12-07,392.94,395.64,391.97,393.16,380.562684102809,65927896,0.0000,1.0
2022-12-08,395.14,397.36,393.2684,396.24,383.543997224787,60737912,0.0000,1.0
2022-12-09,394.94,397.62,393.15,393.28,380.67883915951,81447733,0.0000,1.0
2022-12-12,394.11,398.95,393.412,398.95,386.167165588604,75405835,0.0000,1.0
2022-12-13,410.22,410.49,399.07,401.97,389.090401182232,123782534,0.0000,1.0
2022-12-14,401.61,405.5,396.31,399.4,386.602747051231,108111349,0.0000,1.0
2022-12-15,394.3,395.25,387.885,389.63,377.145789518205,117705889,0.0000,1.0
2022-12-16,385.18,386.575,381.04,383.27,372.713893329801,119857952,1.7814,1.0
2022-12-19,383.47,383.82,378.28,380.02,369.553405544892,79878103,0.0000,1.0
2022-12-20,379.23,382.23,377.85,380.54,370.059083590478,74427240,0.0000,1.0
2022-12-21,383.25,387.41,382.69,386.23,375.592368358517,78167369,0.0000,1.0
2022-12-22,383.05,386.2134,374.77,380.72,370.234125990873,100120855,0.0000,1.0
2022-12-23,379.65,383.06,378.03,382.91,372.363808529011,59857329,0.0000,1.0
2022-12-27,382.79,383.15,379.65,381.4,370.895397281253,51638180,0.0000,1.0
2022-12-28,381.33,383.39,376.42,376.66,366.285947404187,70911520,0.0000,1.0
2022-12-29,379.63,384.35,379.08,383.44,372.879211152396,66970877,0.0000,1.0
2022-12-30,380.64,382.58,378.43,382.43,371.897028794624,84022205,0.0000,1.0
2023-01-03,384.37,386.43,377.831,380.82,370.33137176887,74850731,0.0000,1.0
2023-01-04,383.18,385.88,380.0,383.76,373.190397641987,85934098,0.0000,1.0
2023-01-05,381.72,381.84,378.76,379.38,368.93103256571,76970456,0.0000,1.0
2023-01-06,382.61,389.25,379.4127,388.08,377.391415251465,104189603,0.0000,1.0
2023-01-09,390.37,393.7,387.67,387.86,377.177474539871,73978071,0.0000,1.0
2023-01-10,387.25,390.65,386.27,390.58,379.822559701395,65358094,0.0000,1.0
2023-01-11,392.23,395.6,391.38,395.52,384.626501134455,68881080,0.0000,1.0
2023-01-12,396.67,398.485,392.42,396.96,386.026840337615,90157699,0.0000,1.0
2023-01-13,393.62,399.1,393.34,398.5,387.524425318772,63903932,0.0000,1.0
2023-01-17,398.48,400.23,397.06,397.77,386.814531139392,62677281,0.0000,1.0
2023-01-18,399.01,400.12,391.28,391.49,380.707496281169,99632262,0.0000,1.0
2023-01-19,389.36,391.08,387.26,388.64,377.935991608249,86958919,0.0000,1.0
2023-01-20,390.1,396.04,388.38,395.88,384.976585935245,91806356,0.0000,1.0
2023-01-23,396.72,402.645,395.72,400.63,389.595760390111,84178797,0.0000,1.0
2023-01-24,398.88,401.15,397.64,400.2,389.177603544724,59524911,0.0000,1.0
2023-01-25,395.95,400.7,393.56,400.35,389.323472211719,84800251,0.0000,1.0
2023-01-26,403.13,404.92,400.03,404.75,393.602286443595,72287425,0.0000,1.0
2023-01-27,403.655,408.16,403.44,405.68,394.506672178969,68346180,0.0000,1.0
2023-01-30,402.8,405.13,400.28,400.59,389.556862078913,74202018,0.0000,1.0
2023-01-31,401.13,406.53,400.77,406.48,395.284638402947,86811786,0.0000,1.0
2023-02-01,405.211,413.67,402.35,410.8,399.485656012425,101459155,0.0000,1.0
2023-02-02,414.86,418.31,412.88,416.78,405.300953536656,101654463,0.0000,1.0
2023-02-03,411.59,416.97,411.09,412.35,400.992965571381,94736781,0.0000,1.0
2023-02-06,409.79,411.29,408.1,409.83,398.542371965852,60295325,0.0000,1.0
2023-02-07,408.87,416.49,407.57,415.19,403.754745666501,90990745,0.0000,1.0
2023-02-08,413.13,414.53,409.93,410.65,399.339787345429,76227462,0.0000,1.0
2023-02-09,414.41,414.57,405.81,407.09,395.877837648729,78694859,0.0000,1.0
2023-02-10,405.86,408.44,405.01,408.04,396.801672539703,70769715,0.0000,1.0
2023-02-13,408.72,412.97,408.24,412.83,401.459745305768,64913539,0.0000,1.0
2023-02-14,411.24,415.05,408.511,412.64,401.274978327573,88389313,0.0000,1.0
2023-02-15,410.35,414.06,409.47,413.98,402.578071752735,61685279,0.0000,1.0
2023-02-16,408.79,412.91,408.14,408.28,397.035062406896,76431469,0.0000,1.0
2023-02-17,406.06,407.51,404.05,407.26,396.043155471325,89257815,0.0000,1.0
2023-02-21,403.06,404.16,398.82,399.09,388.098175408955,82655924,0.0000,1.0
2023-02-22,399.52,401.13,397.02,398.54,387.56332362997,83742293,0.0000,1.0
2023-02-23,401.56,402.2,396.25,400.66,389.624934123511,96242399,0.0000,1.0
2023-02-24,395.42,397.25,393.64,396.38,385.462814825231,108194413,0.0000,1.0
2023-02-27,399.87,401.29,396.75,397.73,386.775632828193,80444736,0.0000,1.0
2023-02-28,397.23,399.28,396.15,396.26,385.346119891635,96438567,0.0000,1.0
2023-03-01,395.41,396.69,393.38,394.74,383.867984066077,99706823,0.0000,1.0
2023-03-02,392.68,398.69,392.33,397.81,386.853429450591,85404726,0.0000,1.0
2023-03-03,399.71,404.45,399.03,404.19,393.057710086811,90119952,0.0000,1.0
2023-03-06,405.05,407.45,404.01,404.47,393.329998265203,72795946,0.0000,1.0
2023-03-07,404.42,404.67,397.625,398.27,387.300760029378,108310596,0.0000,1.0
2023-03-08,398.39,399.71,396.59,398.92,387.93285758636,74746632,0.0000,1.0
2023-03-09,399.74,401.48,390.53,391.56,380.775568325767,111945322,0.0000,1.0
2023-03-10,390.99,393.16,384.32,385.91,375.281181868926,189252996,0.0000,1.0
2023-03-13,381.81,390.39,380.65,385.36,374.746330089942,157789967,0.0000,1.0
2023-03-14,390.5,393.45,387.05,391.73,380.940886148362,149752357,0.0000,1.0
2023-03-15,385.89,389.49,383.71,389.28,378.558364587431,172996933,0.0000,1.0
2023-03-16,386.82,396.47,386.29,396.11,385.200251224639,143753940,0.0000,1.0
2023-03-17,393.22,394.4,388.55,389.99,380.713529409236,140553411,1.5062,1.0
2023-03-20,390.8,394.17,390.07,393.74,384.374330289476,93055783,0.0000,1.0
2023-03-21,397.24,399.41,395.58,398.91,389.421354436366,91524248,0.0000,1.0
2023-03-22,398.73,402.49,392.07,392.11,382.783102173531,111746583,0.0000,1.0
2023-03-23,395.09,399.29,390.35,393.17,383.817888555679,119351319,0.0000,1.0
2023-03-24,391.841,395.84,389.4,395.75,386.336519561284,107770124,0.0000,1.0
2023-03-27,398.12,398.92,395.56,396.49,387.058917601651,74010408,0.0000,1.0
2023-03-28,395.77,396.49,393.69,395.6,386.190087526074,62871680,0.0000,1.0
2023-03-29,399.925,401.6,398.68,401.35,391.803315542442,77497876,0.0000,1.0
2023-03-30,404.09,404.35,401.76,403.7,394.097417427392,69840049,0.0000,1.0
2023-03-31,404.66,409.7,404.55,409.39,399.652072629675,112062624,0.0000,1.0
2023-04-03,408.85,411.37,408.44,410.95,401.174965795855,67391097,0.0000,1.0
2023-04-04,411.62,411.92,407.24,408.67,398.949198860669,66601534,0.0000,1.0
2023-04-05,407.91,408.7,405.88,407.6,397.904650342841,65200243,0.0000,1.0
2023-04-06,406.77,409.48,405.678,409.19,399.456829916063,63743345,0.0000,1.0
2023-04-10,406.61,409.69,405.97,409.61,399.86683961465,63681042,0.0000,1.0
2023-04-11,410.26,411.18,408.92,409.72,399.974223107137,59297945,0.0000,1.0
2023-04-12,411.87,412.17,407.44,408.05,398.34394644847,86420379,0.0000,1.0
2023-04-13,409.18,413.84,407.9922,413.47,403.635023987376,85814754,0.0000,1.0
2023-04-14,412.81,415.09,410.06,412.46,402.649048283632,78161500,0.0000,1.0
2023-04-17,412.37,413.96,411.085,413.94,404.093844364366,65496534,0.0000,1.0
2023-04-18,415.58,415.72,412.7802,414.21,404.357422027743,63559997,0.0000,1.0
2023-04-19,412.22,415.08,412.16,414.14,404.289087077979,55227330,0.0000,1.0
2023-04-20,411.21,413.7,410.27,411.88,402.082844414155,75840359,0.0000,1.0
2023-04-21,412.19,412.68,410.17,412.2,402.395232755935,73457422,0.0000,1.0
2023-04-24,411.99,413.07,410.6,412.63,402.815004590202,64332095,0.0000,1.0
2023-04-25,410.58,411.16,406.02,406.08,396.420805719384,97766721,0.0000,1.0
2023-04-26,406.72,407.84,403.78,404.36,394.741718382314,78319853,0.0000,1.0
2023-04-27,407.0,412.69,406.74,412.41,402.600237605228,92968369,0.0000,1.0
2023-04-28,411.49,415.94,411.43,415.93,406.036509364813,89433137,0.0000,1.0
2023-05-01,415.47,417.62,415.265,415.51,405.626499666226,62122254,0.0000,1.0
2023-05-02,414.77,414.82,407.82,410.84,401.067582303368,103998484,0.0000,1.0
2023-05-03,411.36,413.87,407.77,408.02,398.314660041428,91531769,0.0000,1.0
2023-05-04,406.93,407.27,403.74,405.13,395.493402829723,94901863,0.0000,1.0
2023-05-05,408.91,413.72,408.64,412.63,402.815004590202,87891791,0.0000,1.0
2023-05-08,412.97,413.24,411.28,412.74,402.92238808269,50046768,0.0000,1.0
2023-05-09,411.13,412.09,410.6894,410.93,401.155441524494,49220119,0.0000,1.0
2023-05-10,413.88,414.535,408.87,412.85,403.029771575177,96142922,0.0000,1.0
2023-05-11,411.95,412.43,409.97,412.13,402.326897806171,70157064,0.0000,1.0
2023-05-12,413.42,413.64,409.07,411.59,401.799742479416,70481548,0.0000,1.0
2023-05-15,412.22,413.43,410.23,413.01,403.185965746067,54289383,0.0000,1.0
2023-05-16,411.86,412.815,410.24,410.25,400.49161629821,57705495,0.0000,1.0
2023-05-17,412.35,415.855,410.635,415.23,405.353159867169,87286957,0.0000,1.0
2023-05-18,414.9,419.67,414.67,419.23,409.258014139424,97177195,0.0000,1.0
2023-05-19,420.17,420.72,417.35,418.62,408.662523862905,103793317,0.0000,1.0
2023-05-22,418.64,420.39,417.35,418.79,408.828480169476,60745399,0.0000,1.0
2023-05-23,417.08,418.722,413.68,414.09,404.240276399576,86383493,0.0000,1.0
2023-05-24,412.42,412.82,409.8795,411.09,401.311635695384,89213678,0.0000,1.0
2023-05-25,414.74,416.16,412.4101,414.65,404.786955997692,90961606,0.0000,1.0
2023-05-26,415.33,420.77,415.25,420.02,410.029222858195,93829975,0.0000,1.0
2023-05-30,422.03,422.58,418.735,420.18,410.185417029085,72215960,0.0000,1.0
2023-05-31,418.28,419.22,416.22,417.85,407.910839415496,106350372,0.0000,1.0
2023-06-01,418.09,422.92,416.79,421.82,411.78640728071,88865018,0.0000,1.0
2023-06-02,424.5,428.74,423.95,427.92,417.741310045899,91426171,0.0000,1.0
2023-06-05,428.28,429.62,426.37,427.1,416.940814920087,65460158,0.0000,1.0
2023-06-06,426.67,428.5772,425.99,428.03,417.848693538386,64022175,0.0000,1.0
2023-06-07,428.44,429.62,426.11,426.55,416.403897457652,85373275,0.0000,1.0
2023-06-08,426.62,429.6,425.82,429.13,418.922528463257,61952842,0.0000,1.0
2023-06-09,429.96,431.99,428.87,429.9,419.674212910666,85647268,0.0000,1.0
2023-06-12,430.92,433.88,430.17,433.8,423.481445826115,76256703,0.0000,1.0
2023-06-13,435.32,437.33,434.63,436.66,426.273416630778,95899704,0.0000,1.0
2023-06-14,437.01,439.0612,433.59,437.18,426.781047686171,100612080,0.0000,1.0
2023-06-15,436.33,443.9,436.23,442.6,432.072125225077,110303091,0.0000,1.0
2023-06-16,443.02,443.6078,438.97,439.46,430.606210716225,114165849,1.6384,1.0
2023-06-20,437.45,438.37,435.03,437.18,428.37214581741,76160359,0.0000,1.0
2023-06-21,436.16,436.99,434.33,434.94,426.177275039628,76982251,0.0000,1.0
2023-06-22,433.95,436.62,433.6,436.51,427.715644290127,70637175,0.0000,1.0
2023-06-23,432.93,435.06,432.47,433.21,424.482129305001,92074537,0.0000,1.0
2023-06-26,432.62,434.61,431.19,431.44,422.747789449342,72823560,0.0000,1.0
2023-06-27,432.35,436.81,431.88,436.17,427.382494261357,72813699,0.0000,1.0
2023-06-28,435.05,437.44,434.41,436.39,427.598061927032,75635976,0.0000,1.0
2023-06-29,435.96,438.28,435.54,438.11,429.2834091314,67882304,0.0000,1.0
2023-06-30,441.44,444.3,441.11,443.28,434.349249274765,104964019,0.0000,1.0
2023-07-03,442.92,444.08,442.63,443.79,434.848974317921,32793378,0.0000,1.0
2023-07-05,441.91,443.889,441.9,443.13,434.202271320895,58418432,0.0000,1.0
2023-07-06,439.42,440.1,437.06,439.66,430.802181321384,80658302,0.0000,1.0
2023-07-07,438.63,442.64,438.3,438.55,429.714544462751,86134178,0.0000,1.0
2023-07-10,438.18,439.84,437.585,439.66,430.802181321384,62443501,0.0000,1.0
2023-07-11,440.45,442.97,439.44,442.46,433.545769793612,64463752,0.0000,1.0
2023-07-12,446.39,447.4799,444.91,446.02,437.034046565445,91924527,0.0000,1.0
2023-07-13,447.9,450.38,447.45,449.56,440.502726276762,72425241,0.0000,1.0
2023-07-14,450.475,451.36,448.49,449.28,440.22836742954,69815823,0.0000,1.0
2023-07-17,449.13,451.93,449.08,450.84,441.756938149781,52680221,0.0000,1.0
2023-07-18,450.5,454.86,450.0484,454.19,445.039445786197,80744448,0.0000,1.0
2023-07-19,455.01,456.43,454.1119,455.2,446.029097342251,65891688,0.0000,1.0
2023-07-20,454.17,455.1,451.44,452.18,443.069941204347,70591642,0.0000,1.0
2023-07-21,453.96,454.165,452.17,452.18,443.069941204347,71275618,0.0000,1.0
2023-07-24,453.37,455.04,452.298,454.2,445.049244316455,54023382,0.0000,1.0
2023-07-25,453.92,456.735,453.87,455.44,446.264262068442,55191240,0.0000,1.0
2023-07-26,454.47,456.99,453.38,455.51,446.332851780247,71052885,0.0000,1.0
2023-07-27,459.02,459.44,451.55,452.49,443.373695642344,92194375,0.0000,1.0
2023-07-28,455.88,457.78,452.4918,456.92,447.71444454662,80011790,0.0000,1.0
2023-07-31,457.41,458.16,456.045,457.79,448.566916679062,62040449,0.0000,1.0
2023-08-01,456.27,457.25,455.49,456.48,447.283309215269,55502199,0.0000,1.0
2023-08-02,453.25,453.52,449.3499,450.13,441.061242501466,93933369,0.0000,1.0
2023-08-03,448.04,450.79,447.37,448.84,439.797232098189,64419692,0.0000,1.0
2023-08-04,450.72,452.895,446.27,446.81,437.808130455824,100128902,0.0000,1.0
2023-08-07,448.71,450.865,447.99,450.71,441.629557256428,58357464,0.0000,1.0
2023-08-08,448.08,450.6952,445.2705,448.75,439.709045325868,71361324,0.0000,1.0
2023-08-09,449.03,449.1999,444.96,445.75,436.76948624848,78789575,0.0000,1.0
2023-08-10,448.19,451.7,444.7,445.91,436.926262732608,93005495,0.0000,1.0
2023-08-11,443.97,446.7007,443.345,445.65,436.671500945901,68690902,0.0000,1.0
2023-08-14,444.7,448.11,444.38,448.11,439.081939389359,47867441,0.0000,1.0
2023-08-15,446.27,446.64,442.3,442.89,433.967106594704,75707534,0.0000,1.0
2023-08-16,442.46,444.18,439.53,439.64,430.782584260868,80107206,0.0000,1.0
2023-08-17,441.16,441.43,435.75,436.29,427.500076624452,95711315,0.0000,1.0
2023-08-18,433.37,437.57,433.01,436.5,427.705845759869,98851960,0.0000,1.0
2023-08-21,437.55,440.11,435.32,439.34,430.488628353129,68718957,0.0000,1.0
2023-08-22,441.18,441.18,437.57,438.15,429.322603252432,65062861,0.0000,1.0
2023-08-23,439.25,443.67,439.1,443.03,434.104286018316,68441021,0.0000,1.0
2023-08-24,444.69,445.22,436.855,436.89,428.08798843993,88517272,0.0000,1.0
2023-08-25,438.68,441.3,435.0,439.97,431.105935759381,102325103,0.0000,1.0
2023-08-28,442.24,443.4,439.9728,442.76,433.839725701351,61595393,0.0000,1.0
2023-08-29,442.65,449.45,442.46,449.16,440.110785066444,83081916,0.0000,1.0
2023-08-30,449.51,451.67,448.78,451.01,441.923513164166,69053911,0.0000,1.0
2023-08-31,451.65,452.83,450.16,450.35,441.276810167141,66084563,0.0000,1.0
2023-09-01,453.17,453.67,449.68,451.19,442.09988670881,58944098,0.0000,1.0
2023-09-05,450.73,451.06,449.17,449.24,440.189173308508,55166210,0.0000,1.0
2023-09-06,448.4,448.51,443.81,446.22,437.230017170604,70758512,0.0000,1.0
2023-09-07,443.11,445.55,442.75,444.85,435.887618525264,70355426,0.0000,1.0
2023-09-08,444.9,447.11,444.53,445.52,436.544120052547,62068437,0.0000,1.0
2023-09-11,448.24,448.77,446.4699,448.45,439.415089418129,60180118,0.0000,1.0
2023-09-12,446.95,448.53,445.39,445.99,437.004650974671,67565422,0.0000,1.0
2023-09-13,446.22,447.71,445.0793,446.51,437.514174548085,60199272,0.0000,1.0
2023-09-14,449.07,451.08,447.715,450.36,441.286608697399,83430814,0.0000,1.0
2023-09-15,447.14,447.48,442.92,443.37,435.988708982082,111848859,1.5832,1.0
2023-09-18,443.05,444.97,442.56,443.63,436.244380462641,55752213,0.0000,1.0
2023-09-19,442.68,443.29,439.94,442.71,435.339696762203,66514648,0.0000,1.0
2023-09-20,444.01,444.435,438.43,438.64,431.337454739609,82562602,0.0000,1.0
2023-09-21,435.7,435.97,431.23,431.39,424.208153839413,104095826,0.0000,1.0
2023-09-22,432.45,434.1,429.99,430.42,423.254302546559,100829684,0.0000,1.0
2023-09-25,429.17,432.27,428.72,432.23,425.034169391988,70874534,0.0000,1.0
2023-09-26,429.09,429.82,425.02,425.88,418.789885155264,96168436,0.0000,1.0
2023-09-27,427.09,427.67,422.29,426.05,418.957054969475,104705847,0.0000,1.0
2023-09-28,425.48,430.2499,424.87,428.52,421.385934034784,92258308,0.0000,1.0
2023-09-29,431.67,431.85,425.91,427.48,420.363248112548,115111319,0.0000,1.0
2023-10-02,426.62,428.6,424.46,427.31,420.196078298337,83798599,0.0000,1.0
2023-10-03,425.06,427.3729,420.18,421.59,414.571305726044,103760607,0.0000,1.0
2023-10-04,422.07,425.4299,420.56,424.66,417.590195900334,87452968,0.0000,1.0
2023-10-05,424.36,425.37,421.1701,424.5,417.432859604606,70142744,0.0000,1.0
2023-10-06,421.97,431.125,420.6,429.54,422.388952920053,113273309,0.0000,1.0
2023-10-09,427.58,432.88,427.0101,432.29,425.093170502886,80374362,0.0000,1.0
2023-10-10,432.94,437.22,432.53,434.54,427.305712161567,78607268,0.0000,1.0
2023-10-11,435.64,436.58,433.18,436.32,429.056078451547,62451736,0.0000,1.0
2023-10-12,436.95,437.335,431.23,433.66,426.440362535061,81154230,0.0000,1.0
2023-10-13,435.21,436.45,429.88,431.5,424.316322542726,95201132,0.0000,1.0
2023-10-16,433.82,437.14,433.57,436.04,428.780739934022,75433194,0.0000,1.0
2023-10-17,432.81,438.14,432.45,436.02,428.761072897056,75324708,0.0000,1.0
2023-10-18,434.19,435.18,429.09,430.21,423.047798658416,93559798,0.0000,1.0
2023-10-19,430.95,432.82,425.725,426.43,419.33072867183,121322957,0.0000,1.0
2023-10-20,425.98,426.54,421.08,421.19,414.177964986723,123919874,0.0000,1.0
2023-10-23,419.61,424.45,417.8,420.46,413.460118137462,92035095,0.0000,1.0
2023-10-24,422.65,424.82,420.74,423.63,416.577343496582,78564239,0.0000,1.0
2023-10-25,421.89,421.92,417.015,417.55,410.5985642589,94223198,0.0000,1.0
2023-10-26,416.45,417.325,411.6,412.55,405.681805017385,115156761,0.0000,1.0
2023-10-27,414.19,414.6,409.21,410.68,403.842937061059,107367671,0.0000,1.0
2023-10-30,413.56,416.68,412.22,415.59,408.671194636226,86562675,0.0000,1.0
2023-10-31,416.18,418.53,414.21,418.2,411.237742960297,79665150,0.0000,1.0
2023-11-01,419.2,423.5,418.6499,422.66,415.623492203728,98068115,0.0000,1.0
2023-11-02,426.58,430.915,426.56,430.76,423.588642174982,94938909,0.0000,1.0
2023-11-03,433.14,436.29,433.01,434.69,427.453214938813,100167775,0.0000,1.0
2023-11-06,435.47,436.1498,433.68,435.69,428.436566787116,67831660,0.0000,1.0
2023-11-07,435.69,437.585,434.51,436.93,429.655923079011,64256114,0.0000,1.0
2023-11-08,437.55,438.09,434.87,437.25,429.970595670468,61746027,0.0000,1.0
2023-11-09,438.43,438.47,433.4,433.84,426.617365867755,83174417,0.0000,1.0
2023-11-10,435.98,440.93,433.8335,440.61,433.274657880766,89558054,0.0000,1.0
2023-11-13,439.23,441.33,438.42,440.19,432.861650104479,52236068,0.0000,1.0
2023-11-14,446.32,450.06,446.09,448.73,441.259474888986,97176935,0.0000,1.0
2023-11-15,450.11,451.38,448.8,449.68,442.193659144874,77327573,0.0000,1.0
2023-11-16,449.22,450.56,448.12,450.23,442.734502661441,66665797,0.0000,1.0
2023-11-17,450.24,451.42,449.29,450.79,443.28517969649,83193902,0.0000,1.0
2023-11-20,450.53,455.125,450.52,454.26,446.697410610102,70055633,0.0000,1.0
2023-11-21,453.1842,454.131,451.9599,453.27,445.723892280282,49244639,0.0000,1.0
2023-11-22,454.98,456.38,453.8895,455.02,447.444758014812,59446573,0.0000,1.0
2023-11-24,455.07,455.5,454.73,455.3,447.720096532337,29737375,0.0000,1.0
2023-11-27,454.65,455.4901,454.0799,454.48,446.913748016728,50505985,0.0000,1.0
2023-11-28,454.08,456.27,453.5,454.93,447.356256348465,62115011,0.0000,1.0
2023-11-29,457.15,458.32,454.2,454.61,447.041583757008,63145992,0.0000,1.0
2023-11-30,455.48,456.76,453.34,456.4,448.80178356547,79752700,0.0000,1.0
2023-12-01,455.77,459.65,455.16,459.1,451.456833555888,89183400,0.0000,1.0
2023-12-04,455.6,459.1206,454.34,456.69,449.086955601478,72430888,0.0000,1.0
2023-12-05,455.26,457.59,454.87,456.6,448.998453935131,69793469,0.0000,1.0
2023-12-06,458.81,458.84,454.31,454.76,447.189086534253,67701116,0.0000,1.0
2023-12-07,456.91,458.9,456.29,458.23,450.601317447864,66995446,0.0000,1.0
2023-12-08,457.46,460.745,457.21,460.2,452.538520589021,83194404,0.0000,1.0
2023-12-11,459.69,462.17,459.47,461.99,454.298720397484,65002247,0.0000,1.0
2023-12-12,461.63,464.2,460.6,464.1,456.373592797403,68327617,0.0000,1.0
2023-12-13,464.49,470.7599,464.12,470.5,462.667044626542,93277960,0.0000,1.0
2023-12-14,472.5,473.73,469.25,472.01,464.151905917479,119026049,0.0000,1.0
2023-12-15,469.49,470.7,467.4263,469.33,463.390863371578,141553673,1.9061,1.0
2023-12-18,470.98,472.98,469.8929,471.97,465.997455490771,70375285,0.0000,1.0
2023-12-19,472.53,474.92,472.45,474.84,468.831137074894,52024922,0.0000,1.0
2023-12-20,473.96,475.895,467.82,468.26,462.334403686905,102920959,0.0000,1.0
2023-12-21,471.33,472.975,468.84,472.7,466.718217705548,86667465,0.0000,1.0
2023-12-22,473.86,475.38,471.7,473.65,467.656195930257,67160419,0.0000,1.0
2023-12-26,474.07,476.58,473.99,475.65,469.630886929646,55386952,0.0000,1.0
2023-12-27,475.44,476.66,474.89,476.51,470.480004059383,63874396,0.0000,1.0
2023-12-28,476.88,477.55,476.26,476.69,470.657726249329,77158116,0.0000,1.0
2023-12-29,476.49,477.03,473.3,475.31,469.29518945975,122283149,0.0000,1.0
2024-01-02,472.16,473.67,470.49,472.65,466.668850430563,123007793,0.0000,1.0
2024-01-03,470.43,471.19,468.17,468.79,462.857696801743,103585866,0.0000,1.0
2024-01-04,468.3,470.96,467.05,467.28,461.366805097204,84232169,0.0000,1.0
2024-01-05,467.49,470.44,466.43,467.92,461.998706217009,85553758,0.0000,1.0
2024-01-08,468.43,474.75,468.3,474.6,468.594174154967,74879074,0.0000,1.0
2024-01-09,471.87,474.93,471.35,473.88,467.883285395187,65931439,0.0000,1.0
2024-01-10,474.16,477.4481,473.87,476.56,470.529371334368,67310640,0.0000,1.0
2024-01-11,477.59,478.12,472.26,476.35,470.322028779432,77940723,0.0000,1.0
2024-01-12,477.84,478.6,475.23,476.68,470.647852794332,58026420,0.0000,1.0
2024-01-16,475.26,476.6098,473.06,474.93,468.919998169866,85014870,0.0000,1.0
2024-01-17,471.82,472.79,469.87,472.29,466.313406050673,68843871,0.0000,1.0
2024-01-18,474.01,477.06,472.42,476.49,470.46025714939,91856248,0.0000,1.0
2024-01-19,477.65,482.72,476.5374,482.43,476.325089417574,110834483,0.0000,1.0
2024-01-22,484.01,485.22,482.78,483.45,477.332181827263,75844931,0.0000,1.0
2024-01-23,484.01,485.105,482.89,484.86,478.724338981832,49945297,0.0000,1.0
2024-01-24,487.81,488.77,484.8819,485.39,479.24763209667,80222006,0.0000,1.0
2024-01-25,487.575,488.305,485.39,488.03,481.854224215863,72524989,0.0000,1.0
2024-01-26,487.59,489.12,486.54,487.41,481.242070006053,76641609,0.0000,1.0
2024-01-29,487.73,491.415,487.17,491.27,485.053223634873,61322751,0.0000,1.0
2024-01-30,490.56,491.62,490.11,490.89,484.678032344989,58618386,0.0000,1.0
2024-01-31,488.62,489.0813,482.86,482.88,476.769394892437,126011062,0.0000,1.0
2024-02-01,484.63,489.23,483.8,489.2,483.009418450506,91891637,0.0000,1.0
2024-02-02,489.65,496.05,489.3,494.35,488.094247773932,99228192,0.0000,1.0
2024-02-05,493.695,494.3778,490.23,492.55,486.317025874482,75757102,0.0000,1.0
2024-02-06,493.52,494.32,492.05,493.98,487.728929939045,55918602,0.0000,1.0
2024-02-07,496.29,498.53,495.36,498.1,491.796793397786,70556506,0.0000,1.0
2024-02-08,498.1,498.71,497.26,498.32,492.014009407719,52343636,0.0000,1.0
2024-02-09,498.84,501.65,498.49,501.2,494.857564446838,63979375,0.0000,1.0
2024-02-12,501.17,503.5,500.24,500.98,494.640348436906,56502283,0.0000,1.0
2024-02-13,494.53,497.09,490.715,494.08,487.827664489014,113099199,0.0000,1.0
2024-02-14,496.79,499.07,494.4,498.57,492.260845782642,68387827,0.0000,1.0
2024-02-15,499.29,502.2,498.795,502.01,495.657314301591,61682960,0.0000,1.0
2024-02-16,501.7,502.87,498.75,499.51,493.188950552355,75532928,0.0000,1.0
2024-02-20,497.72,498.41,494.45,496.76,490.473750428195,71736740,0.0000,1.0
2024-02-21,495.42,497.37,493.56,497.21,490.918055903058,59603771,0.0000,1.0
2024-02-22,504.01,508.49,503.02,507.5,501.077841094913,76402535,0.0000,1.0
2024-02-23,509.27,510.13,507.1,507.85,501.423412019806,61321818,0.0000,1.0
2024-02-26,508.3,508.75,505.86,505.99,499.586949390375,50386738,0.0000,1.0
2024-02-27,506.7,507.16,504.75,506.93,500.515054160087,48854528,0.0000,1.0
2024-02-28,505.33,506.855,504.96,506.26,499.853532675292,56506634,0.0000,1.0
2024-02-29,508.07,509.74,505.35,508.08,501.650501484736,83924795,0.0000,1.0
2024-03-01,508.98,513.29,508.56,512.85,506.360139518278,76844844,0.0000,1.0
2024-03-04,512.03,514.2,512.0,512.3,505.817099493446,49799257,0.0000,1.0
2024-03-05,510.24,510.7,504.91,507.18,500.761890535011,72855623,0.0000,1.0
2024-03-06,510.55,512.069,508.42,509.75,503.299368469226,68382367,0.0000,1.0
2024-03-07,513.14,515.89,509.8053,514.81,508.295336697679,58652085,0.0000,1.0
2024-03-08,515.46,518.2201,511.13,511.72,505.244439103624,86532535,0.0000,1.0
2024-03-11,510.48,511.88,508.5,511.28,504.810007083758,61872913,0.0000,1.0
2024-03-12,513.45,517.38,510.86,516.78,510.240407332077,70833119,0.0000,1.0
2024-03-13,517.11,517.29,514.49,515.97,509.440657477325,54438487,0.0000,1.0
2024-03-14,516.97,517.125,511.82,514.95,508.433565067637,103493184,0.0000,1.0
2024-03-15,510.21,511.7,508.122,509.83,504.953109978447,107646297,1.5949,1.0
2024-03-18,514.0,515.48,512.44,512.86,507.954125852827,88893331,0.0000,1.0
2024-03-19,512.15,515.995,511.12,515.71,510.77686355645,60755263,0.0000,1.0
2024-03-20,515.77,520.62,515.08,520.48,515.501235081463,69594574,0.0000,1.0
2024-03-21,523.39,524.11,521.91,522.2,517.204782046457,60256112,0.0000,1.0
2024-03-22,522.11,522.605,520.97,521.21,516.224252107304,79070842,0.0000,1.0
2024-03-25,519.8,520.95,519.61,519.77,514.798026741262,48512108,0.0000,1.0
2024-03-26,521.23,521.58,518.4,518.81,513.847209830568,65463744,0.0000,1.0
2024-03-27,521.71,523.21,519.485,523.17,518.165503299971,82999777,0.0000,1.0
2024-03-28,523.21,524.61,522.78,523.07,518.066459871774,96294886,0.0000,1.0
2024-04-01,523.83,524.38,520.97,522.16,517.165164675178,61182995,0.0000,1.0
2024-04-02,518.24,518.98,516.48,518.84,513.876922859027,72924463,0.0000,1.0
2024-04-03,517.72,520.95,517.665,519.41,514.441470399752,58385823,0.0000,1.0
2024-04-04,523.52,523.8674,512.755,513.07,508.162117052041,95643401,0.0000,1.0
2024-04-05,514.46,520.44,514.01,518.43,513.470844803418,73736571,0.0000,1.0
2024-04-08,519.15,520.18,517.89,518.72,513.75807074519,47850048,0.0000,1.0
2024-04-09,520.5,520.75,514.35,519.32,514.352331314374,67283576,0.0000,1.0
2024-04-10,513.48,516.16,512.09,514.12,509.202073048113,82652806,0.0000,1.0
2024-04-11,515.68,519.48,512.08,518.0,513.044958062169,70099007,0.0000,1.0
2024-04-12,514.37,515.815,509.08,510.85,505.96335294606,92561094,0.0000,1.0
2024-04-15,515.13,515.3,503.58,504.45,499.624573541431,92101447,0.0000,1.0
2024-04-16,504.94,506.5,502.21,503.53,498.713374002016,73484020,0.0000,1.0
2024-04-17,506.05,506.22,499.12,500.55,495.761879841735,75910305,0.0000,1.0
2024-04-18,501.98,504.13,498.56,499.52,494.741732531303,74548085,0.0000,1.0
2024-04-19,499.44,500.455,493.86,495.16,490.423439061899,102212587,0.0000,1.0
2024-04-22,497.83,502.38,495.43,499.72,494.939819387697,67961048,0.0000,1.0
2024-04-23,501.78,506.09,499.5328,505.65,500.813094679799,64633620,0.0000,1.0
2024-04-24,506.56,507.37,503.13,505.41,500.575390452125,55928076,0.0000,1.0
2024-04-25,499.18,504.27,497.49,503.49,498.673756630737,69122368,0.0000,1.0
2024-04-26,506.35,509.88,505.7,508.26,503.398128155749,64306118,0.0000,1.0
2024-04-29,510.09,510.75,507.25,510.06,505.180909863301,46415449,0.0000,1.0
2024-04-30,508.56,509.56,501.98,501.98,497.178200864957,77483566,0.0000,1.0
2024-05-01,501.38,508.19,499.865,500.35,495.563792985341,80242839,0.0000,1.0
2024-05-02,504.15,505.89,499.55,505.03,500.199025424976,62550179,0.0000,1.0
2024-05-03,511.16,512.55,508.56,511.29,506.399144030128,72756709,0.0000,1.0
2024-05-06,513.75,516.61,513.3,516.57,511.628637038947,47264703,0.0000,1.0
2024-05-07,517.56,518.57,516.45,517.14,512.193184579672,52561299,0.0000,1.0
2024-05-08,515.26,517.74,515.14,517.19,512.242706293771,42047214,0.0000,1.0
2024-05-09,517.38,520.2074,516.705,520.17,515.194200454051,43643668,0.0000,1.0
2024-05-10,521.81,522.635,519.59,520.84,515.857791422973,52233171,0.0000,1.0
2024-05-13,522.56,522.67,519.74,520.91,515.927121822712,36716361,0.0000,1.0
2024-05-14,521.11,523.83,520.56,523.3,518.294259756628,57535867,0.0000,1.0
2024-05-15,525.83,530.08,525.18,529.78,524.712273903815,59504897,0.0000,1.0
2024-05-16,529.88,531.5218,528.54,528.69,523.632700536464,50244827,0.0000,1.0
2024-05-17,528.81,529.52,527.32,529.45,524.385430590764,59187585,0.0000,1.0
2024-05-20,529.57,531.5601,529.17,530.06,524.989595502767,37764206,0.0000,1.0
2024-05-21,529.28,531.52,529.07,531.36,526.277160069333,33437001,0.0000,1.0
2024-05-22,530.65,531.38,527.6,529.83,524.761795617913,48389968,0.0000,1.0
2024-05-23,532.96,533.07,524.72,525.96,520.928814946677,57211197,0.0000,1.0
2024-05-24,527.85,530.27,526.881,529.44,524.375526247944,41291076,0.0000,1.0
2024-05-28,530.27,530.51,527.11,529.81,524.741986932274,36269602,0.0000,1.0
2024-05-29,525.68,527.31,525.37,526.1,521.067475746153,45190323,0.0000,1.0
2024-05-30,524.52,525.2,521.33,522.61,517.610860102066,46468510,0.0000,1.0
2024-05-31,523.59,527.5,518.36,527.37,522.325327284259,90785755,0.0000,1.0
2024-06-03,529.02,529.31,522.6,527.8,522.751214025508,46835702,0.0000,1.0
2024-06-04,526.46,529.15,524.96,528.39,523.335570251872,34632661,0.0000,1.0
2024-06-05,530.77,534.69,528.7254,534.67,529.555497542664,47610365,0.0000,1.0
2024-06-06,534.98,535.42,532.68,534.66,529.545593199844,30808530,0.0000,1.0
2024-06-07,533.66,536.89,532.535,534.01,528.901810916562,43224525,0.0000,1.0
2024-06-10,533.18,535.99,532.57,535.66,530.536027481818,35729252,0.0000,1.0
2024-06-11,534.07,537.01,532.05,536.95,531.813687705563,36383411,0.0000,1.0
2024-06-12,541.63,544.12,540.3,541.36,536.181502889066,63251305,0.0000,1.0
2024-06-13,543.15,543.325,539.59,542.45,537.261076256416,44760949,0.0000,1.0
2024-06-14,540.88,542.81,539.85,542.78,537.587919569468,40089895,0.0000,1.0
2024-06-17,542.08,548.53,541.6072,547.1,541.866595667592,55839457,0.0000,1.0
2024-06-18,547.16,548.62,546.73,548.49,543.243299319535,41376417,0.0000,1.0
2024-06-20,549.44,550.12,545.18,547.0,541.767552239395,70328226,0.0000,1.0
2024-06-21,544.4,545.65,543.02,544.51,541.043568549695,64513859,1.7590,1.0
2024-06-24,544.33,546.95,542.62,542.74,539.284836632315,45528654,0.0000,1.0
2024-06-25,543.99,545.2,542.44,544.83,541.361531382216,38273346,0.0000,1.0
2024-06-26,543.69,546.24,543.03,545.51,542.037202401323,38550637,0.0000,1.0
2024-06-27,545.37,546.96,544.61,546.37,542.891727513722,35041480,0.0000,1.0
2024-06-28,547.16,550.28,542.95,544.22,540.755414732723,76144535,0.0000,1.0
2024-07-01,545.63,545.88,542.52,545.34,541.868284646546,40297810,0.0000,1.0
2024-07-02,543.7,549.01,543.65,549.01,545.514920882019,40434792,0.0000,1.0
2024-07-03,548.69,551.83,548.65,551.46,547.949323818506,32789911,0.0000,1.0
2024-07-05,551.77,555.05,551.12,554.64,551.109079466682,41488389,0.0000,1.0
2024-07-08,555.44,556.2501,554.19,555.28,551.745005131723,36110451,0.0000,1.0
2024-07-09,556.26,557.18,555.52,555.82,552.281567411602,27314125,0.0000,1.0
2024-07-10,557.07,561.67,556.77,561.32,557.746553595554,38701220,0.0000,1.0
2024-07-11,561.44,562.33,555.83,556.48,552.937365753676,53054184,0.0000,1.0
2024-07-12,557.63,563.67,557.15,559.99,556.425020572889,53084405,0.0000,1.0
2024-07-15,562.03,564.8371,559.63,561.53,557.955216704395,40584293,0.0000,1.0
2024-07-16,562.865,565.16,562.1,564.86,561.264017430315,36475260,0.0000,1.0
2024-07-17,558.8,560.51,556.61,556.94,553.394437325425,57118956,0.0000,1.0
2024-07-18,558.51,559.52,550.43,552.66,549.141684440459,56270392,0.0000,1.0
2024-07-19,552.42,554.08,547.91,548.99,545.495048204986,65509081,0.0000,1.0
2024-07-22,553.0,555.27,551.02,554.65,551.119015805198,43346720,0.0000,1.0
2024-07-23,554.54,556.735,553.275,553.78,550.254554354282,34439561,0.0000,1.0
2024-07-24,548.86,549.17,540.29,541.23,537.784449516357,74515266,0.0000,1.0
2024-07-25,541.35,547.455,537.45,538.41,534.982402054767,61158288,0.0000,1.0
2024-07-26,542.28,547.19,541.49,544.44,540.974014180081,53763788,0.0000,1.0
2024-07-29,546.02,547.05,542.72,544.76,541.291977012602,39515824,0.0000,1.0
2024-07-30,546.26,547.34,538.515,542.0,538.54954758211,46853632,0.0000,1.0
2024-07-31,548.98,553.5,547.5799,550.81,547.303461814948,65663388,0.0000,1.0
2024-08-01,552.57,554.8688,539.43,543.01,539.553117772254,76428732,0.0000,1.0
2024-08-02,535.75,536.99,528.6,532.9,529.5074795323,82789070,0.0000,1.0
2024-08-05,511.64,523.58,510.27,517.38,514.086282155041,146267391,0.0000,1.0
2024-08-06,519.22,529.75,517.87,522.15,518.825915627304,84826312,0.0000,1.0
2024-08-07,528.47,531.59,518.0519,518.66,515.358133485124,70698340,0.0000,1.0
2024-08-08,523.91,531.29,521.84,530.65,527.271803366138,63276589,0.0000,1.0
2024-08-09,529.81,534.51,528.56,532.99,529.596906578946,45619558,0.0000,1.0
2024-08-12,534.21,535.73,530.95,533.27,529.875124057402,42542069,0.0000,1.0
2024-08-13,536.53,542.28,536.28,542.04,538.589292936175,52333073,0.0000,1.0
2024-08-14,542.85,544.96,540.12,543.75,540.288406822458,42446929,0.0000,1.0
2024-08-15,549.5,553.36,548.88,553.07,549.549074319627,60846812,0.0000,1.0
2024-08-16,551.42,555.02,551.26,554.31,550.781180295645,44430728,0.0000,1.0
2024-08-19,554.73,559.61,553.86,559.61,556.047439709271,39121793,0.0000,1.0
2024-08-20,559.15,560.84,557.325,558.7,555.14323290429,33732264,0.0000,1.0
2024-08-21,559.77,562.11,554.73,560.62,557.051009899414,41514600,0.0000,1.0
2024-08-22,562.56,563.18,554.98,556.22,552.679020952253,56121456,0.0000,1.0
2024-08-23,559.53,563.09,557.29,562.13,558.551397015372,50639393,0.0000,1.0
2024-08-26,563.18,563.91,559.05,560.79,557.219927654191,35788609,0.0000,1.0
2024-08-27,559.49,562.06,558.32,561.56,557.985025719944,32693898,0.0000,1.0
2024-08-28,561.21,561.65,555.04,558.3,554.745779363638,41066024,0.0000,1.0
2024-08-29,560.31,563.68,557.18,558.35,554.79546105622,38715176,0.0000,1.0
2024-08-30,560.77,564.2,557.14,563.68,560.091529485395,62700110,0.0000,1.0
2024-09-03,560.47,560.81,549.51,552.08,548.565376806515,60600113,0.0000,1.0
2024-09-04,550.2,554.43,549.46,550.95,547.442570554176,46232483,0.0000,1.0
2024-09-05,550.89,553.7995,547.1,549.61,546.111101192996,44264258,0.0000,1.0
2024-09-06,549.94,551.6,539.44,540.36,536.919988065441,68493805,0.0000,1.0
2024-09-09,544.65,547.71,542.68,546.41,542.931472867787,40445822,0.0000,1.0
2024-09-10,548.36,549.15,543.38,548.79,545.296321434661,36394579,0.0000,1.0
2024-09-11,548.7,555.36,539.96,554.42,550.890480019324,75248608,0.0000,1.0
2024-09-12,555.01,559.4,552.74,559.09,555.530750106424,51892735,0.0000,1.0
2024-09-13,559.71,563.03,559.45,562.01,558.432160953177,39310501,0.0000,1.0
2024-09-16,561.74,563.11,559.9,562.84,559.256877050027,36656122,0.0000,1.0
2024-09-17,565.1,566.58,560.795,563.07,559.485412835902,49320970,0.0000,1.0
2024-09-18,563.74,568.69,560.83,561.4,557.826044303684,59044937,0.0000,1.0
2024-09-19,571.01,572.88,568.08,570.98,567.345056602275,75315470,0.0000,1.0
2024-09-20,567.84,569.31,565.17,568.25,566.366854877998,77503110,1.7455,1.0
2024-09-23,569.34,570.3325,568.1,569.67,567.782149086404,44116922,0.0000,1.0
2024-09-24,570.48,571.36,567.6,571.3,569.406747367884,46805672,0.0000,1.0
2024-09-25,571.14,571.89,568.91,570.04,568.150922929439,38428587,0.0000,1.0
2024-09-26,574.38,574.71,569.9,572.3,570.403433430142,48336004,0.0000,1.0
2024-09-27,573.39,574.22,570.42,571.47,569.576183998468,42100928,0.0000,1.0
2024-09-30,570.42,574.38,568.08,573.76,571.858595081038,63655448,0.0000,1.0
2024-10-01,573.4,574.0622,566.0,568.62,566.735628721033,72668778,0.0000,1.0
2024-10-02,567.71,569.9,565.27,568.86,566.974833375975,38097798,0.0000,1.0
2024-10-03,567.36,569.8025,565.49,567.82,565.938279871227,40846466,0.0000,1.0
2024-10-04,572.35,573.36,568.1,572.98,571.081179952477,43005186,0.0000,1.0
2024-10-07,571.3,571.9599,566.63,567.8,565.918346149982,49964690,0.0000,1.0
2024-10-08,570.42,573.78,569.5299,573.17,571.270550304306,37398693,0.0000,1.0
2024-10-09,573.16,577.71,572.55,577.14,575.227393971469,37912244,0.0000,1.0
2024-10-10,575.77,577.58,574.49,576.13,574.220741048589,44138060,0.0000,1.0
2024-10-11,576.05,580.33,575.91,579.58,577.659307963379,42267994,0.0000,1.0
2024-10-14,581.22,585.27,580.73,584.32,582.38359989848,36217215,0.0000,1.0
2024-10-15,584.59,584.9,578.545,579.78,577.85864517583,54203636,0.0000,1.0
2024-10-16,579.78,582.83,578.96,582.3,580.37029405272,30725436,0.0000,1.0
2024-10-17,585.91,586.12,582.16,582.35,580.420128355833,34393714,0.0000,1.0
2024-10-18,584.07,585.39,582.58,584.59,582.65270513529,37416801,0.0000,1.0
2024-10-21,583.85,584.85,580.6001,583.63,581.695886515523,36439010,0.0000,1.0
2024-10-22,581.05,584.5,580.38,583.32,581.386913836223,34183835,0.0000,1.0
2024-10-23,581.26,581.7086,574.415,577.99,576.074577124388,49314574,0.0000,1.0
2024-10-24,579.98,580.06,576.57,579.24,577.320434702211,34979860,0.0000,1.0
2024-10-25,581.51,584.46,578.08,579.04,577.121097489759,47268176,0.0000,1.0
2024-10-28,582.58,582.71,580.52,580.83,578.905165541201,30174704,0.0000,1.0
2024-10-29,579.85,582.907,578.43,581.77,579.842050439723,42899661,0.0000,1.0
2024-10-30,581.29,583.32,579.29,580.01,578.087882970149,41435839,0.0000,1.0
2024-10-31,575.56,575.63,568.44,568.64,566.755562442278,60182451,0.0000,1.0
2024-11-01,571.32,575.55,570.62,571.04,569.147608991697,45667533,0.0000,1.0
2024-11-04,571.18,572.5,567.89,569.81,567.92168513512,38216975,0.0000,1.0
2024-11-05,570.74,576.74,570.52,576.7,574.788852104076,39478322,0.0000,1.0
2024-11-06,589.2,591.93,585.39,591.04,589.081330236853,68181968,0.0000,1.0
2024-11-07,593.08,596.65,592.9999,595.61,593.636185541371,47233212,0.0000,1.0
2024-11-08,596.17,599.64,596.165,598.19,596.207635581996,46444893,0.0000,1.0
2024-11-11,599.81,600.17,597.0,598.76,596.775746637483,37586773,0.0000,1.0
2024-11-12,598.68,599.29,594.37,596.9,594.921910561684,43006128,0.0000,1.0
2024-11-13,597.37,599.23,594.96,597.19,595.210949519738,47388640,0.0000,1.0
2024-11-14,597.32,597.81,592.65,593.35,591.383675040668,38904109,0.0000,1.0
2024-11-15,589.72,590.2,583.86,585.75,583.808860967509,75988766,0.0000,1.0
2024-11-18,586.22,589.49,585.34,588.15,586.200907516928,37084081,0.0000,1.0
2024-11-19,584.71,591.045,584.03,590.3,588.343782550782,49412046,0.0000,1.0
2024-11-20,590.38,590.79,584.63,590.5,588.543119763234,50032576,0.0000,1.0
2024-11-21,593.4,595.12,587.45,593.67,591.702614580591,46750285,0.0000,1.0
2024-11-22,593.66,596.15,593.1525,595.51,593.536516935145,38226390,0.0000,1.0
2024-11-25,599.52,600.86,595.2,597.53,595.549822780906,42441393,0.0000,1.0
2024-11-26,598.8,601.33,598.07,600.65,598.65948329515,45621288,0.0000,1.0
2024-11-27,600.46,600.85,597.28,598.83,596.845514661841,34000163,0.0000,1.0
2024-11-29,599.66,603.35,599.38,602.55,600.55318681344,30095740,0.0000,1.0
2024-12-02,602.97,604.32,602.47,603.63,601.629607760679,31745989,0.0000,1.0
2024-12-03,603.39,604.16,602.341,603.91,601.908679858111,26906629,0.0000,1.0
2024-12-04,605.63,607.91,604.95,607.66,605.646252591578,42787561,0.0000,1.0
2024-12-05,607.66,608.48,606.305,606.66,604.64956652932,28762183,0.0000,1.0
2024-12-06,607.44,609.07,607.02,607.81,605.795755500916,31241549,0.0000,1.0
2024-12-09,607.69,607.86,604.08,604.68,602.676128126049,34742738,0.0000,1.0
2024-12-10,605.37,605.8,602.13,602.8,600.802358329005,37234515,0.0000,1.0
2024-12-11,605.78,608.435,605.5,607.46,605.446915379126,28677723,0.0000,1.0
2024-12-12,606.58,607.16,604.33,604.33,602.327288004259,31543812,0.0000,1.0
2024-12-13,606.4,607.13,602.81,604.21,602.207685676788,35904730,0.0000,1.0
2024-12-16,606.0,607.7795,605.21,606.79,604.779135717413,43695179,0.0000,1.0
2024-12-17,604.19,605.17,602.885,604.29,602.287420561769,55773545,0.0000,1.0
2024-12-18,603.98,606.405,585.89,586.28,584.337104580506,108248729,0.0000,1.0
2024-12-19,591.36,593.0,585.85,586.1,584.157701089299,85919452,0.0000,1.0
2024-12-20,581.77,595.75,580.91,591.15,591.15,125716674,1.9655,1.0
2024-12-23,590.89,595.3,587.661,594.69,594.69,57635828,0.0000,1.0
2024-12-24,596.06,601.34,595.47,601.3,601.3,33160097,0.0000,1.0
2024-12-26,599.5,602.48,598.0825,601.34,601.34,41338891,0.0000,1.0
2024-12-27,597.54,597.7761,590.7647,595.01,595.01,64969310,0.0000,1.0
2024-12-30,587.89,591.74,584.41,588.22,588.22,56578757,0.0000,1.0
2024-12-31,589.905,590.6399,584.42,586.08,586.08,57052654,0.0000,1.0
2025-01-02,589.39,591.13,580.5,584.64,584.64,50203975,0.0000,1.0
2025-01-03,587.53,592.6,586.43,591.95,591.95,37888459,0.0000,1.0
2025-01-06,596.27,599.7,593.6,595.36,595.36,47679442,0.0000,1.0
2025-01-07,597.42,597.75,586.78,588.63,588.63,60393052,0.0000,1.0
2025-01-08,588.7,590.5799,585.195,589.49,589.49,47304672,0.0000,1.0
2025-01-10,585.88,585.95,578.55,580.49,580.49,73105046,0.0000,1.0
2025-01-13,575.77,581.75,575.35,581.39,581.39,47910060,0.0000,1.0
2025-01-14,584.36,585.0,578.35,582.19,582.19,48420580,0.0000,1.0
2025-01-15,590.325,593.94,589.195,592.78,592.78,56900159,0.0000,1.0
2025-01-16,594.175,594.35,590.93,591.64,591.64,43319662,0.0000,1.0
2025-01-17,596.96,599.36,595.61,597.58,597.58,58070628,0.0000,1.0
2025-01-21,600.67,603.06,598.67,603.05,603.05,42532853,0.0000,1.0
2025-01-22,605.92,607.82,605.36,606.44,606.44,48195973,0.0000,1.0
2025-01-23,605.8,609.75,605.52,609.75,609.75,41152102,0.0000,1.0
2025-01-24,609.81,610.78,606.8,607.97,607.97,34604693,0.0000,1.0
2025-01-27,594.81,599.69,594.64,599.37,599.37,70361125,0.0000,1.0
2025-01-28,600.62,605.37,597.25,604.52,604.52,44433322,0.0000,1.0
2025-01-29,603.72,604.13,599.22,601.81,601.81,37177429,0.0000,1.0
2025-01-30,603.96,606.6,600.715,605.04,605.04,39281255,0.0000,1.0
2025-01-31,607.5,609.96,601.05,601.82,601.82,66671471,0.0000,1.0
2025-02-03,592.67,600.29,590.49,597.77,597.77,65857248,0.0000,1.0
2025-02-04,597.83,602.3,597.28,601.78,601.78,33457815,0.0000,1.0
2025-02-05,600.64,604.37,598.58,604.22,604.22,30653149,0.0000,1.0
2025-02-06,605.99,606.4525,602.63,606.32,606.32,35771503,0.0000,1.0
2025-02-07,606.89,608.13,600.05,600.77,600.77,50788516,0.0000,1.0
2025-02-10,604.03,605.4999,602.74,604.85,604.85,26048714,0.0000,1.0
2025-02-11,602.55,605.86,602.43,605.31,605.31,30056740,0.0000,1.0
2025-02-12,599.2,604.55,598.51,603.36,603.36,45076076,0.0000,1.0
2025-02-13,604.48,609.94,603.2,609.73,609.73,40921297,0.0000,1.0
2025-02-14,609.94,610.99,609.07,609.7,609.7,26910448,0.0000,1.0
2025-02-18,610.88,611.49,608.38,611.49,611.49,26749030,0.0000,1.0
2025-02-19,610.08,613.23,609.56,612.93,612.93,31011072,0.0000,1.0
2025-02-20,611.54,611.684,607.02,610.38,610.38,36554002,0.0000,1.0
2025-02-21,610.16,610.3,599.47,599.94,599.94,76519818,0.0000,1.0
2025-02-24,602.02,603.03,596.49,597.21,597.21,50737213,0.0000,1.0
2025-02-25,597.15,597.89,589.56,594.24,594.24,58266472,0.0000,1.0
2025-02-26,595.93,599.58,591.8556,594.54,594.54,43321578,0.0000,1.0
2025-02-27,596.85,598.02,584.65,585.05,585.05,74196664,0.0000,1.0
2025-02-28,585.56,594.72,582.44,594.18,594.18,88744106,0.0000,1.0
