Date,open,high,low,close,adj_close,volume,dividend,split
2002-07-26,82.67,82.8,82.42,82.51,38.1247074076269,316300,0,1
2002-07-29,82.06,82.16,81.32,81.42,37.621060200327,8400,0,1
2002-07-30,81.75,81.9,81.52,81.52,37.6672663661343,6100,0,1
2002-07-31,81.95,82.8,81.9,82.53,38.1339486407884,29400,0,1
2002-08-01,82.54,83.02,82.54,83,38.3511176200828,25000,0,1
2002-08-02,83.16,84.1,82.88,83.85,38.7438700294451,52800,0,1
2002-08-05,84.04,84.44,83.85,84.22,38.9148328429322,61100,0,1
2002-08-06,83.8,83.9,83.22,83.5,38.5821484491195,64900,0,1
2002-08-07,83.6,84.14,83.36,83.7,38.6745607807341,40300,0,1
2002-08-08,83.58,83.77,83.36,83.7,38.6745607807341,40900,0,1
2002-08-09,84,84.88,84,84.88,39.2197935372606,35900,0,1
2002-08-12,85.3,86.7,85.14,85.4,39.4600655994587,32100,0,1
2002-08-13,85.78,86.47,85.37,86.45,39.9452303404357,75400,0,1
2002-08-14,87.46,87.9,86.75,86.78,40.0977106875998,130000,0,1
2002-08-15,86.38,86.5,85.85,86.02,39.7465438274641,87100,0,1
2002-08-16,86.44,86.52,84.82,85.06,39.3029646357138,85000,0,1
2002-08-19,85.05,85.34,84.71,85.32,39.4231006668128,47300,0,1
2002-08-20,85.62,86.29,85.6,86.27,39.8620592419825,40800,0,1
2002-08-21,85.68,86.1,85.63,85.81,39.6495108792688,40000,0,1
2002-08-22,85.55,85.55,85.06,85.06,39.3029646357138,34400,0,1
2002-08-23,85.2,85.95,85.2,85.9,39.6910964284953,20100,0,1
2002-08-26,85.7,86.21,85.67,85.98,39.7280613611412,23900,0,1
2002-08-27,85.4,85.68,85.2,85.44,39.4785480657816,301800,0,1
2002-08-28,86.04,86.18,85.84,85.87,39.6772345787532,18100,0,1
2002-08-29,86.76,86.86,86.35,86.56,39.9960571228237,135700,0,1
2002-08-30,86.75,87.13,86.45,87.08,40.2363291850218,78100,0,1
2002-09-03,87.08,88.04,87,88.04,40.8520725505703,102100,0.3726,1
2002-09-04,88.03,88.3,87.84,88.02,40.842792206965,66300,0,1
2002-09-05,88.57,88.65,87.38,88.5,41.0655204534924,648400,0,1
2002-09-06,87.97,88.19,87.2,87.46,40.5829425860163,140000,0,1
2002-09-09,87.5,87.83,87.26,87.33,40.5226203525818,83800,0,1
2002-09-10,87.17,88,87,87.75,40.7175075682933,336000,0,1
2002-09-11,87,87.3,86.75,87.29,40.5040596653712,177700,0,1
2002-09-12,87.48,88.14,87.47,87.97,40.8195913479517,43400,0,1
2002-09-13,88.33,88.94,88.18,88.78,41.1954452639667,155100,0,1
2002-09-16,89.2,89.22,88.9,88.93,41.2650478410066,73000,0,1
2002-09-17,88.64,89.32,88.36,89.1,41.3439307616517,75400,0,1
2002-09-18,89.46,89.56,89.02,89.12,41.353211105257,196600,0,1
2002-09-19,89.7,89.77,89.26,89.72,41.6316214134163,109900,0,1
2002-09-20,89.45,89.52,89.06,89.3,41.4367341977048,113500,0,1
2002-09-23,90,90.24,89.77,90.1,41.8079479419171,163200,0,1
2002-09-24,90.3,90.94,90.21,90.68,42.0770779064711,251900,0,1
2002-09-25,90.1,90.36,89.26,89.58,41.5666590081791,127200,0,1
2002-09-26,89.05,89.53,88.61,89.37,41.4692154003233,429000,0,1
2002-09-27,89.53,90.04,89.48,90.04,41.7801069111012,298200,0,1
2002-09-30,90.66,90.9,90.08,90.4,41.9471530959968,297800,0,1
2002-10-01,89.16,89.3,88.8,88.94,41.4287067004862,257500,0.3427,1
2002-10-02,89.24,89.48,88.84,89.45,41.666267307831,91000,0,1
2002-10-03,89.3,89.51,88.8,89.23,41.563790183094,29900,0,1
2002-10-04,88.4,89.72,88.4,89.51,41.6942156145774,131000,0,1
2002-10-07,89.9,89.96,89.46,89.66,41.7640863814436,433800,0,1
2002-10-08,89.5,90.52,89.32,89.69,41.7780605348168,530900,0,1
2002-10-09,90.3,90.38,89.95,90.15,41.9923308865396,402900,0,1
2002-10-10,90.17,90.17,89.28,89.44,41.6616092567066,97100,0,1
2002-10-11,89.1,89.22,88.06,88.38,41.1678558375193,421800,0,1
2002-10-14,88.5,88.55,88.07,88.25,41.107301172902,18300,0,1
2002-10-15,87,87.3,86.15,86.16,40.1337684879007,297100,0,1
2002-10-16,86.6,86.6,85.89,86.2,40.1524006923983,125200,0,1
2002-10-17,85.14,85.56,85.07,85.15,39.6633053243355,233400,0,1
2002-10-18,85.02,85.39,84.28,85.37,39.7657824490725,459100,0,1
2002-10-21,85.5,85.6,84.5,84.54,39.3791642057466,134900,0,1
2002-10-22,84.85,84.85,84.22,84.3,39.2673709787608,205000,0,1
2002-10-23,84.75,85.2,84.18,84.33,39.281345132134,127800,0,1
2002-10-24,84.16,85.25,84.08,85.07,39.6260409153402,339600,0,1
2002-10-25,85.35,85.56,85.15,85.38,39.7704405001969,146100,0,1
2002-10-28,85.56,85.64,85.2,85.26,39.714543886704,97800,0,1
2002-10-29,85.82,86.89,85.77,86.37,40.2315875615133,125000,0,1
2002-10-30,86.37,86.68,86.07,86.34,40.2176134081401,31900,0,1
2002-10-31,86.05,86.86,86.02,86.73,40.399277401992,512700,0,1
2002-11-01,86.3,86.93,85.25,85.98,40.2310285953784,125100,0.3888,1
2002-11-04,85.48,85.75,85.25,85.6,40.0532222349894,342500,0,1
2002-11-05,85.6,85.6,85.09,85.27,39.8988114483358,73800,0,1
2002-11-06,85.05,86.13,84.91,85.61,40.0579013497365,118500,0,1
2002-11-07,87.05,87.73,86.85,87.73,41.049873676117,147900,0,1
2002-11-08,88.4,88.65,87.95,88.44,41.3820908231596,294700,0,1
2002-11-11,88.55,88.92,88.4,88.92,41.6066883310193,70000,0,1
2002-11-12,89.15,89.15,88.37,88.41,41.3680534789183,494300,0,1
2002-11-13,88.45,88.69,87.96,88.6,41.4569566591128,104700,0,1
2002-11-14,87.65,87.65,86.76,86.76,40.5959995456505,118000,0,1
2002-11-15,86.54,87.23,86.26,87.11,40.7597685617982,110700,0,1
2002-11-18,87.02,87.63,86.96,87.5,40.9422540369342,32200,0,1
2002-11-19,87.95,88.23,87.51,87.82,41.0919857088407,51800,0,1
2002-11-20,88.2,88.22,86.81,86.96,40.689581840592,307400,0,1
2002-11-21,86.5,86.5,85.86,86.12,40.2965362018374,323200,0,1
2002-11-22,86.33,86.39,85.88,86.04,40.2591032838608,184800,0,1
2002-11-25,86,86.38,85.8,85.88,40.1842374479076,288200,0,1
2002-11-26,86.2,87.02,86.15,86.96,40.689581840592,377800,0,1
2002-11-27,86.25,86.33,84.96,85,39.7724753501647,325600,0,1
2002-11-29,85.16,85.63,85.14,85.55,40.029826661254,31700,0,1
2002-12-02,84.36,85.4,84.15,85.24,40.0670256234933,284900,0.3895,1
2002-12-03,85.7,85.7,85.12,85.36,40.1234315722828,113800,0,1
2002-12-04,85.9,86,85.55,85.8,40.330253384511,129000,0,1
2002-12-05,85.28,86.28,85.26,86.02,40.4336642906252,206400,0,1
2002-12-06,87,87.09,85.76,86.17,40.5041717266121,440500,0,1
2002-12-09,86.2,86.85,86.17,86.65,40.7297955217702,400300,0,1
2002-12-10,86.61,86.93,86.5,86.88,40.8379069236168,151600,0,1
2002-12-11,87.15,87.65,86.96,87.46,41.1105356760995,163800,0,1
2002-12-12,87.06,87.6,87.06,87.38,41.0729317102398,135800,0,1
2002-12-13,87.14,87.16,86.53,86.53,40.6733895729807,425800,0,1
2002-12-16,86.9,86.9,85.84,85.88,40.3678573503707,115700,0,1
2002-12-17,86.3,86.35,85.68,85.88,40.3678573503707,290600,0,1
2002-12-18,86.48,86.69,86.25,86.55,40.6827905644456,191000,0,1
2002-12-19,86.8,87.49,86.65,87.32,41.044728735845,134400,0,1
2002-12-20,87.23,87.56,87.15,87.38,41.0729317102398,41900,0,1
2002-12-23,87.36,87.4,86.25,87.4,41.0823327017047,74200,0,1
2002-12-24,88,88.08,87.84,87.89,41.3126569925953,46600,0,1
2002-12-26,87.9,88.06,87.73,88.06,41.3925654200471,13500,0,1
2002-12-27,88.55,89.03,88.28,89.03,41.8485135060958,140200,0,1
2002-12-30,88.9,89.24,88.63,89.24,41.9472239164775,274900,0,1
2002-12-31,88.95,89.33,88.32,88.57,41.8420738269423,109400,0.4463,1
2003-01-02,87.7,87.9,86.21,86.28,40.7602363078761,192100,0,1
2003-01-03,86.15,86.54,85.83,86.48,40.8547199339954,311200,0,1
2003-01-06,86.17,86.29,85.81,86.25,40.7460637639582,35600,0,1
2003-01-07,86.19,86.75,86.17,86.56,40.8925133844431,69800,0,1
2003-01-08,86.88,87.14,86.78,86.99,41.0956531805997,160100,0,1
2003-01-09,86.17,86.17,85.02,85.32,40.3067149025033,237500,0,1
2003-01-10,85.92,85.92,85.12,85.54,40.4106468912346,145200,0,1
2003-01-13,85.54,85.87,85.4,85.68,40.4767854295181,53300,0,1
2003-01-14,86,86.28,85.96,85.98,40.6185108686971,98900,0,1
2003-01-15,86.28,86.7,86.2,86.4,40.8169264835477,129600,0,1
2003-01-16,86.38,86.6,85.62,86.52,40.8736166592192,57900,0,1
2003-01-17,87.1,87.24,86.93,86.95,41.0767564553758,97700,0,1
2003-01-21,86.88,87.45,86.8,87.45,41.3129655206741,107500,0,1
2003-01-22,87.68,87.9,87.52,87.88,41.5161053168306,107100,0,1
2003-01-23,87.32,87.7,87.3,87.45,41.3129655206741,110700,0,1
2003-01-24,87.74,88.44,87.74,87.97,41.5586229485843,285300,0,1
2003-01-27,87.9,88.04,87.5,87.65,41.4074491467934,150500,0,1
2003-01-28,87.65,87.78,87.1,87.65,41.4074491467934,454700,0,1
2003-01-29,87.65,87.78,87.1,87.65,41.4074491467934,221400,0,1
2003-01-30,87.2,87.9,87.1,87.82,41.4877602289948,108600,0,1
2003-01-31,87.9,88.21,87.54,88.06,41.601140580338,182300,0,1
2003-02-03,87.67,87.91,87.31,87.88,41.6614211338022,55200,0.3076,1
2003-02-04,88.37,88.4,88.11,88.27,41.8463090974137,56900,0,1
2003-02-05,88.23,88.7,87.43,87.51,41.486014604222,223300,0,1
2003-02-06,87.84,88.26,87.79,88.22,41.8226055123353,120900,0,1
2003-02-07,87.77,88.52,87.63,88.42,41.9174198526489,247200,0,1
2003-02-10,88.12,88.4,87.69,87.8,41.6234953976767,76600,0,1
2003-02-11,87.6,87.91,87.43,87.78,41.6140139636453,259100,0,1
2003-02-12,87.8,88.13,87.67,88.09,41.7609761911315,121300,0,1
2003-02-13,88.27,89.18,88.17,88.57,41.9885306078841,440200,0,1
2003-02-14,88.3,88.37,87.61,87.81,41.6282361146924,829700,0,1
2003-02-18,87.56,87.98,87.34,87.92,41.6803840018649,213200,0,1
2003-02-19,88.39,88.7,88.25,88.52,41.9648270228057,62100,0,1
2003-02-20,88.34,88.9,88.34,88.82,42.1070485332761,486700,0,1
2003-02-21,88.56,88.72,88.21,88.3,41.8605312484607,250400,0,1
2003-02-24,88.88,88.9,88.62,88.72,42.0596413631193,168200,0,1
2003-02-25,89.4,89.65,89,89.13,42.2540107607622,358500,0,1
2003-02-26,89.38,89.75,89.15,89.75,42.5479352157345,334000,0,1
2003-02-27,89.46,89.99,89.31,89.9,42.6190459709697,695700,0,1
2003-02-28,89.68,90.54,89.58,90.47,42.8892668408635,213100,0,1
2003-03-03,90,90.45,89.91,90.24,42.9415569495464,204100,0.3403,1
2003-03-04,90.13,90.45,90.02,90.3,42.9701085166671,83100,0,1
2003-03-05,90.62,90.63,90.04,90.6,43.1128663522707,126000,0,1
2003-03-06,90.55,90.68,90.06,90.25,42.9463155440665,166000,0,1
2003-03-07,90.72,90.79,90.05,90.56,43.0938319741902,263800,0,1
2003-03-10,90.81,91.03,90.68,91.03,43.3174859166358,147200,0,1
2003-03-11,90.99,91.16,90.73,90.87,43.2413484043139,82800,0,1
2003-03-12,90.92,91.36,90.88,91.2,43.3983820234778,454800,0,1
2003-03-13,90.15,90.39,89.52,89.52,42.5989381440979,830200,0,1
2003-03-14,89.9,90.12,89.62,89.96,42.8083163029831,590900,0,1
2003-03-17,90.52,90.52,88.86,88.88,42.2943880948103,724400,0,1
2003-03-18,88.96,89.2,88.01,88.04,41.8946661551204,415200,0,1
2003-03-19,88.04,88.07,87.33,87.39,41.5853575113127,398400,0,1
2003-03-20,87.82,87.95,86.76,87.25,41.5187371880311,206700,0,1
2003-03-21,86.92,87.05,86.05,86.05,40.9477058456169,843400,0,1
2003-03-24,87.1,87.6,86.85,87.41,41.594874700353,373800,0,1
2003-03-25,87.65,87.82,86.9,87.31,41.5472887551518,606400,0,1
2003-03-26,87.25,87.65,87.25,87.49,41.6329434565139,309500,0,1
2003-03-27,87.75,87.87,87.33,87.55,41.6614950236346,191600,0,1
2003-03-28,87.92,88.08,87.72,87.75,41.756666914037,253400,0,1
2003-03-31,88.3,88.93,88.3,88.9,42.3039052838506,643800,0,1
2003-04-01,88.4,88.79,87.9,88.27,42.1839411159984,289800,0.3779,1
2003-04-02,87.65,87.7,87.28,87.35,41.744276158179,312200,0,1
2003-04-03,87.25,87.58,87.14,87.3,41.7203813235149,245600,0,1
2003-04-04,87.06,87.3,86.88,87.05,41.6009071501944,184900,0,1
2003-04-07,86.22,86.86,85.92,86.85,41.505327811538,485400,0,1
2003-04-08,87.05,87.59,86.99,87.55,41.8398554968354,194700,0,1
2003-04-09,87.4,87.86,87.17,87.81,41.9641086370887,102400,0,1
2003-04-10,87.75,87.85,87.35,87.4,41.7681709928431,53300,0,1
2003-04-11,86.82,87.32,86.59,87.26,41.7012654557836,450000,0,1
2003-04-14,87.1,87.11,86.71,87.02,41.586570249396,207100,0,1
2003-04-15,87.33,87.53,87.04,87.49,41.8111816952385,128500,0,1
2003-04-16,87.53,87.9,87.47,87.85,41.98322450482,97700,0,1
2003-04-17,88.24,88.4,87.8,87.99,42.0501300418795,106200,0,1
2003-04-21,87.48,87.83,87.26,87.8,41.9593296701559,148000,0,1
2003-04-22,88.15,88.26,87.62,87.75,41.9354348354918,299900,0,1
2003-04-23,87.78,88.01,87.6,87.93,42.0214562402825,42700,0,1
2003-04-24,88.4,88.99,88.4,88.72,42.3989946279753,199000,0,1
2003-04-25,88.75,89.1,88.68,88.92,42.4945739666317,529700,0,1
2003-04-28,89.09,89.09,88.78,88.78,42.4276684295722,80500,0,1
2003-04-29,88.53,88.77,88.32,88.63,42.3559839255799,177500,0,1
2003-04-30,88.79,89.52,88.72,89.45,42.7478592140711,293400,0,1
2003-05-01,89.2,89.6,88.8,89.02,42.7684087718822,231200,0.473,1
2003-05-02,89.06,89.07,88.27,88.32,42.4321036029279,231500,0,1
2003-05-05,88.54,88.87,88.2,88.79,42.6579085020829,77700,0,1
2003-05-06,88.84,89.4,88.52,89.23,42.8693003225685,260600,0,1
2003-05-07,90,90.33,89.82,90.27,43.3689537164436,306900,0,1
2003-05-08,90.6,90.9,90.28,90.49,43.4746496266864,437400,0,1
2003-05-09,90.3,90.62,90.2,90.58,43.5178888626948,110000,0,1
2003-05-12,91.14,91.19,90.73,91.15,43.7917373574148,364700,0,1
2003-05-13,90.9,91.37,90.83,91.35,43.8878245485446,227800,0,1
2003-05-14,91.83,92.98,91.62,92.75,44.5604348864534,1426500,0,1
2003-05-15,92.6,93.57,92.6,93.04,44.6997613135916,810300,0,1
2003-05-16,93.48,93.76,92.95,93.72,45.026457763433,703900,0,1
2003-05-19,94.11,94.24,93.13,93.4,44.8727182576253,817800,0,1
2003-05-20,93.15,94.78,93.12,94.78,45.535719876421,606600,0,1
2003-05-21,94.25,95.66,94.12,94.77,45.5309155168645,1799600,0,1
2003-05-22,95.1,95.7,94.9,95.61,45.9344817196098,576200,0,1
2003-05-23,95.77,96.21,95.64,95.85,46.0497863489655,690600,0,1
2003-05-27,95.62,95.71,94.12,94.12,45.2186321456926,846400,0,1
2003-05-28,93.9,94.14,93.31,93.96,45.1417623927887,730500,0,1
2003-05-29,94.3,94.8,94.071,94.78,45.535719876421,508300,0,1
2003-05-30,94.45,94.74,93.97,94.6,45.4492414044042,722200,0,1
2003-06-02,93.88,93.88,93.09,93.51,45.1169718974773,478600,0.3984,1
2003-06-03,93.76,94.58,93.71,94.26,45.4788340397413,389400,0,1
2003-06-04,94.46,94.71,94.05,94.54,45.6139292395198,394100,0,1
2003-06-05,95.2,95.38,93.8,93.8,45.2568919258193,820900,0,1
2003-06-06,93.7,94.15,93.38,94.14,45.420936096979,276800,0,1
2003-06-09,94.7,94.88,94.27,94.77,45.7249002964808,282200,0,1
2003-06-10,95.08,95.93,95.07,95.9,46.2701059241586,534800,0,1
2003-06-11,96.25,96.6,95.7,95.78,46.2122079813963,633600,0,1
2003-06-12,96.11,96.73,96.01,96.53,46.5740701236604,315400,0,1
2003-06-13,96.93,97.28,96.76,97.18,46.8876839802892,478400,0,1
2003-06-16,97.5,97.66,96.26,96.26,46.4437997524453,789300,0,1
2003-06-17,95.97,96.031,95.4,95.5,46.0771127816178,691600,0,1
2003-06-18,95.06,95.06,94.2,94.28,45.4884836968683,657600,0,1
2003-06-19,93.96,94.48,93.5,94.1,45.4016367827249,817700,0,1
2003-06-20,93.9,94.05,93.03,93.75,45.2327677830017,561700,0,1
2003-06-23,93.819,94.43,93.53,94.31,45.5029581825589,819900,0,1
2003-06-24,94.15,95.18,94.01,95.18,45.9227182675851,292900,0,1
2003-06-25,95.42,95.49,93.45,93.66,45.1893443259301,1002800,0,1
2003-06-26,93.25,93.25,92.12,92.4,44.5814159269265,1423800,0,1
2003-06-27,92.55,92.55,91.55,92.07,44.4221965843304,735900,0,1
2003-06-30,91.92,92.52,91.68,92.5,44.6296642125617,541900,0,1
2003-07-01,92.15,92.49,91.51,91.69,44.4091212989232,449000,0.3529,1
2003-07-02,91.2,92.07,91.11,91.92,44.5205194655581,338800,0,1
2003-07-03,91.7,91.71,90.6,90.6,43.8811908570448,559100,0,1
2003-07-07,90.28,90.59,90.02,90.02,43.600273741183,465400,0,1
2003-07-08,90.43,90.48,89.63,90.1,43.6390209295777,389600,0,1
2003-07-09,90.53,90.69,90.11,90.39,43.7794794875087,270400,0,1
2003-07-10,90.69,90.75,90.12,90.36,43.7649492918606,718000,0,1
2003-07-11,90.3,90.79,90.21,90.79,43.9732154294824,389500,0,1
2003-07-14,90.68,90.87,89.63,89.75,43.4695019803507,465900,0,1
2003-07-15,89.54,89.86,87.4,87.65,42.4523882849888,3171100,0,1
2003-07-16,87.41,88.72,87.15,88.15,42.6945582124559,1205400,0,1
2003-07-17,87.33,88.04,87.18,87.88,42.5637864516236,1030600,0,1
2003-07-18,87.65,87.96,87.44,87.7,42.4766052777355,550800,0,1
2003-07-21,87.5,87.6,85.65,85.84,41.5757331475577,1267600,0,1
2003-07-22,85.97,86.36,85.44,86.26,41.7791558866301,1576900,0,1
2003-07-23,86.8,87.05,86.4,86.55,41.9196144445611,1374700,0,1
2003-07-24,85.9,86.08,85.55,85.79,41.551516154811,701100,0,1
2003-07-25,85.98,86.62,85.4,85.56,41.4401179881761,1273500,0,1
2003-07-28,85.24,85.29,84.4,84.41,40.8831271550017,1268500,0,1
2003-07-29,84.18,85.35,83.26,83.26,40.3261363218273,2139300,0,1
2003-07-30,83.74,84.72,83.57,84.2,40.7814157854655,1963400,0,1
2003-07-31,83.69,83.71,82.23,82.95,40.1759909667977,4706400,0,1
2003-08-01,82.1,82.79,81.98,82.51,40.1459618957918,3061200,0.378,1
2003-08-04,82.48,83.22,82.35,83.22,40.4914186034152,1858700,0,1
2003-08-05,83.21,83.29,81.8,82.03,39.9124136990886,2413000,0,1
2003-08-06,82.5,83.77,82.37,83.65,40.7006388629618,2549700,0,1
2003-08-07,83.8,84.05,83.139,84,40.8709344230579,1796400,0,1
2003-08-08,84.34,84.79,83.65,83.66,40.7055044503931,2399100,0,1
2003-08-11,83.55,83.57,82.91,83.24,40.5011497782779,1355000,0,1
2003-08-12,83.42,83.65,82.8,82.85,40.3113918684565,1534200,0,1
2003-08-13,82.2,82.35,81.19,81.25,39.5328978794459,2258100,0,1
2003-08-14,81.44,82.1,80.91,82.05,39.9221448739512,1612300,0,1
2003-08-15,82.2,82.5,81.9,82,39.8978169367946,515100,0,1
2003-08-18,82.3,82.6,82.01,82.38,40.0827092591846,655300,0,1
2003-08-19,82.55,83.65,82.5,83.65,40.7006388629618,1086500,0,1
2003-08-20,83.83,83.87,82.74,83.2,40.4816874285526,503600,0,1
2003-08-21,83.06,83.45,82.42,83,40.3843756799263,783600,0,1
2003-08-22,83.1,83.85,82.9,83.37,40.564402414885,413200,0,1
2003-08-25,83.32,83.54,82.25,82.72,40.2481392318494,648200,0,1
2003-08-26,82.45,83.37,82.32,83.37,40.564402414885,837200,0,1
2003-08-27,83.27,83.27,82.61,82.99,40.379510092495,409100,0,1
2003-08-28,83.23,83.98,83.23,83.85,40.7979506115882,557200,0,1
2003-08-29,83.94,83.99,83.38,83.65,40.7006388629618,651100,0,1
2003-09-02,83.63,83.65,82.04,82.06,40.1080103138275,868700,0.372,1
2003-09-03,82.484,82.484,81.88,82.19,40.1715496916096,639900,0,1
2003-09-04,82.49,82.71,82.16,82.65,40.3963813360693,562900,0,1
2003-09-05,83.4,84.09,83.17,84.07,41.0904268472274,838000,0,1
2003-09-08,83.63,84.45,83.2,83.2,40.6652017805319,621100,0,1
2003-09-09,83.52,83.94,82.916,83.8,40.9584604472184,599900,0,1
2003-09-10,83.9,84.7,83.82,84.65,41.3739102250243,1285900,0,1
2003-09-11,84.26,84.38,83.8,84.1,41.1050897805617,859500,0,1
2003-09-12,85.02,85.38,84.45,84.68,41.3885731583587,1375300,0,1
2003-09-15,84.5,84.89,84.11,84.55,41.3250337805766,367100,0,1
2003-09-16,84.37,84.5,83.9,84.42,41.2614944027945,655200,0,1
2003-09-17,84.72,85.56,84.48,85.47,41.7746970694959,1223900,0,1
2003-09-18,85.65,85.65,84.83,85.53,41.8040229361646,615000,0,1
2003-09-19,85.65,86.03,85.49,85.63,41.8528993806123,869300,0,1
2003-09-22,85,85.18,84.23,84.95,41.5205395583676,1126400,0,1
2003-09-23,84.88,85.54,84.64,85.53,41.8040229361646,632100,0,1
2003-09-24,85.54,86.49,85.34,86.27,42.165708625078,1005300,0,1
2003-09-25,86.3,86.72,86.15,86.7,42.3758773362033,846800,0,1
2003-09-26,86.94,87.49,86.823,87.48,42.7571136028958,1869700,0,1
2003-09-29,87.02,87.45,86.66,86.78,42.4149784917615,743000,0,1
2003-09-30,87,88.25,86.96,88.22,43.1187992918092,1623900,0,1
2003-10-01,87.5,87.93,87.35,87.52,42.9559918553537,931900,0.3669,1
2003-10-02,86.84,87.45,86.4,87.12,42.7596664812433,1194100,0,1
2003-10-03,86.05,86.2,85.1,85.29,41.8614778946883,1451200,0,1
2003-10-06,85.12,85.79,85.08,85.66,42.0430788657404,507200,0,1
2003-10-07,85.45,85.57,84.63,84.67,41.5571735648172,594200,0,1
2003-10-08,84.45,84.98,84.35,84.65,41.5473572961117,811800,0,1
2003-10-09,83.92,84.13,83.65,84.05,41.2528692349461,1385600,0,1
2003-10-10,84.5,84.73,84.3,84.55,41.4982759525841,256600,0,1
2003-10-13,84.35,84.5,84.22,84.22,41.336307518943,116300,0,1
2003-10-14,83.75,84.1,83.55,83.64,41.0516357264829,337100,0,1
2003-10-15,83.16,83.3,82.85,83.23,40.8504022180198,465600,0,1
2003-10-16,83.48,83.77,82.75,82.9,40.6884337843787,564900,0,1
2003-10-17,83.08,83.69,83.01,83.54,41.0025543829553,354500,0,1
2003-10-20,83.45,84.15,83.42,83.82,41.1399821448326,281600,0,1
2003-10-21,84.03,84.38,83.85,84.13,41.2921343097681,429700,0,1
2003-10-22,84.6,85,84.4,84.95,41.6946013266944,798000,0,1
2003-10-23,85,85,84.02,84.33,41.3902969968233,1055600,0,1
2003-10-24,85,85.6,84.66,85.27,41.8516616259828,1412200,0,1
2003-10-27,85.15,85.33,84.8,85.1,41.7682233419858,346900,0,1
2003-10-28,84.85,85.69,84.57,85.55,41.98908938786,2200300,0,1
2003-10-29,85.28,85.35,84.61,84.78,41.6111630426975,926600,0,1
2003-10-30,84,84.55,83.8,84.4,41.4246539372927,936300,0,1
2003-10-31,84.73,85.22,83.74,85.19,41.8123965511607,887400,0,1
2003-11-03,84.56,84.58,84.04,84.44,41.6150895501797,957700,0.348,1
2003-11-04,84.65,84.97,84.59,84.92,41.8516509308534,246500,0,1
2003-11-05,84.82,84.82,84.26,84.34,41.5658059292061,275100,0,1
2003-11-06,83.77,83.92,83.5,83.55,41.1764653235139,861600,0,1
2003-11-07,83.12,83.59,83.05,83.5,41.1518235130271,725700,0,1
2003-11-10,83.6,83.84,83.2,83.43,41.1173249783455,553900,0,1
2003-11-11,83.45,83.5,83.36,83.44,41.1222533404429,99900,0,1
2003-11-12,83.86,84.15,83.79,84.05,41.4228834283824,321400,0,1
2003-11-13,84.6,85.37,84.54,85.35,42.0635705010403,920400,0,1
2003-11-14,85.3,85.96,85.2,85.92,42.3444871405903,484800,0,1
2003-11-17,86.14,86.59,85.95,86.05,42.4085558478561,695000,0,1
2003-11-18,85.97,86.61,85.78,86.58,42.6697590390166,632200,0,1
2003-11-19,86.42,86.62,85.56,85.62,42.1966362776692,553900,0,1
2003-11-20,86.25,86.49,85.8,86.45,42.6056903317508,373300,0,1
2003-11-21,86.58,86.93,86.5,86.5,42.6303321422377,516900,0,1
2003-11-24,86.18,86.31,85.75,85.79,42.2804184333245,573800,0,1
2003-11-25,85.95,86.52,85.95,86.26,42.5120514519008,298700,0,1
2003-11-26,86.1,86.4,85.33,85.91,42.3395587784929,613800,0,1
2003-11-28,85.35,85.4,85.13,85.13,41.9551465348982,311300,0,1
2003-12-01,84.4,84.57,83.8,84.24,41.7224292766604,1106600,0.4178,1
2003-12-02,84.4,84.6,84,84.6,41.9007302564752,589100,0,1
2003-12-03,84.51,84.78,83.95,84.26,41.7323348866501,1446100,0,1
2003-12-04,84.26,84.67,84.19,84.45,41.8264381815524,561500,0,1
2003-12-05,85.3,86.23,85.12,85.8,42.4950668558578,1163800,0,1
2003-12-08,85.78,85.78,85.09,85.2,42.1978985561665,436200,0,1
2003-12-09,85.45,85.7,84.36,84.6,41.9007302564752,939200,0,1
2003-12-10,85.07,85.1,84.55,84.74,41.9700695264032,555700,0,1
2003-12-11,84.51,85.38,84.37,85.35,42.2721906310894,510500,0,1
2003-12-12,85.42,85.88,85.42,85.51,42.351435511007,553100,0,1
2003-12-15,85.5,85.88,85.18,85.46,42.3266714860328,690000,0,1
2003-12-16,85.4,85.86,85.27,85.74,42.4653500258887,462800,0,1
2003-12-17,86.23,86.65,86.2,86.32,42.7526127155903,533100,0,1
2003-12-18,86.3,87.1,86.3,87.1,43.138931505189,708100,0,1
2003-12-19,86.97,87.07,86.61,87.07,43.1240730902044,477600,0,1
2003-12-22,87.12,87.34,86.65,86.83,43.0052057703279,483700,0,1
2003-12-23,86.53,86.7,85.85,85.85,42.5198308808321,446600,0,1
2003-12-24,86.37,86.66,86.17,86.66,42.9210080854154,138900,0,1
2003-12-26,86.9,87.04,86.9,86.98,43.0794978452508,80500,0,1
2003-12-29,86.7,86.77,86.17,86.2,42.693179055652,187800,0,1
2003-12-30,85.8,86.14,85.6,85.85,42.5198308808321,393900,0,1
2003-12-31,85.37,85.57,85.3,85.45,42.5196822966823,171400,0.3997,1
2004-01-02,85.09,85.09,84.08,84.44,42.0171091062826,867100,0,1
2004-01-05,84.01,84.38,83.9,84.22,41.9076377182748,626400,0,1
2004-01-06,84.54,85.39,84.5,85.15,42.370403131217,690500,0,1
2004-01-07,85.1,85.7,84.89,85.49,42.539586185411,252000,0,1
2004-01-08,85.3,85.64,85.18,85.46,42.5246582688644,513300,0,1
2004-01-09,86.88,87.07,86.01,86.95,43.2660781240085,1623000,0,1
2004-01-12,86.6,87.38,86.6,86.88,43.2312463187332,863200,0,1
2004-01-13,86.68,87.47,86.56,87.47,43.5248286774815,465700,0,1
2004-01-14,87.49,87.92,87.15,87.9,43.7387954813151,1180300,0,1
2004-01-15,87.95,88.31,87.6,88.23,43.9030025633268,1537200,0,1
2004-01-16,88.68,88.8,87.61,87.61,43.594492288032,751800,0,1
2004-01-20,87.5,87.93,87.5,87.59,43.5845403436676,629600,0,1
2004-01-21,87.75,87.81,87.44,87.8,43.6890357594933,570500,0,1
2004-01-22,87.95,88.48,87.71,88.44,44.0074979791525,443600,0,1
2004-01-23,88.56,88.9,87.26,87.38,43.480044927842,1021300,0,1
2004-01-26,87.3,87.36,86.67,86.85,43.2163184021867,639500,0,1
2004-01-27,86.73,87.4,86.73,87.39,43.4850209000241,576100,0,1
2004-01-28,87.25,87.85,85.86,86.62,43.1018710419967,1823800,0,1
2004-01-29,86.22,86.58,86.02,86.44,43.0123035427176,814500,0,1
2004-01-30,86.9,87.22,86.6,87.04,43.310861873648,526200,0,1
2004-02-02,86.45,86.88,86.38,86.5,43.2203489396543,335600,0.3581,1
2004-02-03,86.92,86.99,86.6,86.94,43.4401981134514,350900,0,1
2004-02-04,86.79,86.86,86.48,86.77,43.3552563872116,645700,0,1
2004-02-05,86.84,87.08,86.24,86.43,43.185372934732,971400,0,1
2004-02-06,87.14,87.45,87.03,87.38,43.6600472872484,798200,0,1
2004-02-09,87.56,87.64,87.39,87.64,43.789958162674,272400,0,1
2004-02-10,87.48,87.55,87.04,87.15,43.5451261282182,203200,0,1
2004-02-11,87.02,88.2,86.91,87.8,43.869903316782,1335100,0,1
2004-02-12,87.85,88,87.26,87.43,43.6850301479072,256700,0,1
2004-02-13,87.8,88.1,87.57,87.8,43.869903316782,513600,0,1
2004-02-17,87.86,87.89,87.53,87.74,43.8399238839915,644100,0,1
2004-02-18,88.1,88.18,87.69,87.86,43.8998827495725,990900,0,1
2004-02-19,87.53,87.95,87.47,87.95,43.9448518987583,668900,0,1
2004-02-20,87.75,87.83,87.2,87.34,43.6400609987214,1009800,0,1
2004-02-23,87.39,87.88,87.32,87.88,43.909875893836,504000,0,1
2004-02-24,88.05,88.39,87.86,88.04,43.9898210479441,940900,0,1
2004-02-25,88.22,88.36,88.03,88.18,44.0597730577886,572300,0,1
2004-02-26,87.85,87.96,87.54,87.9,43.9198690380996,399100,0,1
2004-02-27,88.22,88.78,87.96,88.66,44.2996085201127,836000,0,1
2004-03-01,88.46,88.64,88.04,88.27,44.2824203119795,771900,0.3556,1
2004-03-02,88.12,88.2,87.4,87.71,44.0014850522683,676000,0,1
2004-03-03,87.39,87.64,87.11,87.55,43.9212178352079,718000,0,1
2004-03-04,87.4,87.95,87.34,87.94,44.1168691767925,421600,0,1
2004-03-05,89.765,90,89.52,89.64,44.9697083580587,2789800,0,1
2004-03-08,90.06,90.32,90,90.17,45.2355935145711,1309400,0,1
2004-03-09,90.25,90.85,90.19,90.77,45.5365955785474,829000,0,1
2004-03-10,90.52,90.93,90.48,90.71,45.5064953721497,878900,0,1
2004-03-11,91.05,91.05,90.15,90.84,45.5717124860113,1337100,0,1
2004-03-12,90.61,90.81,90.22,90.28,45.2907772263001,442100,0,1
2004-03-15,90.42,90.64,90.23,90.43,45.3660277422941,756200,0,1
2004-03-16,90.29,91.18,90.05,91.18,45.7422803222645,1374200,0,1
2004-03-17,91.47,91.48,90.9,91.03,45.6670298062704,1936500,0,1
2004-03-18,90.71,91.06,90.4,90.55,45.4262281550894,1842100,0,1
2004-03-19,90.47,90.6,90.21,90.43,45.3660277422941,366700,0,1
2004-03-22,90.59,90.98,90.59,90.98,45.6419463009391,947200,0,1
2004-03-23,90.89,91.14,90.75,91.14,45.7222135179994,562200,0,1
2004-03-24,91.16,91.23,90.92,91.09,45.6971300126681,327400,0,1
2004-03-25,90.72,90.94,90.65,90.74,45.5215454753486,514000,0,1
2004-03-26,90.48,90.6,89.6,89.78,45.0399421729865,1378600,0,1
2004-03-29,89.05,89.23,88.9,89.18,44.7389401090102,2454000,0,1
2004-03-30,89.3,89.43,89.07,89.12,44.7088399026126,1021000,0,1
2004-03-31,89.25,89.63,89.21,89.55,44.9245580484622,1647300,0,1
2004-04-01,88.98,89.06,88.55,88.91,44.7780703773271,1309200,0.348,1
2004-04-02,87.13,87.13,86.41,86.71,43.6700762840854,2603700,0,1
2004-04-05,86.32,86.39,85.91,86.03,43.327605382538,1422700,0,1
2004-04-06,86.4,86.5,86.2,86.5,43.5643132115487,1695400,0,1
2004-04-07,86.3,86.8,86.25,86.3,43.4635864757994,659600,0,1
2004-04-08,86.17,86.42,85.98,86.05,43.3376780561129,893700,0,1
2004-04-12,85.81,85.87,85.6,85.74,43.1815516157016,311700,0,1
2004-04-13,84.93,85.11,84.77,84.81,42.7131722944676,1449500,0,1
2004-04-14,83.98,84.76,83.98,84.74,42.6779179369553,2529200,0,1
2004-04-15,84.67,84.8,84.18,84.24,42.4261010975822,1184800,0,1
2004-04-16,84.68,84.87,84.41,84.56,42.587263874781,986900,0,1
2004-04-19,84.85,84.91,84.3,84.38,42.4966098126067,682100,0,1
2004-04-20,84.27,84.43,83.61,83.61,42.1088118799721,1618700,0,1
2004-04-21,83.72,84.32,83.72,84.02,42.315301688258,763600,0,1
2004-04-22,84.25,84.59,84.14,84.52,42.5671185276312,1024300,0,1
2004-04-23,84.11,84.34,83.75,84.04,42.325374361833,963200,0,1
2004-04-26,84.09,84.29,84.06,84.18,42.3958830768575,515800,0,1
2004-04-27,84.4,84.55,84.08,84.5,42.5570458540562,1033400,0,1
2004-04-28,84.3,84.43,83.61,83.71,42.1591752478467,1215700,0,1
2004-04-29,83.75,84.18,83.01,83.3,41.9526854395608,2504900,0,1
2004-04-30,83.43,83.8,83.27,83.64,42.1239208903345,831500,0,1
2004-05-03,83.1,83.57,83.1,83.42,42.1768527899707,668800,0.3251,1
2004-05-04,83.63,83.9,82.69,82.85,41.8886628344411,3950900,0,1
2004-05-05,83.26,83.26,82.5,82.62,41.7723756594028,2236600,0,1
2004-05-06,82.56,82.65,82.37,82.4,41.6611444484966,3163200,0,1
2004-05-07,81.45,81.5,81.1,81.32,41.1151003222299,1756400,0,1
2004-05-10,81.48,81.61,81.11,81.13,41.01903700372,958700,0,1
2004-05-11,81.11,81.52,81.11,81.5,41.2061076766077,766000,0,1
2004-05-12,81.4,81.44,80.94,80.96,40.9330856134743,1945700,0,1
2004-05-13,80.89,80.92,80.51,80.65,40.7763507253793,1187000,0,1
2004-05-14,81.04,81.39,80.73,81.31,41.1100443580978,4086400,0,1
2004-05-17,81.87,82.07,81.68,82.03,41.4740737756089,1735600,0,1
2004-05-18,81.7,81.91,81.57,81.71,41.3122829233818,674200,0,1
2004-05-19,81.4,81.45,81.15,81.44,41.1757718918151,319200,0,1
2004-05-20,81.74,82.1,81.62,82.07,41.4942976321373,1745900,0,1
2004-05-21,82.37,82.38,81.59,81.74,41.3274508157781,1461900,0,1
2004-05-24,81.93,82.08,81.68,82,41.4589058832126,314800,0,1
2004-05-25,82.03,82.32,82.01,82.24,41.580249022383,645300,0,1
2004-05-26,82.4,82.73,82.32,82.68,41.8027114441954,505500,0,1
2004-05-27,83.03,83.4,82.83,83.33,42.1313491127818,1122800,0,1
2004-05-28,83.02,83.5,82.75,83.1,42.0150619377435,612700,0,1
2004-06-01,82.37,82.4,81.7,82.02,41.6315670583238,662000,0.3215,1
2004-06-02,82.02,82.13,81.76,81.81,41.5249756284013,906600,0,1
2004-06-03,81.8,82.05,81.59,81.98,41.6112639288148,1173600,0,1
2004-06-04,82.04,82.13,81.44,81.5,41.3676263747061,568200,0,1
2004-06-07,81.42,81.59,81.22,81.52,41.3777779394606,377200,0,1
2004-06-08,81.2,81.68,81.08,81.67,41.4539146751196,1294200,0,1
2004-06-09,81.45,81.52,81,81.32,41.2762622919153,589400,0,1
2004-06-10,81.36,81.6,81.15,81.48,41.3574748099515,336200,0,1
2004-06-14,81.2,81.26,80.76,80.83,41.0275489554293,892200,0,1
2004-06-15,81.81,82.62,81.81,82.54,41.8955077419416,1567400,0,1
2004-06-16,82.05,82.34,81.99,82.22,41.7330827058691,494700,0,1
2004-06-17,82.09,82.77,81.97,82.76,42.0071749542414,552800,0,1
2004-06-18,82.76,82.85,82.37,82.58,41.9158108714506,394500,0,1
2004-06-21,82.63,82.75,82.49,82.64,41.9462655657142,731900,0,1
2004-06-22,82.43,82.59,82.36,82.39,41.8193710062826,362700,0,1
2004-06-23,82.29,82.68,82.18,82.55,41.9005835243188,302900,0,1
2004-06-24,83.26,83.34,82.9,83.05,42.1543726431821,1087900,0,1
2004-06-25,82.92,83.15,82.87,83.13,42.1949789022002,253200,0,1
2004-06-28,82.78,82.87,82.18,82.28,41.7635374001327,573100,0,1
2004-06-29,82.4,82.84,82.17,82.8,42.0274780837505,401500,0,1
2004-06-30,83.03,83.75,82.91,83.65,42.4589195858179,1730800,0,1
2004-07-01,83.35,83.56,82.93,83.47,42.5381017909033,1099300,0.336,1
2004-07-02,84.66,84.69,84.26,84.35,42.9865686601496,1293300,0,1
2004-07-06,84.57,84.59,84.14,84.21,42.9152216582241,351600,0,1
2004-07-07,84.2,84.42,84.13,84.24,42.9305103014938,303500,0,1
2004-07-08,84.3,84.54,84.23,84.29,42.9559913736101,715200,0,1
2004-07-09,84.25,84.42,84.09,84.38,43.0018573034194,2152900,0,1
2004-07-12,84.61,84.66,84.44,84.5,43.0630118764985,1297800,0,1
2004-07-13,84.2,84.27,83.95,84.25,42.9356065159171,307100,0,1
2004-07-14,84.32,84.37,84.15,84.28,42.9508951591869,241400,0,1
2004-07-15,84.29,84.38,84.17,84.37,42.9967610889962,562700,0,1
2004-07-16,84.85,85.5,84.85,85.49,43.5675371044006,2970600,0,1
2004-07-19,85.41,85.57,85.36,85.55,43.5981143909402,978300,0,1
2004-07-20,85.31,85.38,84.6,84.78,43.2057058803496,1091500,0,1
2004-07-21,84.41,84.56,84.19,84.55,43.0884929486147,662800,0,1
2004-07-22,84.58,84.85,84.58,84.67,43.1496475216938,154700,0,1
2004-07-23,84.78,84.97,84.78,84.95,43.2923415255449,209200,0,1
2004-07-26,84.84,84.84,84.46,84.55,43.0884929486147,712000,0,1
2004-07-27,84.4,84.47,83.41,83.41,42.5075245043637,961200,0,1
2004-07-28,83.22,83.53,83.04,83.42,42.512620718787,495200,0,1
2004-07-29,83.27,83.65,83.27,83.61,42.6094487928288,519600,0,1
2004-07-30,84.07,84.63,84,84.59,43.1088778063077,578400,0,1
2004-08-02,84.5,84.61,84.32,84.37,43.1648852028193,714800,0.3299,1
2004-08-03,84.49,84.83,84.4,84.71,43.3388340112697,509500,0,1
2004-08-04,84.68,85.12,84.5,84.75,43.3592985769697,481300,0,1
2004-08-05,84.88,85.09,84.86,84.99,43.48208597117,623100,0,1
2004-08-06,86.41,86.86,86.12,86.42,44.2136941949466,1240900,0,1
2004-08-09,86.15,86.34,86.07,86.12,44.0602099521963,322100,0,1
2004-08-10,86.26,86.44,85.81,85.81,43.9016095680209,860100,0,1
2004-08-11,85.82,86.27,85.73,86.18,44.0909068007463,898400,0,1
2004-08-12,86,86.36,85.89,86.36,44.1829973463965,697500,0,1
2004-08-13,86.67,86.9,86.52,86.64,44.3262493062968,637500,0,1
2004-08-16,86.47,86.53,86.0215,86.34,44.1727650635465,729400,0,1
2004-08-17,86.4,86.85,86.36,86.83,44.4234559933721,182000,0,1
2004-08-18,87.03,87.06,86.4,86.414,44.2106245100916,365300,0,1
2004-08-19,86.5,86.75,86.34,86.62,44.3160170234468,372900,0,1
2004-08-20,86.58,86.75,86.4,86.54,44.2750878920467,875400,0,1
2004-08-23,86.11,86.17,85.97,86.04,44.0192808207962,1007200,0,1
2004-08-24,85.95,86.14,85.77,86.09,44.0448615279212,1044200,0,1
2004-08-25,86.32,86.64,86.25,86.39,44.1983457706716,588200,0,1
2004-08-26,86.56,86.88,86.44,86.88,44.4490367004971,478000,0,1
2004-08-27,86.83,87.03,86.64,86.82,44.418339851947,304400,0,1
2004-08-30,87,87.23,86.92,87.23,44.6281016503725,259100,0,1
2004-08-31,87.3,88,87.24,87.77,44.9043732873231,1721100,0,1
2004-09-01,87.7,87.7,87.15,87.51,44.9504697215625,1388900,0.3501,1
2004-09-02,87.37,87.37,86.65,86.65,44.5087213046896,867000,0,1
2004-09-03,86.47,86.66,86,86.66,44.5138579141881,958100,0,1
2004-09-07,86.24,86.58,86.19,86.57,44.4676284287014,475500,0,1
2004-09-08,86.26,87.32,86.18,87.3,44.8426009220935,584800,0,1
2004-09-09,87.22,87.58,86.86,86.97,44.6730928086423,284800,0,1
2004-09-10,87.38,87.53,87.06,87.1,44.7398687321231,711700,0,1
2004-09-13,87.2,87.53,87.12,87.48,44.9350598930669,152900,0,1
2004-09-14,87.36,87.68,87.18,87.57,44.9812893785536,695700,0,1
2004-09-15,87.5,87.5,87.18,87.37,44.8785571885832,642500,0,1
2004-09-16,87.56,88.48,87.5,88.36,45.3870815289368,1103400,0,1
2004-09-17,88.13,88.39,87.89,87.92,45.1610707110018,765400,0,1
2004-09-20,88.26,88.57,88.19,88.5,45.4589940619161,727200,0,1
2004-09-21,88.36,88.92,88.1015,88.76,45.5925459088777,1018500,0,1
2004-09-22,88.8,89.81,88.65,89.68,46.0651139827416,2541200,0,1
2004-09-23,89.67,89.88,89.32,89.32,45.8801960407949,2391000,0,1
2004-09-24,89.35,89.49,89.1,89.43,45.9366987452786,1984300,0,1
2004-09-27,89.6,89.89,89.57,89.82,46.1370265157209,1420800,0,1
2004-09-28,89.68,89.95,89.22,89.46,45.9521085737742,1161100,0,1
2004-09-29,88.7,88.87,88.56,88.59,45.5052235474028,1970700,0,1
2004-09-30,88.14,88.37,87.96,88.25,45.3305788244531,1945700,0,1
2004-10-01,87.5,87.63,87.29,87.45,45.104927569183,1999300,0.3607,1
2004-10-04,87,87.6,87,87.58,45.171978919486,1106200,0,1
2004-10-05,87.53,87.6985,87.42,87.58,45.171978919486,501700,0,1
2004-10-06,87.45,87.47,87.02,87.18,44.9656670723999,531300,0,1
2004-10-07,87,87.18,86.74,86.8,44.7696708176682,2128600,0,1
2004-10-08,87.97,88.21,87.75,87.95,45.3628173780405,1534500,0,1
2004-10-11,87.95,88.1,87.73,88.04,45.4092375436349,60800,0,1
2004-10-12,88.34,88.39,88.16,88.24,45.5123934671779,757900,0,1
2004-10-13,88,88.56,87.95,88.56,45.6774429448467,648000,0,1
2004-10-14,88.5,89.01,88.41,88.98,45.8940703842871,717100,0,1
2004-10-15,88.81,88.99,88.18,88.67,45.7341787027954,746400,0,1
2004-10-18,88.65,88.79,88.37,88.71,45.754809887504,613600,0,1
2004-10-19,88.33,88.99,88.27,88.94,45.8734391995784,505400,0,1
2004-10-20,89.26,89.61,89.2,89.55,46.1880647663846,1127100,0,1
2004-10-21,89.44,89.9,89.44,89.61,46.2190115434476,1649200,0,1
2004-10-22,89.5,89.82,89.37,89.82,46.3273252631677,491500,0,1
2004-10-25,90.07,90.09,89.8,89.89,46.3634298364078,246800,0,1
2004-10-26,89.95,90.01,89.62,89.62,46.2241693396247,503700,0,1
2004-10-27,89.87,90.05,88.72,88.74,45.7702832760354,2351800,0,1
2004-10-28,88.74,89.16,88.52,89.03,45.9198593651728,839200,0,1
2004-10-29,89.11,89.49,88.92,89.44,46.131329008436,1169300,0,1
2004-11-01,88.75,89,88.4,88.52,45.8456902561454,923500,0.3662,1
2004-11-02,88.48,88.73,88.31,88.65,45.9130189924005,709300,0,1
2004-11-03,88.03,88.75,88,88.69,45.9337355266328,1066600,0,1
2004-11-04,88.86,89.1,88.75,88.78,45.9803477286555,2285100,0,1
2004-11-05,87.74,87.93,87.52,87.81,45.4779717735215,1838000,0,1
2004-11-08,87.5,87.6,87.4,87.5,45.317418633221,454100,0,1
2004-11-09,87.4,87.7285,87.4,87.45,45.2915229654306,373000,0,1
2004-11-10,87.31,87.47,86.91,87.12,45.1206115580139,1303400,0,1
2004-11-11,87.45,87.45,86.93,86.93,45.0222080204103,309700,0,1
2004-11-12,87.34,88.11,87.33,87.87,45.50904657487,1125900,0,1
2004-11-15,87.95,88,87.74,87.95,45.5504796433347,763200,0,1
2004-11-16,87.81,87.95,87.7,87.95,45.5504796433347,520900,0,1
2004-11-17,87.89,88.76,87.89,88.7,45.9389146601909,1249400,0,1
2004-11-18,88.55,89.06,88.41,88.97,46.0787512662591,891500,0,1
2004-11-19,88.9,89.03,88.09,88.26,45.7110327836352,1244500,0,1
2004-11-22,88.35,88.87,88.3,88.72,45.949272927307,511500,0,1
2004-11-23,88.5,89.2,88.48,88.83,46.0062433964459,746300,0,1
2004-11-24,88.91,88.91,88.73,88.83,46.0062433964459,309700,0,1
2004-11-26,88.29,88.34,88.23,88.25,45.7058536500772,697100,0,1
2004-11-29,87.47,87.6,87.17,87.31,45.2190150956174,1546400,0,1
2004-11-30,86.94,87.16,86.63,86.94,45.0273871539684,1754500,0,1
2004-12-01,86.7,86.75,86.18,86.45,44.9572616855919,2489800,0.3546,1
2004-12-02,86.17,86.3,86.01,86.1,44.7752484803871,2881500,0,1
2004-12-03,87.15,87.66,86.93,87.44,45.472099037457,2233700,0,1
2004-12-06,87.49,87.85,87.45,87.74,45.628110356204,1314100,0,1
2004-12-07,87.74,87.89,87.5,87.85,45.6853145064112,784300,0,1
2004-12-08,88.41,89.22,88.36,89.22,46.3977661953558,2639700,0,1
2004-12-09,88.99,89.27,88.57,88.63,46.0909439351534,1428900,0,1
2004-12-10,88.95,89.05,88.67,88.85,46.2053522355679,1445000,0,1
2004-12-13,88.82,89.29,88.8,89.04,46.3041594041076,677400,0,1
2004-12-14,88.74,89.44,88.7,89.39,46.4861726093125,1568200,0,1
2004-12-15,89.95,90.25,89.84,90.2,46.9074031699294,2511500,0,1
2004-12-16,89.89,89.89,88.85,88.87,46.215752990151,1998200,0,1
2004-12-17,88.48,88.88,88.425,88.75,46.1533484626522,1319800,0,1
2004-12-20,88.87,89.1,88.82,88.91,46.2365544993173,230500,0,1
2004-12-21,89.06,89.24,88.9,89.18,46.3769646861896,245200,0,1
2004-12-22,89.21,89.21,88.7,88.88,46.2209533674426,511600,0,1
2004-12-23,88.74,88.79,88.57,88.59,46.0701424259872,738600,0,1
2004-12-27,88.33,88.37,87.7,87.9,45.7113163928691,1322600,0,1
2004-12-28,87.86,87.91,87.4,87.83,45.6749137518281,1253500,0,1
2004-12-29,87.87,88,87.57,87.74,45.628110356204,567500,0,1
2004-12-30,87.8,88.45,87.74,88.33,45.9349326164064,626400,0,1
2004-12-31,88.37,88.65,88.3,88.55,46.2236055598613,1056400,0.3351,1
2005-01-03,88.18,88.84,88.16,88.74,46.3227866446312,1168000,0,1
2005-01-04,88.72,88.75,87.81,87.81,45.837321334968,1935400,0,1
2005-01-05,87.99,88.55,87.94,88.28,46.0826640183462,1094100,0,1
2005-01-06,88.29,88.54,88.22,88.34,46.1139843609051,1057400,0,1
2005-01-07,88.76,88.87,88.35,88.54,46.2183855027681,738700,0,1
2005-01-10,88.64,88.72,88.47,88.68,46.2914663020723,379400,0,1
2005-01-11,88.9,89.28,88.74,89.2,46.5629092709162,844100,0,1
2005-01-12,88.87,89.44,88.8,89.32,46.625549956034,722000,0,1
2005-01-13,89.75,90.18,89.73,90.18,47.0744748660451,1876700,0,1
2005-01-14,89.9,90.4,89.81,90.17,47.0692548089519,1043800,0,1
2005-01-18,89.8,90.49,89.73,90.47,47.2258565217465,1251600,0,1
2005-01-19,90.8,90.84,90.27,90.73,47.3615780061684,655800,0,1
2005-01-20,90.42,91.02,90.35,90.91,47.4555390338452,1064200,0,1
2005-01-21,90.6,91.05,90.52,91.01,47.5077396047767,606300,0,1
2005-01-24,91.09,91.5,91,91.4,47.7113218314096,561400,0,1
2005-01-25,91.36,91.4,90.51,90.54,47.2623969213985,1942200,0,1
2005-01-26,90.85,90.92,90.63,90.71,47.3511378919821,709800,0,1
2005-01-27,90.52,90.7,90.34,90.54,47.2623969213985,463900,0,1
2005-01-28,91.22,91.6,91.17,91.45,47.7374221168754,1128000,0,1
2005-01-31,91.33,91.75,91.29,91.71,47.8731436012973,1313900,0,1
2005-02-01,91.44,91.5,91.05,91.22,47.7972439711629,948200,0.3446,1
2005-02-02,91.2,91.46,91.09,91.43,47.9072792839665,760300,0,1
2005-02-03,91.06,91.44,91.06,91.35,47.8653610695651,505800,0,1
2005-02-04,92.47,92.94,92.46,92.65,48.5465320535874,3483900,0,1
2005-02-07,92.74,93.42,92.7,93.34,48.9080766527992,1064600,0,1
2005-02-08,93.37,94.12,93.33,93.87,49.1857848232083,1383800,0,1
2005-02-09,93.44,94.24,93.38,94.12,49.3167792432126,2125800,0,1
2005-02-10,93.49,93.68,92.75,92.85,48.6513275895908,1240000,0,1
2005-02-11,92.46,92.98,92.4,92.79,48.6198889287898,1275200,0,1
2005-02-14,92.9,93.21,92.73,93.08,48.7718424559948,295000,0,1
2005-02-15,92.6,92.86,92.57,92.61,48.5255729463867,900200,0,1
2005-02-16,92.51,92.57,91.8,92.26,48.3421807583807,1189700,0,1
2005-02-17,91.76,92.14,91.6,91.68,48.0382737039708,1146400,0,1
2005-02-18,90.55,90.95,90.46,90.86,47.6086120063567,2655800,0,1
2005-02-22,90.63,90.75,90.4,90.46,47.3990209343499,914600,0,1
2005-02-23,91.14,91.17,90.43,90.76,47.556214238355,1115000,0,1
2005-02-24,91.16,91.33,90.56,90.56,47.4514187023516,798500,0,1
2005-02-25,90.89,91.14,90.62,91,47.6819688815591,588800,0,1
2005-02-28,91.1,91.1,89.89,90.02,47.1684707551423,2797300,0,1
2005-03-01,89.54,89.86,89.45,89.71,47.1539565734059,1648500,0.2823,1
2005-03-02,89.45,89.72,89.42,89.59,47.0908813890473,1139300,0,1
2005-03-03,89.62,89.8,89.45,89.54,47.0646000622312,1600600,0,1
2005-03-04,89.99,90.67,89.87,90.51,47.5744578024631,1567000,0,1
2005-03-07,90.85,90.99,90.75,90.87,47.7636833555389,889800,0,1
2005-03-08,90.13,90.27,89.94,90.01,47.3116445343023,680400,0,1
2005-03-09,89.18,89.4,88.44,88.54,46.5389735259097,2549600,0,1
2005-03-10,88.74,89.33,88.39,89.08,46.8228118555233,1357700,0,1
2005-03-11,88.65,88.87,88.4,88.43,46.4811546069143,1017900,0,1
2005-03-14,88.37,89,88.3,88.96,46.7597366711647,805000,0,1
2005-03-15,89.29,89.3,88.4,88.4,46.4653858108246,963900,0,1
2005-03-16,88.54,89.36,88.54,88.94,46.7492241404383,2097800,0,1
2005-03-17,89.35,89.58,89.12,89.23,46.9016558359715,1025300,0,1
2005-03-18,88.9,88.98,88.67,88.67,46.6073049756315,722700,0,1
2005-03-21,88.67,88.67,88.38,88.42,46.4758983415511,893100,0,1
2005-03-22,88.94,89.05,87.54,87.67,46.0816784393099,2544900,0,1
2005-03-23,87.53,88.16,87.53,88.09,46.302441584565,1951700,0,1
2005-03-24,88.32,88.46,88.18,88.27,46.3970543611028,746800,0,1
2005-03-28,87.99,88,87.72,87.73,46.1132160314892,382200,0,1
2005-03-29,88.08,88.28,87.99,88.25,46.3865418303764,1135000,0,1
2005-03-30,88.2,88.75,88.16,88.69,46.6178175063579,1095600,0,1
2005-03-31,89.2,89.39,88.86,89.33,46.9542184896037,2410900,0,1
2005-04-01,89.53,89.66,88.5,89.3,47.1119064505001,2805300,0.33,1
2005-04-04,89.28,89.66,89.17,89.28,47.1013550716758,754800,0,1
2005-04-05,89.24,89.36,88.93,89.05,46.9800142151964,733300,0,1
2005-04-06,89.41,89.44,89.2,89.36,47.143560586973,402800,0,1
2005-04-07,89.3,89.58,88.61,88.64,46.7637109492982,973000,0,1
2005-04-08,88.56,89,88.34,88.95,46.9272573210749,438600,0,1
2005-04-11,88.97,89.62,88.94,89.43,47.1804904128581,1460200,0,1
2005-04-12,89.23,90.4,89.12,90.26,47.6183726340665,1931500,0,1
2005-04-13,90.35,90.44,89.8,90.04,47.5023074669992,1001700,0,1
2005-04-14,90.08,90.12,89.66,89.9,47.4284478152291,1461800,0,1
2005-04-15,90.54,91.12,90.22,91.09,48.056254855275,2807300,0,1
2005-04-18,91.37,91.39,90.94,91.02,48.0193250293899,3510800,0,1
2005-04-19,91.34,92.04,91.32,91.9,48.4835856976592,1733600,0,1
2005-04-20,91.22,91.77,91.18,91.67,48.3622448411797,1617900,0,1
2005-04-21,91.3,91.42,90.7,90.75,47.8768814152619,1288500,0,1
2005-04-22,91.27,91.58,91.09,91.47,48.2567310529367,876300,0,1
2005-04-25,91.66,91.82,91.51,91.74,48.3991746670647,818300,0,1
2005-04-26,91.99,92.05,91.34,91.6,48.3253150152946,549300,0,1
2005-04-27,92.05,92.2,91.8,91.92,48.4941370764834,684900,0,1
2005-04-28,92.05,92.65,91.95,92.6,48.8528839565097,1062000,0,1
2005-04-29,92.57,92.94,92.22,92.44,48.7684729259152,1445100,0,1
2005-05-02,92.15,92.26,91.71,92.09,48.757921547091,1358200,0.33,1
2005-05-03,92.07,92.54,91.92,92.34,48.8902864117535,1884900,0,1
2005-05-04,91.45,91.72,91.05,91.53,48.4614242502469,2211500,0,1
2005-05-05,91.3,91.84,91.21,91.74,48.5726107365634,1757900,0,1
2005-05-06,90.93,91.2,90.81,91.06,48.2125783046813,850600,0,1
2005-05-09,91.01,91.24,91,91.15,48.2602296559598,327800,0,1
2005-05-10,91.36,91.8,91.34,91.8,48.6043783040824,495500,0,1
2005-05-11,92.14,92.52,91.99,92.08,48.7526269525044,1058700,0,1
2005-05-12,92,92.47,91.72,92.44,48.9432323576185,657000,0,1
2005-05-13,92.71,93.02,92.57,92.8,49.1338377627325,1698100,0,1
2005-05-16,93.04,93.07,92.68,92.69,49.075597222281,824800,0,1
2005-05-17,92.96,93.19,92.9,92.95,49.2132566815301,856300,0,1
2005-05-18,93.7,93.8,93.34,93.57,49.5415215458931,1092300,0,1
2005-05-19,93.7,93.7,93.28,93.33,49.4144512758171,948800,0,1
2005-05-20,93.25,93.51,93.21,93.44,49.4726918162686,806800,0,1
2005-05-23,93.6,94.23,93.57,94.17,49.8591972210832,905600,0,1
2005-05-24,94.53,94.65,94.18,94.43,49.9968566803323,1695400,0,1
2005-05-25,94.59,94.65,93.73,93.77,49.6474134376232,1923300,0,1
2005-05-26,93.59,94.07,93.59,93.74,49.6315296538637,978300,0,1
2005-05-27,93.74,93.98,93.54,93.84,49.6844755997287,650600,0,1
2005-05-31,94.22,95.05,94.22,95,50.2986485717628,1979000,0,1
2005-06-01,95.2,95.84,95.19,95.81,50.9123979762301,3823200,0.3492,1
2005-06-02,95.73,96.19,95.73,96.04,51.0346174891675,1703400,0,1
2005-06-03,96.9,97,95.2,95.25,50.6148200316868,5558100,0,1
2005-06-06,95.5,95.88,95.35,95.75,50.880514625029,1088700,0,1
2005-06-07,96.47,96.58,96.05,96.51,51.2843704069092,1503100,0,1
2005-06-08,96.31,96.45,96.05,96.05,51.0399313810343,1272400,0,1
2005-06-09,95.67,96.01,95.43,95.97,50.9974202460996,612700,0,1
2005-06-10,95.55,95.55,94.86,94.89,50.4235199244805,1464800,0,1
2005-06-13,94.48,94.53,94.17,94.32,50.1206280880704,1616700,0,1
2005-06-14,94.05,94.16,93.57,93.7,49.7911667923261,1984500,0,1
2005-06-15,93.39,93.87,93.33,93.87,49.8815029540624,1996800,0,1
2005-06-16,93.8,94.42,93.57,94.34,50.1312558718041,1370300,0,1
2005-06-17,94.11,94.47,94.02,94.33,50.1259419799372,555900,0,1
2005-06-20,93.82,94.2,93.6,94.17,50.0409197100677,453000,0,1
2005-06-21,94.38,94.86,94.32,94.86,50.4075782488799,503100,0,1
2005-06-22,95.49,96.09,95.26,96.01,51.018675813567,952200,0,1
2005-06-23,95.8,95.98,95.54,95.91,50.9655368948985,996300,0,1
2005-06-24,96.24,96.45,96.02,96.39,51.220603704507,928000,0,1
2005-06-27,96.49,96.81,96.35,96.65,51.358764893045,1203600,0,1
2005-06-28,96.32,96.37,95.91,95.99,51.0080480298333,982400,0,1
2005-06-29,96.47,96.48,95.6,95.84,50.9283396518306,1682400,0,1
2005-06-30,95.86,96.72,95.81,96.7,51.3853343523792,2159400,0,1
2005-07-01,96.04,96.26,94.99,95.2,50.7644592266572,2222700,0.3316,1
2005-07-05,94.35,94.74,94.27,94.3,50.2845431205228,1076100,0,1
2005-07-06,94.63,94.83,94.43,94.82,50.5618279818449,854100,0,1
2005-07-07,95.43,95.55,94.96,95.02,50.6684760054303,1678000,0,1
2005-07-08,95.25,95.25,94.32,94.63,50.4605123594387,1259300,0,1
2005-07-11,94.11,94.65,93.95,94.63,50.4605123594387,982000,0,1
2005-07-12,94.35,94.53,94.06,94.1,50.1778950969374,743700,0,1
2005-07-13,94.05,94.1,93.86,93.96,50.1032414804276,886600,0,1
2005-07-14,94.1,94.14,93.6,93.72,49.9752638521251,874300,0,1
2005-07-15,93.5,94.03,93.5,93.97,50.1085738816069,1064700,0,1
2005-07-18,93.85,93.97,93.1,93.27,49.7353057990579,1204500,0,1
2005-07-19,93.23,93.72,93.12,93.6,49.9112750379738,1226900,0,1
2005-07-20,93.51,94.24,93.18,94.11,50.1832274981166,1884500,0,1
2005-07-21,93.48,93.54,92.68,92.83,49.50068014717,3824200,0,1
2005-07-22,93.1,93.62,93.03,93.55,49.8846130320775,1614900,0,1
2005-07-25,93.4,93.71,93.14,93.21,49.7033113919823,305100,0,1
2005-07-26,93.27,93.41,93.17,93.36,49.7832974096713,340500,0,1
2005-07-27,93.07,93.27,93.01,93.21,49.7033113919823,593300,0,1
2005-07-28,93.38,94.17,93.38,94.04,50.1459006898618,578900,0,1
2005-07-29,93.8,93.8,92.85,93.11,49.6499873801896,1699500,0,1
2005-08-01,92.5,92.6,92.02,92.42,49.4660728635165,1760300,0.3451,1
2005-08-02,92.27,92.46,91.96,92.12,49.3055034861193,1071400,0,1
2005-08-03,92.25,92.66,92.25,92.57,49.5463575522152,591100,0,1
2005-08-04,92.59,92.79,92.2,92.38,49.4446636131969,1046800,0,1
2005-08-05,91.7,91.87,91.554,91.66,49.0592971074435,1041600,0,1
2005-08-08,91.68,91.85,91.44,91.49,48.968307793585,836600,0,1
2005-08-09,91.7,91.85,91.28,91.83,49.1502864213019,1474800,0,1
2005-08-10,92.01,92.1,91.54,91.73,49.0967632955028,909300,0,1
2005-08-11,92.03,92.45,91.7,92.37,49.439311300617,881600,0,1
2005-08-12,92.62,93.44,92.57,93.31,49.9424286831284,1765100,0,1
2005-08-15,93.26,93.3,93.05,93.07,49.8139731812106,954300,0,1
2005-08-16,93.68,93.9,93.5,93.72,50.1618734989047,1311000,0,1
2005-08-17,93.51,93.73,92.98,93.1,49.8300301189503,1278200,0,1
2005-08-18,93.45,93.81,93.27,93.79,50.199339686964,833900,0,1
2005-08-19,93.36,93.84,93.34,93.78,50.1939873743841,439200,0,1
2005-08-22,93.54,93.8,93.2,93.68,50.140464248585,599300,0,1
2005-08-23,93.73,94.23,93.65,94.11,50.3706136895211,491800,0,1
2005-08-24,94.27,94.33,93.85,94.2,50.4187845027403,998200,0,1
2005-08-25,94.28,94.61,94.06,94.5,50.5793538801376,812400,0,1
2005-08-26,94.65,94.88,94.2,94.47,50.5632969423978,874600,0,1
2005-08-29,94.83,94.88,94.5,94.59,50.6275246933567,550100,0,1
2005-08-30,94.83,95.35,94.72,95.19,50.9486634481513,1392700,0,1
2005-08-31,95.31,96,95.3,95.99,51.376848454544,1310800,0,1
2005-09-01,95.31,95.74,94.93,95.08,51.0686622961928,1899000,0.3342,1
2005-09-02,94.88,95.29,94.8,95.16,51.1116313010697,621400,0,1
2005-09-06,95.01,95.17,94.48,94.49,50.7517658852257,965300,0,1
2005-09-07,94.18,94.18,93.36,93.6,50.2737357059702,1090200,0,1
2005-09-08,93.89,93.98,93.6,93.7,50.3274469620663,373100,0,1
2005-09-09,93.96,94.32,93.88,94,50.4885807303547,426300,0,1
2005-09-12,93.66,93.71,93.19,93.35,50.1394575657299,917300,0,1
2005-09-13,93.76,94.12,93.64,93.84,50.4026427206009,450400,0,1
2005-09-14,93.82,93.88,93.38,93.48,50.2092821986549,346400,0,1
2005-09-15,93.35,93.35,92.4,92.71,49.7957055267147,2225800,0,1
2005-09-16,92.3,92.48,91.88,92.1,49.4680668645284,2145500,0,1
2005-09-19,92.18,92.44,92.1,92.3,49.5754893767206,886100,0,1
2005-09-20,92.29,92.8,91.88,92.54,49.7043963913513,1848800,0,1
2005-09-21,93.28,93.41,93.13,93.4,50.166313193778,993000,0,1
2005-09-22,93.37,93.45,93.13,93.31,50.1179730632914,761700,0,1
2005-09-23,93.05,93.1,92.61,92.61,49.7419942706186,656800,0,1
2005-09-26,92.11,92.38,92.1,92.19,49.5164069950149,680900,0,1
2005-09-27,92.27,92.56,91.94,92.32,49.5862316279398,827800,0,1
2005-09-28,92.39,93.02,92.26,92.94,49.9192414157358,712800,0,1
2005-09-29,92.6,92.61,92.36,92.52,49.6936541401321,657100,0,1
2005-09-30,92.58,92.69,92,92.2,49.5217781206245,1391800,0,1
2005-10-03,91.79,92.2,91.1,91.12,49.1360238793421,1370900,0.3618,1
2005-10-04,91.37,91.54,91.21,91.42,49.2977974434752,783200,0,1
2005-10-05,91.68,91.98,91.57,91.82,49.5134955289859,1215800,0,1
2005-10-06,91.7,91.74,91.44,91.47,49.324759704164,340000,0,1
2005-10-07,91.09,91.95,90.96,91.84,49.5242804332614,1337800,0,1
2005-10-10,91.85,91.97,91.62,91.78,49.4919257204348,159700,0,1
2005-10-11,91.84,91.92,91.45,91.59,49.3894691298172,679100,0,1
2005-10-12,91.44,91.44,90.65,90.7,48.9095408895559,1105700,0,1
2005-10-13,90.25,90.5,90.08,90.37,48.7315899690095,1376600,0,1
2005-10-14,90.6,90.7,89.82,90.23,48.6560956390808,1042600,0,1
2005-10-17,90.42,90.61,90.12,90.21,48.6453107348052,1058200,0,1
2005-10-18,90.46,90.48,90.23,90.31,48.6992352561829,878200,0,1
2005-10-19,90.66,90.97,90.35,90.35,48.720805064734,904800,0,1
2005-10-20,90.28,90.6,90.13,90.59,48.8502239160404,810300,0,1
2005-10-21,90.83,91.47,90.75,91.43,49.303189895613,1252800,0,1
2005-10-24,91.32,91.41,90.49,90.72,48.9203257938314,939100,0,1
2005-10-25,90.82,91.05,89.93,89.94,48.4997145270855,632900,0,1
2005-10-26,89.45,89.6999,89.16,89.28,48.1438126859928,2895800,0,1
2005-10-27,89.6,89.79,89.3,89.6,48.3163711544014,1197400,0,1
2005-10-28,89.72,89.88,89.12,89.61,48.3217636065392,750400,0,1
2005-10-31,89.77,90.04,89.58,89.78,48.4134352928812,547700,0,1
2005-11-01,89.43,89.65,89.09,89.28,48.3576341981596,647100,0.3965,1
2005-11-02,89.08,89.3899,88.83,88.86,48.1301453276037,781100,0,1
2005-11-03,88.89,88.97,88.24,88.26,47.8051612268097,962900,0,1
2005-11-04,88.42,88.64,87.86,88.12,47.729331603291,1888700,0,1
2005-11-07,88.5,88.57,88.35,88.42,47.8918236536881,1121600,0,1
2005-11-08,88.89,89.32,88.89,89.28,48.3576341981596,1396800,0,1
2005-11-09,88.78,88.93,88.36,88.36,47.8593252436087,1140300,0,1
2005-11-10,88.72,89.48,88.63,89.44,48.444296625038,1695200,0,1
2005-11-11,89.6,89.7,89.44,89.49,48.4713786334375,193700,0,1
2005-11-14,89.38,89.4499,88.62,88.82,48.1084797208841,1230100,0,1
2005-11-15,88.75,89.65,88.75,89.4,48.4226310183184,839800,0,1
2005-11-16,89.8,90.44,89.75,90.34,48.9317727762292,1822300,0,1
2005-11-17,90.17,90.9,90.05,90.56,49.050933613187,1003100,0,1
2005-11-18,90.37,90.45,90.06,90.14,48.8234447426311,734200,0,1
2005-11-21,90.34,90.66,90.33,90.41,48.9696875879885,503300,0,1
2005-11-22,90.37,90.67,90.35,90.53,49.0346844081473,1026900,0,1
2005-11-23,90.59,90.69,89.86,90.18,48.8451103493507,768300,0,1
2005-11-25,90.41,90.54,90.34,90.51,49.0238516047875,421500,0,1
2005-11-28,90.52,91.14,90.52,90.96,49.267589680383,883400,0,1
2005-11-29,91.08,91.11,90.03,90.1,48.8017791359115,889200,0,1
2005-11-30,90.3,90.3,89.82,90,48.7476151191125,1642800,0,1
2005-12-01,90,90.01,89.18,89.47,48.6718618668576,1214800,0.3901,1
2005-12-02,89.27,89.55,89.15,89.5,48.688181927839,746200,0,1
2005-12-05,89.35,89.35,88.85,89.1,48.4705811147537,431100,0,1
2005-12-06,89.41,90.12,89.32,90.01,48.9656229645228,968800,0,1
2005-12-07,89.8,89.91,89.52,89.67,48.7806622734002,386600,0,1
2005-12-08,89.98,90.36,89.8,90.25,49.0961834523739,976200,0,1
2005-12-09,89.98,90.01,89.47,89.54,48.7099420091475,817400,0,1
2005-12-12,89.75,89.75,89.14,89.37,48.6174616635862,440500,0,1
2005-12-13,89.72,89.82,89.38,89.7,48.7969823343816,598700,0,1
2005-12-14,90.2,90.82,90.14,90.62,49.2974642044779,635000,0,1
2005-12-15,90.44,90.44,89.99,90.4,49.1777837572809,724300,0,1
2005-12-16,90.83,90.9299,90.56,90.7,49.3409843670949,684500,0,1
2005-12-19,90.6,91.1,90.56,90.79,49.3899445500391,469800,0,1
2005-12-20,90.58,90.8,90.4,90.68,49.3301043264406,236000,0,1
2005-12-21,90.53,90.58,90.29,90.52,49.2430640012065,193100,0,1
2005-12-22,90.92,91.31,90.91,91.24,49.6347454647601,692700,0,1
2005-12-23,91.19,92.0401,91.1,91.8,49.9393866030795,2295800,0,1
2005-12-27,91.97,92.59,91.8,92.55,50.3473881276145,519500,0,1
2005-12-28,92.03,92.25,91.75,91.91,50.2073315402803,1295700,0.3825,1
2005-12-29,92.03,92.13,91.69,92.11,50.3165847913743,740600,0,1
2005-12-30,92.54,92.59,91.7,91.9,50.2018688777256,1099500,0,1
2006-01-03,91.59,92.25,91.48,91.78,50.1363169270691,1392700,0,1
2006-01-04,91.54,92.07,91.42,92,50.2564955032726,387600,0,1
2006-01-05,91.88,92.14,91.7,91.89,50.1964062151708,453400,0,1
2006-01-06,91.77,91.9,91.49,91.72,50.1035409517409,1193700,0,1
2006-01-09,91.7,91.78,91.54,91.78,50.1363169270691,413600,0,1
2006-01-10,91.63,91.68,91.03,91.04,49.732079898021,698900,0,1
2006-01-11,91.25,91.29,90.75,90.89,49.6501399597005,394600,0,1
2006-01-12,91.13,91.52,91,91.5,49.9833623755374,626600,0,1
2006-01-13,91.59,92.3,91.58,92.03,50.2728834909367,491000,0,1
2006-01-17,92,92.5,91.93,92.44,50.4968526556795,454300,0,1
2006-01-18,92.76,92.7685,92.12,92.57,50.5678672688907,622100,0,1
2006-01-19,92.07,92.44,91.96,92.14,50.3329727790384,490600,0,1
2006-01-20,92.32,92.48,92.05,92.38,50.4640766803513,842600,0,1
2006-01-23,91.8,92.5,91.73,92.35,50.4476886926872,720400,0,1
2006-01-24,92,92.19,91.76,91.9,50.2018688777256,300500,0,1
2006-01-25,91.51,91.57,90.79,90.9,49.6556026222552,1204500,0,1
2006-01-26,90.55,90.6,90.05,90.51,49.4425587826218,764100,0,1
2006-01-27,90.8,90.8,90.16,90.51,49.4425587826218,1091400,0,1
2006-01-30,90.3,90.5,90.24,90.42,49.3933948196294,308500,0,1
2006-01-31,90.35,90.73,90.2,90.34,49.3496935191918,676100,0,1
2006-02-01,90.15,90.46,89.85,90.04,49.3609127355467,622300,0.3205,1
2006-02-02,90.04,90.41,89.86,90.21,49.4541085947764,658500,0,1
2006-02-03,90,91,89.82,90.85,49.8049635942294,1524600,0,1
2006-02-06,90.98,91.2099,90.89,91.03,49.9036415628255,755100,0,1
2006-02-07,91.12,91.12,90.5,90.6,49.667910860068,280500,0,1
2006-02-08,90.88,90.88,90.29,90.39,49.5527865633725,261700,0,1
2006-02-09,90.14,90.9,90.06,90.8,49.7775530473971,1119200,0,1
2006-02-10,91.2,91.38,90.24,90.3,49.5034475790744,938000,0,1
2006-02-13,90.24,90.36,90.16,90.31,49.5089296884409,218700,0,1
2006-02-14,89.9,90.2,89.72,89.99,49.3335021887144,836100,0,1
2006-02-15,90.14,90.47,89.88,90.21,49.4541085947764,720300,0,1
2006-02-16,90.2,90.3,90,90.23,49.4650728135093,427800,0,1
2006-02-17,90.8,91.07,90.8,90.95,49.8597846878939,731400,0,1
2006-02-21,90.9,91,90.78,90.8,49.7775530473971,433300,0,1
2006-02-22,91.18,91.45,91.09,91.42,50.1174438281172,559000,0,1
2006-02-23,91.31,91.31,90.93,91.19,49.9913553126888,288300,0,1
2006-02-24,91.44,91.44,90.95,91.05,49.9146057815584,485700,0,1
2006-02-27,91.35,91.35,90.73,90.9,49.8323741410616,446200,0,1
2006-02-28,91,91.44,90.92,91.03,49.9036415628255,744200,0,1
2006-03-01,90.77,90.87,90.38,90.48,49.7774094161317,713600,0.3197,1
2006-03-02,90.06,90.1,89.4,89.85,49.4308160481812,1640000,0,1
2006-03-03,89.48,89.55,89.23,89.33,49.1447389825712,1253300,0,1
2006-03-06,88.98,88.99,88.5,88.55,48.7156233841563,872700,0,1
2006-03-07,88.4,88.75,88.31,88.61,48.7486322763421,1692900,0,1
2006-03-08,88.57,88.88,88.45,88.58,48.7321278302492,1184700,0,1
2006-03-09,88.56,88.67,88.27,88.61,48.7486322763421,282100,0,1
2006-03-10,88.32,88.47,88.01,88.28,48.5670833693204,1086900,0,1
2006-03-13,88.09,88.27,88.01,88.21,48.5285729951037,1740100,0,1
2006-03-14,88.45,88.99,88.45,88.8,48.8531604349303,904400,0,1
2006-03-15,88.44,88.54,88.15,88.32,48.5890892974442,971000,0,1
2006-03-16,88.51,89.33,88.43,89.12,49.0292078599211,1048000,0,1
2006-03-17,88.85,89,88.75,88.85,48.8806678450851,703500,0,1
2006-03-20,89.23,89.24,88.98,88.99,48.9576885935186,576000,0,1
2006-03-21,89.15,89.15,88.36,88.53,48.7046204200944,817200,0,1
2006-03-22,88.75,88.98,88.63,88.72,48.8091485786826,205500,0,1
2006-03-23,88.82,88.87,88.34,88.44,48.6551070818157,613400,0,1
2006-03-24,88.67,89.29,88.5,89.09,49.0127034138282,954800,0,1
2006-03-27,89.05,89.05,88.6,88.76,48.8311545068065,467100,0,1
2006-03-28,88.4,88.43,87.84,87.93,48.3745314982368,1094900,0,1
2006-03-29,87.83,88.02,87.37,87.51,48.1434692529364,1071700,0,1
2006-03-30,87.14,87.29,86.59,86.9,47.8078788490478,1152000,0,1
2006-03-31,86.98,87.14,86.5,86.54,47.6098254959332,1167700,0,1
2006-04-03,86.24,86.69,86.08,86.57,47.8069760558465,1549700,0.3284,1
2006-04-04,86.76,86.9,86.36,86.48,47.7572749140535,749100,0,1
2006-04-05,86.64,86.78,86.5,86.6,47.8235431031109,638600,0,1
2006-04-06,86.23,86.29,85.76,85.94,47.459068063295,2022100,0,1
2006-04-07,85.5,85.63,84.9,85.1,46.995190739893,1956500,0,1
2006-04-10,85.25,85.35,84.96,85.26,47.0835483253029,1527100,0,1
2006-04-11,85.55,85.7,85.33,85.56,47.2492187979465,1237300,0,1
2006-04-12,85.67,85.73,85,85.04,46.9620566453643,1902000,0,1
2006-04-13,84.54,84.64,84.27,84.44,46.6307157000772,3219400,0,1
2006-04-17,84.54,84.97,84.35,84.75,46.8019085218089,1465400,0,1
2006-04-18,84.93,85.27,84.74,84.9,46.8847437581307,2680300,0,1
2006-04-19,84.52,84.59,84.06,84.38,46.5975816055485,1830300,0,1
2006-04-20,84.4,84.51,84.12,84.31,46.5589251619316,1378200,0,1
2006-04-21,84.46,84.86,84.25,84.8,46.8295202672495,1303000,0,1
2006-04-24,84.99,85.39,84.85,85.14,47.0172801362455,991500,0,1
2006-04-25,85,85.1,84.06,84.13,46.4595228783455,2067400,0,1
2006-04-26,83.85,84.08,83.73,83.99,46.3822099911118,1544900,0,1
2006-04-27,83.67,84.3,83.65,84.1,46.4429558310811,1864200,0,1
2006-04-28,83.97,84.21,83.76,83.83,46.2938524057019,809400,0,1
2006-05-01,83.66,83.68,83.12,83.2,46.128038904217,1795500,0.3297,1
2006-05-02,83.31,83.54,83.26,83.42,46.2500120840118,1097900,0,1
2006-05-03,83.35,83.43,82.94,83.24,46.1502158459978,1114000,0,1
2006-05-04,83.38,83.4,83.1,83.1,46.0725965497648,977800,0,1
2006-05-05,84,84.08,83.49,83.6,46.3498083220257,1685900,0,1
2006-05-08,83.59,83.77,83.53,83.65,46.3775294992518,666400,0,1
2006-05-09,83.55,83.68,83.33,83.6,46.3498083220257,341300,0,1
2006-05-10,83.71,84.02,83.35,83.75,46.432971853704,1320200,0,1
2006-05-11,83.46,83.46,83.09,83.34,46.20565820045,1189800,0,1
2006-05-12,82.82,83.01,82.55,82.65,45.82310595473,1804700,0,1
2006-05-15,82.65,83.23,82.65,82.98,46.0060657244222,1433500,0,1
2006-05-16,83.2,83.64,83.08,83.6,46.3498083220257,1677600,0,1
2006-05-17,82.91,83.08,82.72,83.08,46.0615080788743,1440800,0,1
2006-05-18,83.54,84.23,83.53,84.21,46.688006684184,2177700,0,1
2006-05-19,84.2,84.86,84.08,84.43,46.8099798639788,2619500,0,1
2006-05-22,84.86,85.15,84.48,84.61,46.9097761019928,2652000,0,1
2006-05-23,84.27,84.56,84.03,84.56,46.8820549247667,1394900,0,1
2006-05-24,84.96,85,84.53,84.6,46.9042318665475,1226300,0,1
2006-05-25,84.55,84.73,84.19,84.27,46.7212720968553,678000,0,1
2006-05-26,84.24,84.5,84.21,84.21,46.688006684184,398400,0,1
2006-05-30,84.19,84.3,84.01,84.17,46.6658297424032,482200,0,1
2006-05-31,84.34,84.43,83.58,83.67,46.3886179701422,880700,0,1
2006-06-01,83.43,83.84,83.35,83.71,46.594989382849,1561100,0.3322,1
2006-06-02,84.72,84.89,84.5,84.79,47.1961432298622,2041900,0,1
2006-06-05,84.81,84.82,84.51,84.68,47.134914597296,1102900,0,1
2006-06-06,84.66,85.18,84.59,85.08,47.3575641702639,2188000,0,1
2006-06-07,84.84,85.12,84.65,85.1,47.3686966489123,1324100,0,1
2006-06-08,85.27,85.78,85.11,85.27,47.4633227174236,3496700,0,1
2006-06-09,85.35,85.82,85.35,85.72,47.7138034870125,657200,0,1
2006-06-12,85.62,85.92,85.53,85.79,47.7527671622818,528700,0,1
2006-06-13,85.83,85.94,85.55,85.85,47.786164598227,1448300,0,1
2006-06-14,85.5,85.56,84.91,84.99,47.3074680163461,1439100,0,1
2006-06-15,84.67,84.84,84.41,84.5,47.0347222894605,1734600,0,1
2006-06-16,84.68,84.76,84.18,84.31,46.9289637423008,1184600,0,1
2006-06-19,84.15,84.29,83.98,84.19,46.8621688704104,1233700,0,1
2006-06-20,84.19,84.19,83.88,84.05,46.7842415198716,611400,0,1
2006-06-21,84.2,84.25,84.07,84.07,46.79537399852,476000,0,1
2006-06-22,83.82,83.9,83.56,83.59,46.5281945109586,745500,0,1
2006-06-23,83.66,83.73,83.35,83.42,46.4335684424473,675500,0,1
2006-06-26,83.42,83.47,83.12,83.26,46.3445086132601,526100,0,1
2006-06-27,83.38,83.74,83.38,83.67,46.5727244255522,429100,0,1
2006-06-28,83.63,83.63,83.19,83.23,46.3278098952875,381300,0,1
2006-06-29,83.45,83.82,83.36,83.51,46.483664596365,1609300,0,1
2006-06-30,83.5,84.4,83.5,84.32,46.934529981625,1219000,0,1
2006-07-03,83.84,83.96,83.73,83.91,46.8881737839091,716800,0.3267,1
2006-07-05,83.4,83.42,82.95,83.24,46.5137836464378,1289200,0,1
2006-07-06,83.33,83.79,83.33,83.75,46.798767183916,451400,0,1
2006-07-07,84.2,84.46,84.08,84.29,47.1005144588929,1356900,0,1
2006-07-10,84.09,84.4,84.05,84.37,47.1452177588894,480400,0,1
2006-07-11,84.59,84.86,84.58,84.64,47.2960913963779,423800,0,1
2006-07-12,84.3,84.82,84.27,84.66,47.307267221377,641000,0,1
2006-07-13,84.9,85.05,84.68,84.99,47.4916683338629,1347400,0,1
2006-07-14,84.82,85.16,84.82,85.04,47.5196078963608,1343900,0,1
2006-07-17,85.04,85.19,84.85,85.17,47.5922507588552,514100,0,1
2006-07-18,84.7,84.75,84.4,84.44,47.1843331463864,621000,0,1
2006-07-19,84.25,85.3,84.24,85.24,47.6313661463522,1267400,0,1
2006-07-20,84.97,85.63,84.97,85.49,47.7710639588415,1320200,0,1
2006-07-21,85.6,85.67,85.2,85.33,47.6816573588483,652100,0,1
2006-07-24,85.41,85.51,85.21,85.28,47.6537177963505,393900,0,1
2006-07-25,85.23,85.38,84.903,85.03,47.5140199838612,948200,0,1
2006-07-26,84.91,85.37,84.8701,85.34,47.6872452713479,717100,0,1
2006-07-27,85.48,85.4848,85.12,85.21,47.6146024088535,295500,0,1
2006-07-28,85.65,85.89,85.6,85.7,47.8884101213325,769800,0,1
2006-07-31,85.62,85.81,85.55,85.81,47.9498771588278,375100,0,1
2006-08-01,85.3,85.5,85.04,85.46,47.9454381211381,577800,0.3421,1
2006-08-02,85.37,85.78,85.2,85.78,48.1249670258744,477400,0,1
2006-08-03,85.63,86.04,85.52,85.8,48.1361875824205,500500,0,1
2006-08-04,86.4,86.48,86.29,86.32,48.4279220526169,1246000,0,1
2006-08-07,86.33,86.39,86.18,86.37,48.455973443982,1127600,0,1
2006-08-08,86.38,86.57,86.09,86.18,48.3493781567948,844400,0,1
2006-08-09,85.75,86.02,85.71,85.9,48.1922903651506,372400,0,1
2006-08-10,85.85,85.85,85.45,85.77,48.1193567476014,539000,0,1
2006-08-11,85.47,85.53,85.36,85.4,47.9117764515001,450800,0,1
2006-08-14,85.35,85.37,85.19,85.25,47.8276222774049,662300,0,1
2006-08-15,85.78,86.09,85.78,85.97,48.2315623130616,1093800,0,1
2006-08-16,86.57,86.64,86.4601,86.55,48.5569584528962,838900,0,1
2006-08-17,86.77,86.77,86.42,86.52,48.5401276180771,922300,0,1
2006-08-18,86.72,86.91,86.65,86.77,48.6803845749024,1050700,0,1
2006-08-21,86.89,87.08,86.87,87.08,48.8543032013657,676400,0,1
2006-08-22,87.06,87.23,86.97,87.1,48.8655237579117,749300,0,1
2006-08-23,87.06,87.24,86.86,87.15,48.8935751492767,801700,0,1
2006-08-24,87.41,87.44,87.24,87.31,48.9833396016449,1206700,0,1
2006-08-25,87.24,87.59,87.2,87.44,49.056273219194,569000,0,1
2006-08-28,87.41,87.52,87.24,87.52,49.1011554453781,582300,0,1
2006-08-29,87.25,87.64,86.98,87.64,49.1684787846542,1345600,0,1
2006-08-30,87.83,87.87,87.66,87.87,49.2975151849334,1180500,0,1
2006-08-31,87.74,88.2,87.74,88.08,49.4153310286666,1272400,0,1
2006-09-01,87.62,87.9,87.47,87.76,49.432248261771,893400,0.3502,1
2006-09-05,87.59,87.64,87.16,87.26,49.1506151244547,2271300,0,1
2006-09-06,86.89,87.09,86.72,87.09,49.0548598577671,1853400,0,1
2006-09-07,86.93,87.32,86.74,87.26,49.1506151244547,1716100,0,1
2006-09-08,87.49,87.6,87.33,87.33,49.1900437636789,540300,0,1
2006-09-11,87.49,87.49,86.95,87.25,49.1449824617083,557600,0,1
2006-09-12,87.15,87.71,87,87.69,49.3928196225467,820800,0,1
2006-09-13,88.03,88.03,87.66,87.73,49.415350273532,797000,0,1
2006-09-14,87.65,87.87,87.42,87.53,49.3026970186055,672800,0,1
2006-09-15,87.76,87.95,87.45,87.46,49.2632683793812,1047200,0,1
2006-09-18,86.97,87.4,86.97,87.4,49.2294724029032,871400,0,1
2006-09-19,87.86,88.3,87.84,88.3,49.7364120500727,1229600,0,1
2006-09-20,88.38,88.48,88.14,88.43,49.809636665775,827400,0,1
2006-09-21,88.35,89.28,88.35,89.24,50.2658823482275,1698600,0,1
2006-09-22,89.37,89.7,89.32,89.61,50.4742908698416,1428600,0,1
2006-09-25,89.84,90.31,89.81,90.31,50.8685772620846,2607600,0,1
2006-09-26,90,90.1,89.82,89.93,50.6545360777241,2200000,0,1
2006-09-27,90.25,90.28,89.63,89.63,50.4855561953343,1165400,0,1
2006-09-28,89.43,89.59,89.27,89.52,50.4235969051247,1796800,0,1
2006-09-29,89.69,89.73,89.09,89.41,50.3616376149151,1398000,0,1
2006-10-02,89.1,89.45,88.97,89.3,50.4988954672502,1211900,0.3537,1
2006-10-03,89.4,89.44,89.15,89.18,50.4310358092874,854900,0,1
2006-10-04,89.33,89.85,89.33,89.83,50.7986089565855,1155500,0,1
2006-10-05,89.54,89.54,88.95,89.2,50.4423457522812,1241600,0,1
2006-10-06,89,89.1,88.22,88.27,49.9164334030702,2472400,0,1
2006-10-09,88.1,88.6,88.01,88.51,50.0521527189957,834900,0,1
2006-10-10,87.99,88.11,87.63,87.81,49.6563047142132,1398700,0,1
2006-10-11,87.95,88.03,87.42,87.58,49.5262403697846,1521600,0,1
2006-10-12,87.63,87.77,87.48,87.6,49.5375503127784,586400,0,1
2006-10-13,87.29,87.36,87.11,87.16,49.2887315669152,1414100,0,1
2006-10-16,87.4,87.56,87.37,87.55,49.509275455294,897600,0,1
2006-10-17,87.88,88.05,87.51,87.62,49.5488602557722,730800,0,1
2006-10-18,87.69,87.88,87.55,87.8,49.6506497427163,499600,0,1
2006-10-19,87.59,87.76,87.36,87.64,49.560170198766,797300,0,1
2006-10-20,87.61,87.7,87.55,87.55,49.509275455294,280700,0,1
2006-10-23,87.15,87.21,86.88,87.2,49.3113514529027,1200600,0,1
2006-10-24,87.17,87.25,87.15,87.2,49.3113514529027,243400,0,1
2006-10-25,87.27,87.97,87.23,87.89,49.7015444861883,558400,0,1
2006-10-26,88.29,88.52,88.15,88.46,50.0238778615112,1558300,0,1
2006-10-27,89.02,89.05,88.7,88.87,50.2557316928838,1601500,0,1
2006-10-30,88.89,89.12,88.84,89.12,50.3971059803061,901200,0,1
2006-10-31,89.25,89.87,89.14,89.46,50.5893750112004,964600,0,1
2006-11-01,89.61,90.12,89.45,89.96,51.0674728799138,1440100,0.3454,1
2006-11-02,89.63,89.77,89.48,89.59,50.8574354747829,853300,0,1
2006-11-03,88.67,88.84,88.3,88.42,50.1932631396396,1534100,0,1
2006-11-06,88.47,88.79,88.35,88.79,50.4033005447704,528000,0,1
2006-11-07,89.28,89.51,89.12,89.2,50.6360446964018,525900,0,1
2006-11-08,89.24,89.53,89.09,89.53,50.823375355032,706300,0,1
2006-11-09,89.47,89.59,89.38,89.47,50.7893152352811,729600,0,1
2006-11-10,89.65,90.0401,89.65,89.86,51.0107060136622,738100,0,1
2006-11-13,89.84,89.84,89.4701,89.84,50.9993526404119,462400,0,1
2006-11-14,90.34,90.39,90.12,90.19,51.1980366722924,916400,0,1
2006-11-15,89.97,90.05,89.74,89.85,51.005029327037,1803200,0,1
2006-11-16,90,90.05,89.28,89.44,50.7722851754056,1494400,0,1
2006-11-17,89.56,90.22,89.51,89.95,51.0617961932886,1752000,0,1
2006-11-20,90,90.12,89.86,90.09,51.1412698060408,857200,0,1
2006-11-21,90.14,90.39,89.96,90.31,51.2661569117943,605100,0,1
2006-11-22,90.36,90.51,90.27,90.46,51.3513072111716,770300,0,1
2006-11-24,90.75,90.9,90.62,90.62,51.4421341971741,533400,0,1
2006-11-27,90.23,90.95,90.12,90.95,51.6294648558043,784500,0,1
2006-11-28,91.21,91.2472,90.76,91.15,51.7429985883075,1466300,0,1
2006-11-29,91.3,91.36,90.91,90.93,51.618111482554,1206400,0,1
2006-11-30,91.27,91.63,91.14,91.18,51.7600286481829,1428600,0,1
2006-12-01,91.28,91.8,91.15,91.42,52.0904833360186,1156000,0.3421,1
2006-12-04,91.3,91.62,91.22,91.58,52.1816502287528,460700,0,1
2006-12-05,91.36,91.52,91,91.15,51.9366392045295,1833700,0,1
2006-12-06,91.0282,91.18,90.89,90.97,51.8340764502035,936100,0,1
2006-12-07,90.99,91.09,90.7495,90.9,51.7941909346323,739200,0,1
2006-12-08,90.85,90.97,90.19,90.24,51.4181275021036,2090300,0,1
2006-12-11,90.63,90.74,90.51,90.63,51.6403468031433,727700,0,1
2006-12-12,90.73,90.97,90.45,90.82,51.7486074882652,802800,0,1
2006-12-13,90.31,90.35,89.82,90.01,51.2870750937982,1217900,0,1
2006-12-14,89.82,89.9,89.6,89.68,51.0990433775338,687600,0,1
2006-12-15,90.54,90.66,89.6,89.73,51.1275330315133,1162100,0,1
2006-12-18,89.72,89.84,89.59,89.76,51.144626823901,441400,0,1
2006-12-19,89.51,89.81,89.51,89.64,51.0762516543503,930700,0,1
2006-12-20,89.65,89.6799,89.55,89.63,51.0705537235544,336800,0,1
2006-12-21,89.71,90.19,89.6,90.08,51.3269606093694,770700,0,1
2006-12-22,89.83,89.85,89.21,89.39,50.9338033844531,1433200,0,1
2006-12-26,89.45,89.69,89.36,89.66,51.0876475159421,496200,0,1
2006-12-27,89.32,89.3301,88.7,88.7,50.7130575683172,840700,0.3026,1
2006-12-28,88.9,88.96,88.06,88.5,50.5987102006322,1080200,0,1
2006-12-29,88.35,88.55,88.21,88.43,50.5586886219424,775500,0,1
2007-01-03,89.22,89.46,88.66,89.07,50.9246001985345,1870400,0,1
2007-01-04,89.22,89.65,89.22,89.6,51.2276207228999,1697000,0,1
2007-01-05,88.8,89.4,88.75,89.22,51.0103607242983,1298400,0,1
2007-01-08,89.12,89.37,89.05,89.37,51.0961212500621,414200,0,1
2007-01-09,89.43,89.48,89.22,89.37,51.0961212500621,481500,0,1
2007-01-10,89.07,89.13,88.88,88.97,50.867426514692,519600,0,1
2007-01-11,88.79,88.8,88.26,88.45,50.5701233587109,1293500,0,1
2007-01-12,88.15,88.84,87.9,88.04,50.3357112549566,846300,0,1
2007-01-16,88.23,88.24,88.03,88.2,50.4271891491046,702800,0,1
2007-01-17,88.21,88.27,87.82,87.96,50.2899723078825,724200,0,1
2007-01-18,87.94,88.28,87.78,88.23,50.4443412542574,918300,0,1
2007-01-19,88.15,88.15,87.87,87.99,50.3071244130353,882500,0,1
2007-01-22,88.15,88.33,88.12,88.2,50.4271891491046,432000,0,1
2007-01-23,88.02,88.05,87.57,87.62,50.095581782818,1096800,0,1
2007-01-24,87.66,87.7,87.5,87.61,50.0898644144337,463700,0,1
2007-01-25,87.45,87.47,86.88,86.98,49.7296702062258,1397000,0,1
2007-01-26,86.78,87.08,86.61,86.91,49.6896486275361,1576800,0,1
2007-01-29,87.06,87.1,86.6,86.72,49.5810186282353,1015300,0,1
2007-01-30,86.89,86.91,86.76,86.82,49.6381923120778,1295100,0,1
2007-01-31,86.73,87.61,86.7,87.19,49.8497349422951,2078000,0,1
2007-02-01,87.65,87.76,87,87.09,49.9956947832504,986200,0.3553,1
2007-02-02,87.08,87.39,87.08,87.2,50.058842405551,814700,0,1
2007-02-05,87.4,87.46,87.16,87.32,50.127730720788,395500,0,1
2007-02-06,87.2,87.83,87.16,87.8,50.4032839817359,770500,0,1
2007-02-07,87.9,88.12,87.84,88.06,50.5525419980828,836200,0,1
2007-02-08,87.99,88.31,87.91,88.13,50.5927268486377,980200,0,1
2007-02-09,87.89,87.92,87.55,87.63,50.3056922018169,878300,0,1
2007-02-12,87.49,87.65,87.33,87.43,50.1908783430885,467600,0,1
2007-02-13,87.49,87.49,87.2,87.24,50.0818051772966,1310600,0,1
2007-02-14,87.52,88.19,87.52,88.07,50.5582826910192,2262500,0,1
2007-02-15,88.53,88.58,88.33,88.33,50.707540707366,893800,0,1
2007-02-16,88.59,88.72,88.48,88.64,50.8855021883949,1476700,0,1
2007-02-20,88.5,88.85,88.5,88.84,51.0003160471233,847400,0,1
2007-02-21,88.53,88.7,88.48,88.69,50.914205653077,379800,0,1
2007-02-22,88.41,88.45,88.0899,88.21,50.638652392129,485200,0,1
2007-02-23,88.53,88.94,88.49,88.84,51.0003160471233,735700,0,1
2007-02-26,89.2,89.44,89.11,89.43,51.3390169303718,763400,0,1
2007-02-27,89.74,91.26,89.6,90.56,51.9877152321869,3243200,0,1
2007-02-28,90.16,90.47,89.89,90.15,51.7523468217938,1701900,0,1
2007-03-01,90.28,90.43,89.65,89.74,51.7136786623127,2423900,0.3426,1
2007-03-02,90.015,90.48,89.67,90.16,51.9557083596402,1619800,0,1
2007-03-05,90.49,90.5,90.0615,90.35,52.0651979846217,1505200,0,1
2007-03-06,90.06,90.36,89.99,90.08,51.9096074649112,837400,0,1
2007-03-07,90.08,90.5,89.98,90.43,52.1112988793508,915400,0,1
2007-03-08,90.29,90.42,90.11,90.35,52.0651979846217,574700,0,1
2007-03-09,89.38,89.9,89.19,89.4,51.5177498597142,1534700,0,1
2007-03-12,89.73,89.98,89.68,89.75,51.7194412741538,594400,0,1
2007-03-13,90.23,90.34,89.98,90.29,52.0306223135749,553800,0,1
2007-03-14,90.15,90.54,89.84,89.88,51.7943552280885,1698100,0,1
2007-03-15,89.76,89.96,89.67,89.87,51.7885926162474,394900,0,1
2007-03-16,89.67,89.92,89.65,89.85,51.7770673925651,623800,0,1
2007-03-19,89.58,89.7,89.52,89.66,51.6675777675836,693900,0,1
2007-03-20,89.91,89.95,89.69,89.71,51.6963908267893,768400,0,1
2007-03-21,89.35,90.09,88.69,89.75,51.7194412741538,1513400,0,1
2007-03-22,89.48,89.48,88.83,89.04,51.3102958334335,1484300,0,1
2007-03-23,89.19,89.2,88.78,88.79,51.1662305374052,1679700,0,1
2007-03-26,88.62,89.27,88.5,88.9,51.2296192676577,763600,0,1
2007-03-27,88.64,88.81,88.56,88.75,51.1431800900407,619800,0,1
2007-03-28,88.91,89.11,88.41,88.57,51.0394530769003,816900,0,1
2007-03-29,88.54,88.67,88.32,88.45,50.9703017348067,823000,0,1
2007-03-30,88.65,88.92,88.22,88.28,50.8723373335075,2015100,0,1
2007-04-02,88.11,88.22,88.01,88.1,50.9564881779624,579600,0.326,1
2007-04-03,88.02,88.17,87.98,87.99,50.892864866957,617000,0,1
2007-04-04,88.21,88.34,87.9,88.08,50.9449203032341,576900,0,1
2007-04-05,88.1,88.12,87.71,87.75,50.7540503702179,436400,0,1
2007-04-09,87.28,87.31,87.13,87.17,50.4185820030985,1283900,0,1
2007-04-10,87.39,87.55,87.31,87.43,50.5689643745658,674400,0,1
2007-04-11,87.47,87.58,87.28,87.37,50.5342607503811,476200,0,1
2007-04-12,87.5,87.5699,87.28,87.39,50.5458286251093,495100,0,1
2007-04-13,87.41,87.47,87.01,87.12,50.3896623162779,557800,0,1
2007-04-16,87.4,87.6763,87.4,87.6,50.667291309756,833600,0,1
2007-04-17,87.89,88.16,87.84,88.09,50.9507042405983,1254200,0,1
2007-04-18,88.37,88.56,88.36,88.53,51.2051974846199,450800,0,1
2007-04-19,88.66,88.71,88.2,88.38,51.1184384241579,1305900,0,1
2007-04-20,88.45,88.45,88.06,88.15,50.985407864783,664500,0,1
2007-04-23,88.14,88.59,88.04,88.47,51.1704938604351,419000,0,1
2007-04-24,88.45,88.82,88.45,88.8,51.3613637934513,881300,0,1
2007-04-25,88.57,88.79,88.11,88.49,51.1820617351633,569000,0,1
2007-04-26,88.42,88.43,87.85,87.85,50.8118897438592,2048400,0,1
2007-04-27,88.01,88.05,87.78,87.83,50.8003218691309,428700,0,1
2007-04-30,88.33,88.75,88.25,88.42,51.1415741736145,485700,0,1
2007-05-01,88.58,88.64,88.11,88.49,51.3694717168483,487200,0.324,1
2007-05-02,88.44,88.48,88.29,88.44,51.3404461367168,443900,0,1
2007-05-03,88.37,88.37,88.01,88.24,51.2243438161905,427000,0,1
2007-05-04,88.52,88.64,88.5,88.6,51.4333279931378,262000,0,1
2007-05-07,88.7,88.85,88.67,88.84,51.5726507777693,210200,0,1
2007-05-08,88.7,89.01,88.64,88.64,51.456548457243,488400,0,1
2007-05-09,88.65,88.66,88.26,88.29,51.2533693963221,634900,0,1
2007-05-10,88.4,88.5899,88.31,88.5,51.3752768328746,519500,0,1
2007-05-11,88.64,88.7,88.1325,88.19,51.1953182360589,1238400,0,1
2007-05-14,88.23,88.28,87.96,87.96,51.0618005674537,315200,0,1
2007-05-15,88.19,88.2101,87.66,87.93,51.0443852193748,382400,0,1
2007-05-16,87.86,88,87.83,87.87,51.0095545232169,599500,0,1
2007-05-17,87.6,87.72,87.411,87.51,50.8005703462696,397000,0,1
2007-05-18,87.35,87.4999,86.88,86.93,50.4638736167434,856500,0,1
2007-05-21,86.93,87.24,86.8305,87.19,50.6148066334276,821100,0,1
2007-05-22,87.18,87.2,86.68,86.74,50.3535764122435,920200,0,1
2007-05-23,86.84,86.84,86.31,86.49,50.2084485115856,914500,0,1
2007-05-24,86.46,86.5899,85.96,86.57,50.2548894397961,1598200,0,1
2007-05-25,86.4,86.61,86.33,86.37,50.1387871192699,754900,0,1
2007-05-29,86.51,86.5699,85.83,86.38,50.1445922352962,1055700,0,1
2007-05-30,86.79,86.79,86.39,86.54,50.2374740917172,612000,0,1
2007-05-31,86.56,86.58,86.04,86.38,50.1445922352962,1725900,0,1
2007-06-01,85.95,86.84,85.54,85.59,49.8819409217088,1694300,0.3376,1
2007-06-04,85.83,86.02,85.67,85.98,50.1092333268901,877700,0,1
2007-06-05,85.89,85.94,85.38,85.44,49.7945207658699,1145400,0,1
2007-06-06,85.36,85.54,85.26,85.4,49.7712087243128,1129200,0,1
2007-06-07,84.63,84.71,83.73,83.87,48.8795231347554,5010400,0,1
2007-06-08,83.61,84.12,83.36,83.8,48.8387270620306,5307600,0,1
2007-06-11,83.49,83.89,83.26,83.56,48.6988548126883,2043800,0,1
2007-06-12,82.91,83.42,82.2,82.35,47.9936655555873,9043900,0,1
2007-06-13,82.7,83.76,82.65,83.33,48.5648105737352,8751200,0,1
2007-06-14,83.14,83.71,83.05,83.12,48.4424223555607,3384700,0,1
2007-06-15,83.42,83.73,83.2,83.69,48.7746189477487,5827200,0,1
2007-06-18,83.63,83.65,82.24,83.52,48.6755427711312,17704600,0,1
2007-06-19,83.8,84.45,83.72,84.3,49.1301275814938,4620100,0,1
2007-06-20,84.02,84.08,83.59,83.9,48.8970071659232,3031700,0,1
2007-06-21,83.63,83.7001,83.21,83.22,48.5007024594533,850400,0,1
2007-06-22,83.05,83.77,82.95,83.76,48.8154150204735,2118900,0,1
2007-06-25,84.15,84.35,83.96,84.22,49.0835034983797,1323500,0,1
2007-06-26,84.29,84.32,83.97,84.24,49.0951595191582,2187800,0,1
2007-06-27,84.61,84.74,84.2,84.32,49.1417836022723,6109300,0,1
2007-06-28,84.32,84.58,84.18,84.3,49.1301275814938,3612500,0,1
2007-06-29,84.85,85.3,84.64,85.17,49.6371644853597,1962200,0,1
2007-07-02,84.84,85.37,84.81,85.29,49.8969113319957,2811700,0.3257,1
2007-07-03,85.25,85.34,84.71,84.77,49.5926975450027,1387500,0,1
2007-07-05,84.31,84.42,83.72,83.82,49.0369223572269,4586800,0,1
2007-07-06,83.54,83.55,83.28,83.48,48.8380133426545,1437800,0,1
2007-07-09,83.87,83.93,83.68,83.78,49.013521296689,795400,0,1
2007-07-10,84.48,85.2,84.43,85.2,49.8442589457854,2258000,0,1
2007-07-11,84.95,85.09,84.32,84.32,49.329435613951,1191300,0,1
2007-07-12,84.55,84.58,83.8714,84.03,49.159777925051,1941200,0,1
2007-07-13,84.45,84.5485,83.94,84.26,49.2943340231441,725900,0,1
2007-07-16,84.52,85.11,84.52,85.07,49.7682054990371,952000,0,1
2007-07-17,84.86,85.09,84.5,84.89,49.6629007266164,734200,0,1
2007-07-18,84.93,85.54,84.81,85.21,49.8501092109199,1836800,0,1
2007-07-19,84.9,85.26,84.8,85.19,49.8384086806509,1021000,0,1
2007-07-20,85.38,86.08,85.32,85.96,50.288879096006,1459900,0,1
2007-07-23,85.69,85.97,85.69,85.82,50.2069753841233,777900,0,1
2007-07-24,86.01,86.16,85.72,86.14,50.3941838684267,1351600,0,1
2007-07-25,86.07,86.39,86,86.31,50.4936383757129,881100,0,1
2007-07-26,86.74,87.46,86.65,87.03,50.9148574653956,2866400,0,1
2007-07-27,87.03,87.56,86.85,87.26,51.0494135634886,5367800,0,1
2007-07-30,87.19,87.36,86.91,87.03,50.9148574653956,1803900,0,1
2007-07-31,87.13,87.75,86.95,87.66,51.2834241688679,2467600,0,1
2007-08-01,87.31,87.54,87.09,87.13,51.1725698349407,2154700,0.3405,1
2007-08-02,87.21,87.45,86.99,87.35,51.3017786650071,2079400,0,1
2007-08-03,87.28,87.93,87.28,87.93,51.6424201260913,1577600,0,1
2007-08-06,87.7,87.72,87.17,87.29,51.2665398931708,1298400,0,1
2007-08-07,87.43,87.71,86.92,87.22,51.2254279926951,1890800,0,1
2007-08-08,86.89,86.89,85.86,86.16,50.6028763569206,6453000,0,1
2007-08-09,86.75,86.86,85.72,86.28,50.6733539005932,2637500,0,1
2007-08-10,86.49,86.7,85.98,86.08,50.5558913278055,1496400,0,1
2007-08-13,85.92,86.4,85.9,86.33,50.7027195437901,1312600,0,1
2007-08-14,86.02,86.78,86.0123,86.56,50.8378015024959,1314700,0,1
2007-08-15,86.65,86.75,86.25,86.25,50.655734514675,1101700,0,1
2007-08-16,86.87,87.6,86.76,87.14,51.1784429635801,2410200,0,1
2007-08-17,86.4,86.91,86.05,86.75,50.9493909466441,2114400,0,1
2007-08-20,86.96,87.27,86.83,86.84,51.0022491043986,1048700,0,1
2007-08-21,87.1,87.4101,87.05,87.26,51.2489205072527,1517200,0,1
2007-08-22,87.05,87.31,86.81,87.12,51.1666967063013,1137800,0,1
2007-08-23,87.09,87.68,87.03,87.42,51.3428905654828,1618800,0,1
2007-08-24,87.77,88.08,87.56,87.85,51.5954350969762,1614600,0,1
2007-08-27,88.28,88.48,88.15,88.31,51.8655990143878,1585400,0,1
2007-08-28,88.43,88.74,88.28,88.46,51.9536959439786,1298900,0,1
2007-08-29,88.49,88.77,88.16,88.22,51.8127408566334,2686700,0,1
2007-08-30,88.61,88.96,88.47,88.81,52.159255446357,1806800,0,1
2007-08-31,88.6,89.2,88.54,88.88,52.2003673468326,2763200,0,1
2007-09-04,88.83,89.13,88.2,88.56,52.224909389478,931000,0.3618,1
2007-09-05,88.76,89.35,88.72,89.27,52.6436050270856,1271500,0,1
2007-09-06,89.31,89.49,88.95,89.04,52.5079712289874,1768400,0,1
2007-09-07,89.75,90.5,89.69,90.3,53.2510085576995,2852200,0,1
2007-09-10,90.5,91.27,90.5,91,53.6638070736506,2495200,0,1
2007-09-11,90.88,91.27,90.7,90.93,53.6225272220555,3925400,0,1
2007-09-12,90.88,90.94,90.42,90.59,53.4220250857364,4458300,0,1
2007-09-13,90.3,90.33,89.58,89.78,52.9443582315643,2020600,0,1
2007-09-14,90.58,90.59,89.62,90.03,53.0917862729755,1357200,0,1
2007-09-17,89.82,90.39,89.76,90.34,53.2745970443253,1285400,0,1
2007-09-18,89.8,90.24,89,89.66,52.873592771687,3132800,0,1
2007-09-19,88.71,89.01,88.37,88.83,52.384131674202,3854700,0,1
2007-09-20,88.18,88.29,87.1,87.15,51.3934152359193,5903200,0,1
2007-09-21,87.58,88.131,87.58,87.89,51.8298022384962,2217600,0,1
2007-09-24,88.03,88.28,87.91,88.14,51.9772302799073,1943600,0,1
2007-09-25,88.5,88.62,87.83,87.83,51.7944195085575,2513500,0,1
2007-09-26,87.62,88.13,87.43,87.91,51.8415964818091,2646400,0,1
2007-09-27,88.23,88.78,88.15,88.52,52.2013209028522,1802900,0,1
2007-09-28,89.23,89.33,88.22,88.72,52.3192633359812,1254700,0,1
2007-10-01,88.55,88.98,88.43,88.88,52.6169258589997,1399400,0.3448,1
2007-10-02,88.74,89.37,88.68,89.16,52.7826857514448,887800,0,1
2007-10-03,89.33,89.43,88.73,88.9,52.6287658513172,1164600,0,1
2007-10-04,88.98,89.32,88.91,89.24,52.8300457207148,1128700,0,1
2007-10-05,88.28,88.44,87.71,88.28,52.2617260894745,2184700,0,1
2007-10-08,88,88.5,87.77,88.21,52.2202861163632,280100,0,1
2007-10-09,88.17,88.36,87.78,88.1,52.1551661586169,901000,0,1
2007-10-10,87.9,88.4325,87.79,88.15,52.1847661394107,855500,0,1
2007-10-11,87.48,88.09,87.45,88.06,52.1314861739819,1533400,0,1
2007-10-12,87.48,88.1788,87.48,87.63,51.8769263391555,1133900,0,1
2007-10-15,87.49,87.72,87.4,87.65,51.8887663314731,553300,0,1
2007-10-16,87.62,87.98,87.54,87.68,51.9065263199493,855500,0,1
2007-10-17,87.81,88.95,87.77,88.64,52.4748459511896,2377000,0,1
2007-10-18,89.1,89.34,89.02,89.13,52.7649257629685,1374100,0,1
2007-10-19,89.63,90.6,89.61,90.46,53.5522852520827,2561800,0,1
2007-10-22,90.57,90.65,90.07,90.47,53.5582052482415,1866500,0,1
2007-10-23,90.22,90.5225,90.1,90.35,53.4871652943364,1046600,0,1
2007-10-24,90.63,91.39,90.56,91.02,53.8838050369729,2829300,0,1
2007-10-25,91.07,91.18,90.7,90.71,53.7002851560516,3062200,0,1
2007-10-26,90.37,91,90.34,90.5,53.5759652367177,1366500,0,1
2007-10-29,90.52,90.99,90.48,90.85,53.7831651022741,881000,0,1
2007-10-30,90.81,91.01,90.42,90.8,53.7535651214803,1439600,0,1
2007-10-31,90.43,90.7,89.7501,89.98,53.2681254364626,2498500,0,1
2007-11-01,90,91.01,89.96,90.75,53.9570756454306,2563400,0.3938,1
2007-11-02,90.45,91.54,90.21,91.04,54.1295004601653,1927700,0,1
2007-11-05,91.16,91.39,90.8,91,54.1057177270984,1021500,0,1
2007-11-06,90.54,91.15,90.48,90.56,53.844107663363,575800,0,1
2007-11-07,90.55,90.76,90.32,90.72,53.9392385956304,1456100,0,1
2007-11-08,90.72,90.94,90.43,90.56,53.844107663363,2179600,0,1
2007-11-09,91.04,91.59,90.93,91.33,54.3019252749,887200,0,1
2007-11-12,91.7,91.99,91.345,91.66,54.4981328227016,460600,0,1
2007-11-13,91.43,91.49,91.17,91.32,54.2959795916333,1116600,0,1
2007-11-14,90.95,91.51,90.92,91.42,54.3554364243004,684400,0,1
2007-11-15,91.61,92.56,91.4899,92.28,54.8667651852378,1312900,0,1
2007-11-16,92.27,92.7,92.21,92.41,54.9440590677051,1333800,0,1
2007-11-19,92.54,93.42,92.41,93.01,55.300800063708,1343900,0,1
2007-11-20,93.09,93.29,92.8,92.91,55.2413432310408,1367800,0,1
2007-11-21,93.46,93.58,93.24,93.45,55.5624101274434,1297800,0,1
2007-11-23,93.44,93.8,93.31,93.73,55.7288892589114,437400,0,1
2007-11-26,94.24,96.36,94.12,95.58,56.8288406632535,4427000,0,1
2007-11-27,94.96,95.25,93.99,94.67,56.2877834859825,3100300,0,1
2007-11-28,94.66,94.69,93.84,94.03,55.9072597569128,2088100,0,1
2007-11-29,94.82,95.42,94.66,94.84,56.3888601015166,1594500,0,1
2007-11-30,93.87,94.391,93.7401,94.38,56.1153586712478,1952100,0,1
2007-12-03,94.81,95.1,94.28,94.75,56.5588394567238,1272700,0.3759,1
2007-12-04,94.99,95.06,94.15,94.74,56.5528701860687,1721200,0,1
2007-12-05,94.15,94.47,93.56,93.61,55.8783426020466,1866000,0,1
2007-12-06,93.32,93.34,92.54,92.79,55.3888624083314,2270200,0,1
2007-12-07,92.16,92.35,91.38,91.75,54.7680582602048,2171000,0,1
2007-12-10,91.64,91.69,90.75,91.2,54.4397483741763,2242500,0,1
2007-12-11,91.78,93.23,91.58,92.99,55.5082478214326,2892400,0,1
2007-12-12,91.45,92.65,91.27,92.03,54.9351978385466,2225400,0,1
2007-12-13,91.54,91.82,90.9,91.03,54.3382707730403,1222100,0,1
2007-12-14,90.76,90.92,90.5,90.61,54.0875614055276,1354900,0,1
2007-12-17,91.07,91.54,90.93,91.42,54.5710723285877,2046200,0,1
2007-12-18,91.56,92.2999,91.55,92.01,54.9232592972364,1417100,0,1
2007-12-19,92.4,93.56,91.88,93.23,55.6515103171542,2252400,0,1
2007-12-20,93.26,93.87,93.02,93.03,55.5321249040529,1659400,0,1
2007-12-21,92.92,92.92,91.66,91.67,54.7203040949643,1767600,0,1
2007-12-24,91.21,91.47,91.08,91.24,54.4636254567966,550300,0,1
2007-12-26,91.1,91.63,90.28,90.44,53.9860838043915,674700,0,1
2007-12-27,90.88,91.1599,90.51,91.06,54.5721091909005,468600,0.3617,1
2007-12-28,91.69,92.58,91.5,92.48,55.4231128703545,1967800,0,1
2007-12-31,92.75,93.28,92.6,93.045,55.7617164470386,1647600,0,1
2008-01-02,93.2701,94.73,93.2,94.38,56.5617797653985,2959600,0,1
2008-01-03,93.97,94.38,93.6699,94.25,56.4838709778429,1256700,0,1
2008-01-04,94.44,94.79,94.2,94.27,56.4958569451591,2420200,0,1
2008-01-07,94.08,94.78,94.03,94.68,56.7415692751423,1315500,0,1
2008-01-08,94.44,94.71,93.93,94.57,56.6756464549029,1604800,0,1
2008-01-09,94.95,95.3,94.62,94.75,56.7835201607492,2203500,0,1
2008-01-10,94.82,94.95,93.31,93.47,56.016418252509,2681800,0,1
2008-01-11,93.48,94.28,93.4,94.2,56.4539060595522,1872900,0,1
2008-01-14,94.19,94.55,94,94.55,56.6636604875867,906100,0,1
2008-01-15,95.21,95.63,95.07,95.61,57.2989167553481,1435300,0,1
2008-01-16,95.61,95.89,94.7285,94.92,56.8854008829374,3505100,0,1
2008-01-17,94.97,96.2899,94.93,96.15,57.6225378728869,2940500,0,1
2008-01-18,95.55,95.77,95.22,95.49,57.2270009514506,2676800,0,1
2008-01-22,96.31,96.62,95.3,96.5099,57.8382253547429,5423500,0,1
2008-01-23,97.99,98.16,95.88,96.29,57.7064396441007,7636600,0,1
2008-01-24,95.62,95.75,94.34,94.36,56.5497937980823,5676700,0,1
2008-01-25,94.23,96,94.13,95.95,57.5026781997244,4371100,0,1
2008-01-28,95.65,96,95.36,95.59,57.2869307880318,1633500,0,1
2008-01-29,95.12,95.32,94.58,94.94,56.8973868502536,3100200,0,1
2008-01-30,94.6001,94.77,93.59,94.32,56.5258218634498,3468000,0,1
2008-01-31,95.3,95.4299,94.63,94.99,56.9273517685442,11441000,0,1
2008-02-01,95.07,95.4,94.56,95.23,57.2682452642842,4163700,0.3288,1
2008-02-04,94.35,94.66,94.13,94.25,56.678904926586,1729600,0,1
2008-02-05,95.34,95.61,94.77,94.97,57.1118896644867,2594600,0,1
2008-02-06,94.63,94.85,94.36,94.68,56.9374930339433,1339800,0,1
2008-02-07,94.42,94.53,92.05,92.64,55.7107029432247,5419700,0,1
2008-02-08,93.2715,93.73,93.09,93.7,56.3481526962452,2832800,0,1
2008-02-11,94.2,94.7,93.73,94.09,56.5826860959414,2960200,0,1
2008-02-12,93.27,93.649,92.96,93.53,56.2459201886853,2897700,0,1
2008-02-13,92.93,93.42,92.4,92.5399,55.6505060373026,3697500,0,1
2008-02-14,91.8,92.1,90.66,91.18,54.8327061135927,7505000,0,1
2008-02-15,91.62,92.07,91.46,91.88,55.2536634976628,3687800,0,1
2008-02-19,91.13,91.7,90.64,90.95,54.694391544541,2911600,0,1
2008-02-20,90.61,91.58,90.56,91.58,55.0732531902042,2550100,0,1
2008-02-21,92.15,92.85,92.0515,92.55,55.6565798509871,4197200,0,1
2008-02-22,92.41,92.85,91.87,92.02,55.3378549744768,1959700,0,1
2008-02-25,91.93,92.14,90.65,91.08,54.7725693444398,3460900,0,1
2008-02-26,90.89,91.34,90.73,91.11,54.7906103751857,2618900,0,1
2008-02-27,91.57,91.57,90.61,91.19,54.838719790508,2494400,0,1
2008-02-28,92.34,92.8399,92.19,92.81,55.8129354507846,3410900,0,1
2008-02-29,93.62,94.46,93.52,94.23,56.6668775727554,3822000,0,1
2008-03-03,93.6,94.2,93.25,93.64,56.521312313447,2036900,0.3479,1
2008-03-04,93.94,94.12,92.53,92.73,55.9720342890425,3401100,0,1
2008-03-05,93.06,93.06,91.5,91.62,55.302035819714,3871200,0,1
2008-03-06,91.8399,92.44,91.666,92.11,55.5978009097779,1342600,0,1
2008-03-07,93.29,93.35,91.74,92.23,55.6702331767324,3601300,0,1
2008-03-10,92.71,94.13,92.61,93.59,56.491132202216,3579000,0,1
2008-03-11,93,93.03,92.21,92.79,56.0082504225198,3309200,0,1
2008-03-12,93.13,94.68,92.97,94.58,57.0886984045901,4752900,0,1
2008-03-13,95.03,95.19,93.26,93.84,56.6420327583711,5763500,0,1
2008-03-14,94.6801,95.81,94.62,95,57.3422113389307,6174800,0,1
2008-03-17,95.59,96.31,95.31,95.73,57.7828409629035,3329300,0,1
2008-03-18,95.3,96.16,94.95,95.36,57.559508139794,4022300,0,1
2008-03-19,95.12,97.47,95.12,96.94,58.5131996546941,5206400,0,1
2008-03-20,97,97.75,96.87,97.181,58.6586677908276,3905900,0,1
2008-03-24,96.48,96.48,95.2,95.3,57.5232920063168,5596200,0,1
2008-03-25,95.38,95.82,95.2799,95.7,57.7647328961649,2038200,0,1
2008-03-26,95.78,96.2,95.23,95.3,57.5232920063168,1652000,0,1
2008-03-27,94.64,95.36,94.54,94.63,57.1188785158211,2405700,0,1
2008-03-28,95.09,95.56,94.75,95.55,57.6741925624718,1745500,0,1
2008-03-31,96.11,96.32,95.67,95.89,57.8794173188427,2546300,0,1
2008-04-01,94.81,94.85,93.78,93.9299,56.9414466238829,3821800,0.4061,1
2008-04-02,93.99,94.86,93.99,94.13,57.0627496750885,3794200,0,1
2008-04-03,94.5,94.67,94.12,94.34,57.1900542265786,2839100,0,1
2008-04-04,95.17,95.56,94.9902,95.2,57.7113966755383,1745200,0,1
2008-04-07,94.62,94.78,93.9,94.7,57.4082906005618,2231800,0,1
2008-04-08,95.18,95.24,94.26,94.37,57.2082405910772,1305200,0,1
2008-04-09,94.56,95.64,94.55,95.35,57.8023284980313,2883600,0,1
2008-04-10,95.31,95.5,94.57,95.03,57.6083406100463,1846500,0,1
2008-04-11,95.6,95.92,95.47,95.67,57.9963163860163,1987700,0,1
2008-04-14,95.34,95.7,94.99,95.11,57.6568375820426,3195300,0,1
2008-04-15,94.35,94.58,93.9,93.93,56.9415072450979,2821600,0,1
2008-04-16,93.8,94.06,92.43,93.01,56.383792067141,4691100,0,1
2008-04-17,93.01,93.18,92.244,92.85,56.2867981231485,2020000,0,1
2008-04-18,92,92.88,91.82,92.77,56.2383011511522,2199700,0,1
2008-04-21,92.41,93.28,92.3,93.14,56.4625996466349,2805800,0,1
2008-04-22,92.91,93.67,92.91,93.46,56.6565875346199,1799700,0,1
2008-04-23,93.09,93.63,92.53,93.15,56.4686617681344,1221100,0,1
2008-04-24,92.13,92.46,91.81,92.36,55.9897541696714,3213600,0,1
2008-04-25,91.85,92.25,91.5,91.82,55.6623996086967,1742000,0,1
2008-04-28,91.53,92.35,91.41,92.1,55.8321390106836,1883900,0,1
2008-04-29,92.43,92.86,92.15,92.45,56.0443132631672,1269100,0,1
2008-04-30,92.43,93.2,91.85,93.115,56.4474443428861,2827500,0,1
2008-05-01,93.47,93.65,92.38,92.78,56.4482742473194,3226500,0.3364,1
2008-05-02,91.8,92.41,91.54,91.61,55.7364346173413,2730800,0,1
2008-05-05,91.86,91.87,91.14,91.61,55.7364346173413,1309300,0,1
2008-05-06,92.04,92.08,90.79,90.95,55.3348840568409,4037500,0,1
2008-05-07,90.84,91.429,90.62,91.3399,55.5721030925062,3876200,0,1
2008-05-08,91.47,92.2,91.42,92.16,56.071060084425,2829500,0,1
2008-05-09,92.73,92.87,92.21,92.5,56.2779194640767,2064300,0,1
2008-05-12,92.76,93.16,92.35,92.36,56.1927420724554,1947400,0,1
2008-05-13,91.86,92.05,91.31,91.35,55.5782480329017,2123300,0,1
2008-05-14,92,92.01,90.72,91.39,55.6025844305078,2600900,0,1
2008-05-15,91.17,92.33,91.09,92.22,56.1075646808341,2164300,0,1
2008-05-16,91.88,92.89,91.78,91.84,55.8763689035763,1902600,0,1
2008-05-19,92.08,92.26,91.3,91.962,55.9505949162749,1348200,0,1
2008-05-20,92.44,92.5,91.9,92.44,56.2414148676676,1466000,0,1
2008-05-21,92.05,92.67,91.86,92.46,56.2535830664706,1762100,0,1
2008-05-22,91.93,91.93,90.84,91.37,55.5904162317048,2855900,0,1
2008-05-23,91.83,92.3,91.7,91.77,55.8337802077656,1802000,0,1
2008-05-27,91.38,91.56,90.98,91.15,55.4565660448713,1985800,0,1
2008-05-28,90.54,90.66,90.14,90.34,54.963753993348,3250700,0,1
2008-05-29,90.01,90.1,89.14,89.69,54.5682875322491,3302400,0,1
2008-05-30,90.13,90.44,90.06,90.28,54.9272493969389,2514600,0,1
2008-06-02,89.98,90.64,89.62,90.3,55.1381443597237,3076400,0.3266,1
2008-06-03,90.06,91.41,89.81,90.95,55.535041301405,2447700,0,1
2008-06-04,91.39,91.39,89.9,90.14,55.0404466510021,2813000,0,1
2008-06-05,89.82,90.03,89.45,89.6,54.7107168840669,2632200,0,1
2008-06-06,90.69,91.09,90.21,90.76,55.4190252722981,3864800,0,1
2008-06-09,90.45,91.39,90.19,90.76,55.4190252722981,1812000,0,1
2008-06-10,90.65,90.71,89.7,90.17,55.0587649713874,1935300,0,1
2008-06-11,90.05,90.72,89.71,89.96,54.9305367286904,2265400,0,1
2008-06-12,89.56,89.64,88.82,89.06,54.3809871171317,4413100,0,1
2008-06-13,88.8,89.538,88.679,88.87,54.2649710880248,1983600,0,1
2008-06-16,89.11,89.18,88.62,88.89,54.277183301615,1756800,0,1
2008-06-17,89.16,89.27,88.59,89.07,54.3870932239268,1712200,0,1
2008-06-18,89.11,89.966,89.09,89.82,54.845051233559,2590000,0,1
2008-06-19,89.52,89.75,89.025,89.2899,54.521366512351,1700500,0,1
2008-06-20,89.95,90.07,89.69,89.81,54.8389451267639,4580900,0,1
2008-06-23,90.08,90.43,89.83,90,54.9549611558708,1594100,0,1
2008-06-24,90.38,90.81,90.14,90.5948,55.3181523880431,3118400,0,1
2008-06-25,90.52,90.76,89.81,90.64,55.345751990757,3251600,0,1
2008-06-26,91,91.44,90.79,91.25,55.7182245052579,4052300,0,1
2008-06-27,91.67,92.44,91.45,92.32,56.3715779323332,4144800,0,1
2008-06-30,92.31,92.8192,92.08,92.34,56.3837901459234,3743000,0,1
2008-07-01,92.69,92.7701,91.68,91.79,56.2505182590136,3805100,0.3317,1
2008-07-02,91.96,92.38,91.87,92.27,56.5446706586686,2413700,0,1
2008-07-03,91.71,92.3,91.54,92.07,56.4221071588123,1405100,0,1
2008-07-07,92.07,93.15,91.58,92.49,56.6794905085104,3528400,0,1
2008-07-08,92.5,93.14,92.42,93.09,57.0471810080791,2176600,0,1
2008-07-09,92.94,93.64,92.92,93.5,57.2984361827843,1582000,0,1
2008-07-10,93.33,93.76,92.94,93.49,57.2923080077915,2723600,0,1
2008-07-11,93.52,93.74,91.86,92.16,56.4772607337476,5466000,0,1
2008-07-14,92.38,93.26,92.29,92.97,56.9736429081654,4135400,0,1
2008-07-15,93.07,93.43,92.7,92.94,56.9552583831869,4541400,0,1
2008-07-16,92.08,92.24,91.21,91.26,55.9257249843946,3435900,0,1
2008-07-17,91.26,91.61,90.56,90.79,55.6377007597325,5899900,0,1
2008-07-18,90.76,91.2,90.3,90.45,55.4293428099769,3475200,0,1
2008-07-21,90.59,90.9,90.25,90.8,55.6438289347253,3657200,0,1
2008-07-22,90.64,90.76,90.03,90.35,55.3680610600488,2675200,0,1
2008-07-23,90.22,90.37,89.752,90.17,55.2577539101782,2871900,0,1
2008-07-24,90.35,91.25,90.35,91.05,55.7970333095456,2613300,0,1
2008-07-25,90.55,90.84,90,90.14,55.2393693851998,3765300,0,1
2008-07-28,90.95,91.47,90.7,91.05,55.7970333095456,1275900,0,1
2008-07-29,90.66,90.991,90.31,90.68,55.5702908348116,1349100,0,1
2008-07-30,90.09,91.29,90.03,90.77,55.6254444097469,1667500,0,1
2008-07-31,91.72,92.05,91.27,91.67,56.1769801590999,3898700,0,1
2008-08-01,90.97,91.56,90.83,91.54,56.3010665104418,1804800,0.3325,1
2008-08-04,91.09,91.64,91.01,91.33,56.1719074109532,2029900,0,1
2008-08-05,91.35,91.6,90.62,90.65,55.7536779459422,2191200,0,1
2008-08-06,90.41,90.41,89.82,90.2799,55.5260504091767,3139500,0,1
2008-08-07,90.63,91.9,90.43,91.75,56.4302256099305,2765600,0,1
2008-08-08,91.89,92.08,91.54,92,56.5839864426551,1035400,0,1
2008-08-11,91.78,91.78,90.598,91.12,56.0427483114645,3939400,0,1
2008-08-12,91.81,92.03,91.7,91.97,56.5655351427282,1315000,0,1
2008-08-13,92.3,92.35,91.46,91.65,56.3687212768407,1940300,0,1
2008-08-14,92.26,92.6,92.07,92.24,56.7315968420707,2605300,0,1
2008-08-15,92.67,93.2,92.57,93.04,57.2236315067895,1964900,0,1
2008-08-18,93.08,93.538,92.96,93.41,57.4511975392219,1262200,0,1
2008-08-19,93.44,93.5265,92.89,93.05,57.2297819400985,1944700,0,1
2008-08-20,93.38,93.71,93.15,93.31,57.3896932061321,2500000,0,1
2008-08-21,93.63,93.63,92.75,93.14,57.2851358398793,2267000,0,1
2008-08-22,93.11,93.17,92.64,93.08,57.2482332400254,1990000,0,1
2008-08-25,94.12,94.33,93.85,94.01,57.820223537761,2028300,0,1
2008-08-26,93.96,94.2,93.71,94.09,57.8694270042328,1270900,0,1
2008-08-27,93.49,94.29,93.44,94.25,57.9678339371766,1555300,0,1
2008-08-28,93.91,94.41,93.69,94.26,57.9739843704856,1886500,0,1
2008-08-29,94.02,94.16,93.51,93.84,57.7156661715082,1739100,0,1
2008-09-02,92.98,94.41,92.84,94.37,58.2507538693899,2916000,0.34,1
2008-09-03,94.27,94.89,94.26,94.77,58.4976575628068,2105000,0,1
2008-09-04,95,95.5574,94.81,95.526,58.9643055433648,3049800,0,1
2008-09-05,96.02,96.31,95.41,95.48,58.9359116186218,4167800,0,1
2008-09-08,94.9,95.88,94.56,95.88,59.1828153120388,5426200,0,1
2008-09-09,95.83,96.88,95.54,96.83,59.769211583904,3890200,0,1
2008-09-10,95.98,96.66,95.82,96.23,59.3988560437786,2407900,0,1
2008-09-11,96.79,96.86,96,96.18,59.3679930821015,3592000,0,1
2008-09-12,96.21,96.33,94.75,94.94,58.602591632509,4138200,0,1
2008-09-15,96.28,98.17,96.07,98.02,60.5037500718194,5889900,0,1
2008-09-16,100.71,100.86,97.91,98,60.4914048871485,6684400,0,1
2008-09-17,98.92,99.38,97.73,98.49,60.7938619115843,4371300,0,1
2008-09-18,97.95,98.49,96.92,97.05,59.9050086152833,4188300,0,1
2008-09-19,93.86,95.02,93.7,93.97,58.0038501759729,7169200,0,1
2008-09-22,92.93,93.96,92.6,93.96,57.9976775836375,4726300,0,1
2008-09-23,93.61,94.1,93.13,93.6,57.7754642595623,2236000,0,1
2008-09-24,93.97,94.75,93.6,94.01,58.0285405453146,1014900,0,1
2008-09-25,94.59,94.59,93.15,93.82,57.9112612909416,1881200,0,1
2008-09-26,94.07,94.79,94.07,94.5,58.3309975697504,1992800,0,1
2008-09-29,95.17,97.93,95.16,97.25,60.0284604619918,4799800,0,1
2008-09-30,97.04,97.2899,94.6,94.88,58.5655560784964,1358100,0,1
2008-10-01,96.04,96.9,94.95,95.78,59.3000945664118,1767800,0.29,1
2008-10-02,96.57,96.845,96.068,96.55,59.7768232448012,931900,0,1
2008-10-03,97.38,97.79,95.49,97.4,60.3030821754908,1903100,0,1
2008-10-06,98.74,99.86,98.62,99.17,61.3989390076327,2906200,0,1
2008-10-07,98.32,99.67,97.98,98.87,61.213200561507,1972000,0,1
2008-10-08,99.68,99.94,96.68,97.45,60.3340385831784,3386300,0,1
2008-10-09,97.37,97.698,96.22,96.63,59.8263534971014,1785400,0,1
2008-10-10,96.61,96.91,95.51,95.95,59.4053463525497,2200000,0,1
2008-10-13,95.11,95.95,94.26,94.72,58.6438187234342,1532100,0,1
2008-10-14,94.25,95.26,93.9,94.11,58.2661505496452,2100000,0,1
2008-10-15,94.12,95.04,93.42,95.01,58.8233658880224,1449500,0,1
2008-10-16,94.99,95.27,94.18,94.519,58.5193739645299,1063200,0,1
2008-10-17,94.69,94.9,93.02,93.87,58.1175597927446,1691800,0,1
2008-10-20,93.44,94.94,93.36,94.62,58.5819059080589,1146800,0,1
2008-10-21,95.09,95.99,94.74,95.12,58.8914699849352,1243700,0,1
2008-10-22,96.12,97.49,95.85,97.05,60.0863873216774,1069800,0,1
2008-10-23,97.95,98.89,96.82,97.77,60.5321595923792,1802000,0,1
2008-10-24,98.82,99.05,96.45,96.73,59.8882663124767,1495400,0,1
2008-10-27,97.77,98.21,96.29,96.8,59.9316052832393,1534100,0,1
2008-10-28,96.18,96.9,95.15,95.39,59.0586345864483,1505500,0,1
2008-10-29,95.77,96.01,94.43,94.91,58.7614530726472,1745800,0,1
2008-10-30,94.5,94.8,93.8,94.05,58.22900286042,1326000,0,1
2008-10-31,94.64,94.92,92.65,92.83,57.473666512842,2282500,0,1
2008-11-03,92.72,93.11,92.35,92.71,57.6284485512801,1111600,0.37,1
2008-11-04,92.96,94.71,92.59,94.45,58.7100309100249,1608800,0,1
2008-11-05,94.89,95.67,94.4001,95.57,59.4062218535848,1931700,0,1
2008-11-06,94.6,95.05,93.81,94.88,58.9773185044273,919700,0,1
2008-11-07,94.52,94.52,93.55,94.26,58.5919270892424,1277100,0,1
2008-11-10,93.8,95.1,93.68,94.7199,58.8778004954417,1352100,0,1
2008-11-11,95.21,95.81,94.96,95.0001,59.051972551143,696000,0,1
2008-11-12,95.58,96.07,95.16,95.61,59.4310858158548,1199400,0,1
2008-11-13,94.91,95.25,93.25,93.32,58.0076239758976,1631900,0,1
2008-11-14,95.11,95.46,94.79,95.17,59.1575822308848,1059300,0,1
2008-11-17,95.68,96.03,95.29,95.59,59.4186538347198,490300,0,1
2008-11-18,96.38,97,95.96,96.82,60.1832206745221,924800,0,1
2008-11-19,97.47,99.37,97.21,99.3,61.7247863352618,2090400,0,1
2008-11-20,101.82,104.44,101.1,104.43,64.9135894963886,5459800,0,1
2008-11-21,103.25,103.98,101.45,102.92,63.9749749206963,3249300,0,1
2008-11-24,102.15,102.2922,101,101.31,62.974200439329,1587300,0,1
2008-11-25,103.95,104.47,102.68,104.29,64.8265656284436,2632700,0,1
2008-11-26,104.72,105.62,104.09,104.43,64.9135894963886,2577600,0,1
2008-11-28,105.25,105.97,104.94,105.72,65.7154522795959,986400,0,1
2008-12-01,107.75,110.41,107.13,109.4,68.2236044735816,4031600,0.355,1
2008-12-02,108.56,110.37,108.19,109.82,68.4855232476118,3289300,0,1
2008-12-03,110.27,110.81,108.56,110.13,68.6788442474913,2951000,0,1
2008-12-04,111.13,112.4912,110.37,112.3,70.0320912466473,2825400,0,1
2008-12-05,111.95,113,110.42,110.48,68.8971098925164,4557600,0,1
2008-12-08,110.48,111.25,109.69,110.24,68.747442021642,2119500,0,1
2008-12-09,110.58,112.53,110.25,112.42,70.1069251820845,2055500,0,1
2008-12-10,111.37,112.15,111.12,112.15,69.9385488273508,2414900,0,1
2008-12-11,112.18,112.43,110.87,112.37,70.0757443756523,2416900,0,1
2008-12-12,112.54,112.56,110.34,112.37,70.0757443756523,2547100,0,1
2008-12-15,112.35,113.94,112.05,113.65,70.8739730203158,1707700,0,1
2008-12-16,114.1,116.9,113.97,116.46,72.6263343418036,4015100,0,1
2008-12-17,120.77,121.13,119.26,119.62,74.5969613083166,6407500,0,1
2008-12-18,120.74,123.15,120.45,122.13,76.1622377912114,4442000,0,1
2008-12-19,121.97,122.99,121.28,122.26,76.243307887935,2668500,0,1
2008-12-22,122.39,122.39,120.73,121.32,75.6571087270103,2221400,0,1
2008-12-23,120.14,121.5,119.9,121.16,75.5573301464273,1746400,0,1
2008-12-24,120.73,121.32,120.62,120.9,75.3951899529801,717200,0,1
2008-12-26,121.59,121.9699,121.2,121.3,75.6446364044374,454400,0,1
2008-12-29,121.43,122.01,120.61,120.75,75.5542900178002,1416000,0.4051,1
2008-12-30,120.49,121.92,120.07,121.9,76.2738546846364,2590500,0,1
2008-12-31,121.41,122,118.85,119.35,74.6782982494779,2738000,0,1
2009-01-02,120.05,120.45,116.35,116.35,72.8011730316443,3464200,0,1
2009-01-05,115.6,116.16,112.6,113.35,70.9240478138108,5395200,0,1
2009-01-06,111.62,113.26,111,112.21,70.210740231034,4109300,0,1
2009-01-07,111.96,112.68,111.4,112.65,70.4860519296496,2565600,0,1
2009-01-08,112.64,112.92,111.99,112.56,70.4297381731146,2603600,0,1
2009-01-09,111.46,113.35,111.27,112.73,70.5361086021252,2727900,0,1
2009-01-12,111.57,114.05,111.57,113.9,71.2681874370803,2462800,0,1
2009-01-13,113.5,114.08,112.96,114.02,71.3432724457936,1767400,0,1
2009-01-14,114.65,116.04,114.65,115.9,72.5196042489693,2494800,0,1
2009-01-15,116.2,116.92,115.5766,116.09,72.6384888460988,2827200,0,1
2009-01-16,113.42,116.09,113.3601,114.3,71.5184707994581,2994800,0,1
2009-01-20,112.265,114.63,112.23,114.28,71.5059566313392,3268300,0,1
2009-01-21,111.93,113.04,110.4,110.67,69.2471492858795,2838100,0,1
2009-01-22,110.6,110.77,107.88,108.54,67.9143903812177,4016600,0,1
2009-01-23,107.92,108.32,106.69,107.69,67.3825382361648,2676200,0,1
2009-01-26,107.4,107.82,106.3,106.75,66.794372334577,2240900,0,1
2009-01-27,107.8,109.59,107.63,109.26,68.3649004334977,3420800,0,1
2009-01-28,109.31,109.81,105.72,106.53,66.6567164852692,4348100,0,1
2009-01-29,105.56,106.31,103.66,104.08,65.1237308907051,3724400,0,1
2009-01-30,104.64,104.87,103.44,103.75,64.9172471167434,2630000,0,1
2009-02-02,104.02,105.68,103.39,105.39,66.1218922252881,2700200,0.2853,1
2009-02-03,104.3,104.83,102.75,102.88,64.5471133137645,2846400,0,1
2009-02-04,102.75,102.87,101.62,102.52,64.3212486093229,2305400,0,1
2009-02-05,103.24,103.88,102.206,102.61,64.3777147854333,2279500,0,1
2009-02-06,102.25,102.86,101.9,102.29,64.1769461592629,1667500,0,1
2009-02-09,101.65,102.67,101.06,102.62,64.3839888050011,2257300,0,1
2009-02-10,104.05,104.96,103.45,104.85,65.7830951686256,3782800,0,1
2009-02-11,105.71,106.5,105.53,106.21,66.6363618298496,2774200,0,1
2009-02-12,105.98,106.18,104.74,105.21,66.0089598730673,1818400,0,1
2009-02-13,103.95,103.95,102.23,102.41,64.2522343940768,2466800,0,1
2009-02-17,104.55,105.66,104.35,105.6,66.2536466362124,2813900,0,1
2009-02-18,106.06,106.56,104.3,104.7,65.6889848751083,2768600,0,1
2009-02-19,102.69,104.06,102.23,102.92,64.5722093920358,3219400,0,1
2009-02-20,104.27,105.16,103.3,103.92,65.1996113488181,4272000,0,1
2009-02-23,103.6,104.88,103.17,104.88,65.8019172273291,2688700,0,1
2009-02-24,105.68,106.68,104.77,104.77,65.7329030120831,4197100,0,1
2009-02-25,105.24,105.49,103.03,103.56,64.9737466443765,3908100,0,1
2009-02-26,102.69,103.26,101.98,102.47,64.2898785114837,2611100,0,1
2009-02-27,102.57,103.01,101.21,101.88,63.9197113569822,3267700,0,1
2009-03-02,102.22,103.28,102.09,103.28,64.9750955585835,3302000,0.2822,1
2009-03-03,102.23,103.57,101.81,102.59,64.5410055514629,3084900,0,1
2009-03-04,101.49,102.25,101.16,102.12,64.2453210538589,3178400,0,1
2009-03-05,104.02,105.44,103.44,104.96,66.0320103585295,4562400,0,1
2009-03-06,104.26,105.97,104.09,104.26,65.5916291918854,3125900,0,1
2009-03-09,104.51,104.55,103.12,103.65,65.2078684609526,2070500,0,1
2009-03-10,102.43,102.75,101.51,101.66,63.9559277157785,2602600,0,1
2009-03-11,101.29,102.76,100.93,102.76,64.6479552633622,3101500,0,1
2009-03-12,102.66,103.97,102.31,103.25,64.9562220800131,3558900,0,1
2009-03-13,102.75,103.88,102.33,102.73,64.6290817847917,2504000,0,1
2009-03-16,100.82,101.45,100.5,101.11,63.6099139419867,3265600,0,1
2009-03-17,101.72,102.33,100.3876,100.56,63.2639001681948,3076200,0,1
2009-03-18,101.12,108.07,100.9,104.37,65.6608319466437,8578800,0,1
2009-03-19,105.62,105.66,104.22,104.5,65.7426170204491,3650900,0,1
2009-03-20,104.62,105,103.7801,103.92,65.3777297680868,3479700,0,1
2009-03-23,104.29,104.42,102.97,103.02,64.8115254109729,2097000,0,1
2009-03-24,102.19,105.16,101.9301,103.98,65.4154767252277,5477100,0,1
2009-03-25,103.29,103.72,102.31,102.6,64.5472967109864,2549600,0,1
2009-03-26,102.44,104.06,102.16,103.79,65.2959446942814,2385300,0,1
2009-03-27,104.15,104.93,103.56,104.56,65.78036397759,1853900,0,1
2009-03-30,105.44,105.87,103.94,104.96,66.0320103585295,2300100,0,1
2009-03-31,105.04,105.8,105,105.71,66.5038473227911,1094600,0,1
2009-04-01,106.12,106.56,105.5273,106.37,67.1091392831404,2383400,0.3021,1
2009-04-02,105.89,106.07,104.84,105.07,66.2889655399038,1766300,0,1
2009-04-03,104.91,105.16,102.66,102.92,64.9325243491662,3316800,0,1
2009-04-06,103.54,103.59,102.22,102.48,64.6549270822246,1418100,0,1
2009-04-07,102.54,103.31,102.48,102.74,64.8189618308719,1312600,0,1
2009-04-08,103.07,103.86,102.95,103.65,65.3930834511376,1007800,0,1
2009-04-09,102.47,103.18,101.98,102.35,64.5729097079009,1088800,0,1
2009-04-13,102.96,103.51,102.93,103.29,65.165958414549,946600,0,1
2009-04-14,103.25,104.21,102.93,103.83,65.5066459694319,1336000,0,1
2009-04-15,104.13,104.3,102.88,103.65,65.3930834511376,1152500,0,1
2009-04-16,102.85,103.45,102.78,102.83,64.8757430900191,1055600,0,1
2009-04-17,102.47,102.71,101.37,101.7,64.1628228362826,2582800,0,1
2009-04-20,102.63,103.4025,102.45,103.24,65.1344132705783,1714400,0,1
2009-04-21,104.04,104.21,102.22,102.22,64.4908923335773,909100,0,1
2009-04-22,102.45,102.56,101.11,101.6,64.0997325483413,2278100,0,1
2009-04-23,101.35,101.75,100.94,101.59,64.0934235195472,1688300,0,1
2009-04-24,100.79,100.98,100.1,100.57,63.4499025825461,2830000,0,1
2009-04-27,101.07,101.19,100.06,101,63.7211908206936,2294600,0,1
2009-04-28,101.5,101.58,99.09,99.35,62.6802010696625,2332500,0,1
2009-04-29,99.67,100.08,98.15,98.47,62.1250065357792,3752600,0,1
2009-04-30,97.98,98.36,97.39,98.08,61.8789544128082,2778100,0,1
2009-05-01,97.12,97.29,96.57,97.11,61.4541561478478,2772200,0.2967,1
2009-05-04,97.36,97.82,96.79,97.43,61.6566618626795,2246700,0,1
2009-05-05,97.46,97.83,96.76,97.31,61.5807222196176,1369000,0,1
2009-05-06,97.12,98,97,97.08,61.4351712370823,2045900,0,1
2009-05-07,95.94,96.7,94.33,94.71,59.9353632866096,5755200,0,1
2009-05-08,95.02,95.39,94.645,94.94,60.080914269145,2193400,0,1
2009-05-11,96.05,96.45,95.79,96.29,60.9352352535914,2167400,0,1
2009-05-12,96.18,97.02,95.8023,96.64,61.1567258791886,2304800,0,1
2009-05-13,97.36,97.93,97.24,97.69,61.8211977559803,1917500,0,1
2009-05-14,97.6,98.25,97.3,98.07,62.061673292343,1704600,0,1
2009-05-15,98,98.05,97.46,98.04,62.0426883815775,2306600,0,1
2009-05-18,98.01,98.11,96.37,96.52,61.0807862361267,2234700,0,1
2009-05-19,96.19,96.47,95.71,96.01,60.7580427531136,1624300,0,1
2009-05-20,95.93,97.16,95.83,97.02,61.3972014155513,2825700,0,1
2009-05-21,97.55,97.64,94.35,94.58,59.8530953399592,4771700,0,1
2009-05-22,93.82,94.49,93.35,93.53,59.1886234631676,4483400,0,1
2009-05-26,94.05,94.1,92.12,92.12,58.2963326571902,3633100,0,1
2009-05-27,92.24,92.58,90.38,90.492,57.2660848329836,7490200,0,1
2009-05-28,91.77,91.98,90.23,91.8,58.0938269423584,9824300,0,1
2009-05-29,91.7,94.23,91.64,94.17,59.5936348928311,4746700,0,1
2009-06-01,92.34,92.38,90.57,91.09,57.8378014984181,6987000,0.3054,1
2009-06-02,91.61,91.77,90.78,91.58,58.1489281065444,5063600,0,1
2009-06-03,91.96,92.61,91.33,92.44,58.6949870514191,6727200,0,1
2009-06-04,91.43,91.72,90.24,90.53,57.482228231988,5438600,0,1
2009-06-05,89.91,90.9,89.55,89.84,57.0441111715653,8439600,0,1
2009-06-08,90.41,90.73,89.48,89.61,56.8980721514243,4084000,0,1
2009-06-09,90.19,90.31,89.25,89.6,56.8917226288095,6046300,0,1
2009-06-10,88.87,89.43,87.56,88.19,55.9964399401195,12142000,0,1
2009-06-11,87.76,89.52,87.69,89.17,56.6186931563722,10692800,0,1
2009-06-12,89.42,90.65,89.42,89.97,57.1266549655579,6606800,0,1
2009-06-15,90.54,91.15,90.48,90.78,57.6409662973586,4518700,0,1
2009-06-16,90.96,92.43,90.8,92.36,58.6441908705005,5376000,0,1
2009-06-17,92.45,93.33,91.84,91.84,58.3140156945298,7197200,0,1
2009-06-18,91.25,91.58,90.11,90.45,57.4314320510694,6794000,0,1
2009-06-19,90.33,91.7,90.21,91.69,58.2187728553074,4750700,0,1
2009-06-22,92.44,92.91,92.06,92.58,58.7838803680266,3952300,0,1
2009-06-23,92.77,93.81,92.58,93.67,59.4759783330423,5356900,0,1
2009-06-24,93.65,94.07,92.66,92.73,58.879123207249,6550400,0,1
2009-06-25,93.22,94.5,92.67,94.43,59.9585420517688,7140000,0,1
2009-06-26,94.62,94.9,94.21,94.59,60.0601344136059,4050400,0,1
2009-06-29,95.07,95.37,94.58,94.73,60.1490277302135,4334900,0,1
2009-06-30,94.19,95.11,93.81,94.57,60.0474353683763,3743700,0,1
2009-07-01,93.42,94.09,93.24,94.08,59.9289018452505,3379900,0.3033,1
2009-07-02,94.33,94.61,94,94.3,60.0690417092594,2645100,0,1
2009-07-06,94.05,94.29,93.39,94.12,59.9543818205249,1886700,0,1
2009-07-07,93.62,94.88,93.61,94.75,60.3556914310957,2592400,0,1
2009-07-08,95.12,96.81,94.8901,96.5,61.4704403493482,7912900,0,1
2009-07-09,95.35,95.73,94.45,95.35,60.7378910602109,5241400,0,1
2009-07-10,95.62,96.3326,95.43,96.23,61.2984505162464,3981900,0,1
2009-07-13,96.32,96.6,95.56,95.69,60.9544708500428,2604300,0,1
2009-07-14,94.76,95.13,93.7,94.1,59.9416418328877,3629100,0,1
2009-07-15,92.66,93,91.67,91.68,58.4001033287901,4664200,0,1
2009-07-16,92.81,93.18,92.5,92.67,59.03073271683,4225200,0,1
2009-07-17,91.9,92.36,91.24,91.24,58.1198236007723,3845700,0,1
2009-07-20,90.85,92.49,90.8,91.72,58.4255833040644,4436500,0,1
2009-07-21,91.45,93.7,91.29,93.55,59.5912921728655,3895300,0,1
2009-07-22,93.4,93.5257,92.36,92.71,59.0562126921043,1986700,0,1
2009-07-23,92.76,92.8,90.57,91.01,57.9733137429448,3818800,0,1
2009-07-24,91,91.45,90.77,91.45,58.2535934709626,1765300,0,1
2009-07-27,90.23,90.66,89.94,90.4,57.5847441200111,2755900,0,1
2009-07-28,90.72,91.82,90.4299,91.2,58.094343625498,3324800,0,1
2009-07-29,92.17,92.29,90.94,91.7,58.4128433164272,2910200,0,1
2009-07-30,91.54,93.15,91.23,93,59.2409425128433,4040700,0,1
2009-07-31,93.85,94.86,93.28,94.81,60.3939113940073,5697000,0,1
2009-08-03,93.81,93.87,92.61,93.06,59.4820365868867,4029300,0.3185,1
2009-08-04,93.63,93.72,91.67,92.32,59.0090438179817,3832200,0,1
2009-08-05,91.31,92.75,90.87,90.94,58.1269762219157,4458300,0,1
2009-08-06,90.9,91.89,90.42,91.25,58.3251218413218,3228500,0,1
2009-08-07,90.42,90.93,90.219,90.49,57.8393454840681,3543200,0,1
2009-08-10,90.51,91.64,90.41,91.62,58.5616182257743,3150100,0,1
2009-08-11,92.39,92.8673,91.99,92.68,59.2391484082598,3677800,0,1
2009-08-12,92.95,93.07,91.09,91.69,58.606360784995,4729200,0,1
2009-08-13,91.8,93.15,91.5,92.99,59.4372940276659,3922300,0,1
2009-08-14,93.3,94.2,93.21,93.35,59.667398617944,4410400,0,1
2009-08-17,93.95,94.75,93.87,94.73,60.54946621401,3569700,0,1
2009-08-18,94.66,94.7694,94.01,94.18,60.1979175344185,2557900,0,1
2009-08-19,95.17,95.37,94.4115,94.96,60.696477480021,3518200,0,1
2009-08-20,95.38,95.87,94.78,95.74,61.1950374256236,3282700,0,1
2009-08-21,95.64,95.73,93.75,93.77,59.9358539732685,6258300,0,1
2009-08-24,93.49,95.47,93.46,95.47,61.022458982915,4460200,0,1
2009-08-25,95.37,96.09,94.91,96.01,61.3676158683321,3359700,0,1
2009-08-26,96.18,96.55,95.91,96.45,61.6488548120054,3225800,0,1
2009-08-27,96.18,96.62,95.73,96.07,61.4059666333785,2514000,0,1
2009-08-28,95.44,96.51,95.31,96.51,61.6872055770517,2072500,0,1
2009-08-31,96.36,96.86,95.76,96.6,61.7447317246212,2899800,0,1
2009-09-01,95.82,96.58,95.14,96.06,61.5961058914018,3304200,0.3075,1
2009-09-02,96.48,97.66,96.24,97.46,62.4938213634813,4345000,0,1
2009-09-03,96.84,97.12,96.55,96.86,62.1090861611615,2703800,0,1
2009-09-04,96.44,96.6,95.06,95.21,61.051064354782,3643000,0,1
2009-09-08,94.48,95.37,94.36,94.54,60.6214433788583,2468900,0,1
2009-09-09,93.89,94.43,93.52,94.43,60.5509085917663,3182400,0,1
2009-09-10,94.93,96.71,94.91,96.17,61.6666406784938,4417300,0,1
2009-09-11,96.82,97.68,96.6,96.7,62.0064901072096,4826200,0,1
2009-09-14,96.02,96.67,95.65,95.74,61.3909137834979,2119500,0,1
2009-09-15,95.19,95.77,95.07,95.25,61.07671336827,2187900,0,1
2009-09-16,95.34,95.95,94.6,95.42,61.185721675594,3732300,0,1
2009-09-17,95.69,96.73,95.17,96.62,61.9551920802336,2832000,0,1
2009-09-18,96.2,96.53,95.67,95.76,61.4037382902419,2813300,0,1
2009-09-21,96.1,96.49,95.36,95.98,61.5448078644258,3050200,0,1
2009-09-22,95.65,96.37,95.51,96.18,61.6730529318658,2068000,0,1
2009-09-23,95.94,96.58,95.2,96.47,61.8590082796537,5712000,0,1
2009-09-24,96.5,97.09,96.17,96.75,62.0385513740696,4658400,0,1
2009-09-25,97.36,98.06,96.77,97.98,62.8272585388252,3854500,0,1
2009-09-28,98.32,98.93,98.11,98.84,63.3787123288169,4263300,0,1
2009-09-29,98.32,99.17,98.15,98.75,63.3210020484689,3123200,0,1
2009-09-30,98.56,99.13,98.36,98.66,63.263291768121,2744800,0,1
2009-10-01,98.96,100.06,98.8,99.7,64.1271967106207,5754400,0.3073,1
2009-10-02,100.28,100.31,98.88,99.01,63.6833876260637,4827700,0,1
2009-10-05,99.47,99.66,98.77,99.02,63.6898196417819,2910100,0,1
2009-10-06,98.76,98.8,97.98,98.04,63.0594821013967,3936200,0,1
2009-10-07,98.67,99.33,98.6,99.19,63.7991639089916,3591000,0,1
2009-10-08,99.71,99.76,97.68,98.15,63.1302342742971,5871600,0,1
2009-10-09,97.62,97.71,95.5,95.9,61.6830307376983,8135900,0,1
2009-10-12,96.03,96.33,95.6,96.05,61.7795109734716,1939700,0,1
2009-10-13,96.62,96.85,96.26,96.55,62.1011117593824,2886500,0,1
2009-10-14,95.51,96.1,94.9,95.12,61.1813335116774,5421000,0,1
2009-10-15,94.57,95.42,94.37,94.68,60.8983248200759,3736900,0,1
2009-10-16,95.19,95.53,94.73,95.45,61.3935900303786,3716800,0,1
2009-10-19,95.59,96.21,95.38,96.2,61.8759912092448,3163800,0,1
2009-10-20,97.02,97.25,96.54,96.72,62.2104560265921,2912400,0,1
2009-10-21,96.16,96.21,95.51,96.14,61.8373991149355,3355200,0,1
2009-10-22,95.38,95.83,95.33,95.67,61.5350943761793,2572200,0,1
2009-10-23,94.88,95.42,94.87,94.95,61.0719892444677,2996200,0,1
2009-10-26,94.44,94.51,93.55,93.72,60.2808513111271,4127400,0,1
2009-10-27,93.97,95.11,93.92,95,61.1041493230588,4476300,0,1
2009-10-28,95.14,95.8,94.96,95.45,61.3935900303786,4585400,0,1
2009-10-29,94.82,95.06,93.95,94.41,60.724660395684,4645300,0,1
2009-10-30,95.1,96.01,94.87,95.78,61.6058465490797,5118000,0,1
2009-11-02,95.51,95.58,94.8,95.05,61.3346168078629,3463800,0.3083,1
2009-11-03,95.28,95.36,94,94.1,60.7215932837444,4470700,0,1
2009-11-04,93.61,94.07,92.8,93.24,60.166645672437,5349500,0,1
2009-11-05,92.87,93.24,92.8,93.24,60.166645672437,2852000,0,1
2009-11-06,93.38,93.45,92.46,93.33,60.2247215852483,3381100,0,1
2009-11-09,93.28,93.7,93.13,93.44,60.295703256462,1697800,0,1
2009-11-10,94.05,94.1,92.91,93.27,60.1860043100408,2549900,0,1
2009-11-11,93.63,94.16,93.48,93.66,60.4376665988895,1771100,0,1
2009-11-12,93.24,93.59,92.45,93.49,60.3279676524682,3431300,0,1
2009-11-13,93.83,94.06,93.45,93.92,60.6054414581219,1594200,0,1
2009-11-16,94.65,95.45,94.52,95.02,61.3152581702592,5175700,0,1
2009-11-17,94.99,95.8,94.81,95.53,61.6443550095228,3174400,0,1
2009-11-18,95.44,95.53,94.74,94.97,61.282993774253,2413600,0,1
2009-11-19,95.24,95.82,94.91,95.14,61.3926927206742,2969800,0,1
2009-11-20,95,95.37,94.59,95.12,61.3797869622717,4136300,0,1
2009-11-23,94.54,95.1,94.34,95,61.3023524118567,3219300,0,1
2009-11-24,95.11,95.7,94.99,95.6,61.6895251639316,2895200,0,1
2009-11-25,95.49,96.23,94.97,96.04,61.9734518487865,2789300,0,1
2009-11-27,96.4,96.56,96.09,96.4,62.2057555000314,2249100,0,1
2009-11-30,96.2,96.73,96,96.63,62.3541717216601,3115800,0,1
2009-12-01,95.76,95.93,95.19,95.25,61.6615119247431,3979100,0.3066,1
2009-12-02,95.29,95.96,94.99,95.33,61.7133011211104,2193900,0,1
2009-12-03,94.43,94.84,94.24,94.34,61.0724098160658,3947300,0,1
2009-12-04,93.29,93.65,92.91,93.34,60.4250448614753,6108100,0,1
2009-12-07,93.27,93.74,93.09,93.46,60.5027286560262,2774200,0,1
2009-12-08,94.05,94.37,93.37,93.6,60.5933597496688,2378600,0,1
2009-12-09,93.69,94.05,92.68,93.17,60.3149928191949,3494300,0,1
2009-12-10,92.69,92.8,91.95,92.1,59.6223123177831,4446300,0,1
2009-12-11,91.84,92.26,91.31,92.09,59.6158386682372,3053400,0,1
2009-12-14,92.35,92.5,92.05,92.2,59.6870488132422,2380400,0,1
2009-12-15,91.57,92,91.49,91.79,59.4216291818601,2993900,0,1
2009-12-16,91.93,92.2501,91.36,91.68,59.3504190368551,3301600,0,1
2009-12-17,92.5,93.23,92.1901,93.19,60.3279401182867,4428900,0,1
2009-12-18,93.2,93.5,92.65,92.79,60.0689941364506,3789500,0,1
2009-12-21,92.06,92.2,91.14,91.14,59.0008419613763,3524000,0,1
2009-12-22,90.8,90.87,90.421,90.63,58.6706858345351,3078800,0,1
2009-12-23,90.96,91.39,90.5,90.65,58.6836331336269,2336000,0,1
2009-12-24,90.33,90.36,89.67,89.71,58.0751100763119,1698900,0,1
2009-12-28,89.46,89.63,89.3,89.46,57.9132688376643,3170900,0,1
2009-12-29,89.26,89.89,89.2,89.73,58.2940385461151,2617000,0.3182,1
2009-12-30,89.92,90.48,89.865,90.32,58.677338253484,1919100,0,1
2009-12-31,89.76,90.11,89.05,89.89,58.3979842294694,3242400,0,1
2010-01-04,89.84,90.1,89.58,89.81,58.3460113877922,2829100,0,1
2010-01-05,90.05,90.63,90,90.39,58.7228144899515,2841600,0,1
2010-01-06,90.17,90.26,89.12,89.18,57.9367252595848,4099600,0,1
2010-01-07,89.22,89.64,89.12,89.33,58.0341743377294,2793200,0,1
2010-01-08,89.51,89.56,88.76,89.29,58.0081879168909,2910700,0,1
2010-01-11,88.99,89.36,88.77,88.8,57.6898542616184,2181300,0,1
2010-01-12,90.16,90.39,89.84,90.32,58.677338253484,4321200,0,1
2010-01-13,89.93,90.28,89.22,89.27,57.9951947064716,4755000,0,1
2010-01-14,89.69,90.52,89.54,90.52,58.8072703576768,4188800,0,1
2010-01-15,91.03,91.33,90.98,91.08,59.1710802494167,4142800,0,1
2010-01-19,90.72,91.12,90.42,90.82,59.002168513966,2496000,0,1
2010-01-20,91.32,91.77,91.27,91.74,59.5998561932531,2800500,0,1
2010-01-21,91.55,92.39,91.46,92.16,59.872713612058,4363100,0,1
2010-01-22,92.09,92.31,91.77,92,59.7687679287038,3666900,0,1
2010-01-25,91.54,91.92,91.49,91.58,59.4959105098988,2419500,0,1
2010-01-26,92.02,92.11,91.31,91.61,59.5154003255278,3138100,0,1
2010-01-27,91.75,92.09,91.37,91.56,59.4829172994795,3325700,0,1
2010-01-28,91.13,91.7,91.06,91.51,59.4504342734313,3058200,0,1
2010-01-29,91.41,92.36,91.25,92.31,59.9701626902027,4930600,0,1
2010-02-01,91.71,91.73,91.05,91.15,59.4275584271671,3598500,0.3248,1
2010-02-02,91.18,91.45,91.04,91.41,59.5970720332128,3047500,0,1
2010-02-03,90.81,90.97,90.27,90.35,58.9059781008727,5343700,0,1
2010-02-04,90.99,91.82,90.9,91.78,59.838302934124,6095000,0,1
2010-02-05,91.37,92.42,91.21,91.98,59.9686980156976,6875800,0,1
2010-02-08,91.87,92.15,91.65,92.1,60.0469350646417,3386000,0,1
2010-02-09,91.74,92.22,91.14,91.18,59.4471176894032,4790000,0,1
2010-02-10,91.32,91.6,90.2,90.31,58.879899084558,5068000,0,1
2010-02-11,90.2,90.28,89.38,89.82,58.5604311347027,5087500,0,1
2010-02-12,90.31,90.42,89.95,90.19,58.8016620356139,2833800,0,1
2010-02-16,89.73,90.44,89.73,90.36,58.9124978549514,2440900,0,1
2010-02-17,89.92,90.09,89.08,89.33,58.2409631848474,4368200,0,1
2010-02-18,89.46,89.5,88.51,88.97,58.0062520380149,5121800,0,1
2010-02-19,89.24,89.51,88.9,89.45,58.3192002337916,3502500,0,1
2010-02-22,89.12,89.32,88.92,89.08,58.0779693328804,3382600,0,1
2010-02-23,89.34,90.54,89.3,90.47,58.9842151498169,5474500,0,1
2010-02-24,90.55,90.88,90.18,90.69,59.1276497395479,4423200,0,1
2010-02-25,91.18,91.29,90.9,91.2,59.4601571975605,3707700,0,1
2010-02-26,91.46,92.06,91.41,91.67,59.7665856392585,4349100,0,1
2010-03-01,91.33,91.53,90.96,91.34,59.7402738677232,2415200,0.2896,1
2010-03-02,90.88,91.28,90.7,91.22,59.6617887257905,2260600,0,1
2010-03-03,91.01,91.08,90.7,90.99,59.5113588704196,2156100,0,1
2010-03-04,90.96,91.68,90.83,91.47,59.8252994381502,2374700,0,1
2010-03-05,90.83,90.87,90.12,90.27,59.0404480188238,3823200,0,1
2010-03-08,89.9,89.97,89.7,89.8,58.7330478795877,2850400,0,1
2010-03-09,89.98,90,89.4,89.82,58.7461287365765,2573700,0,1
2010-03-10,89.49,89.7,89.19,89.59,58.5956988812056,3216200,0,1
2010-03-11,89.39,90.14,89.37,89.92,58.8115330215203,2621000,0,1
2010-03-12,89.77,90.65,89.73,90.48,59.177797017206,3099100,0,1
2010-03-15,90.35,90.47,90.05,90.36,59.0993118752733,1936800,0,1
2010-03-16,90.56,91.09,90.54,91.08,59.5702227268691,3932600,0,1
2010-03-17,91.31,91.47,91.07,91.47,59.8252994381502,3481200,0,1
2010-03-18,91.42,91.48,91.01,91.17,59.6290865833186,2750300,0,1
2010-03-19,91.26,91.58,90.87,91.26,59.6879504397681,2976300,0,1
2010-03-22,91.35,91.49,91.22,91.36,59.7533547247119,2452300,0,1
2010-03-23,91.07,91.32,90.91,90.93,59.4721162994533,2910000,0,1
2010-03-24,89.84,90.25,89.06,89.27,58.3864051693852,8049300,0,1
2010-03-25,89.13,89.24,88.37,88.7,58.0136007452052,8268400,0,1
2010-03-26,88.54,89.12,88.49,88.95,58.1771114575649,4110700,0,1
2010-03-29,88.78,88.85,88.31,88.61,57.9547368887557,3245100,0,1
2010-03-30,88.52,88.95,88.27,88.89,58.1378688865986,3254600,0,1
2010-03-31,89.22,89.52,88.95,89.5,58.5368350247561,4263900,0,1
2010-04-01,88.77,89.03,88.43,88.95,58.3940378494382,2912400,0.3317,1
2010-04-05,87.98,88.1399,87.41,87.47,57.4224450892677,5652000,0,1
2010-04-06,87.8,87.85,87.35,87.61,57.514352512527,3584600,0,1
2010-04-07,87.45,88.92,87.3,88.73,58.249611898602,6389900,0,1
2010-04-08,88.89,89.13,88.48,88.77,58.2758711623904,3797600,0,1
2010-04-09,88.61,89.055,88.41,88.98,58.4137322972795,2311300,0,1
2010-04-12,89.17,89.56,89.09,89.45,58.7222786467931,2939600,0,1
2010-04-13,89.89,89.95,89.52,89.74,58.9126583092589,3090900,0,1
2010-04-14,89.76,89.87,89.11,89.11,58.4990749045918,3570100,0,1
2010-04-15,88.85,89.5,88.68,89.21,58.5647230640627,3698000,0,1
2010-04-16,89.4,89.99,89.24,89.86,58.9914361006241,8303900,0,1
2010-04-19,89.87,90.03,89.52,89.64,58.847010149788,3211500,0,1
2010-04-20,89.85,89.99,89.6445,89.96,59.0570842600951,2285000,0,1
2010-04-21,90.27,90.83,90.26,90.7,59.5428806401804,4162200,0,1
2010-04-22,90.9,91.0882,90.33,90.43,59.3656306096087,2841400,0,1
2010-04-23,90.21,90.365,89.87,90.11,59.1555564993016,4776000,0,1
2010-04-26,90.51,90.65,89.94,90.21,59.2212046587726,4753900,0,1
2010-04-27,90.85,91.92,90.7,91.48,60.054936284054,13199200,0,1
2010-04-28,91.13,91.35,90.481,90.7,59.5428806401804,8379500,0,1
2010-04-29,90.86,91.2225,90.52,91.08,59.7923436461701,4067200,0,1
2010-04-30,91.28,92.17,91.11,92.13,60.4816493206154,6924800,0,1
2010-05-03,91.42,92.02,91.28,91.69,60.4028958190692,4211800,0.32,1
2010-05-04,92.81,93.47,92.56,93.34,61.489871259155,11054800,0,1
2010-05-05,94.06,94.85,93.35,93.89,61.8521964058503,12219100,0,1
2010-05-06,94.16,100,93.78,96.79,63.7626380884252,19578200,0,1
2010-05-07,95.88,98.09,95.27,95.58,62.9655227656957,18740600,0,1
2010-05-10,93.16,93.94,93.085,93.6,61.6611522375928,10240100,0,1
2010-05-11,93.98,94.02,92.99,93.36,61.5030467190348,7729100,0,1
2010-05-12,93.14,93.26,92.61,92.65,61.0353178933009,5530800,0,1
2010-05-13,93.26,93.55,92.1985,93.26,61.4371694196357,6849700,0,1
2010-05-14,94.12,95.5,94.09,94.88,62.5043816699017,9796500,0,1
2010-05-17,94.72,95.71,94.47,94.53,62.2738111220047,6302200,0,1
2010-05-18,94.9,96.17,94.77,95.98,63.2290319632922,9904100,0,1
2010-05-19,95.94,96.95,95.93,96.3,63.4398393213695,14121200,0,1
2010-05-20,97.91,98.57,97.53,98.33,64.777148499172,17666900,0,1
2010-05-21,99.61,99.75,97.86,98.43,64.8430257985711,18670600,0,1
2010-05-24,98.74,98.87,97.9,98.09,64.619042980614,7721100,0,1
2010-05-25,99.65,99.89,98.4,98.57,64.9352540177299,12952700,0,1
2010-05-26,98.22,98.4019,97.4001,98.29,64.7507975794123,12644800,0,1
2010-05-27,96.83,96.99,95.88,96.06,63.2817338028115,7653200,0,1
2010-05-28,96.49,96.78,96.015,96.5,63.5715939201677,5805500,0,1
2010-06-01,97.23,97.29,96.25,96.85,64.0168263069298,5536200,0.3259,1
2010-06-02,96.99,97.19,95.82,95.93,63.4087160312212,5656400,0,1
2010-06-03,95.21,95.91,95.1,95.23,62.9460234301386,8499500,0,1
2010-06-04,96.94,97.95,96.7,97.79,64.6381563712407,7479600,0,1
2010-06-07,97.52,98.59,97.33,98.54,65.1338984438293,5288200,0,1
2010-06-08,97.93,98.51,97.76,98.05,64.8100136230714,5510800,0,1
2010-06-09,97.6,98.12,97.21,97.94,64.7373047857584,5598000,0,1
2010-06-10,97.2,97.29,96.09,96.19,63.5805732830519,6075100,0,1
2010-06-11,97.09,97.81,96.61,97.41,64.3869803877959,6266700,0,1
2010-06-14,96.32,97.04,96.22,96.91,64.0564856727369,5310400,0,1
2010-06-15,97.11,97.25,96.05,96.51,63.7920899006897,4920100,0,1
2010-06-16,97.19,97.22,96.39,97.06,64.1556340872546,4011100,0,1
2010-06-17,97.15,98.23,97.07,97.85,64.6778157370478,5650900,0,1
2010-06-18,97.89,98.11,97.57,97.69,64.5720574282289,4171700,0,1
2010-06-21,96.46,97.55,96.41,97.41,64.3869803877959,5740900,0,1
2010-06-22,97.68,98.6,97.42,98.57,65.1537281267328,5658900,0,1
2010-06-23,98.61,99.57,98.57,99.24,65.5965910449119,9137800,0,1
2010-06-24,99.35,99.59,98.35,98.65,65.2066072811422,6184600,0,1
2010-06-25,98.32,99.33,98.16,99.05,65.4710030531894,5148300,0,1
2010-06-28,99.6,100,99.4172,99.98,66.0857232231992,5436000,0,1
2010-06-29,100.32,101.125,100.16,101.07,66.8062017020278,7334200,0,1
2010-06-30,101.41,101.79,100.8,101.75,67.2556745145081,7205700,0,1
2010-07-01,101.57,102.66,101.38,101.6,67.3611248022525,12893400,0.3095,1
2010-07-02,101.11,101.44,100.16,100.79,66.8240922127858,6297600,0,1
2010-07-06,100.83,101.75,100.74,101.62,67.37438486619,6620400,0,1
2010-07-07,101.46,101.51,100.34,100.43,66.5854110619116,5727800,0,1
2010-07-08,99.82,100.16,99.5501,99.79,66.1610890159132,6260600,0,1
2010-07-09,99.4,99.64,99.18,99.22,65.7831771936958,4286000,0,1
2010-07-12,99.33,99.84,99.04,99.18,65.7566570658209,4062100,0,1
2010-07-13,98.85,98.89,98.18,98.33,65.1931043484793,5842500,0,1
2010-07-14,98.72,99.49,98.39,99.32,65.8494775133831,5417300,0,1
2010-07-15,99.74,100.59,99.7,100.31,66.5058506782869,6996100,0,1
2010-07-16,100.31,101.13,100.27,100.8,66.8307222447545,7512400,0,1
2010-07-19,100.56,100.75,99.98,100.18,66.4196602626935,4305800,0,1
2010-07-20,100.67,100.9,100.18,100.33,66.5191107422244,5076600,0,1
2010-07-21,100.45,102.28,100.41,102.03,67.6462161769077,7894200,0,1
2010-07-22,101.51,101.52,100.82,100.85,66.8638724045981,5759700,0,1
2010-07-23,100.8,100.97,99.69,99.78,66.1544589839445,6259100,0,1
2010-07-26,99.63,99.81,99,99.61,66.0417484404761,4856400,0,1
2010-07-27,98.78,99.179,98.5699,98.65,65.4052653714785,5328000,0,1
2010-07-28,98.49,99.19,98.27,98.97,65.6174263944777,5507200,0,1
2010-07-29,98.1,99.02,97.92,98.94,65.5975362985715,6305500,0,1
2010-07-30,100.2,100.61,99.85,100.48,66.6185612217553,7683200,0,1
2010-08-02,99.24,99.33,98.75,98.75,65.6866585143015,5769200,0.3244,1
2010-08-03,99.2,99.66,98.93,99.32,66.0658118849663,4363500,0,1
2010-08-04,99.5,99.51,98.56,98.56,65.5602740574132,3820400,0,1
2010-08-05,99.34,99.49,98.84,99.02,65.8662574793533,3704200,0,1
2010-08-06,99.79,100.21,99.49,100.1,66.5846533395603,6042400,0,1
2010-08-09,99.74,99.98,99.61,99.73,66.3385362393042,2578500,0,1
2010-08-10,100.06,101.01,99.47,99.94,66.4782243232333,11251000,0,1
2010-08-11,100.31,101.3901,100.31,101.28,67.3695673349717,6778300,0,1
2010-08-12,101.58,101.94,100.87,101.03,67.2032719969608,7590100,0,1
2010-08-13,101.62,102.45,101.48,102.29,68.0414005005357,7843600,0,1
2010-08-16,104.21,104.89,104.07,104.85,69.7442647617672,7976200,0,1
2010-08-17,104.85,104.8599,104,104.25,69.3451559505411,6756800,0,1
2010-08-18,105,105.65,104.49,104.53,69.5314067291133,7721600,0,1
2010-08-19,104.79,106.61,104.64,106.16,70.6156523329443,13128500,0,1
2010-08-20,106.41,106.83,105.84,106.04,70.5358305706991,7040300,0,1
2010-08-23,105.65,106.19,105.25,106.06,70.5491341977399,6360100,0,1
2010-08-24,107.04,108.13,106.67,107.76,71.679942496214,9812100,0,1
2010-08-25,108.8,109.34,107.07,107.41,71.4471290229987,13299800,0,1
2010-08-26,107.56,108.49,107.29,108.42,72.1189621885627,7039900,0,1
2010-08-27,107.77,108.33,105.2,105.35,70.076855437789,13514000,0,1
2010-08-30,106.21,107.4,105.82,107.366,71.4178610435088,5535300,0,1
2010-08-31,108.22,108.65,107.62,108.56,72.2120875778488,8397000,0,1
2010-09-01,107.02,107.05,105.09,106,70.7235766769507,12480700,0.3222,1
2010-09-02,105.2,105.3,104.4,104.88,69.9763086969678,8167600,0,1
2010-09-03,102.72,103.94,102.7,103.58,69.1089440773448,9210700,0,1
2010-09-07,105.09,105.78,104.81,105.7,70.5234156108838,6018400,0,1
2010-09-08,105.09,105.21,104.36,104.86,69.9629646258967,6698400,0,1
2010-09-09,103.7,103.84,102.64,102.79,68.5818532700355,8588900,0,1
2010-09-10,102.25,102.7,101.85,102.32,68.2682675998641,6910300,0,1
2010-09-13,101.8,103.05,101.77,102.825,68.6052053944099,7054800,0,1
2010-09-14,103.03,103.82,102.97,103.81,69.2624008946627,5978100,0,1
2010-09-15,102.75,103.26,102.14,102.27,68.2349074221863,7919100,0,1
2010-09-16,101.53,101.82,100.85,101.26,67.5610318330946,17116200,0,1
2010-09-17,101.83,102.1581,101.32,101.67,67.8345852900526,9203600,0,1
2010-09-20,102.15,102.45,101.6899,102.26,68.2282353866507,5277800,0,1
2010-09-21,102.67,104.02,102.26,103.68,69.1756644327004,12664000,0,1
2010-09-22,104.55,105.07,103.85,104.61,69.7961637375076,8229400,0,1
2010-09-23,105.41,105.455,104.24,104.912,69.9976592106816,7412200,0,1
2010-09-24,103.96,104.115,103.5,103.5,69.0555677930603,8942500,0,1
2010-09-27,104.5299,105.445,104.48,105.3,70.2565341894614,7061600,0,1
2010-09-28,105.38,106.32,105.34,106.02,70.7369207480218,8262900,0,1
2010-09-29,106.17,106.27,105.3505,105.58,70.4433511844571,5507100,0,1
2010-09-30,105.4,105.585,104.03,105.51,70.3966469357082,10618400,0,1
2010-10-01,104.23,105.14,103.98,104.61,70.0578583185047,9368400,0.3922,1
2010-10-04,104.62,104.93,104.41,104.88,70.238678715656,4422700,0,1
2010-10-05,104.73,104.81,103.93,104.25,69.8167644556363,8491800,0,1
2010-10-06,104.9,106.1,104.86,105.56,70.6940782344074,6476100,0,1
2010-10-07,105.17,105.38,104.67,104.68,70.1047376807291,5780700,0,1
2010-10-08,104.87,105.4599,104.22,104.22,69.7966733003973,6128700,0,1
2010-10-11,104.11,104.43,103.94,104.24,69.81006740389,1474200,0,1
2010-10-12,104.41,104.76,103.18,103.21,69.1202710740166,6122400,0,1
2010-10-13,102.35,103.12,102.04,103.05,69.0131182460751,8168400,0,1
2010-10-14,103.29,103.65,101.47,101.508,67.9804328667888,10945000,0,1
2010-10-15,100.6,101.05,99.895,100.27,67.1513378605914,12694700,0,1
2010-10-18,101.2,101.45,100.78,101.08,67.6937990520453,5592200,0,1
2010-10-19,100.58,102.0899,100.55,101.69,68.1023192085723,8017500,0,1
2010-10-20,101.37,102.2801,101.21,101.91,68.2496543469918,5515800,0,1
2010-10-21,101.69,101.91,100.69,100.7,67.4393110856842,6836100,0,1
2010-10-22,100.44,101.47,100.412,101.38,67.8947106044356,4770700,0,1
2010-10-25,102.12,102.29,101.55,101.67,68.0889251050796,5632300,0,1
2010-10-26,100.86,101.06,100.05,100.1,67.0374879809036,8432000,0,1
2010-10-27,99.6801,100.17,99.22,99.22,66.4481474272253,9245200,0,1
2010-10-28,99.58,99.83,99.16,99.49,66.6289678243766,8052600,0,1
2010-10-29,99.82,100.4601,99.62,100.42,67.2517936367866,6753800,0,1
2010-11-01,100.8,100.81,99.49,99.67,66.9634286341666,5921000,0.3194,1
2010-11-02,100.46,101.09,100.42,100.98,67.8435539628589,6537400,0,1
2010-11-03,101.73,102.27,98.43,98.92,66.4595400872054,25541800,0,1
2010-11-04,99.17,99.8705,99.08,99.69,66.9768656620856,13246500,0,1
2010-11-05,98.35,98.8,97.98,97.98,65.827999775014,12435000,0,1
2010-11-08,98.59,98.92,97.8196,98.42,66.1236143892313,6795200,0,1
2010-11-09,98.49,98.52,96.19,96.25,64.6656968600235,15061700,0,1
2010-11-10,96.35,96.74,95,96.38,64.7530375414968,18540400,0,1
2010-11-11,96.45,96.63,96.14,96.33,64.7194449716993,3368100,0,1
2010-11-12,96.21,96.74,95.81,95.81,64.3700822458062,11739500,0,1
2010-11-15,95.33,95.72,93.81,93.81,63.0263794539096,14978700,0,1
2010-11-16,94.91,96.25,93.99,96.138,64.5904495036773,19901300,0,1
2010-11-17,95.8,96.76,95.34,95.61,64.2357119666166,9915600,0,1
2010-11-18,95.68,96,94.8,96,64.4977340110364,12424800,0,1
2010-11-19,96.09,96.59,95.79,96.59,64.8941263346459,8359500,0,1
2010-11-22,97.37,97.62,96.24,97,65.1695854069847,10413500,0,1
2010-11-23,97.67,97.95,97.24,97.48,65.4920740770399,9566900,0,1
2010-11-24,96.81,96.99,95.58,95.74,64.3230526480898,11467600,0,1
2010-11-26,96.72,97.12,96.55,97.07,65.2166150047011,4848900,0,1
2010-11-29,97.56,97.945,97.09,97.9,65.7742516633382,8950000,0,1
2010-11-30,99.21,99.27,98.11,98.41,66.1168958752718,11947600,0,1
2010-12-01,96.65,97.11,95.89,95.894,64.6547953992728,15441200,0.3398,1
2010-12-02,95.96,96.54,95.5301,95.64,64.483540492486,9318700,0,1
2010-12-03,96.28,96.33,94.85,94.89,63.9778665551233,10194800,0,1
2010-12-06,95.52,96.25,95.31,96.23,64.8813373232113,7001800,0,1
2010-12-07,94.72,94.92,93.16,94.17,63.4924195752552,18533100,0,1
2010-12-08,93.72,93.8,92.11,93.26,62.8788685312552,19275900,0,1
2010-12-09,93.6,94.27,92.73,93.72,63.1890152128376,17477100,0,1
2010-12-10,93.29,93.86,93.14,93.15,62.804703020442,7078500,0,1
2010-12-13,93.05,94.03,92.56,93.5,63.0406841912112,12399900,0,1
2010-12-14,92.4,93.02,91.44,92.135,62.1203576252112,23516400,0,1
2010-12-15,92.08,92.24,90.47,90.94,61.3146504850133,26084000,0,1
2010-12-16,91.03,91.58,90.57,91.57,61.739416592398,17939000,0,1
2010-12-17,91.88,93.77,91.86,93.24,62.8653838929255,16849700,0,1
2010-12-20,93.75,94.23,92.64,93.14,62.7979607012771,13703500,0,1
2010-12-21,93.13,93.79,92.49,93.79,63.2362114469914,8985100,0,1
2010-12-22,93.47,93.55,92.93,93.12,62.7844760629475,6440900,0,1
2010-12-23,93.18,93.23,92.53,92.93,62.6563719988156,7091800,0,1
2010-12-27,92.76,93.88,92.3,93.76,63.2159844894969,5285900,0,1
2010-12-28,92.93,93.07,91.31,91.61,61.9824097750986,13972100,0.3204,1
2010-12-29,91.76,93.52,91.47,93.16,63.0311242729854,13115400,0,1
2010-12-30,92.88,93.28,92.41,93.09,62.9837629730808,7029900,0,1
2010-12-31,93.51,94.7,93.44,94.12,63.6806506716765,8516000,0,1
2011-01-03,93.2,94.31,92.95,93.41,63.2002717726445,13799400,0,1
2011-01-04,93.41,93.765,92.91,93.52,63.2746966724945,10466900,0,1
2011-01-05,92.49,92.69,91.19,91.46,61.8809212753032,17568000,0,1
2011-01-06,91.54,92.12,91.16,91.86,62.1515572747578,9317500,0,1
2011-01-07,91.51,92.63,91.03,92.35,62.4830863740897,12694600,0,1
2011-01-10,92.58,92.99,92.18,92.85,62.821381373408,8295200,0,1
2011-01-11,92.49,92.6,91.69,92.33,62.469554574117,9495400,0,1
2011-01-12,91.74,92.17,91.45,91.61,61.9824097750986,9522900,0,1
2011-01-13,91.62,92.77,91.45,92.43,62.5372135739807,14502400,0,1
2011-01-14,92.78,92.9,91.76,91.835,62.1346425247919,8960700,0,1
2011-01-18,91.29,91.71,90.73,91.41,61.8470917753713,10663600,0,1
2011-01-19,91.41,92.07,91.36,92.07,62.2936411744715,8886900,0,1
2011-01-20,91.5,91.615,90.39,90.8,61.434371876203,14203400,0,1
2011-01-21,90.69,91.52,90.51,91.52,61.9215166752213,9085600,0,1
2011-01-24,91.87,91.9,91.38,91.56,61.9485802751668,7700200,0,1
2011-01-25,91.94,92.9,91.32,92.43,62.5372135739807,13438100,0,1
2011-01-26,92.22,92.26,90.89,91.03,61.5899875758894,13322900,0,1
2011-01-27,91.07,91.65,90.67,91.44,61.8673894753304,10868700,0,1
2011-01-28,90.81,92.28,90.77,91.92,62.192152674676,11993200,0,1
2011-01-31,91.66,91.98,91.05,91.22,61.7185396756304,8647600,0,1
2011-02-01,90.55,90.84,90.14,90.45,61.414041699924,11508400,0.32,1
2011-02-02,90.9,91,89.9,90.47,61.4276213664137,13624600,0,1
2011-02-03,89.96,90.57,89.71,89.72,60.9183838730479,12785800,0,1
2011-02-04,89.5,89.65,88.77,88.81,60.3005090477639,17172200,0,1
2011-02-07,88.7,89.3,88.57,89.27,60.6128413770283,8554800,0,1
2011-02-08,89.31,89.54,88.36,88.45,60.0560750509483,10454200,0,1
2011-02-09,88.69,89.66,88.14,89.22,60.5788922108039,13078600,0,1
2011-02-10,88.9,89.14,88.18,88.19,59.8795393865815,10486800,0,1
2011-02-11,89.03,89.53,88.74,89.46,60.741848208681,11333400,0,1
2011-02-14,89.31,89.93,89.31,89.521,60.7832661914748,8033500,0,1
2011-02-15,89.56,89.97,89.37,89.92,61.0541805379454,7298000,0,1
2011-02-16,89.87,90.32,89.34,89.63,60.8572753738439,8446300,0,1
2011-02-17,90.02,90.18,89.66,89.77,60.9523330392722,6732500,0,1
2011-02-18,89.42,89.55,89.08,89.49,60.7622177084156,6080700,0,1
2011-02-22,89.91,90.94,89.71,90.83,61.6720553632293,11905700,0,1
2011-02-23,91.1,91.55,90.74,91.16,61.8961198603103,14522600,0,1
2011-02-24,91.63,92.04,91.44,91.74,62.2899301885133,12110900,0,1
2011-02-25,91.74,92.28,91.6401,92.28,62.6565811837367,6841700,0,1
2011-02-28,92.3,92.52,92.08,92.4,62.7380591826752,9682500,0,1
2011-03-01,91.52,92.4,91.47,92.37,62.9192696472312,8048700,0.2969,1
2011-03-02,91.84,91.99,90.94,90.95,61.9520144464185,8526400,0,1
2011-03-03,90.53,90.7801,89.98,90.06,61.3457770318246,10607600,0,1
2011-03-04,90.1,90.85,90,90.81,61.856651257606,9316200,0,1
2011-03-07,90.02,90.86,89.852,90.23,61.4615751896684,7522300,0,1
2011-03-08,90.11,90.34,89.65,89.68,61.0869340907621,8498700,0,1
2011-03-09,90.09,90.82,89.85,90.55,61.6795481926684,8904800,0,1
2011-03-10,90.87,92.1,90.64,92.075,62.7183257850905,13385800,0,1
2011-03-11,92.04,92.08,91.33,91.55,62.3607138270436,8407600,0,1
2011-03-14,91.48,91.92,91.32,91.51,62.3334672016686,6765200,0,1
2011-03-15,92.8,93.05,92.36,92.88,63.2666641207625,14893800,0,1
2011-03-16,93.37,94.94,93.08,93.93,63.9818880368564,24294200,0,1
2011-03-17,93.24,93.61,92.76,93.21,63.4914487801063,10528500,0,1
2011-03-18,92.75,93.48,92.69,93.46,63.6617401887001,7260900,0,1
2011-03-21,93.13,93.18,92.57,92.91,63.2870990897937,10542900,0,1
2011-03-22,92.81,93.29,92.7399,93.22,63.49826043645,6904700,0,1
2011-03-23,93.85,93.88,92.93,93.1,63.416520560325,8358000,0,1
2011-03-24,92.76,92.88,92.39,92.4,62.9397046162624,9477600,0,1
2011-03-25,92.86,92.96,92.02,92.17,62.7830365203561,6447200,0,1
2011-03-28,92.12,92.67,92,92.3,62.8715880528249,3996800,0,1
2011-03-29,91.98,92.5,91.57,91.59,62.3879604524186,6487200,0,1
2011-03-30,91.72,92.32,91.56,92.32,62.8852113655124,5048300,0,1
2011-03-31,92.67,92.72,91.61,92.13,62.7557898949811,9654300,0,1
2011-04-01,91.5,92.27,91.42,92.19,63.0594698827608,7860400,0.3858,1
2011-04-04,92.2,92.58,92.1299,92.29,63.1278715205553,4469100,0,1
2011-04-05,92.16,92.38,91.67,91.92,62.8747854607156,9951600,0,1
2011-04-06,91.77,91.79,90.54,90.54,61.9308428591513,9090900,0,1
2011-04-07,90.53,90.76,90.13,90.36,61.8077199111212,9265100,0,1
2011-04-08,89.93,90.32,89.85,89.88,61.4793920497075,7605700,0,1
2011-04-11,89.83,90.22,89.65,89.96,61.5341133599432,5734000,0,1
2011-04-12,90.61,91.24,90.56,90.93,62.1976092465499,7686500,0,1
2011-04-13,90.54,91.5,90.44,91.5,62.5874985819787,7959300,0,1
2011-04-14,91.54,91.77,91.22,91.43,62.5396174355225,7609600,0,1
2011-04-15,92.26,92.71,92.07,92.67,63.3877977441744,10222900,0,1
2011-04-18,91.99,93.1,91.45,92.88,63.5314411835429,12036700,0,1
2011-04-19,92.86,93.28,92.76,93.28,63.805047734721,5295100,0,1
2011-04-20,93.07,93.26,92.61,92.68,63.3946379079539,6754100,0,1
2011-04-21,92.89,93.23,92.56,92.6,63.3399165977183,3365600,0,1
2011-04-25,92.63,92.975,92.5,92.95,63.5793223299991,3626900,0,1
2011-04-26,93.27,93.87,93.18,93.85,64.1949370701497,7506300,0,1
2011-04-27,93.44,93.57,92.75,92.89,63.5382813473224,8869300,0,1
2011-04-28,93.22,93.6,92.97,93.6,64.0239329756634,8110200,0,1
2011-04-29,93.47,93.92,93.35,93.89,64.2222977252675,5900000,0,1
2011-05-02,93.32,93.68,93.17,93.64,64.3249651635152,5285100,0.4001,1
2011-05-03,93.96,94.17,93.58,94.17,64.6890428176871,6486600,0,1
2011-05-04,94.31,94.72,94.27,94.59,64.9775571851442,7406300,0,1
2011-05-05,94.92,95.63,94.809,95.49,65.5958022582664,9600000,0,1
2011-05-06,94.51,95.49,94.35,95.07,65.3072878908093,9451500,0,1
2011-05-09,94.9,95.2,94.84,94.97,65.2385939937958,3731200,0,1
2011-05-10,94.7,94.89,94.29,94.29,64.7714754941034,5458300,0,1
2011-05-11,94.32,95.09,94.18,94.83,65.1424225379767,6078700,0,1
2011-05-12,94.95,95.11,93.91,94.23,64.7302591558953,8015800,0,1
2011-05-13,94.65,95.49,94.53,95.08,65.3141572805107,8380000,0,1
2011-05-16,95.03,95.79,94.76,95.61,65.6782349346827,6053600,0,1
2011-05-17,96.03,96.6,95.98,96.59,66.3514351254157,9826900,0,1
2011-05-18,96.27,96.39,95.28,95.31,65.4721532436419,7707600,0,1
2011-05-19,94.46,95.32,94.46,95.27,65.4446756848365,8052400,0,1
2011-05-20,95.02,95.41,94.7205,95.32,65.4790226333433,5602300,0,1
2011-05-23,95.73,96.19,95.59,95.78,65.7950145596057,6300000,0,1
2011-05-24,95.64,96.14,95.46,96.14,66.0423125888546,5549100,0,1
2011-05-25,96.15,96.28,95.54,95.69,65.7331900522935,5664500,0,1
2011-05-26,95.97,96.55,95.89,96.51,66.2964800078049,8307900,0,1
2011-05-27,96.13,96.51,95.88,96.47,66.2690024489994,5390600,0,1
2011-05-31,96.18,96.76,96.0899,96.69,66.4201290224293,7003900,0,1
2011-06-01,96.92,97.718,96.89,97.64,67.3145235615461,12746400,0.352,1
2011-06-02,96.49,96.91,95.78,95.78,66.0322108431471,15738700,0,1
2011-06-03,96.58,96.6,95.57,96.33,66.4113893351468,10644100,0,1
2011-06-06,95.47,95.99,95.21,95.6,65.9081160639472,8776900,0,1
2011-06-07,95.23,96.06,95.12,96.04,66.211458857547,7399200,0,1
2011-06-08,96.26,96.84,96.17,96.79,66.7285204375466,7401800,0,1
2011-06-09,97.1,97.33,95.93,96.4,66.4596484159468,9963000,0,1
2011-06-10,96.91,97.39,96.8,97.14,66.9698158415464,7710800,0,1
2011-06-13,96.74,97.29,96.64,96.65,66.6320022759467,5540000,0,1
2011-06-14,95.74,95.9,95.13,95.19,65.6254557335475,8672400,0,1
2011-06-15,95.38,96.94,95.37,96.92,66.8181444447465,12979100,0,1
2011-06-16,97.1,97.53,96.8,97.36,67.1214872383463,10961200,0,1
2011-06-17,96.86,97.15,96.64,96.9,66.8043561359465,9622900,0,1
2011-06-20,97.33,97.36,96.585,97.02,66.8870859887464,6613800,0,1
2011-06-21,96.7,97.03,96.27,96.59,66.5906373495467,7894900,0,1
2011-06-22,96.96,97.06,96.41,96.65,66.6320022759467,5503700,0,1
2011-06-23,97.24,97.74,97.15,97.39,67.1421697015463,8587584,0,1
2011-06-24,97.36,97.69,96.98,96.98,66.8595093711465,7960827,0,1
2011-06-27,96.85,96.87,95.55,95.65,65.9425868359472,9331299,0,1
2011-06-28,95.48,95.68,94.72,94.88,65.4117369471476,12634249,0,1
2011-06-29,94.95,95.2,94.02,94.25,64.977405219948,11084827,0,1
2011-06-30,94.23,94.31,93.14,94.1,64.8739929039481,11555558,0,1
2011-07-01,94.13,94.23,93.36,93.63,64.7703454972831,6637186,0.3197,1
2011-07-05,94.04,94.17,93.69,93.84,64.9156170187445,4615555,0,1
2011-07-06,94.19,94.45,93.84,94.32,65.2476662106562,5652608,0,1
2011-07-07,93.83,94.14,93.55,94.04,65.0539708487077,6823639,0,1
2011-07-08,94.84,95.61,94.83,95.37,65.9740238179632,12129235,0,1
2011-07-11,96.04,96.8,95.75,96.8,66.9632537022002,9760755,0,1
2011-07-12,97.3,97.31,96.56,97.13,67.1915375216395,9083869,0,1
2011-07-13,96.71,97.43,96.11,97.4,67.3783151920899,13112006,0,1
2011-07-14,96.62,97.9,96.01,96.01,66.4167560738455,11471407,0,1
2011-07-15,95.29,96.2,95.24,96.17,66.527439137816,7086625,0,1
2011-07-18,96.06,96.17,95.2,95.24,65.8840938284871,8206444,0,1
2011-07-19,95.32,97.27,95.17,97.22,67.253796745123,15249165,0,1
2011-07-20,96.72,96.84,95.87,96.07,66.4582622228344,9647264,0,1
2011-07-21,95.24,95.86,94.9,95.33,65.9463530519705,11099702,0,1
2011-07-22,95.69,96.09,95.53,96.05,66.4444268398381,4974442,0,1
2011-07-25,94.97,96.05,94.83,95,65.7180692325312,10869156,0,1
2011-07-26,95.3,95.87,95.24,95.65,66.1677191799117,7682708,0,1
2011-07-27,95.34,95.84,95.1,95.66,66.1746368714098,11221720,0,1
2011-07-28,96.11,96.31,95.71,96.02,66.4236737653436,7081515,0,1
2011-07-29,96.89,98.53,96.78,97.92,67.7380351499942,19582350,0,1
2011-08-01,97.39,98.94,97.35,98.58,68.4195419044729,14348108,0.3252,1
2011-08-02,99.22,101.57,98.89,101.54,70.4739326940574,20829783,0,1
2011-08-03,101.57,103.42,101.36,101.74,70.6127428825428,21179847,0,1
2011-08-04,102.38,105.55,102.27,105.36,73.1252072941292,34070830,0,1
2011-08-05,103.44,105.5,102.28,102.32,71.0152924291505,41677674,0,1
2011-08-08,103.18,105.79,102.95,105.55,73.2570769731904,38259186,0,1
2011-08-09,105.01,109.37,103,105.87,73.4791732747671,39881326,0,1
2011-08-10,107.63,109.07,106.94,109.02,75.6654337434128,46220942,0,1
2011-08-11,107.34,107.81,103.2,103.52,71.8481535600632,37790047,0,1
2011-08-12,104.44,105.66,104.07,105.57,73.2709579920389,15590705,0,1
2011-08-15,104.94,105.48,104.47,104.5,72.5283234836418,10051650,0,1
2011-08-16,104.66,106.64,104.63,106.23,73.7290316140409,15993120,0,1
2011-08-17,106.32,108.1,105.77,108.09,75.0199663669555,15906442,0,1
2011-08-18,110.09,112.14,109.28,110.31,76.5607594591438,27274526,0,1
2011-08-19,110.65,111.41,110.23,111.2,77.178464797904,15708210,0,1
2011-08-22,110.46,111.26,110.39,110.92,76.9841305340244,13157693,0,1
2011-08-23,109.76,111.17,109.35,109.39,75.9222325921108,16017695,0,1
2011-08-24,109.29,109.41,106.15,106.28,73.7637341611622,14621594,0,1
2011-08-25,106.69,107.9,106.36,107.43,74.5618927449535,10565894,0,1
2011-08-26,108.69,109.27,107.33,108.49,75.2975867439263,11504781,0,1
2011-08-29,106.7,107.4,106.6,106.99,74.2565103302856,6764296,0,1
2011-08-30,108.43,109.15,108.25,108.71,75.4502779512603,9508630,0,1
2011-08-31,108.81,108.96,107.03,107.03,74.2842723679826,12185520,0,1
2011-09-01,107.47,108.98,106.08,108.97,75.8545265345751,10686517,0.3224,1
2011-09-02,111.39,112.58,110.66,112.51,78.3187370873181,16557008,0,1
2011-09-06,114.42,114.93,113.39,113.68,79.1331795581399,14016833,0,1
2011-09-07,112.28,112.37,111.31,111.51,77.622632411402,11524280,0,1
2011-09-08,112.3,112.63,111.34,112.51,78.3187370873181,11480686,0,1
2011-09-09,112.54,114.18,112.21,113.71,79.1540626984174,11492630,0,1
2011-09-12,113.57,114.25,113.1,113.83,79.2375952595273,7602169,0,1
2011-09-13,113.4,113.59,112.11,112.21,78.1099056845432,9281860,0,1
2011-09-14,111.97,113.35,111.82,113.16,78.7712051266635,11948411,0,1
2011-09-15,111.98,112.49,111.43,111.43,77.5669440373287,8883789,0,1
2011-09-16,111.31,112.59,111.25,112.24,78.1307888248207,10053417,0,1
2011-09-19,114.2,115.19,114.12,114.38,79.6204528312811,13033466,0,1
2011-09-20,114.37,114.87,114.05,114.86,79.9545830757208,6360590,0,1
2011-09-21,114.63,118.79,114.2,118.66,82.599780844202,18687066,0,1
2011-09-22,121.41,123.87,121.23,123.12,85.7044076987877,25041354,0,1
2011-09-23,123.12,123.36,120.83,120.83,84.1103279909399,15173514,0,1
2011-09-26,120.12,120.57,118.58,118.89,82.7598849196627,15110036,0,1
2011-09-27,116.75,117.3,116.26,117.07,81.4929744094954,13589514,0,1
2011-09-28,116.9,117.11,115.76,117.03,81.4651302224588,12642547,0,1
2011-09-29,117.61,118.82,117.09,117.84,82.0289750099508,12341797,0,1
2011-09-30,120.02,120.91,118.99,120.8,84.0894448506624,13546346,0,1
2011-10-03,121.88,123.81,121.11,123.81,86.3976569533231,15881373,0.3059,1
2011-10-04,124.37,125.03,122.18,122.24,85.3020724172056,17300664,0,1
2011-10-05,121.66,121.78,120.66,121.36,84.6879868173435,14274932,0,1
2011-10-06,120.64,121.01,119.12,119.12,83.1248598358764,9681503,0,1
2011-10-07,117.75,119.05,116.85,118.24,82.5107742360143,11564527,0,1
2011-10-10,116.82,116.91,115.8,116.57,81.3454072453669,3567530,0,1
2011-10-11,117.29,117.36,115.9,116.18,81.0732556727008,7520113,0,1
2011-10-12,114.7,115.12,113.48,114.49,79.8939321911475,14033398,0,1
2011-10-13,115.03,116.55,114.96,115.63,80.689452172787,11263300,0,1
2011-10-14,113.88,114.61,113.61,113.95,79.5171069366866,8410961,0,1
2011-10-17,114.3,115.97,114.22,115.92,80.8918212909233,9663340,0,1
2011-10-18,116.14,116.82,114.3,115.2,80.3893876183089,12495570,0,1
2011-10-19,114.54,115.74,114.16,115.16,80.361474636497,6629256,0,1
2011-10-20,114.46,115.67,114.07,114.34,79.7892585093528,7832019,0,1
2011-10-21,113.86,114.2,113.13,113.13,78.9448908095424,9906282,0,1
2011-10-24,113.93,114.08,113.05,113.32,79.077477473149,6344484,0,1
2011-10-25,113.38,116.35,113.35,116.2,81.0872121636067,11790858,0,1
2011-10-26,115.39,116.21,114.07,114.17,79.6706283366522,12746720,0,1
2011-10-27,112.52,112.85,109.82,110.3,76.9700473463496,19474500,0,1
2011-10-28,110.9,111.96,110.76,111.46,77.7795238188951,10127838,0,1
2011-10-31,113.61,115.88,113.46,115.88,80.8639083091114,15241943,0,1
2011-11-01,118.71,119.49,117.17,119.45,83.5641103806859,24400580,0.2995,1
2011-11-02,116.63,118.36,116.42,117.96,82.5217451695748,13180085,0,1
2011-11-03,116.34,117.35,115.99,116.34,81.3884353427292,8386003,0,1
2011-11-04,115.72,117.05,115.53,116.48,81.4863756981356,7583667,0,1
2011-11-07,116.64,118.35,116.32,117.22,82.0040604338552,9279368,0,1
2011-11-08,116.75,117.54,115.5,115.72,80.9546994830722,7539364,0,1
2011-11-09,118.26,119.13,117.07,118.12,82.633677004325,13004493,0,1
2011-11-10,116.78,117.61,115.21,116.36,81.4024268220729,11644596,0,1
2011-11-11,115.83,116.17,115.5,115.65,80.905729305369,2483889,0,1
2011-11-14,116.39,117.6,116.21,117.51,82.2069368843399,9252519,0,1
2011-11-15,117.7,118.46,116.72,117.35,82.0950050495897,7587448,0,1
2011-11-16,117.96,118.43,117.18,118.42,82.8435491944816,7469974,0,1
2011-11-17,118.04,120.16,118.04,119.37,83.5081444633108,9907881,0,1
2011-11-18,119.18,119.55,118.32,119.34,83.4871572442951,6792530,0,1
2011-11-21,120.38,120.73,119.91,120.05,83.9838547609991,7345539,0,1
2011-11-22,120.35,121.41,119.85,121.39,84.9212838770319,7866299,0,1
2011-11-23,121.16,123.05,121.03,122.58,85.7537768979864,10129292,0,1
2011-11-25,121.8,121.87,120.74,120.8,84.5085352363906,4311861,0,1
2011-11-28,118.63,121.15,118.58,120.74,84.4665607983593,7660673,0,1
2011-11-29,120.03,120.92,119.08,119.75,83.7739825708425,8952729,0,1
2011-11-30,118.34,118.56,117.26,117.88,82.4657792521997,11806772,0,1
2011-12-01,116.29,117.24,115.8,117,82.0529151818538,9647137,0.2898,1
2011-12-02,116.62,118.68,116.56,118.64,83.2030586083345,7764842,0,1
2011-12-05,117,118.83,116.88,118.4,83.0347449361666,7862774,0,1
2011-12-06,117.81,118.29,116.77,117.27,82.2422680630427,8496663,0,1
2011-12-07,117.33,118.24,116.85,117.69,82.5368169893365,6588269,0,1
2011-12-08,117.72,119.33,117.41,119.16,83.5677382313649,8800333,0,1
2011-12-09,119.07,119.13,116.63,116.71,81.8495361613176,9855072,0,1
2011-12-12,117.91,118.49,117.61,118.01,82.7612352188937,5734340,0,1
2011-12-13,117.28,119.63,117.16,119.11,83.5326728829966,8896178,0,1
2011-12-14,119.79,121.39,119.49,121.36,85.1106135595707,11247671,0,1
2011-12-15,120.66,121.32,120.37,120.91,84.7950254242559,5438609,0,1
2011-12-16,121.38,122.62,121.29,122.32,85.7838682482424,9321865,0,1
2011-12-19,122.32,124.02,122.26,123.87,86.8708940476601,7845061,0,1
2011-12-20,122.66,122.67,120.61,120.78,84.7038555184983,13944703,0,1
2011-12-21,120.63,120.83,119.07,119.1,83.525659813323,11600084,0,1
2011-12-22,120,120.42,119.35,119.6,83.8763132970061,5247376,0,1
2011-12-23,118.56,118.71,117.74,118.27,82.943575030409,5409603,0,1
2011-12-27,117.94,118.45,117.62,118.45,83.3362080478517,4270259,0.3799,1
2011-12-28,118.74,121.05,118.45,120.64,84.8769956850386,8301924,0,1
2011-12-29,120.48,121.09,120.06,120.86,85.031778004756,4304960,0,1
2011-12-30,121.11,121.76,120.89,121.25,85.3061648442551,5948796,0,1
2012-01-03,119.42,120.2,118.93,119.43,84.0256929265929,9076885,0,1
2012-01-04,119.26,119.28,117.68,118.01,83.0266434084169,8417068,0,1
2012-01-05,118.17,119.1,117.57,117.8,82.8788966486866,6465775,0,1
2012-01-06,117.75,118.96,117.71,118.73,83.533203727492,7348338,0,1
2012-01-09,118.47,119.54,118.3,118.52,83.3854569677618,5580980,0,1
2012-01-10,117.73,118.87,117.68,118.32,83.2447457680187,8932484,0,1
2012-01-11,119.04,120.06,118.98,119.86,84.3282220060405,8634306,0,1
2012-01-12,119.95,120.19,119.24,119.69,84.2086174862589,7205319,0,1
2012-01-13,121.1,121.64,120.81,120.88,85.0458491247304,9818711,0,1
2012-01-17,120.95,121.63,120.83,121.44,85.439840484011,5449836,0,1
2012-01-18,121.53,121.61,119.91,119.97,84.4056131658992,5803675,0,1
2012-01-19,119.33,119.56,117.92,118.32,83.2447457680187,8625694,0,1
2012-01-20,117.71,117.96,116.97,116.98,82.3019807297399,6548162,0,1
2012-01-23,116.13,116.64,115.55,116.24,81.7813492906904,7274802,0,1
2012-01-24,116.71,116.71,115.78,116.45,81.9290960504207,5776452,0,1
2012-01-25,116.06,118.53,115.89,116.17,81.7321003707803,12867095,0,1
2012-01-26,116.65,117.71,116.59,117.71,82.8155766088022,7638469,0,1
2012-01-27,117.83,118.33,117.01,118.08,83.0758923283269,5165261,0,1
2012-01-30,119.84,120.39,119.34,119.47,84.0538351665415,8388363,0,1
2012-01-31,119.26,120.91,119.19,120.85,85.0247424447689,7998257,0,1
2012-02-01,119.75,119.9,118.81,119.18,84.0529859744511,7925120,0.2888,1
2012-02-02,118.96,119.48,118.64,119.13,84.017722932844,5596854,0,1
2012-02-03,116.46,116.8,115.97,116.57,82.2122552025655,12467360,0,1
2012-02-06,116.69,117.8,116.34,117.73,83.030357767848,6180544,0,1
2012-02-07,116.62,116.88,115.77,116.27,82.0006769529235,8790501,0,1
2012-02-08,116.2,116.79,115.98,116.36,82.0641504278161,7612897,0,1
2012-02-09,115.86,116.04,114.62,115.49,81.4505735038543,11476886,0,1
2012-02-10,116.8,117.33,116.52,116.99,82.5084647520643,7193085,0,1
2012-02-13,116.6,117.37,116.43,117.14,82.6142538768854,6422849,0,1
2012-02-14,117.44,118.28,117.23,117.76,83.0515155928122,8270710,0,1
2012-02-15,117.66,118.27,117.49,117.55,82.9034108180628,6846076,0,1
2012-02-16,117.27,117.6,116.13,116.61,82.2404656358511,9036124,0,1
2012-02-17,115.86,116.61,115.76,116.58,82.2193078108869,6337946,0,1
2012-02-21,115.77,115.92,114.95,115.29,81.3095213374263,8331967,0,1
2012-02-22,115.89,116.76,115.81,116.74,82.3321495440293,7735910,0,1
2012-02-23,116.14,117.22,115.93,116.74,82.3321495440293,5163865,0,1
2012-02-24,117.23,117.58,116.95,117.5,82.8681477764558,5676829,0,1
2012-02-27,118.5,118.85,118.12,118.54,83.6016190418814,8180753,0,1
2012-02-28,118.87,119.14,117.94,118.15,83.3265673173468,6615652,0,1
2012-02-29,118.37,118.42,116.96,117.43,82.818779518206,14234959,0,1
2012-03-01,116.17,116.68,115.54,116.06,82.0407223682333,12265622,0.2668,1
2012-03-02,116.6,117.48,116.55,117.15,82.8112237242678,6669512,0,1
2012-03-05,116.96,117.44,116.22,116.22,82.1538234847154,6921898,0,1
2012-03-06,117.45,118.11,117.44,117.63,83.1505270737143,6299634,0,1
2012-03-07,117.46,117.61,116.81,116.91,82.6415720495446,5567472,0,1
2012-03-08,116.32,116.57,115.64,115.74,81.814520135269,7982019,0,1
2012-03-09,115.49,115.99,114.9,115.97,81.977102990212,6975597,0,1
2012-03-12,116.32,116.52,115.87,115.95,81.9629653506518,5279971,0,1
2012-03-13,115.27,115.41,113.89,113.91,80.5209261155045,14414038,0,1
2012-03-14,112.7,112.75,110.95,111.04,78.4921748386061,24515009,0,1
2012-03-15,110.9,111.74,110.88,111.21,78.6123447748683,14153606,0,1
2012-03-16,110.5,111.44,110.2,111.43,78.7678588100313,13427151,0,1
2012-03-19,111.36,111.48,109.69,110.1,77.8277057792735,14011232,0,1
2012-03-20,110.43,110.87,109.85,110.54,78.1387338495994,9443784,0,1
2012-03-21,110.86,111.89,110.81,111.79,79.0223363221161,10241629,0,1
2012-03-22,112.29,112.37,111.87,112.15,79.2768138342009,8009786,0,1
2012-03-23,112.69,113.39,112.66,113.21,80.0261087308951,8461242,0,1
2012-03-26,112.83,113.01,111.8,112.63,79.6161171836473,8118600,0,1
2012-03-27,112.78,113.7,112.7,113.44,80.1886915858382,6972257,0,1
2012-03-28,112.92,113.94,112.85,113.28,80.075590469356,7885895,0,1
2012-03-29,114.02,114.19,113.58,114.13,80.6764401506674,7692776,0,1
2012-03-30,114.21,114.27,112.19,112.2,79.3121579331016,9467448,0,1
2012-04-02,113,113.3,112.2,112.53,79.7504261732338,8944053,0.29,1
2012-04-03,113.01,113.44,110.57,110.58,78.3684539788163,14774279,0,1
2012-04-04,111.77,112.12,111.41,112.1,79.4456835867725,10095599,0,1
2012-04-05,113,113.07,112.33,112.91,80.0197335752229,6364087,0,1
2012-04-09,115.54,115.77,115.24,115.55,81.8907113153574,14374511,0,1
2012-04-10,115.95,117.29,115.78,116.86,82.8191131485302,14421245,0,1
2012-04-11,115.71,116.06,115.35,115.46,81.8269279833074,8712928,0,1
2012-04-12,115.67,115.75,114.82,114.98,81.4867502123738,9008477,0,1
2012-04-13,116.15,116.9,116.12,116.84,82.8049390747413,8607685,0,1
2012-04-16,116.7,117.6,116.57,116.67,82.6844594475357,7734950,0,1
2012-04-17,116.53,116.83,116.25,116.6,82.6348501892745,5398578,0,1
2012-04-18,117.05,117.12,116.73,116.94,82.8758094436858,4074331,0,1
2012-04-19,117.25,117.47,117.02,117.05,82.9537668495248,5374260,0,1
2012-04-20,116.56,117.13,116.33,117.07,82.9679409233136,5043269,0,1
2012-04-23,118.11,118.41,117.79,117.92,83.5703390593418,5170085,0,1
2012-04-24,117.61,117.76,117.08,117.09,82.9821149971026,4336567,0,1
2012-04-25,116.41,117.32,115.69,116.49,82.5568927834356,8859429,0,1
2012-04-26,117.42,117.46,116.59,117.19,83.052985366047,5132089,0,1
2012-04-27,117.02,117.36,116.79,117.29,83.1238557349915,2815028,0,1
2012-04-30,117.57,117.75,117.19,117.32,83.1451168456749,4198334,0,1
2012-05-01,117.43,117.62,116.07,116.43,82.7152852232118,7214901,0.2835,1
2012-05-02,117.22,117.32,116.8,117.25,83.2978372620595,3565669,0,1
2012-05-03,116.64,117.37,116.56,117.22,83.2765243825894,3522807,0,1
2012-05-04,117.48,118.19,117.4,118.14,83.9301193530039,6367227,0,1
2012-05-07,118.32,118.46,118.02,118.16,83.9443279393172,3228158,0,1
2012-05-08,118.69,119.51,118.66,118.79,84.391898408188,6051598,0,1
2012-05-09,119.45,119.57,118.44,118.87,84.4487327534414,5828828,0,1
2012-05-10,118.02,118.62,117.44,118.52,84.2000824929577,6302559,0,1
2012-05-11,119.49,119.6,118.96,119.5,84.8963032223122,5234272,0,1
2012-05-14,120.87,121.3,120.6,121.17,86.0827201794776,8789341,0,1
2012-05-15,121.09,121.73,120.82,121.66,86.4308305441548,6766174,0,1
2012-05-16,120.98,122.18,120.72,122.01,86.6794808046386,6462312,0,1
2012-05-17,122.03,124.28,122.02,124.17,88.2140081264812,14859136,0,1
2012-05-18,123.27,124.44,123.11,124.2,88.2353210059512,10137901,0,1
2012-05-21,123.9,124.45,123.62,123.94,88.0506093838776,9583466,0,1
2012-05-22,122.75,122.88,122.06,122.56,87.0702169282559,12475466,0,1
2012-05-23,123.55,124.52,123.36,123.41,87.6740818465736,11744790,0,1
2012-05-24,123.23,123.79,122.75,122.94,87.3401800682097,10256193,0,1
2012-05-25,123.43,123.54,123.14,123.4,87.666977553417,4723541,0,1
2012-05-29,123.39,123.81,123,123.02,87.3970144134632,5874072,0,1
2012-05-30,125.32,126.32,125.3,126.14,89.6135538783469,17170376,0,1
2012-05-31,127.03,129.08,126.67,127.6,90.6507806792221,31174444,0,1
2012-06-01,128.87,130.38,128.53,130.36,92.7981612710842,23525949,0.2627,1
2012-06-04,129.31,130.18,128.94,129.33,92.064944746773,11681548,0,1
2012-06-05,128.53,128.64,127.59,127.6,90.8334257302113,12482709,0,1
2012-06-06,127.56,127.6,125.05,125.05,89.0181809370135,20805420,0,1
2012-06-07,124.65,125.74,124.39,125.24,89.1534344706243,18897998,0,1
2012-06-08,126.75,126.95,124.57,125.21,89.1320786495279,11238640,0,1
2012-06-11,124.79,126.21,124.77,125.78,89.5378392503603,10693793,0,1
2012-06-12,124.97,125.63,124.5,124.63,88.7191994416633,10921579,0,1
2012-06-13,124.85,126.28,124.38,125.86,89.5947881066175,11099969,0,1
2012-06-14,125.95,126.28,125.19,125.7,89.4808903941032,7688149,0,1
2012-06-15,126.58,126.85,126.14,126.4,89.9791928863535,6421386,0,1
2012-06-18,127.15,127.34,126.26,127.08,90.4632581645396,6698222,0,1
2012-06-19,126.28,126.37,125.33,125.42,89.281569397203,8227900,0,1
2012-06-20,124.57,126.51,124.09,126.04,89.7229230331962,13720209,0,1
2012-06-21,125.95,127.25,125.89,126.71,90.1998697043501,9776554,0,1
2012-06-22,125.9,126.22,125.01,125.02,88.9968251159171,7830352,0,1
2012-06-25,126.36,127.02,126.27,126.84,90.2924115957681,6113802,0,1
2012-06-26,126.11,126.95,125.94,126.34,89.9364812441606,5359564,0,1
2012-06-27,126.56,126.79,126.03,126.54,90.0788533848036,5860672,0,1
2012-06-28,127.3,127.48,126.79,126.85,90.2995302028002,5257740,0,1
2012-06-29,125.03,125.63,124.63,125.2,89.1249600424957,8881875,0,1
2012-07-02,125.45,127.21,125.37,126.22,90.0424196421524,7817729,0.2688,1
2012-07-03,125.95,126,125.21,125.25,89.3504441465662,5773778,0,1
2012-07-05,125.35,126.32,125.25,125.89,89.8070052982931,5974553,0,1
2012-07-06,126.67,127.21,126.61,127.06,90.641656153794,5817701,0,1
2012-07-09,127.38,128.26,127.11,128.18,91.4406381693162,5646969,0,1
2012-07-10,127.86,128.74,127.72,128.44,91.6261161372053,4287887,0,1
2012-07-11,128.59,129.47,128.26,128.6,91.740256425137,5960873,0,1
2012-07-12,129.05,129.56,128.9,129.51,92.3894293127488,6420984,0,1
2012-07-13,129.23,129.24,128.6,129.17,92.1468812008938,4175373,0,1
2012-07-16,130.3,130.61,129.61,129.77,92.5749072806379,5263015,0,1
2012-07-17,129.26,129.82,128.64,128.75,91.847262945073,5590882,0,1
2012-07-18,129.26,129.34,128.79,128.82,91.8971993210432,4009626,0,1
2012-07-19,128.46,129.1,128.11,128.49,91.661784977184,5246268,0,1
2012-07-20,129.6,130.3,129.42,130.06,92.7817865525142,6365879,0,1
2012-07-23,131.31,131.44,130.51,130.79,93.3025516162027,6140543,0,1
2012-07-24,130.35,132.04,130.28,131.82,94.0373297197633,6748486,0,1
2012-07-25,131.63,132.21,131.48,132.16,94.2798778316183,5327969,0,1
2012-07-26,131.53,131.78,130.9,130.95,93.4166919041345,6606220,0,1
2012-07-27,129.89,130.01,126.96,128.48,91.6546512091882,14685089,0,1
2012-07-30,128.39,129.48,128.25,129.44,92.3394929367787,6025242,0,1
2012-07-31,129.81,129.88,128.58,129.7,92.5249709046677,7446993,0,1
2012-08-01,128.53,129.74,128.15,128.78,92.063070127596,7971952,0.2725,1
2012-08-02,129.59,130.69,129.13,129.51,92.5849371969635,7971931,0,1
2012-08-03,127.84,128.03,126.77,127.42,91.0908246285004,9084076,0,1
2012-08-06,127.67,128.14,127.37,127.47,91.1265689483201,3673259,0,1
2012-08-07,125.96,126.13,125.43,125.83,89.9541552582342,6612511,0,1
2012-08-08,126.16,126.39,125.04,125.16,89.4751813726503,7250198,0,1
2012-08-09,124.77,125.3,123.75,125.07,89.4108415969749,7553431,0,1
2012-08-10,126.2,126.32,125.6,125.7,89.861220026703,4670404,0,1
2012-08-13,126.11,126.38,125.49,125.49,89.7110938834603,3543699,0,1
2012-08-14,123.96,124.41,123.75,123.79,88.4957870095908,7992937,0,1
2012-08-15,123.02,123.2,121.9,122.05,87.2518846798656,11190912,0,1
2012-08-16,122.21,122.5,120.52,121.01,86.508402827616,13238187,0,1
2012-08-17,121.4,122.12,121.32,121.6,86.9301858014883,6140245,0,1
2012-08-20,121.55,122.19,121.5,121.85,87.1089074005868,4427023,0,1
2012-08-21,121.47,122.45,120.66,122.39,87.4949460546395,9380746,0,1
2012-08-22,123.52,124.51,123.21,124.41,88.939016575355,11084322,0,1
2012-08-23,124.74,125.14,124.65,124.93,89.3107575014798,6839013,0,1
2012-08-24,125.47,125.56,124.67,124.81,89.2249711339125,5001358,0,1
2012-08-27,125.34,125.8,125.27,125.54,89.74683820328,3905786,0,1
2012-08-28,125.75,126.36,125.59,125.84,89.9613041221981,3412537,0,1
2012-08-29,125.61,125.63,124.95,125.29,89.5681166041815,3762342,0,1
2012-08-30,126.27,126.44,125.73,125.94,90.0327927618375,3886374,0,1
2012-08-31,125.78,127.72,125.73,127.72,91.3052905474185,9192284,0,1
2012-09-04,126.92,127.63,126.76,127.32,91.2135949288987,6008260,0.2717,1
2012-09-05,126.82,127.19,126.55,126.72,90.7837476389415,3466654,0,1
2012-09-06,125.53,125.53,124.55,124.61,89.2721180025924,6505063,0,1
2012-09-07,126.14,126.18,123.92,124.03,88.8565989556338,7135093,0,1
2012-09-10,123.69,124.33,123.51,124.33,89.0715226006124,4912087,0,1
2012-09-11,124.02,124.1,123.29,123.55,88.5127211236682,3523300,0,1
2012-09-12,122.22,122.41,121.68,122.01,87.4094464127783,7040901,0,1
2012-09-13,122.39,123.09,120.27,121.53,87.0655685808126,12280179,0,1
2012-09-14,119.76,119.85,118.05,118.3,84.7515573365434,16871543,0,1
2012-09-17,118.87,119.9,118.8,119.72,85.7688625894419,5573250,0,1
2012-09-18,120.71,120.9,119.96,120.32,86.198709879399,5363844,0,1
2012-09-19,121.34,121.38,120.61,121.11,86.7646754778426,5903301,0,1
2012-09-20,122.14,122.32,120.98,121.41,86.9795991228211,4604157,0,1
2012-09-21,120.75,121.64,120.67,121.55,87.0798968238111,4144263,0,1
2012-09-24,122.25,122.7,122.18,122.5,87.7604883662432,3627320,0,1
2012-09-25,122.8,123.74,122.13,123.71,88.6273470676567,5893406,0,1
2012-09-26,124.56,125.09,124.45,125.04,89.5801752270616,7193305,0,1
2012-09-27,124.55,124.8,123.77,124.15,88.9425684136253,5146080,0,1
2012-09-28,124.75,125.24,123.81,124.22,88.9927172641203,7173350,0,1
2012-10-01,123.97,124.47,123.38,124.42,89.3220390340237,4842566,0.2597,1
2012-10-02,123.91,124.52,123.81,124.25,89.1999947755782,3540098,0,1
2012-10-03,123.86,124.3,123.62,124.29,89.2287110716831,3800052,0,1
2012-10-04,123.46,123.8,122.57,122.74,88.1159545976215,6214730,0,1
2012-10-05,121.57,121.68,120.92,121.15,86.9744818274552,8340461,0,1
2012-10-08,121.98,122.27,121.69,122.17,87.7067473781279,1568391,0,1
2012-10-09,121.47,122.18,121.38,121.95,87.5488077495514,4752701,0,1
2012-10-10,121.46,122.96,121.26,122.81,88.1662081158049,5429704,0,1
2012-10-11,121.96,123.66,121.89,123.66,88.7764294080322,5194034,0,1
2012-10-12,124.07,124.78,123.78,123.97,88.9989807028445,4934839,0,1
2012-10-15,123.78,124.14,123.43,123.69,88.7979666301108,3036046,0,1
2012-10-16,122.9,122.94,121.94,121.98,87.57034497163,5398643,0,1
2012-10-17,121.17,121.26,120.57,120.85,86.759109606669,6931539,0,1
2012-10-18,121.12,121.53,119.87,120.11,86.22785812873,8558559,0,1
2012-10-19,120.34,121.81,120.28,121.74,87.3980471950012,7616611,0,1
2012-10-22,121.43,121.84,120.94,120.96,86.8380794209573,6910526,0,1
2012-10-23,122.1,122.73,122.02,122.69,88.0800592274905,5760396,0,1
2012-10-24,121.86,122.29,121.48,121.48,87.2113912703199,6824490,0,1
2012-10-25,120.56,121.54,120.33,120.86,86.7662886806953,5292472,0,1
2012-10-26,121.44,122.65,121.27,122.64,88.0441638573595,5889384,0,1
2012-10-31,122.68,123.7,122.63,123.36,88.5610571872461,5025519,0,1
2012-11-01,122.77,122.88,122.08,122.35,88.0294848046981,3659628,0.2696,1
2012-11-02,121.28,122.31,121.24,122.26,87.9647307905385,3527781,0,1
2012-11-05,122.82,123.25,122.79,122.95,88.4611782324285,2932874,0,1
2012-11-06,122.55,122.86,121.78,121.79,87.6265709388164,4484592,0,1
2012-11-07,123.95,124.53,123.76,124,89.2166417309568,10070915,0,1
2012-11-08,123.79,125.86,123.43,125.84,90.5405015759968,8579426,0,1
2012-11-09,125.63,125.98,125.18,125.98,90.6412300424672,5036872,0,1
2012-11-12,125.84,126.38,125.79,126.19,90.7923227421729,2072128,0,1
2012-11-13,126.8,126.82,125.99,126.61,91.0945081415842,2863761,0,1
2012-11-14,125.72,126.79,125.6,126.73,91.1808468271303,4694593,0,1
2012-11-15,126.1,127.02,126,126.48,91.0009745655759,5549529,0,1
2012-11-16,126.36,127.19,126.28,126.37,90.921830770492,4591065,0,1
2012-11-19,125.46,125.81,125.3,125.66,90.4109935476777,3621542,0,1
2012-11-20,125.48,125.67,124.38,124.4,89.5044373494438,4659214,0,1
2012-11-21,124.19,124.42,124.02,124.33,89.4540731162085,2422759,0,1
2012-11-23,124.3,124.45,124.11,124.21,89.3677344306624,987173,0,1
2012-11-26,125.16,125.52,124.75,124.8,89.7922329679307,2798977,0,1
2012-11-27,124.94,125.39,124.7,125.29,90.1447826005772,2544314,0,1
2012-11-28,125.97,126.2,125.09,125.11,90.0152745722581,3569675,0,1
2012-11-29,124.86,125.44,124.66,125.13,90.0296643531824,2760924,0,1
2012-11-30,125.48,125.54,124.71,124.79,89.7850380774685,3702298,0,1
2012-12-03,123.72,124.79,123.62,124.66,89.8676519682223,5427704,0.2448,1
2012-12-04,125.02,125.41,124.84,125.38,90.386701458172,2586243,0,1
2012-12-05,125.4,125.81,125.17,125.32,90.3434473340095,1978111,0,1
2012-12-06,125.86,126.08,125.51,125.59,90.5380908927406,2301120,0,1
2012-12-07,124.5,124.96,124.34,124.43,89.7018444922662,4020831,0,1
2012-12-10,124.96,125.08,124.54,124.98,90.0983406304222,2134231,0,1
2012-12-11,124.26,124.31,123.83,124.03,89.4134836645164,3777883,0,1
2012-12-12,123.83,124.34,122.57,122.59,88.3753846846172,7119692,0,1
2012-12-13,122.29,123.18,122.13,122.68,88.4402658708609,6381446,0,1
2012-12-14,123.19,123.71,123.08,123.6,89.1034957746854,3832799,0,1
2012-12-17,123.5,123.52,121.71,121.75,87.7698269463426,6869984,0,1
2012-12-18,121.4,121.78,119.9,120.51,86.8759083803183,12024123,0,1
2012-12-19,120.97,121.65,120.72,120.91,87.1642692080681,4880495,0,1
2012-12-20,121.29,121.64,120.62,120.93,87.1786872494555,4567812,0,1
2012-12-21,122.31,122.43,121.95,122.25,88.1302779810299,6087603,0,1
2012-12-24,122,122.08,121.87,122.03,87.9716795257675,1071090,0,1
2012-12-26,121.95,122.21,121.81,122.2,88.2876148576708,2247827,0.2682,1
2012-12-27,121.88,123.29,121.83,122.61,88.5838335327252,4262619,0,1
2012-12-28,123.14,123.34,122.78,123.31,89.0895727340376,3928158,0,1
2012-12-31,122.87,122.97,120.91,121.18,87.5506805929014,6422918,0,1
2013-01-02,119.76,119.9,119.41,119.56,86.3802555841499,7472685,0,1
2013-01-03,119.38,119.49,117.9,117.94,85.2098305753985,10004064,0,1
2013-01-04,117.66,118.44,117.36,118.4,85.5421734791181,9574507,0,1
2013-01-07,118.37,118.73,118,118.45,85.5782977077832,4183879,0,1
2013-01-08,119.04,119.29,118.82,119.23,86.1418356749599,4380803,0,1
2013-01-09,119.25,119.54,118.87,119.12,86.0623623718965,3870220,0,1
2013-01-10,118.63,119.3,118.36,118.79,85.8239424627064,5599077,0,1
2013-01-11,118.52,119.86,118.35,119.85,86.5897761104079,4770695,0,1
2013-01-14,120.04,120.28,119.37,119.52,86.3513562012178,3062158,0,1
2013-01-15,120.61,120.7,119.97,120.07,86.7487227165347,5357733,0,1
2013-01-16,120.63,120.68,120.01,120.32,86.9293438598605,4286085,0,1
2013-01-17,119.33,119.55,118.75,119.12,86.0623623718965,7019098,0,1
2013-01-18,119.57,120.21,119.46,120.04,86.7270481793356,4659908,0,1
2013-01-22,119.55,120.3,119.38,120.27,86.8932196311953,3874061,0,1
2013-01-23,120.34,120.58,119.95,120.09,86.7631724080007,2848717,0,1
2013-01-24,119.87,119.97,119.26,119.67,86.4597288872133,4178881,0,1
2013-01-25,118.42,118.6,117.77,118.03,85.2748541869958,8750604,0,1
2013-01-28,117.02,117.72,117,117.6,84.9641858204754,6059822,0,1
2013-01-29,117.62,118.08,116.87,116.95,84.4945708478282,5553869,0,1
2013-01-30,116.67,116.96,116.16,116.75,84.3500739331675,9584565,0,1
2013-01-31,117.03,117.34,116.55,117.32,84.7618901399504,6788472,0,1
2013-02-01,117.73,117.85,115.51,115.54,83.6638458032062,10928586,0.2602,1
2013-02-04,116.59,117.28,116.42,117.02,84.7355308628284,9291806,0,1
2013-02-05,116.27,116.43,115.86,115.98,83.9824548749858,6676433,0,1
2013-02-06,116.52,116.97,116.05,116.93,84.6703608254189,5890851,0,1
2013-02-07,116.77,117.59,116.62,116.67,84.4820918284583,5951508,0,1
2013-02-08,116.8,117.16,116.23,117.12,84.8079420155056,5603353,0,1
2013-02-11,117.05,117.38,116.92,117.03,84.7427719780961,3679862,0,1
2013-02-12,116.69,117.02,116.46,116.74,84.5327796353323,4513646,0,1
2013-02-13,115.8,116.27,115.55,115.79,83.8448736848992,6586216,0,1
2013-02-14,116.29,117.04,115.99,116.84,84.6051907880095,7095959,0,1
2013-02-15,116.66,116.74,116.07,116.5,84.3589928689071,5861727,0,1
2013-02-19,116.86,116.9,115.84,115.92,83.9390081833795,7383415,0,1
2013-02-20,115.69,116.37,115.57,116.27,84.1924472177496,9603842,0,1
2013-02-21,116.9,117.31,116.74,116.95,84.6848430559544,8297365,0,1
2013-02-22,116.98,117.34,116.88,117.03,84.7427719780961,5316873,0,1
2013-02-25,116.35,119.35,116.29,119.33,86.4082284896711,15948442,0,1
2013-02-26,118.73,119.67,118.59,118.64,85.9085915361986,9822075,0,1
2013-02-27,119.49,119.54,118,118.29,85.6551525018285,7459370,0,1
2013-02-28,118.43,118.66,117.98,118.51,85.8144570377183,6022894,0,1
2013-03-01,118.84,119.21,118.54,118.9,86.2806784165648,7786708,0.2539,1
2013-03-04,118.79,118.97,118.26,118.27,85.8235141827344,4511307,0,1
2013-03-05,118.07,118.2,117.68,117.93,85.5767906279688,6539210,0,1
2013-03-06,117.11,117.5,116.85,116.86,84.8003370879711,6514884,0,1
2013-03-07,116.41,116.51,115.91,115.96,84.1472453253563,8526324,0,1
2013-03-08,114.87,115.36,114.62,114.75,83.2691997333963,15423563,0,1
2013-03-11,115.12,115.23,114.74,114.86,83.3490220599381,5815748,0,1
2013-03-12,115.25,115.79,115.23,115.69,83.9513177965718,9264166,0,1
2013-03-13,115.24,115.74,115.03,115.57,83.8642388948898,7371420,0,1
2013-03-14,115.09,115.64,114.98,115.22,83.610258764984,9352089,0,1
2013-03-15,115.33,115.88,115.3,115.76,84.002113822553,9673395,0,1
2013-03-18,116.83,116.88,116.15,116.64,84.6406924348875,9152175,0,1
2013-03-19,116.78,117.89,116.7,117.43,85.2139618709605,11986195,0,1
2013-03-20,116.71,116.99,116.08,116.12,84.2633505275989,8543893,0,1
2013-03-21,116.86,117.25,116.53,117.24,85.0760869432974,6119189,0,1
2013-03-22,117.3,117.5,116.77,117.33,85.1413961195589,6323721,0,1
2013-03-25,116.77,117.78,116.67,117.22,85.0615737930171,5839792,0,1
2013-03-26,116.87,117.91,116.78,117.36,85.1631658449794,5093190,0,1
2013-03-27,118.3,118.77,118.18,118.36,85.8888233589959,7742886,0,1
2013-03-28,118.12,118.45,117.68,117.76,85.453428850586,5826335,0,1
2013-04-01,117.52,118.42,117.49,118.39,86.0957293603099,6113747,0.2551,1
2013-04-02,118.07,118.14,117.75,117.91,85.7466631377155,5437907,0,1
2013-04-03,118.31,119.29,118.25,118.97,86.5175177126115,9527382,0,1
2013-04-04,119.59,120.41,119.47,120.39,87.5501719544532,9365635,0,1
2013-04-05,122.88,123.43,122.63,122.82,89.3173197063372,18626086,0,1
2013-04-08,122.67,122.87,121.78,121.88,88.6337316870899,8020245,0,1
2013-04-09,122.03,122.24,121.38,121.58,88.4155652979684,7176031,0,1
2013-04-10,120.59,120.66,119.9,119.91,87.2011057318588,10765147,0,1
2013-04-11,120.17,120.49,119.89,120.14,87.3683666301853,7501745,0,1
2013-04-12,121.33,121.94,120.9,121.93,88.6700927519435,9251625,0,1
2013-04-15,122.13,123.03,121.87,122.99,89.4409473268394,12948302,0,1
2013-04-16,121.92,122.52,121.88,121.98,88.7064538167971,6553463,0,1
2013-04-17,122.3,123.53,122.3,122.79,89.2955030674251,9020829,0,1
2013-04-18,122.81,123.22,122.6,123.09,89.5136694565466,7009460,0,1
2013-04-19,122.94,122.98,122.63,122.83,89.3245919193079,5474211,0,1
2013-04-22,122.84,123.29,122.67,122.92,89.3900418360444,4519327,0,1
2013-04-23,123.26,123.79,122.38,122.49,89.0773366783036,8042881,0,1
2013-04-24,122.47,122.82,122.3,122.8,89.3027752803958,3673536,0,1
2013-04-25,122.25,122.37,122.1,122.27,88.9173479929478,4296817,0,1
2013-04-26,123.2,123.51,123.01,123.39,89.7318358456681,4898797,0,1
2013-04-29,123.58,123.73,122.76,122.94,89.4045862619858,4915923,0,1
2013-04-30,123.26,123.69,122.67,123.01,89.4554917527808,4477344,0,1
2013-05-01,123.46,124.26,123.43,124.01,90.3722029215665,10724568,0.2606,1
2013-05-02,123.59,123.97,123.51,123.85,90.2556030306912,4171750,0,1
2013-05-03,122.16,122.19,120.83,120.93,88.1276550222163,11283577,0,1
2013-05-06,121.15,121.25,120.32,120.63,87.909030226825,5121827,0,1
2013-05-07,120.19,120.5,120.05,120.16,87.5665180473787,5046418,0,1
2013-05-08,120.27,120.83,120.17,120.35,87.7049804177932,5732883,0,1
2013-05-09,120.51,121.32,119.98,120.04,87.4790681292222,7526916,0,1
2013-05-10,119.76,119.79,117.85,118.75,86.5389815090398,11688961,0,1
2013-05-13,117.88,118.19,117.63,117.84,85.8758196296863,8050776,0,1
2013-05-14,118.35,118.44,116.54,116.56,84.9430205026836,9235843,0,1
2013-05-15,117.53,117.72,116.42,117.34,85.5114449707009,14608535,0,1
2013-05-16,117.97,118.94,117.93,118.56,86.4005191386253,8459776,0,1
2013-05-17,117.95,118.15,116.98,117.06,85.307395161669,7435446,0,1
2013-05-20,117.63,117.67,116.79,116.92,85.2053702571531,5839704,0,1
2013-05-21,116.93,117.87,116.42,117.84,85.8758196296863,7781791,0,1
2013-05-22,118.02,118.55,115.8,116.09,84.6005083232373,18361434,0,1
2013-05-23,117.15,117.24,115.77,116.64,85.0013204481213,9207043,0,1
2013-05-24,116.98,117.42,116.71,116.8,85.1179203389966,5357495,0,1
2013-05-28,116.09,116.27,113.82,113.84,82.9608223578029,13567407,0,1
2013-05-29,114.62,115.18,114.46,115.12,83.8936214848056,11298527,0,1
2013-05-30,115.25,115.37,114.53,114.84,83.6895716757737,10011762,0,1
2013-05-31,114.97,115.02,113.17,114.45,83.4053594417651,18180869,0,1
2013-06-03,113.78,115.49,113.7,114.78,83.8463110790829,15564441,0.2751,1
2013-06-04,113.96,114.49,113.66,113.72,83.0719855019455,7504245,0,1
2013-06-05,114.29,115.32,114.13,115.29,84.2188639511018,8056013,0,1
2013-06-06,114.88,116.79,114.41,115.22,84.1677292431777,8924767,0,1
2013-06-07,114.22,114.83,113.16,113.16,82.6629078385522,10459270,0,1
2013-06-10,112.7,113.12,112.38,112.62,82.2684400917086,7892554,0,1
2013-06-11,112.27,113.96,112.12,113.96,83.2473045005427,12840575,0,1
2013-06-12,113,113.83,112.27,112.33,82.0565963017371,10192999,0,1
2013-06-13,113.07,114.17,112.89,114.09,83.3422689581161,12505284,0,1
2013-06-14,114.1,114.66,113.82,113.82,83.1450350846943,6678688,0,1
2013-06-17,114.02,114.08,113,113.22,82.7067375882015,5982073,0,1
2013-06-18,112.85,113.68,112.72,113.28,82.7505673378508,5192646,0,1
2013-06-19,113.74,113.79,111.62,112.11,81.8958872196897,17136942,0,1
2013-06-20,110.75,111.21,109.28,110.27,80.5517748971116,27898586,0,1
2013-06-21,110.15,110.41,108.37,108.4,79.1857476997089,19780952,0,1
2013-06-24,107.83,109.39,107.76,108.85,79.5144708220785,24588849,0,1
2013-06-25,108.9,109.02,107.86,107.88,78.8058898694151,11076695,0,1
2013-06-26,109,109.05,108.04,108.58,79.3172369486568,13582107,0,1
2013-06-27,109.54,109.97,108.95,109.69,80.1280873171685,12026002,0,1
2013-06-28,109.01,110.48,108.72,110.44,80.6759591877846,12016601,0,1
2013-07-01,109.73,110.5,109.43,110.41,80.8378421766268,5500182,0.2516,1
2013-07-02,110.5,110.8,110.24,110.34,80.7865909407572,5333892,0,1
2013-07-03,110.31,110.65,110.01,110.01,80.5449779716576,3842216,0,1
2013-07-05,107.28,107.5,106.17,106.26,77.7993760500712,14511728,0,1
2013-07-08,107.07,107.56,106.95,107.29,78.5535013778669,8043367,0,1
2013-07-09,107.49,107.62,107.07,107.4,78.6340390342335,4700363,0,1
2013-07-10,107.39,107.39,106.3,106.56,78.0190242037981,10743058,0,1
2013-07-11,107.45,107.87,106.94,107.81,78.9342248443269,10012635,0,1
2013-07-12,108.34,108.47,107.34,107.72,78.8683303982088,4730703,0,1
2013-07-15,107.8,108.32,107.7,108.29,79.2856618902899,4574779,0,1
2013-07-16,108.43,108.76,108.27,108.66,79.5565612798865,3650166,0,1
2013-07-17,109.19,109.36,108.66,108.86,79.7029933823711,5931813,0,1
2013-07-18,108.61,108.67,107.48,107.5,78.7072550854758,9066375,0,1
2013-07-19,108.31,109.21,108.25,109.2,79.9519279565949,8523728,0,1
2013-07-22,109.36,109.69,109.13,109.36,80.0690736385826,3972518,0,1
2013-07-23,108.67,109,108.32,108.9,79.732279802868,5015436,0,1
2013-07-24,107.65,107.89,106.79,107.52,78.7218982957242,8853022,0,1
2013-07-25,106.97,107.6,106.81,107.48,78.6926118752273,6443388,0,1
2013-07-26,108.04,108.28,107.64,108.14,79.1758378134265,6795438,0,1
2013-07-29,107.65,107.82,107.07,107.35,78.5974310086123,6397790,0,1
2013-07-30,107.71,107.76,107.05,107.31,78.5681445881154,3635603,0,1
2013-07-31,106.06,107.92,105.85,107.7,78.8536871879604,10483103,0,1
2013-08-01,106.49,106.49,105,105.36,77.3380973553924,13568378,0.27,1
2013-08-02,106.01,106.61,105.98,106.52,78.1895798243773,9568393,0,1
2013-08-05,106.19,106.25,105.54,105.7,77.5876698031983,6611758,0,1
2013-08-06,105.53,106.01,105.34,106.01,77.8152211526684,4589036,0,1
2013-08-07,106.17,106.94,106.17,106.8,78.3951100755116,7183382,0,1
2013-08-08,106.98,107.6,106.79,107.09,78.6079806927579,5510944,0,1
2013-08-09,106.6,107.27,106.48,107.26,78.7327669166608,3623354,0,1
2013-08-12,107.61,107.63,106.47,106.53,78.1969201904893,7562770,0,1
2013-08-13,105.33,105.36,104.8,104.99,77.0665038092506,11485555,0,1
2013-08-14,104.94,105.36,104.87,105.15,77.1839496670416,6431631,0,1
2013-08-15,104.1,104.63,103.69,103.73,76.1416176791463,11846509,0,1
2013-08-16,103.96,103.97,102.67,103.37,75.8773644991165,10175905,0,1
2013-08-19,102.93,103.01,102.21,102.47,75.2167315490419,9022023,0,1
2013-08-20,102.89,103.36,102.85,103.26,75.7966204718851,10049889,0,1
2013-08-21,102.77,103.2,102.11,102.13,74.967159101236,13249249,0,1
2013-08-22,102.46,103.23,102.24,103.17,75.7305571768777,8751195,0,1
2013-08-23,103.01,104.39,102.74,104.29,76.5526781814149,17440527,0,1
2013-08-26,104.56,104.89,104.33,104.81,76.9343772192357,5885168,0,1
2013-08-27,105.29,106.25,105.04,106.13,77.9033055460117,11571253,0,1
2013-08-28,105.41,105.57,104.94,105.27,77.2720340603849,7498069,0,1
2013-08-29,104.88,106.31,104.79,106.11,77.8886248137878,6672433,0,1
2013-08-30,106.02,106.68,105.74,105.99,77.8005404204445,8987900,0,1
2013-09-03,104.59,104.67,103.51,104.22,76.7061167903992,12084268,0.279,1
2013-09-04,104.45,104.65,103.95,103.99,76.5368363561083,4579633,0,1
2013-09-05,103.47,103.6,102.53,102.54,75.4696336181878,12290598,0,1
2013-09-06,103.25,103.82,102.81,103.05,75.8449945811805,9478829,0,1
2013-09-09,103.8,103.81,103.08,103.1,75.8817946755916,6874904,0,1
2013-09-10,102.73,103.34,102.36,102.38,75.3518733160724,8070882,0,1
2013-09-11,102.92,103.31,102.19,103.29,76.0216350343536,8962612,0,1
2013-09-12,103.85,104,103.06,103.15,75.9185947700026,6254396,0,1
2013-09-13,103.51,103.83,103.23,103.55,76.2129955252911,6107512,0,1
2013-09-16,104.33,104.41,102.85,102.86,75.7051542224185,8737467,0,1
2013-09-17,103.37,103.74,102.97,103.71,76.3307558274064,8795320,0,1
2013-09-18,103.63,105.55,102.98,104.99,77.2728382443294,19727022,0,1
2013-09-19,105.05,105.09,104.16,104.37,76.8165170736323,11627751,0,1
2013-09-20,104.69,105.18,104.45,104.92,77.2213181121539,8422237,0,1
2013-09-23,105.21,105.73,105.11,105.69,77.7880395660841,10226776,0,1
2013-09-24,105.99,106.84,105.84,106.83,78.6270817186561,11447419,0,1
2013-09-25,106.54,107.28,106.39,107.05,78.7890021340648,8130878,0,1
2013-09-26,106.48,106.62,106.19,106.3,78.237000717899,5117071,0,1
2013-09-27,106.29,106.82,106.25,106.56,78.4283612088365,6460048,0,1
2013-09-30,106.66,106.9,106.18,106.4,78.3106009067211,8438768,0,1
2013-10-01,105.9,106.03,105.53,105.8,78.0734051621928,7592591,0.2777,1
2013-10-02,105.93,106.48,105.76,105.96,78.1914745839881,5967170,0,1
2013-10-03,105.75,106.41,105.7,105.79,78.0660258233306,6648949,0,1
2013-10-04,105.67,105.78,105.35,105.71,78.0069911124329,5547172,0,1
2013-10-07,106.2,106.36,105.98,106.14,78.3243026835079,5761136,0,1
2013-10-08,105.98,106.51,105.83,106.17,78.3464407000946,5904009,0,1
2013-10-09,105.87,105.94,105.3,105.32,77.7191968968066,8439096,0,1
2013-10-10,104.8,105.53,104.51,105.49,77.8446456574642,9944074,0,1
2013-10-11,106.16,106.23,105.41,105.46,77.8225076408776,6500764,0,1
2013-10-14,105.39,105.64,104.33,104.61,77.1952638375896,4205582,0,1
2013-10-15,105.15,105.3,104.53,104.54,77.1436084655542,8291124,0,1
2013-10-16,104.47,105.86,104.27,105.85,78.1103018565038,14460227,0,1
2013-10-17,106.52,107.12,106.29,106.81,78.8187183872761,11303580,0,1
2013-10-18,107.11,107.48,106.98,107.04,78.9884431811069,9487800,0,1
2013-10-21,106.91,106.92,106.46,106.7,78.7375456597918,6161721,0,1
2013-10-22,107.6,108.12,107.56,107.89,79.6156869843949,9708542,0,1
2013-10-23,108.07,108.73,108.04,108.31,79.9256192166077,9163379,0,1
2013-10-24,108.61,108.67,107.87,107.89,79.6156869843949,7631370,0,1
2013-10-25,108.13,108.45,108.08,108.29,79.9108605388833,4429545,0,1
2013-10-28,108.01,108.38,107.91,107.92,79.6378250009815,6466444,0,1
2013-10-29,107.62,108.07,107.51,108.06,79.7411357450525,5270546,0,1
2013-10-30,107.93,108.21,107.21,107.41,79.2614787190087,10199310,0,1
2013-10-31,107.91,108.01,107.14,107.64,79.4312035128396,11452117,0,1
2013-11-01,106.97,107,106.14,106.19,78.5736239780421,11349469,0.2879,1
2013-11-04,106.47,106.67,106.22,106.29,78.6476174086647,4733187,0,1
2013-11-05,105.79,105.83,104.99,105.02,77.7079008397588,8753922,0,1
2013-11-06,104.94,105.14,104.69,105.07,77.74489755507,5643041,0,1
2013-11-07,105.05,106.05,104.97,105.96,78.4034390876104,7893671,0,1
2013-11-08,103.97,104.11,103.39,103.41,76.5166066067364,16889902,0,1
2013-11-11,103.53,103.58,102.96,103.02,76.2280322273086,4912663,0,1
2013-11-12,103.21,103.59,103.18,103.5,76.5832006942967,4839516,0,1
2013-11-13,103.87,104.04,103.74,103.88,76.8643757306622,5782944,0,1
2013-11-14,104.31,105.12,104.15,104.52,77.3379336866462,8895490,0,1
2013-11-15,104.66,104.74,104.31,104.73,77.4933198909535,6344845,0,1
2013-11-18,104.65,105.41,104.65,105.36,77.9594785038753,5451405,0,1
2013-11-19,104.95,105.14,104.41,104.56,77.3675310588953,7251137,0,1
2013-11-20,104.42,104.84,102.65,102.78,76.0504479938146,14191987,0,1
2013-11-21,102.51,103.19,102.16,102.95,76.1762368258728,8903032,0,1
2013-11-22,103.49,104.13,103.48,103.91,76.8865737598489,7950686,0,1
2013-11-25,103.84,104.42,103.84,104.21,77.1085540517165,3756285,0,1
2013-11-26,104.49,104.93,104.48,104.6,77.3971284311442,6659203,0,1
2013-11-27,104.68,104.7,103.96,104.42,77.2639402560237,6063360,0,1
2013-11-29,104.08,104.6,103.95,104.45,77.2861382852105,5084399,0,1
2013-12-02,103.8,103.91,103.22,103.33,76.6867900172995,7527817,0.31,1
2013-12-03,103.7,103.96,103.46,103.71,76.9688086005433,5076896,0,1
2013-12-04,102.75,103.05,102.38,102.72,76.2340759757767,8502926,0,1
2013-12-05,102.48,102.85,102.22,102.43,76.0188512675118,7446004,0,1
2013-12-06,102.56,102.99,102.36,102.92,76.3825068090629,7351950,0,1
2013-12-09,102.9,103.23,102.83,103.16,76.5606238090063,5679779,0,1
2013-12-10,103.84,103.95,103.45,103.9,77.1098178921651,7040362,0,1
2013-12-11,103.55,103.77,103.02,103.1,76.5160945590204,8190914,0,1
2013-12-12,103.03,103.16,102.63,102.71,76.2266544341124,6208704,0,1
2013-12-13,103.14,103.3,102.79,103.21,76.5977315173278,6471352,0,1
2013-12-16,103.58,103.69,102.73,102.83,76.3157129340841,6376381,0,1
2013-12-17,102.61,103.4,102.59,103.29,76.6571038506423,6015838,0,1
2013-12-18,102.83,103.72,102.46,102.77,76.2711836840983,12974216,0,1
2013-12-19,102.86,103.01,102.45,102.67,76.1969682674552,6708383,0,1
2013-12-20,103.72,104.29,103.3,104.25,77.3695718504159,12425975,0,1
2013-12-23,104.05,104.41,103.66,103.66,76.9317008922217,6378597,0,1
2013-12-24,103.23,103.35,102.8,102.83,76.3157129340841,4897009,0,1
2013-12-26,102.35,102.36,102.01,102.1,76.0223208382398,4645323,0.3347,1
2013-12-27,102.07,102.31,101.69,101.81,75.8063906419314,4755262,0,1
2013-12-30,102.15,102.58,102.08,102.51,76.3276014606069,4491711,0,1
2013-12-31,102.29,102.55,101.17,101.86,75.8436199861225,7219195,0,1
2014-01-02,101.72,102.39,101.69,102.17,76.0744419201074,8580808,0,1
2014-01-03,101.81,102.45,101.76,102.17,76.0744419201074,4083831,0,1
2014-01-06,102.38,103,102.37,102.6,76.3946142801509,7796228,0,1
2014-01-07,102.82,102.99,102.56,102.86,76.5882068699447,4428082,0,1
2014-01-08,102.45,102.69,102.1,102.58,76.3797225424745,8512987,0,1
2014-01-09,102.97,103.21,102.51,103.18,76.8264746727678,6991080,0,1
2014-01-10,103.77,104.54,103.69,104.41,77.742316539869,13197803,0,1
2014-01-13,104.51,105.14,104.47,104.93,78.1295017194565,9671509,0,1
2014-01-14,104.65,104.83,104.39,104.45,77.7721000152219,10343500,0,1
2014-01-15,104.04,104.51,103.93,104.34,77.6901954580014,7507464,0,1
2014-01-16,104.85,105.07,104.72,105.04,78.2114062766769,7137813,0,1
2014-01-17,104.86,105.52,104.79,105.48,78.5390245055587,7590772,0,1
2014-01-21,105.45,105.74,105.4,105.56,78.5985914562644,6435954,0,1
2014-01-22,105.37,105.75,105.24,105.3,78.4049988664707,4646691,0,1
2014-01-23,105.88,107.09,105.88,106.79,79.5144333233657,12960976,0,1
2014-01-24,107.19,107.49,106.99,107.48,80.0281982732029,11514538,0,1
2014-01-27,107.22,107.6,106.7,106.73,79.4697581103363,9222620,0,1
2014-01-28,106.91,106.99,106.55,106.99,79.6633507001301,5666819,0,1
2014-01-29,107.37,108.15,106.99,107.87,80.3185871578936,11718542,0,1
2014-01-30,107.47,107.67,107.11,107.56,80.0877652239087,5956881,0,1
2014-01-31,108.2,108.41,107.85,108.28,80.6238677802606,14691208,0,1
2014-02-03,107.79,109.34,107.61,109.32,81.6034187349023,20781789,0.2756,1
2014-02-04,108.52,108.67,107.97,108.16,80.7375207680849,9573468,0,1
2014-02-05,107.69,107.78,107.01,107.16,79.991057003587,10312498,0,1
2014-02-06,106.97,107.02,106.52,106.7,79.647683671918,5708710,0,1
2014-02-07,106.46,107.22,106.44,106.79,79.7148654107229,7092838,0,1
2014-02-10,106.61,107.12,106.57,107.09,79.9388045400722,4370474,0,1
2014-02-11,106.61,106.69,106.16,106.47,79.4759970060835,5904855,0,1
2014-02-12,106.17,106.21,105.62,105.92,79.0654419356097,6723271,0,1
2014-02-13,106.59,106.73,106.3,106.52,79.5133201943084,6874873,0,1
2014-02-14,106.57,106.64,106.27,106.58,79.5581080201783,4999982,0,1
2014-02-18,106.66,107.2,106.62,106.82,79.7372593236578,4855814,0,1
2014-02-19,107.18,107.18,106.3,106.37,79.4013506296338,5522754,0,1
2014-02-20,106.32,106.63,105.69,106.11,79.2072700508643,5103383,0,1
2014-02-21,105.95,106.68,105.95,106.67,79.6252897589831,5250670,0,1
2014-02-24,106.7,106.74,106.17,106.4,79.4237445425687,3816733,0,1
2014-02-25,106.91,107.36,106.89,107.35,80.1328851188416,6225905,0,1
2014-02-26,107.31,107.92,107.24,107.92,80.5583694646054,7226557,0,1
2014-02-27,108.28,108.56,108.1,108.51,80.9987830856591,5394718,0,1
2014-02-28,108.28,108.74,107.78,108.57,81.043570911529,8463065,0,1
2014-03-03,108.88,109.18,108.64,109.03,81.5834709837237,11094175,0.2633,1
2014-03-04,108.35,108.35,107.36,107.39,80.3563143074574,8068066,0,1
2014-03-05,107.34,107.78,107.2,107.62,80.5284155486411,4798744,0,1
2014-03-06,106.76,106.97,106.52,106.56,79.7352533066642,7418274,0,1
2014-03-07,105.64,106.17,105.6,105.89,79.2339149084334,8270425,0,1
2014-03-10,105.94,106.11,105.78,106.04,79.3461548483359,3744495,0,1
2014-03-11,105.98,106.34,105.78,106.32,79.5556694028203,3815873,0,1
2014-03-12,106.92,107.26,106.78,107.06,80.1093864396722,6430504,0,1
2014-03-13,106.7,108.53,106.65,108.5,81.1868898627352,11815519,0,1
2014-03-14,108.97,108.98,108.32,108.52,81.2018551880555,9238004,0,1
2014-03-17,108.18,108.3,107.67,107.71,80.5957595125825,7382327,0,1
2014-03-18,107.68,108.15,107.6,108.1,80.8875833563288,4819536,0,1
2014-03-19,107.92,107.98,106.81,107.26,80.2590396928754,11557635,0,1
2014-03-20,107.09,107.63,106.99,107.07,80.1168691023323,5224411,0,1
2014-03-21,107.41,108.32,107.37,108.23,80.9848579709109,8986860,0,1
2014-03-24,108.05,109.09,107.95,109,81.5610229957432,7537423,0,1
2014-03-25,108.41,108.82,108.17,108.59,81.2542338266766,5032172,0,1
2014-03-26,108.55,109.48,108.48,109.44,81.8902601527902,7147736,0,1
2014-03-27,109.64,110.39,109.42,109.99,82.301806599099,9773185,0,1
2014-03-28,109.86,109.89,109.02,109.37,81.8378815141691,6027026,0,1
2014-03-31,108.74,111.07,108.34,109.1,81.6358496223448,7488392,0,1
2014-04-01,108.26,108.36,107.84,107.89,80.940128110061,9067266,0.2802,1
2014-04-02,107.39,107.55,107.17,107.27,80.474998075505,6887212,0,1
2014-04-03,107.52,107.94,107.44,107.74,80.8275966500877,4937393,0,1
2014-04-04,107.87,108.69,107.85,108.46,81.3677476579591,8977484,0,1
2014-04-07,108.62,109.29,108.6,109.11,81.8553839845097,7562895,0,1
2014-04-08,109.03,109.47,108.72,109.37,82.0504385151299,4213806,0,1
2014-04-09,108.88,109.35,108.64,108.83,81.6453252592264,5771491,0,1
2014-04-10,108.92,110.22,108.9,109.84,82.4030370897126,12706388,0,1
2014-04-11,110.54,110.79,110.13,110.73,83.0707237522203,10267141,0,1
2014-04-14,110.48,110.7,110.3,110.44,82.8531629296054,4142596,0,1
2014-04-15,110.61,111.51,110.35,111.13,83.3708076454822,7752014,0,1
2014-04-16,110.43,111.27,110.38,111.27,83.4758370081238,5523220,0,1
2014-04-17,111.37,111.45,109.7,110.05,82.5605811336751,8622740,0,1
2014-04-21,110.37,110.62,109.84,109.96,82.4930622576912,4316275,0,1
2014-04-22,109.66,110.49,109.61,110.33,82.7706398589584,5748723,0,1
2014-04-23,110.6,111.05,110.53,110.96,83.2432719908459,5748971,0,1
2014-04-24,110.45,111.21,110.45,111.17,83.4008160348084,6337810,0,1
2014-04-25,111.49,111.99,111.32,111.33,83.5208495921131,5976534,0,1
2014-04-28,111.11,111.28,110.55,110.79,83.1157363362096,7606297,0,1
2014-04-29,110.17,110.73,110.04,110.64,83.0032048762364,5235169,0,1
2014-04-30,110.72,111.26,110.38,111.1,83.3483013534876,7721499,0,1
2014-05-01,110.88,112.08,110.84,112.02,84.2405310405966,11558661,0.2693,1
2014-05-02,111.54,113.1,111.3,112.71,84.7594202248316,12702096,0,1
2014-05-05,112.76,112.81,111.89,112.03,84.2480511737014,8042997,0,1
2014-05-06,112.11,112.7,112.04,112.48,84.58645716342,6522638,0,1
2014-05-07,112.31,112.57,111.94,112.08,84.2856518392257,8199164,0,1
2014-05-08,112.34,112.76,111.46,111.6,83.9246854501926,10878828,0,1
2014-05-09,111.53,111.81,110.98,111.24,83.6539606584178,6000569,0,1
2014-05-12,111.01,111.13,110.54,110.79,83.3155546686993,4564276,0,1
2014-05-13,111.44,111.75,111.33,111.75,84.0374874467655,5501018,0,1
2014-05-14,112.63,113.23,112.56,112.96,84.947423552453,8853212,0,1
2014-05-15,113.78,114.41,113.6,113.86,85.6242355318901,12627912,0,1
2014-05-16,113.61,114,113.42,113.54,85.3835912725347,5019196,0,1
2014-05-19,113.93,113.96,112.62,112.7,84.7519000917268,7403492,0,1
2014-05-20,112.6,113.48,112.59,112.95,84.9399034193482,6549776,0,1
2014-05-21,112.22,112.4,111.87,112.26,84.4210142351131,8225046,0,1
2014-05-22,112.26,112.4,111.79,112.1,84.3006921054354,6495711,0,1
2014-05-23,112.52,112.91,112.45,112.7,84.7519000917268,3835231,0,1
2014-05-27,112.85,113.4,112.4,113.36,85.2482288766473,6659270,0,1
2014-05-28,114.1,114.84,114.09,114.76,86.3010475113271,10360973,0,1
2014-05-29,114.87,115.19,114.13,114.15,85.8423193919309,10692041,0,1
2014-05-30,113.96,114.4,113.81,114.1,85.8047187264066,6519281,0,1
2014-06-02,113.04,113.68,112.55,112.96,85.1683958956194,11728400,0.2938,1
2014-06-03,112.41,112.54,111.51,111.57,84.1203782761531,12694684,0,1
2014-06-04,111.76,111.82,111.27,111.54,84.0977591908409,7884222,0,1
2014-06-05,111.13,111.97,111.02,111.59,84.1354576663613,6915766,0,1
2014-06-06,112.13,112.41,111.49,111.59,84.1354576663613,7832984,0,1
2014-06-09,111.45,111.64,111.2,111.43,84.0148225446961,5167639,0,1
2014-06-10,111.04,111.27,110.83,111.02,83.7056950454291,5990158,0,1
2014-06-11,111.26,111.54,110.85,111.22,83.8564889475106,5575789,0,1
2014-06-12,111.3,112.35,111,112.21,84.6029187628139,9775925,0,1
2014-06-13,111.57,112.62,111.53,112.15,84.5576805921894,5413846,0,1
2014-06-16,112.21,112.63,112.1,112.43,84.7687920551035,5184901,0,1
2014-06-17,112.07,112.09,111.48,111.54,84.0977591908409,6669215,0,1
2014-06-18,111.8,112.76,111.56,112.4,84.7461729697913,11256460,0,1
2014-06-19,112.51,112.56,110.74,110.96,83.6604568748046,14217289,0,1
2014-06-20,110.97,111.8,110.9,111.8,84.2937912635469,7319071,0,1
2014-06-23,112.08,112.18,111.41,111.45,84.0299019349043,5822220,0,1
2014-06-24,112.15,112.65,111.82,112.58,84.8818874816646,9698714,0,1
2014-06-25,113.1,113.36,112.69,112.87,85.1005386396828,5699273,0,1
2014-06-26,113.21,113.8,113.21,113.41,85.5076821753028,6628920,0,1
2014-06-27,113.68,113.82,113.17,113.24,85.3795073585335,7216735,0,1
2014-06-30,113.56,113.8,113.09,113.52,85.5906188214476,5593063,0,1
2014-07-01,112.5,112.74,112.2,112.28,84.8757019158012,8019205,0.2918,1
2014-07-02,111.63,111.67,110.97,111.08,83.968587182109,9383047,0,1
2014-07-03,110.38,110.86,110.34,110.68,83.6662156042116,6173946,0,1
2014-07-07,111.27,111.81,111.23,111.49,84.2785180494539,5928870,0,1
2014-07-08,112.24,112.86,112.24,112.74,85.2234292303832,6353288,0,1
2014-07-09,112.66,113.14,112.38,112.83,85.2914628354102,6395169,0,1
2014-07-10,113.54,113.66,112.82,112.86,85.3141407037525,7196938,0,1
2014-07-11,113.35,113.68,113.28,113.58,85.8584095439678,4676510,0,1
2014-07-14,113.28,113.41,112.93,113.09,85.4880043610435,4743333,0,1
2014-07-15,112.83,113.47,112.5,112.86,85.3141407037525,7720027,0,1
2014-07-16,113,113.58,112.94,113.46,85.7676980705986,4615817,0,1
2014-07-17,114.23,115.05,113.94,114.89,86.8486764615818,10906396,0,1
2014-07-18,114.88,114.96,114.11,114.52,86.5689827520267,6678134,0,1
2014-07-21,115.01,115.63,115.01,115.09,86.9998622505305,5726280,0,1
2014-07-22,115.09,115.46,114.65,115.33,87.1812851972689,5753405,0,1
2014-07-23,115.51,115.63,115.17,115.18,87.0678958555574,3490746,0,1
2014-07-24,114.52,114.58,114.25,114.32,86.417796963078,6608996,0,1
2014-07-25,115.34,115.68,115.16,115.67,87.4383010384817,7043382,0,1
2014-07-28,115.59,115.9,115.12,115.51,87.3173524073228,5138315,0,1
2014-07-29,115.87,116.07,115.42,115.93,87.6348425641151,6579517,0,1
2014-07-30,115.15,115.38,114.17,114.32,86.417796963078,12260525,0,1
2014-07-31,113.53,114.58,113.47,113.98,86.1607811218652,18254147,0,1
2014-08-01,113.58,114.87,113.05,114.56,86.8258496752374,14951150,0.2998,1
2014-08-04,114.53,114.81,114.26,114.26,86.5984775130292,5183753,0,1
2014-08-05,114.07,114.8,113.68,114.63,86.8789031797526,8037302,0,1
2014-08-06,115.47,115.47,114.6,114.7,86.9319566842679,7289215,0,1
2014-08-07,114.84,115.77,114.57,115.77,87.7429173961438,9750472,0,1
2014-08-08,115.93,116.42,115.38,115.52,87.5534405943036,9536664,0,1
2014-08-11,115.65,115.82,115.29,115.51,87.54586152223,6669325,0,1
2014-08-12,115.41,115.44,114.73,114.76,86.9774311167095,8125463,0,1
2014-08-13,114.87,115.52,114.78,115.51,87.54586152223,8210542,0,1
2014-08-14,115.93,116.5,115.39,116.44,88.2507152250754,9028616,0,1
2014-08-15,116.71,118.36,116.69,117.71,89.2132573784235,17606660,0,1
2014-08-18,117.21,117.3,116.39,116.54,88.3265059458115,7595663,0,1
2014-08-19,117.08,117.15,115.98,116.18,88.0536593511617,5936871,0,1
2014-08-20,116.04,116.11,115.57,115.99,87.9096569817631,7277519,0,1
2014-08-21,116.07,116.76,116.02,116.64,88.4022966665476,6791654,0,1
2014-08-22,116.74,117.43,116.21,117.29,88.894936351332,10149859,0,1
2014-08-25,117.45,117.78,117.21,117.73,89.2284155225707,5764713,0,1
2014-08-26,117.94,117.99,117.21,117.35,88.9404107837736,5487657,0,1
2014-08-27,117.7,118.41,117.4,118.35,89.6983179911343,7266000,0,1
2014-08-28,119.13,119.37,118.67,118.97,90.1682204596979,9463642,0,1
2014-08-29,118.92,119.43,118.75,119.05,90.2288530362868,8513461,0,1
2014-09-02,117.28,117.38,116.7,116.73,88.6759132949201,10506576,0.271,1
2014-09-03,116.4,117.38,116.31,117.38,89.169696757969,6554847,0,1
2014-09-04,116.62,116.88,115.93,115.95,88.0833731392614,12534367,0,1
2014-09-05,116.44,116.6,115.44,115.73,87.916246428691,6886317,0,1
2014-09-08,116.41,116.63,115.45,115.78,87.9542297720025,9331233,0,1
2014-09-09,115.49,115.89,115.45,115.69,87.8858597540418,5355366,0,1
2014-09-10,114.97,115.12,114.79,114.96,87.3313029416946,8729422,0,1
2014-09-11,115.26,115.54,114.57,114.58,87.0426295325276,9274904,0,1
2014-09-12,113.69,113.92,113.22,113.38,86.1310292930527,11115097,0,1
2014-09-15,113.85,114.07,113.36,113.55,86.2601726603116,5513040,0,1
2014-09-16,113.61,113.86,113.08,113.09,85.9107259018462,9305931,0,1
2014-09-17,113.53,113.83,112.73,112.8,85.6904225106398,12917553,0,1
2014-09-18,113.18,113.48,112.85,113.16,85.9639025824823,7031549,0,1
2014-09-19,113.58,114.68,113.2,114.6,87.0578228698521,13237138,0,1
2014-09-22,114.66,115.04,114.44,114.74,87.1641762311242,6617434,0,1
2014-09-23,114.91,115.47,114.77,115.45,87.7035397061469,6365250,0,1
2014-09-24,115.29,115.55,114.64,114.81,87.2173529117603,5223623,0,1
2014-09-25,115.31,116.18,115.31,116.17,88.2504998498318,8949883,0,1
2014-09-26,116.02,116.29,115.62,116,88.1213564825729,7800462,0,1
2014-09-29,117,117.17,116.66,116.93,88.8278466681659,6791793,0,1
2014-09-30,116.66,117.04,116.13,116.27,88.3264665364547,7277543,0,1
2014-10-01,116.89,118.26,116.83,118.23,90.0352353566769,17194898,0.2894,1
2014-10-02,117.83,118.2,117.14,117.2,89.2508634340061,8253062,0,1
2014-10-03,117,117.77,116.83,117.7,89.6316265032638,8561520,0,1
2014-10-06,117.62,118.19,117.36,117.77,89.6849333329599,4486451,0,1
2014-10-07,118.31,119.43,118.18,119.36,90.8957598931994,8841306,0,1
2014-10-08,119.45,119.52,118.51,119.39,90.9186056773548,9391292,0,1
2014-10-09,119.27,119.67,118.78,118.87,90.5226120853268,10293812,0,1
2014-10-10,119.52,120.08,119.31,120.05,91.421212928775,8778325,0,1
2014-10-13,120.16,121.17,120.05,120.78,91.9771270098912,6452384,0,1
2014-10-14,121.31,121.78,120.68,121.57,92.5787326593184,11285617,0,1
2014-10-15,124.58,127.68,121.84,122.53,93.3097977522932,37408948,0,1
2014-10-16,124.12,124.13,121.44,121.75,92.7158073642512,18098188,0,1
2014-10-17,121.19,121.71,120.48,121.07,92.1979695900607,8524257,0,1
2014-10-20,121.78,121.85,120.94,121.51,92.5330410910075,7742600,0,1
2014-10-21,120.84,121.24,120.53,120.54,91.7943607366475,9758010,0,1
2014-10-22,120.47,120.85,120.22,120.67,91.8933591346545,9262018,0,1
2014-10-23,120.04,120.18,119.06,119.6,91.0785261664431,10936825,0,1
2014-10-24,119.93,120.41,119.47,119.72,91.1699093030649,5704911,0,1
2014-10-27,119.89,120.27,119.66,119.94,91.3374450535383,3392161,0,1
2014-10-28,119.48,119.65,119.08,119.19,90.7663004496517,5141976,0,1
2014-10-29,118.96,119.82,118.42,119.46,90.9719125070509,9106612,0,1
2014-10-30,120.32,120.46,119.51,119.56,91.0480651209025,2416049,0,1
2014-10-31,119.34,119.71,118.83,119.25,90.8119920179627,6664380,0,1
2014-11-03,118.9,119.16,118.21,118.96,90.8119943025411,9726839,0.29,1
2014-11-04,119.42,119.91,119.08,119.33,91.0944458651835,3664808,0,1
2014-11-05,118.91,119.37,118.82,119.16,90.9646708228883,4799628,0,1
2014-11-06,118.6,118.93,118.31,118.39,90.3768662195514,5901871,0,1
2014-11-07,118.72,119.75,118.68,119.75,91.4150665579127,8550548,0,1
2014-11-10,119.58,119.58,118.56,118.65,90.5753456960029,4787298,0,1
2014-11-11,118.48,118.81,118.34,118.73,90.6364163041417,2416470,0,1
2014-11-12,119.2,119.53,118.45,118.63,90.5600780439681,4040793,0,1
2014-11-13,118.7,119.18,118.44,118.91,90.7738251724543,4475902,0,1
2014-11-14,118.84,119.59,118.68,119.49,91.2165870814613,5191200,0,1
2014-11-17,119.78,119.79,118.88,119.19,90.9875723009404,4726190,0,1
2014-11-18,119.32,119.58,119.16,119.52,91.2394885595134,4471230,0,1
2014-11-19,118.88,119.58,118.76,118.76,90.6593177821938,5792474,0,1
2014-11-20,119.9,119.95,119.06,119.38,91.1326149952703,5683570,0,1
2014-11-21,119.57,120.16,119.52,120.1,91.6822504685204,3640144,0,1
2014-11-24,119.67,120.27,119.55,120.2,91.758588728694,4033915,0,1
2014-11-25,120.37,121.27,120.31,121.2,92.5219713304302,6770006,0,1
2014-11-26,121.64,121.87,121.47,121.53,92.7738875890032,4339146,0,1
2014-11-28,122.13,122.67,122.13,122.49,93.5067348866699,4562187,0,1
2014-12-01,122.68,122.81,121.46,121.5,92.9621049131395,7728556,0.2766,1
2014-12-02,120.84,120.85,120.29,120.32,92.0592630711847,5757162,0,1
2014-12-03,120.3,120.8,120.13,120.79,92.4188695675565,4868551,0,1
2014-12-04,120.75,121.8,120.62,121.8,93.1916409746534,4250485,0,1
2014-12-05,121.57,121.6,120.52,121.09,92.6484056290704,8030737,0,1
2014-12-08,121.42,122.84,121.14,122.57,93.7807835325391,6021774,0,1
2014-12-09,123.6,123.97,122.96,123.2,94.2628092617184,6639727,0,1
2014-12-10,123.18,124.4,123.08,124.1,94.9514174462601,6439191,0,1
2014-12-11,123.74,124.61,123.29,124.61,95.3416287508338,7863455,0,1
2014-12-12,125.45,126.35,125.02,126.3,96.6346818973622,9317388,0,1
2014-12-15,125.64,126.7,125.43,126.04,96.4357506440502,9387414,0,1
2014-12-16,127.36,127.72,126.36,127.6,97.6293381639226,7426434,0,1
2014-12-17,126.91,127.19,125.7,126.45,96.7494499281192,11558786,0,1
2014-12-18,124.93,125.1,124.2,124.2,95.0279294667648,12758214,0,1
2014-12-19,124.58,125.95,124.44,125.87,96.3056802091923,7894461,0,1
2014-12-22,125.45,126.19,125.32,126.04,96.4357506440502,4118783,0,1
2014-12-23,125.45,125.6,123.49,123.54,94.5229501314341,7406146,0,1
2014-12-24,123.06,124.06,122.93,123.95,95.0365699692404,4871374,0.2613,1
2014-12-26,124.55,124.59,124.02,124.41,95.3892672034949,2921323,0,1
2014-12-29,124.91,125.66,124.81,125.34,96.1023290031835,4070721,0,1
2014-12-30,125.98,126.21,125.53,125.68,96.3630182632846,4372557,0,1
2014-12-31,125.7,126.17,125.65,125.92,96.5470342115914,4993301,0,1
2015-01-02,126.29,127.66,126.15,127.32,97.6204605767139,9431997,0,1
2015-01-05,128.01,129.63,127.96,129.32,99.1539268126032,9789519,0,1
2015-01-06,130.7,132.49,130.19,131.65,100.940414977414,18331287,0,1
2015-01-07,130.7,131.97,130.17,131.39,100.741064366749,9762919,0,1
2015-01-08,130.36,130.37,129.42,129.65,99.4069487415249,8055253,0,1
2015-01-09,129.2,131.11,129.04,131.07,100.495709769006,9398821,0,1
2015-01-12,131,132.31,130.92,131.82,101.070759607465,6658148,0,1
2015-01-13,131.39,132.61,131.14,131.82,101.070759607465,8260840,0,1
2015-01-14,133.72,134.12,132.7,132.82,101.837492725409,12324546,0,1
2015-01-15,132.85,135.03,132.68,134.91,103.439964941914,11454237,0,1
2015-01-16,134.33,134.68,133.03,133.19,102.121183979049,9390473,0,1
2015-01-20,134.13,135.11,134.07,134.96,103.478301597811,7758724,0,1
2015-01-21,135.2,135.59,132.96,133.4,102.282197933817,9803896,0,1
2015-01-22,134,134.18,132.28,132.92,101.914166037204,10200015,0,1
2015-01-23,134.3,135.12,134.15,134.77,103.332622305402,7334591,0,1
2015-01-26,134.84,135.19,134.05,134.36,103.018261727044,5966478,0,1
2015-01-27,135.73,136.13,134.15,134.57,103.179275681813,8079582,0,1
2015-01-28,134.75,137.41,134.7,136.77,104.866088541291,12230298,0,1
2015-01-29,136.12,136.67,135.46,135.87,104.176028735141,8881399,0,1
2015-01-30,135.87,138.5,135.87,138.28,106.023855549387,14871221,0,1
2015-02-02,136.7,137.92,136.66,137.48,105.624402929601,13689942,0.279,1
2015-02-03,135.65,135.79,134.37,134.57,103.388681278996,14008703,0,1
2015-02-04,133.49,134.99,133.12,134.8,103.565387801209,11360416,0,1
2015-02-05,134,134.23,133.11,133.32,102.428319745231,8334585,0,1
2015-02-06,132.05,132.35,130.59,130.96,100.615157169483,13685553,0,1
2015-02-09,131.97,131.98,130.75,130.75,100.45381643181,8025546,0,1
2015-02-10,130.14,130.47,129.44,129.71,99.6547956357178,8290732,0,1
2015-02-11,129.7,130.27,128.96,129.95,99.8391850502007,6506362,0,1
2015-02-12,129.66,130.54,129.45,129.52,99.5088206825856,12548329,0,1
2015-02-13,129.51,129.53,128.09,128.19,98.4869960106597,8325223,0,1
2015-02-17,127.8,127.93,125.92,126.26,97.0041978025266,14968830,0,1
2015-02-18,126.82,127.74,126.47,127.01,97.5804147227856,14009187,0,1
2015-02-19,126.78,127.45,126.17,126.17,96.9350517720956,8584765,0,1
2015-02-20,127.05,128.01,126,126.54,97.21931878609,12502546,0,1
2015-02-23,127.19,128.17,127.16,127.99,98.3333381652573,7500542,0,1
2015-02-24,127.65,129.79,127.18,129.67,99.6240640666373,11958343,0,1
2015-02-25,129.46,130.39,129.08,130.23,100.054306033764,8019820,0,1
2015-02-26,129.7,130.3,128.4,128.45,98.6867512096828,11020500,0,1
2015-02-27,129.02,129.62,128.27,129.53,99.5165035748557,9225087,0,1
2015-03-02,129,129.07,126.77,126.87,97.6665322622414,11323970,0.2521,1
2015-03-03,126.89,127.37,126.38,126.41,97.3124169880187,8599004,0,1
2015-03-04,126.94,127.04,126.16,126.45,97.3432096205598,6478887,0,1
2015-03-05,126.53,126.88,125.9,126.29,97.2200390903954,6044998,0,1
2015-03-06,124.67,124.83,122.97,123.5,95.0722529706535,20022904,0,1
2015-03-09,124.68,124.87,124.13,124.64,95.9498429980749,8889065,0,1
2015-03-10,125.97,126.44,125.76,126.28,97.2123409322601,9277945,0,1
2015-03-11,126.26,127.46,126.12,127.2,97.9205714807054,6663085,0,1
2015-03-12,128.2,128.2,126.72,127.11,97.851288057488,10295863,0,1
2015-03-13,126.76,127.59,126.49,126.72,97.5510598902122,7247189,0,1
2015-03-16,127.94,128.15,127.27,127.94,98.4902351827158,6374608,0,1
2015-03-17,128.55,129.11,128.28,129,99.3062399450551,6313964,0,1
2015-03-18,129.91,131.53,128.61,131.49,101.223081320739,13981903,0,1
2015-03-19,131.2,131.62,130.27,130.82,100.707304725675,9543795,0,1
2015-03-20,131.22,131.7,131.14,131.51,101.238477637009,5953751,0,1
2015-03-23,131.7,131.75,130.99,131.35,101.115307106845,5555506,0,1
2015-03-24,131.83,132.64,131.48,132.62,102.092973190025,6713032,0,1
2015-03-25,132.72,132.76,131.46,131.5,101.230779478874,5635768,0,1
2015-03-26,131.05,131.14,129.18,129.45,99.6526570611424,9536292,0,1
2015-03-27,130.03,131.13,129.98,131.06,100.892060520922,7907909,0,1
2015-03-30,130.9,131,130.09,130.41,100.391680242129,7010587,0,1
2015-03-31,130.24,130.96,129.91,130.69,100.607228669917,6844288,0,1
2015-04-01,131.33,132.48,131.3,132.13,101.925982434307,9273941,0.2731,1
2015-04-02,131.93,131.97,130.61,130.73,100.846012893642,6663396,0,1
2015-04-06,131.43,131.48,129.72,130,100.282885918867,5923761,0,1
2015-04-07,130.23,131.22,129.85,131.09,101.123719346956,4764948,0,1
2015-04-08,131.02,131.36,130.02,131.13,101.154575619546,5378896,0,1
2015-04-09,130.87,130.92,129.13,129.43,99.8431840344536,6484206,0,1
2015-04-10,130.32,130.45,129.55,129.62,99.9897513292581,4842983,0,1
2015-04-13,129.53,129.98,129.39,129.8,100.128604555915,4010619,0,1
2015-04-14,131.31,131.86,130.48,130.72,100.838298825495,6075465,0,1
2015-04-15,131.05,131.27,130.32,130.61,100.753444075871,4425222,0,1
2015-04-16,130.83,130.86,129.41,129.96,100.252029646277,7085505,0,1
2015-04-17,129.77,131.7,129.7,131.45,101.40142580027,7268774,0,1
2015-04-20,130.94,131.01,129.93,130.29,100.506593895148,4949441,0,1
2015-04-21,130.23,130.45,129.56,129.7,100.051463874439,4563763,0,1
2015-04-22,129.5,129.55,127.54,127.72,98.5240783812131,9707563,0,1
2015-04-23,127.8,128.85,127.61,128.27,98.9483521293314,6843409,0,1
2015-04-24,128.64,129.43,128.59,129.07,99.5654775811398,4773030,0,1
2015-04-27,129.07,129.5,128.37,129.07,99.5654775811398,4334926,0,1
2015-04-28,128.17,128.74,127.26,127.29,98.1923734508661,7464325,0,1
2015-04-29,125.81,126.44,125.28,125.73,96.9889788198397,11554821,0,1
2015-04-30,125.04,126.17,124.51,125.95,97.158688319087,12875959,0,1
2015-05-01,124.73,125.04,123.69,124,95.8535443577869,12378465,0.2581,1
2015-05-04,124.3,124.53,122.72,122.83,94.9491197860239,9144659,0,1
2015-05-05,122.86,123.03,121.69,122.66,94.8177076687592,13935494,0,1
2015-05-06,121.99,122.06,120.37,120.56,93.1943815143128,14355025,0,1
2015-05-07,121.43,122.57,121.35,122.18,94.4466616906,11933674,0,1
2015-05-08,123.38,123.55,122.31,122.51,94.7017558005845,11716437,0,1
2015-05-11,121.62,121.65,119.5,119.53,92.3981786861796,13738591,0,1
2015-05-12,119.14,120.63,118.82,119.84,92.637812547074,15861707,0,1
2015-05-13,120.65,120.72,118.64,118.88,91.8957205907557,15759976,0,1
2015-05-14,118.92,119.83,118.69,119.2,92.1430845761951,9128441,0,1
2015-05-15,120.38,121.91,120.29,121.59,93.990584342446,12630621,0,1
2015-05-18,120.32,120.43,119.47,119.55,92.4136389352695,10208341,0,1
2015-05-19,118.27,119.84,118.13,118.49,91.5942457335013,8435326,0,1
2015-05-20,118.77,119.45,118.18,118.69,91.748848224401,7789665,0,1
2015-05-21,119.58,120.61,119.45,120.35,93.0320488988682,11760652,0,1
2015-05-22,120.65,120.75,119.8,120.4,93.0706995215931,5417933,0,1
2015-05-26,120.84,122.55,120.74,122.46,94.6631051778595,10469658,0,1
2015-05-27,122.18,122.86,121.61,122.74,94.879548665119,6490255,0,1
2015-05-28,122.5,123.03,122.22,122.44,94.6476449287696,6237616,0,1
2015-05-29,123.23,123.57,122.51,122.71,94.8563582914841,7911982,0,1
2015-06-01,122.11,122.38,120.69,121.13,93.8393490937981,13108065,0.2644,1
2015-06-02,120.17,120.26,119.11,119.44,92.5301069575105,10076179,0,1
2015-06-03,118.39,118.6,117.2,117.52,91.0426839387696,14810887,0,1
2015-06-04,118.26,119.29,118.14,119.05,92.2279741568288,10859277,0,1
2015-06-05,117.84,118.57,117.38,117.6,91.1046598978838,11200153,0,1
2015-06-08,117.96,118.16,117.37,117.47,91.0039489643232,5333972,0,1
2015-06-09,117.06,117.13,116.11,116.54,90.2834784396206,12393893,0,1
2015-06-10,115.92,116.13,115.26,115.52,89.4932849609144,12183562,0,1
2015-06-11,116.56,117.97,116.24,117.95,91.3758047190084,13849269,0,1
2015-06-12,117.59,119.07,117.55,117.97,91.391298708787,7863117,0,1
2015-06-15,118.89,119.06,117.74,118.14,91.5229976219047,8194180,0,1
2015-06-16,118.61,119.08,117.94,119.06,92.2357211517181,7046378,0,1
2015-06-17,118.5,118.63,117.25,118.15,91.530744616794,13626103,0,1
2015-06-18,117.37,117.74,116.75,117.6,91.1046598978838,10123276,0,1
2015-06-19,118.51,119.19,118.49,119.08,92.2512151414966,10439248,0,1
2015-06-22,117.84,118.14,116.59,116.65,90.3686953834026,9768973,0,1
2015-06-23,115.73,116.96,115.69,115.95,89.8264057411533,8945108,0,1
2015-06-24,116.51,117.17,116.16,116.95,90.6011052300809,8600392,0,1
2015-06-25,116.59,117.08,116.19,116.54,90.2834784396206,8287821,0,1
2015-06-26,115.67,115.87,114.88,115.23,89.2686221091254,11672979,0,1
2015-06-29,116.96,118.67,116.46,118.21,91.5772265861296,17132910,0,1
2015-06-30,117.4,118.7,117.33,117.53,91.0504309336589,13469011,0,1
2015-07-01,115.82,116.36,115.43,115.62,89.7707567527651,12451476,0.2582,1
2015-07-02,116.32,116.66,115.88,116.07,90.1201499419949,6682132,0,1
2015-07-06,118.05,118.65,117.06,118.15,91.7351229055458,10605806,0,1
2015-07-07,119.66,120.49,118.95,119.26,92.5969594389792,16160105,0,1
2015-07-08,120.02,120.57,119.5,120.29,93.3966816276606,9951815,0,1
2015-07-09,118.7,119.12,117.85,117.92,91.5565441643839,11108879,0,1
2015-07-10,116.04,116.72,115.76,116.05,90.1046213558069,13636624,0,1
2015-07-13,115.39,116.46,115.39,115.69,89.8251068044231,8006723,0,1
2015-07-14,116.02,116.27,115.66,116.07,90.1201499419949,4227782,0,1
2015-07-15,116.11,117.55,116.04,117.29,91.0673936994622,8720406,0,1
2015-07-16,116.89,118.16,116.87,118.11,91.7040657331698,7306517,0,1
2015-07-17,118.37,118.89,118.36,118.72,92.1776876119035,7404940,0,1
2015-07-20,118.29,118.65,117.9,118.22,91.7894729572037,5940984,0,1
2015-07-21,117.68,118.93,117.66,118.86,92.2863877152194,5627455,0,1
2015-07-22,119.01,119.9,118.95,119.6,92.860945404175,6228919,0,1
2015-07-23,119.6,121.2,119.45,121.09,94.0178250751802,9087712,0,1
2015-07-24,121.5,121.55,120.92,121.39,94.250753868,7307882,0,1
2015-07-27,122.19,122.29,121.48,122.04,94.7554329191097,8171957,0,1
2015-07-28,121.16,121.57,120.9,121.15,94.0644108337441,9128181,0,1
2015-07-29,121.02,121.17,120.42,120.74,93.7460748168903,6706432,0,1
2015-07-30,121.21,121.94,121.15,121.63,94.4370969022559,6146626,0,1
2015-07-31,122.44,122.9,122.06,122.53,95.1358832807154,9178422,0,1
2015-08-03,122.32,123.75,122.32,123.55,96.1354785607983,11753736,0.2674,1
2015-08-04,123.16,123.32,122.46,122.57,95.3729308555002,6448757,0,1
2015-08-05,121.77,121.91,121.19,121.65,94.657069744404,7574389,0,1
2015-08-06,122,122.87,122,122.73,95.4974284400386,6118061,0,1
2015-08-07,123.3,124.5,123.24,124.34,96.750185384457,8316980,0,1
2015-08-10,123.41,123.57,122.52,122.8,95.5518961332742,7461656,0,1
2015-08-11,124.3,125.13,124.16,124.75,97.0692104448368,11145702,0,1
2015-08-12,124.93,125.71,124,124.07,96.5400957105483,8455249,0,1
2015-08-13,123.83,124.42,123.22,123.67,96.2288517492021,7691434,0,1
2015-08-14,123.47,124.37,123.2,123.96,96.4545036211781,4324742,0,1
2015-08-17,124.71,125.1,124.39,124.52,96.8902451670627,7880324,0,1
2015-08-18,123.8,124.29,123.38,123.54,96.1276974617646,5024294,0,1
2015-08-19,123.06,124.93,122.99,124.72,97.0458671477358,10731141,0,1
2015-08-20,125.37,126.1,125.18,126.02,98.0574100221109,9078313,0,1
2015-08-21,126.16,126.74,125.59,126.39,98.3453106863561,10718318,0,1
2015-08-24,128.31,128.92,125.82,126.34,98.3064051911878,16663414,0,1
2015-08-25,124.55,124.79,123.56,124.33,96.7424042854233,15354785,0,1
2015-08-26,123,123.51,121.36,121.9,94.8515972202453,16429934,0,1
2015-08-27,121.82,122.87,121.65,122,94.9294082105819,9126952,0,1
2015-08-28,123.15,123.47,122.23,122.36,95.2095277757934,9946158,0,1
2015-08-31,123.36,123.47,121.34,121.42,94.4781044666299,8617562,0,1
2015-09-01,121.64,122.09,120.98,122.03,95.1571376359998,15298248,0.2627,1
2015-09-02,121.42,121.98,120.86,120.98,94.3383636089753,9515229,0,1
2015-09-03,121.38,121.67,120.71,121.51,94.7516495464258,7042492,0,1
2015-09-04,122.45,122.93,121.82,122.68,95.6639977479674,7951303,0,1
2015-09-08,121.38,121.56,120.76,120.87,94.2525872823347,7049499,0,1
2015-09-09,119.63,121.71,119.56,121.45,94.7048624591672,7441863,0,1
2015-09-10,121.02,121.19,120.45,120.63,94.0654389333005,6789671,0,1
2015-09-11,121.47,122.08,121.33,121.39,94.6580753719087,5890921,0,1
2015-09-14,121.95,122.15,121.28,121.58,94.8062344815608,4221733,0,1
2015-09-15,120.89,121.05,119.12,119.25,92.989335926354,11894974,0,1
2015-09-16,118.96,119.44,118.55,118.8,92.6384327719149,6949781,0,1
2015-09-17,118.88,120.37,118.73,120.25,93.7691207139964,19843582,0,1
2015-09-18,121.21,122.2,121.13,122.1,95.2117225711348,14963338,0,1
2015-09-21,121.01,121.11,119.78,120.11,93.6599508437265,10085551,0,1
2015-09-22,121.44,122.39,121.14,121.78,94.9621914390892,9968204,0,1
2015-09-23,121.62,122.07,120.99,121.77,94.9543935912128,6769859,0,1
2015-09-24,123.17,123.68,122.49,122.6,95.601614964956,9605760,0,1
2015-09-25,121.65,121.93,121.27,121.54,94.7750430900551,8383733,0,1
2015-09-28,122.2,123.77,122.2,123.62,96.3969954483512,9833354,0,1
2015-09-29,123.54,124.29,123.25,123.97,96.669920124026,9006123,0,1
2015-09-30,123.41,123.8,123.12,123.54,96.3346126653398,9832571,0,1
2015-10-01,124.08,124.52,123.66,123.81,96.7449853268237,9069447,0.2563,1
2015-10-02,125.59,126.21,124.18,124.56,97.3310344262108,13000403,0,1
2015-10-05,123.72,123.83,122.78,122.87,96.0104704555918,11362675,0,1
2015-10-06,122.55,123.6,122.41,123.4,96.4246118191587,5687786,0,1
2015-10-07,122.81,123.33,122.51,122.99,96.1042383114938,6712790,0,1
2015-10-08,123.29,123.37,121.66,121.96,95.2993975483355,12882333,0,1
2015-10-09,121.97,122.64,121.9,122.28,95.549445164074,9038104,0,1
2015-10-12,123.03,123.43,122.91,123.21,96.276146047314,4241027,0,1
2015-10-13,123.53,123.6,122.8,123.42,96.4402397951424,6147248,0,1
2015-10-14,123.7,124.55,123.3,124.5,97.2841504982598,9738108,0,1
2015-10-15,124.31,124.46,123.78,123.89,96.8074972307583,6924268,0,1
2015-10-16,124.25,124.47,123.87,123.93,96.8387531827256,8048318,0,1
2015-10-19,123.79,123.97,122.91,123.59,96.5730775910034,6238361,0,1
2015-10-20,122.8,122.97,122.55,122.83,95.9792145036245,6431302,0,1
2015-10-21,123.61,124.22,123.47,124.05,96.9325210386275,6603844,0,1
2015-10-22,124.1,124.78,123.51,124.26,97.0966147864559,6934112,0,1
2015-10-23,123.1,123.46,122.85,123.2,96.2683320593221,7058213,0,1
2015-10-26,123.87,124.2,123.81,124.02,96.9090790746521,5859785,0,1
2015-10-27,124.02,124.9,124.02,124.33,97.1513127023987,7156769,0,1
2015-10-28,124.27,124.34,123.3,123.83,96.7606133028073,8468672,0,1
2015-10-29,123.18,123.22,121.7,121.87,95.229071656409,12107974,0,1
2015-10-30,122.24,122.81,122.02,122.78,95.9401445636654,11861389,0,1
2015-11-02,121.78,122.18,121.68,121.95,95.4999021360094,8751010,0.2666,1
2015-11-03,121.65,121.74,120.79,120.95,94.7167951074238,8921581,0,1
2015-11-04,121.1,121.54,120.7,121.09,94.8264300914258,5980819,0,1
2015-11-05,121.05,121.06,120.3,120.77,94.5758358422784,7268407,0,1
2015-11-06,119.49,119.53,118.74,119,93.189736401682,10604737,0,1
2015-11-09,118.1,118.9,118,118.33,92.6650546925296,9159480,0,1
2015-11-10,118.5,119.21,118.38,118.68,92.9391421525346,6712535,0,1
2015-11-11,118.35,118.58,118.27,118.43,92.7433653953882,2857898,0,1
2015-11-12,118.75,119.44,118.7,119,93.189736401682,6805727,0,1
2015-11-13,119.32,119.9,119.22,119.68,93.7222491811201,7906585,0,1
2015-11-16,119.79,120,119.13,119.57,93.6361074079757,5485337,0,1
2015-11-17,119,120.13,118.66,119.77,93.7927288136928,5122919,0,1
2015-11-18,119.58,120.19,119.36,120.02,93.9885055708392,5233883,0,1
2015-11-19,120.88,121.15,120.68,120.82,94.6149911937077,6643031,0,1
2015-11-20,120.93,121.04,120.28,120.45,94.325241593131,5971025,0,1
2015-11-23,120.53,121.12,120.32,120.82,94.6149911937077,5436264,0,1
2015-11-24,120.9,121.2,120.58,120.81,94.6071601234218,3371479,0,1
2015-11-25,121.17,121.42,120.95,121.09,94.8264300914258,3280898,0,1
2015-11-27,121.25,121.32,120.96,120.97,94.7324572479955,2570644,0,1
2015-11-30,121.1,121.53,121.06,121.45,95.1083486217166,5179764,0,1
2015-12-01,121.26,122.85,121.26,122.83,96.3899165868164,12766590,0.2565,1
2015-12-02,122.66,123.04,122.19,122.87,96.4213062852896,7345805,0,1
2015-12-03,121.36,121.4,118.99,119.53,93.800266462771,16612180,0,1
2015-12-04,119.53,120.93,119.47,120.58,94.6242460476945,11843829,0,1
2015-12-07,120.81,122.46,120.8,121.75,95.5423947280379,9016691,0,1
2015-12-08,122.28,122.43,121.45,121.81,95.5894792757478,7257521,0,1
2015-12-09,121.35,122.15,120.51,121.68,95.4874627557096,8993896,0,1
2015-12-10,121.79,122.03,121.49,121.84,95.6130215496027,5606896,0,1
2015-12-11,123.03,124.1,122.87,123.76,97.11972707632,12299538,0,1
2015-12-14,123.08,123.15,121.75,122.16,95.8641391373889,10661052,0,1
2015-12-15,121.02,121.6,120.83,121.44,95.29912456487,8795455,0,1
2015-12-16,121.07,122.17,120.5,121.18,95.0950915247937,10988572,0,1
2015-12-17,121.78,122.78,121.64,122.55,96.1701886975034,9922991,0,1
2015-12-18,123.08,123.52,122.82,123.23,96.7038135715491,10171700,0,1
2015-12-21,123.43,123.78,122.92,123.2,96.6802712976942,7494943,0,1
2015-12-22,122.65,122.8,121.99,122.31,95.9818505066637,5445763,0,1
2015-12-23,121.23,121.61,120.87,121.39,95.2598874417784,7287134,0,1
2015-12-24,121.47,121.87,121.4,121.83,95.8045238220485,3364567,0.254,1
2015-12-28,121.99,122.67,121.85,122.19,96.0876201741452,7586564,0,1
2015-12-29,121.69,121.74,120.01,120.16,94.4912712998223,7787496,0,1
2015-12-30,119.92,120.54,119.67,120.04,94.3969058491234,5508875,0,1
2015-12-31,120.57,120.86,120.25,120.58,94.8215503772684,7897690,0,1
2016-01-04,121.93,122.45,121.32,121.45,95.5056998948353,10591941,0,1
2016-01-05,120.88,121.5,120.66,120.96,95.1203743044815,6242567,0,1
2016-01-06,122.3,122.62,122.05,122.59,96.4021716764748,8916942,0,1
2016-01-07,122.68,122.93,121.79,122.81,96.5751750027561,10202158,0,1
2016-01-08,122.43,123.47,122.23,123.36,97.0076833184593,9577237,0,1
2016-01-11,122.04,122.79,121.86,122.01,95.9460719980968,10040254,0,1
2016-01-12,122.34,124.32,122.15,123.77,97.3300986083472,12897720,0,1
2016-01-13,123.53,125.5,123.27,124.99,98.2894806904526,15577552,0,1
2016-01-14,124.47,124.97,123.34,123.82,97.3694175461384,12873776,0,1
2016-01-15,125.4,125.96,125.08,125.75,98.8871285448789,13976332,0,1
2016-01-19,125.13,126.07,124.95,125.36,98.5804408301075,8926594,0,1
2016-01-20,126.98,127.92,126.42,126.68,99.6184607877953,17283292,0,1
2016-01-21,126.94,127.29,125.67,125.82,98.9421750577866,11001621,0,1
2016-01-22,124.91,125.53,124.52,125.34,98.564713254991,10164328,0,1
2016-01-25,125.95,126.27,125.65,126.02,99.0994508089514,5738192,0,1
2016-01-26,125.99,126.46,125.75,126.08,99.1466335343009,5692621,0,1
2016-01-27,125.75,126.29,125.19,126.05,99.1230421716261,7957753,0,1
2016-01-28,125.54,126.41,125.46,126.23,99.2645903476745,10575351,0,1
2016-01-29,127.41,127.86,126.92,127.3,100.106015616406,13170724,0,1
2016-02-01,126.79,127.07,126.29,126.67,99.8001410172684,9948356,0.241,1
2016-02-02,128.1,129.04,128,129.02,101.651647541233,10399965,0,1
2016-02-03,128.28,129.94,127.92,127.95,100.808621166492,13308995,0,1
2016-02-04,128.22,128.59,127.51,128.57,101.297103738772,9953521,0,1
2016-02-05,127.89,129,127.59,128.72,101.415285006259,9200847,0,1
2016-02-08,129.72,131.63,129.68,131.49,103.597699079187,14452163,0,1
2016-02-09,132.04,132.06,130.96,131.63,103.708001595508,15232056,0,1
2016-02-10,131.7,132.84,131.11,132.79,104.621936730742,12797068,0,1
2016-02-11,134.44,135.25,133.01,133.72,105.354660589162,21620249,0,1
2016-02-12,132.64,133.13,130.93,131.5,103.605577830353,13888427,0,1
2016-02-16,130.72,130.75,129.81,130.11,102.510431418306,11766006,0,1
2016-02-17,129.64,129.83,128.71,129.31,101.880131325041,13157299,0,1
2016-02-18,129.41,131,129.36,130.9,103.132852760404,10196700,0,1
2016-02-19,130.94,131.82,130.73,131.01,103.219519023228,8188740,0,1
2016-02-22,131.1,131.11,130.7,130.94,103.164367765068,5054326,0,1
2016-02-23,129.88,131.74,129.78,131.47,103.581941576855,8320727,0,1
2016-02-24,132.4,133.39,130.95,131.21,103.377094046544,9091189,0,1
2016-02-25,131.48,132.56,131.32,131.68,103.747395351337,6097222,0,1
2016-02-26,130.31,130.81,130.04,130.41,102.74679395328,9244954,0,1
2016-02-29,130.47,131.17,130.42,130.98,103.195882769731,8016109,0,1
2016-03-01,130.82,130.85,128.32,128.43,101.382508613534,13729116,0.2484,1
2016-03-02,128.32,128.97,128.21,128.96,101.80089006308,7047705,0,1
2016-03-03,129.07,129.94,128.77,129.43,102.171907574941,6395336,0,1
2016-03-04,128.75,129.13,127.76,128.6,101.516706436973,8687010,0,1
2016-03-07,128.45,128.67,128.05,128.56,101.485130478517,5493336,0,1
2016-03-08,130.35,130.99,129.95,129.98,102.606077003715,7175371,0,1
2016-03-09,129.08,129.69,128.81,129.19,101.982451824203,7194693,0,1
2016-03-10,129.5,129.84,127.92,128.66,101.564070374657,10092026,0,1
2016-03-11,128.82,128.88,127.21,127.36,100.537851724828,8927006,0,1
2016-03-14,127.82,128.39,127.66,127.76,100.853611309391,5176989,0,1
2016-03-15,128.5,128.66,127.61,127.88,100.94833918476,6413224,0,1
2016-03-16,127.75,128.52,127.37,128.26,101.248310790095,9728881,0,1
2016-03-17,128.51,129.34,128.49,128.79,101.66669223964,7805464,0,1
2016-03-18,129.04,129.51,128.7,129.06,101.87982995922,8198622,0,1
2016-03-21,128.25,128.62,127.75,128.07,101.098324987427,5514849,0,1
2016-03-22,128.83,129.02,127.92,128.04,101.074643018585,4997933,0,1
2016-03-23,128.41,129.82,128.29,129.49,102.219271512625,10628207,0,1
2016-03-24,130.58,130.64,129,129.54,102.258741460696,6343287,0,1
2016-03-28,129.38,130.16,129.28,129.71,102.392939284135,5058676,0,1
2016-03-29,130.38,131.09,130.02,131.07,103.466521871649,9396659,0,1
2016-03-30,130.03,130.07,128.98,129.69,102.377151304907,8478718,0,1
2016-03-31,129.98,130.81,129.79,130.61,103.103398349402,7832575,0,1
2016-04-01,130.98,131.13,129.9,130.68,103.372086863295,9341350,0.2704,1
2016-04-04,130.79,130.97,130.27,130.76,103.435369438663,5145057,0,1
2016-04-05,132.01,132.36,131.78,132.19,104.566545473362,6482810,0,1
2016-04-06,131.53,131.67,130.74,131.23,103.807154568948,6393875,0,1
2016-04-07,132.19,132.99,132.01,132.85,105.088626720146,5963282,0,1
2016-04-08,132.17,132.4,131.64,132.01,104.424159678784,5585183,0,1
2016-04-11,131.32,132.18,131.11,131.84,104.289684206128,4805494,0,1
2016-04-12,131.08,131.55,130.53,130.93,103.569844911319,4276037,0,1
2016-04-13,130.69,131.58,130.52,131.39,103.933719719684,5207859,0,1
2016-04-14,130.91,131.31,130.49,130.76,103.435369438663,6966979,0,1
2016-04-15,131.29,132.16,131.25,131.88,104.321325493812,5831142,0,1
2016-04-18,131.33,131.44,130.66,131.31,103.870437144316,4486643,0,1
2016-04-19,131.08,131.31,130.29,130.9,103.546113945556,5212335,0,1
2016-04-20,131.16,131.65,129.27,129.46,102.407027588936,10920713,0,1
2016-04-21,128.44,129.07,128.29,128.69,101.797932801021,11154216,0,1
2016-04-22,128.85,128.91,128.24,128.36,101.536892177629,5826383,0,1
2016-04-25,128.06,128.52,127.83,127.83,101.117645115817,5539464,0,1
2016-04-26,127.76,127.76,127.12,127.25,100.658846444401,7839962,0,1
2016-04-27,127.92,128.82,127.62,128.52,101.663457328364,8380065,0,1
2016-04-28,128.21,129.14,128.04,129.05,102.082704390176,7974606,0,1
2016-04-29,128.45,129.71,128.2,129.38,102.343745013568,7416314,0,1
2016-05-02,128.66,128.9,127.8,127.82,101.315549504797,11035175,0.2602,1
2016-05-03,129.55,130.02,129.35,129.43,102.591703742809,10736651,0,1
2016-05-04,129.68,130.17,129.19,130.14,103.154479835349,7211166,0,1
2016-05-05,130.06,131.07,129.7,131.01,103.844078709306,7870447,0,1
2016-05-06,130.85,130.86,130.29,130.45,103.400198974345,7232476,0,1
2016-05-09,130.46,130.89,130.32,130.86,103.725182351727,4950805,0,1
2016-05-10,130.85,131.12,130.65,130.87,103.733108775565,4331861,0,1
2016-05-11,130.83,132,130.66,131.61,104.319664139621,9256048,0,1
2016-05-12,130.66,131.17,130.59,131.01,103.844078709306,6087364,0,1
2016-05-13,131.48,132.32,131.23,132.28,104.850734536806,8707286,0,1
2016-05-16,131.64,131.66,130.98,131.14,103.947122219207,5137039,0,1
2016-05-17,131.21,131.83,131.21,131.36,104.121503543656,4449130,0,1
2016-05-18,130.81,130.85,128.91,129.49,102.639262285841,12680973,0,1
2016-05-19,129.68,130.33,129.65,130.05,103.083142020801,6209379,0,1
2016-05-20,129.65,130.4,129.55,130.15,103.162406259187,5348879,0,1
2016-05-23,130.36,130.73,129.92,130.44,103.392272550506,6979730,0,1
2016-05-24,129.97,130.19,129.24,129.86,102.932539967868,5968275,0,1
2016-05-25,129.83,130.25,129.31,129.37,102.544145199778,6367396,0,1
2016-05-26,129.81,130.45,129.8,130.04,103.075215596963,5419303,0,1
2016-05-27,130.07,130.26,129.7,129.85,102.92461354403,5267595,0,1
2016-05-31,129.02,130.44,128.98,130.16,103.170332683026,8344257,0,1
2016-06-01,130.63,131.27,130.11,130.42,103.58827161069,9874878,0.2673,1
2016-06-02,130.9,131.69,130.87,131.36,104.334882370651,5835531,0,1
2016-06-03,132.86,133.23,132.6,133.23,105.820161222912,11077213,0,1
2016-06-06,132.78,132.89,132.1,132.24,105.033837124656,7573732,0,1
2016-06-07,132.64,132.98,132.54,132.56,105.288002489749,4680203,0,1
2016-06-08,132.87,133.43,132.71,133.27,105.851931893549,5313151,0,1
2016-06-09,134.32,134.54,133.93,134.13,106.535001312236,6820290,0,1
2016-06-10,134.79,135.33,134.26,134.78,107.051274710081,6984577,0,1
2016-06-13,135.09,135.39,134.77,135.38,107.527834769631,7688936,0,1
2016-06-14,136.19,136.22,135.22,135.28,107.448408093039,9012488,0,1
2016-06-15,135.52,136.23,135.31,135.8,107.861426811315,7953205,0,1
2016-06-16,136.74,137.56,136.18,136.46,108.385642876819,10372653,0,1
2016-06-17,136.2,136.27,135.26,135.61,107.710516125791,8489852,0,1
2016-06-20,134.24,134.55,134.01,134.16,106.558829315214,7365885,0,1
2016-06-21,134.29,134.58,133.46,133.54,106.066383920346,6005848,0,1
2016-06-22,133.5,133.99,133.25,133.76,106.241122608848,5773676,0,1
2016-06-23,132.61,133.32,132.08,132.23,105.025894456997,9029115,0,1
2016-06-24,136.61,136.61,135.3,135.78,107.845541475997,17155023,0,1
2016-06-27,138.44,139.59,138.4,139.17,110.53810581245,17573865,0,1
2016-06-28,139.44,139.9,138.88,139.46,110.768443174566,14006412,0,1
2016-06-29,139.68,140.13,138.26,138.39,109.918577735036,12999793,0,1
2016-06-30,138.81,139.94,138.09,138.9,110.323653785653,14698513,0,1
2016-07-01,140.81,140.82,139.19,140.57,111.852759483791,15430178,0.2552,1
2016-07-05,141.85,142.91,141.7,142.33,113.253206639596,8840774,0,1
2016-07-06,142.79,143,141.96,142.56,113.436219620184,14352847,0,1
2016-07-07,142.09,143.19,141.78,142.55,113.428262534072,9676415,0,1
2016-07-08,142.92,143.62,142.36,143.6,114.263756575887,10355253,0,1
2016-07-11,143.05,143.47,142.24,142.34,113.261163725708,8099048,0,1
2016-07-12,140.42,140.86,139.64,140,111.399205575377,15810639,0,1
2016-07-13,141.37,141.77,140.95,141.65,112.712124783944,8181672,0,1
2016-07-14,139.28,139.84,139.09,139.59,111.072965044764,10817019,0,1
2016-07-15,138.89,139.11,138.18,138.39,110.11811471126,9958624,0,1
2016-07-18,139.07,139.26,137.73,138.26,110.014672591798,5955878,0,1
2016-07-19,138.94,139.31,138.4,139.04,110.635325308575,8073906,0,1
2016-07-20,138.23,138.51,137.91,138.28,110.030586764023,6942471,0,1
2016-07-21,137.04,138.62,136.99,138.56,110.253385175173,10398437,0,1
2016-07-22,137.93,139.24,137.87,138.8,110.444355241874,5811415,0,1
2016-07-25,138.94,139.26,138.59,138.7,110.364784380749,4243800,0,1
2016-07-26,139.52,139.52,138.46,138.92,110.539840275224,5243406,0,1
2016-07-27,139.55,140.65,139.4,140.65,111.916416172691,8508125,0,1
2016-07-28,139.8,140.84,139.71,140.39,111.709531933766,7336072,0,1
2016-07-29,140.45,141.68,140.22,141.56,112.640511008931,8766743,0,1
2016-08-01,139.78,140.5,139.61,139.77,111.421602385658,9809348,0.2581,1
2016-08-02,137.83,139.26,137.5,138.33,110.273665722316,10051207,0,1
2016-08-03,138.6,138.78,137.91,138.41,110.33743998139,4930593,0,1
2016-08-04,139.46,140.16,139.27,139.45,111.16650534936,5645951,0,1
2016-08-05,139.05,139.18,137.82,138,110.010596903633,7778635,0,1
2016-08-08,137.6,138.54,137.32,138.26,110.217863245626,5185234,0,1
2016-08-09,138.71,139.72,138.62,139.62,111.302025649893,5503166,0,1
2016-08-10,139.9,140.51,139.47,140.16,111.732501898647,5843487,0,1
2016-08-11,140.06,140.08,138.54,138.91,110.736029100607,7624622,0,1
2016-08-12,140.41,140.86,139.87,140.08,111.668727639572,7989640,0,1
2016-08-15,139.34,139.63,138.75,138.76,110.616452364842,5108563,0,1
2016-08-16,138.98,139.15,138.23,138.39,110.321496416622,6182739,0,1
2016-08-17,138.63,139.44,138.5,139.22,110.98315435452,5001992,0,1
2016-08-18,139.2,139.76,138.79,139.44,111.158533566976,3805233,0,1
2016-08-19,138.64,139.05,138.1,138.71,110.57659345292,5516269,0,1
2016-08-22,139.65,140.14,139.37,139.88,111.509291991886,5549684,0,1
2016-08-23,140.27,140.59,139.67,140.03,111.62886872765,6841393,0,1
2016-08-24,140.1,140.19,139.39,139.7,111.365799908968,6027834,0,1
2016-08-25,139.26,139.78,138.96,139.17,110.943295442599,5855464,0,1
2016-08-26,139.73,140.69,138.22,138.36,110.297581069469,12962524,0,1
2016-08-29,139.38,140.35,139.21,140.21,111.772360810568,7310409,0,1
2016-08-30,140.17,140.26,139.67,139.67,111.341884561815,5161769,0,1
2016-08-31,139.66,140.17,139.34,139.87,111.501320209501,7349658,0,1
2016-09-01,138.62,140.1,138.57,139.77,111.624223570055,9149133,0.2542,1
2016-09-02,138.96,139.05,138.17,138.63,110.713787747848,8396973,0,1
2016-09-06,138.71,140.08,138.51,139.64,111.520401941207,8542625,0,1
2016-09-07,140.37,140.42,139.54,139.54,111.440539149785,5421827,0,1
2016-09-08,138.86,139.27,137.26,137.79,110.042940299906,14301465,0,1
2016-09-09,136.07,136.12,135.41,135.52,108.230054934635,13347664,0,1
2016-09-12,135.32,135.83,135.16,135.59,108.28595888863,9096573,0,1
2016-09-13,135.87,136,133.36,134.05,107.056071900736,15645423,0,1
2016-09-14,134.05,134.91,134.05,134.25,107.215797483579,7037670,0,1
2016-09-15,133.61,134.05,133.03,133.67,106.752593293334,10234190,0,1
2016-09-16,134.58,134.81,134.22,134.75,107.615111440688,7507901,0,1
2016-09-19,134.52,134.87,134.25,134.31,107.263715158432,7105887,0,1
2016-09-20,135.15,135.58,134.67,134.78,107.639070278114,6054765,0,1
2016-09-21,134.6,135.89,134.18,135.87,108.50957470461,10698125,0,1
2016-09-22,136.67,137.29,136.5,136.95,109.372092851964,12426243,0,1
2016-09-23,137.03,137.34,136.71,136.82,109.268271223116,5928833,0,1
2016-09-26,137.07,137.83,137.02,137.69,109.963077508485,8661318,0,1
2016-09-27,138.59,138.8,137.95,138.7,110.769691701843,9450445,0,1
2016-09-28,138.5,139.15,138.22,138.4,110.530103327578,7958732,0,1
2016-09-29,137.56,139.07,137.45,138.75,110.809623097554,8319793,0,1
2016-09-30,138.55,138.64,136.87,137.51,109.819324483926,11747119,0,1
2016-10-03,137.68,137.77,136.76,136.81,109.457599546856,7588816,0.2471,1
2016-10-04,136.62,136.84,135.16,135.21,108.177487279661,12048727,0,1
2016-10-05,135.02,135.08,134.12,134.58,107.673443074453,8917655,0,1
2016-10-06,133.97,134.69,133.68,133.83,107.073390449205,7839909,0,1
2016-10-07,133.93,134.29,133.09,133.92,107.145396764234,9953220,0,1
2016-10-10,132.85,133.16,132.51,133.13,106.513341332307,6089117,0,1
2016-10-11,132.86,133.55,132.57,132.83,106.273320282208,9670399,0,1
2016-10-12,132.67,133.02,132.24,132.96,106.377329403917,7582449,0,1
2016-10-13,133.64,133.93,133.37,133.46,106.777364487416,7080582,0,1
2016-10-14,132.27,132.95,131.53,131.59,105.281233275132,11415109,0,1
2016-10-17,132.1,132.74,132.09,132.43,105.953292215409,10595886,0,1
2016-10-18,131.86,132.89,131.83,132.86,106.297322387218,7151001,0,1
2016-10-19,132.37,133.27,132.32,132.97,106.385330105587,6941279,0,1
2016-10-20,133.64,133.75,132.9,133.11,106.497339928967,6082274,0,1
2016-10-21,133.52,133.72,132.87,133.31,106.657353962366,9222747,0,1
2016-10-24,133.41,133.45,132.29,132.73,106.193313265508,6507489,0,1
2016-10-25,132.53,133.56,132.49,133.08,106.473337823957,5134728,0,1
2016-10-26,132.46,132.8,131.99,132.18,105.75327467366,5842548,0,1
2016-10-27,131.07,131.07,130.06,130.74,104.601173633184,10044665,0,1
2016-10-28,130.39,130.93,130.33,130.45,104.369153284755,7540950,0,1
2016-10-31,130.89,131.29,130.71,131.25,105.009209418353,7047470,0,1
2016-11-01,130.16,131.6,129.88,131.01,105.017098110199,12622367,0.2499,1
2016-11-02,131.3,132.11,131.03,131.58,105.474007856958,8666228,0,1
2016-11-03,130.75,131.05,130.44,130.57,104.664395849544,6085408,0,1
2016-11-04,131.27,131.79,131.13,131.74,105.602263224469,7622582,0,1
2016-11-07,130.75,131,130.44,130.62,104.704475651891,5386725,0,1
2016-11-08,131.02,131.21,129.71,130.09,104.27962974701,7576518,0,1
2016-11-09,127.22,127.37,124.22,124.57,99.8548195678766,31233486,0,1
2016-11-10,123.97,124.96,122.72,122.73,98.3798828414987,22961169,0,1
2016-11-11,122.96,123.05,121.65,122.04,97.826781569107,10040165,0,1
2016-11-14,121.28,122.66,120.73,121.31,97.2416164548375,21174373,0,1
2016-11-15,122.22,122.81,121.78,121.91,97.7225740830042,11963704,0,1
2016-11-16,122.3,123.14,122.17,123.01,98.6043297346432,9149498,0,1
2016-11-17,121.95,122.11,120.99,121.2,97.1534408896736,11221604,0,1
2016-11-18,121.63,121.97,120.34,120.85,96.872882273243,13577732,0,1
2016-11-21,121.21,121.48,120.89,121.15,97.1133610873264,6488066,0,1
2016-11-22,121.66,121.76,120.88,121.11,97.0812972454486,9989917,0,1
2016-11-23,119.99,120.91,119.25,120.64,96.7045471033847,13563514,0,1
2016-11-25,121.19,121.29,120.4,120.82,96.8488343918347,3126273,0,1
2016-11-28,121.41,121.73,121.09,121.71,97.5622548736153,8554998,0,1
2016-11-29,121.44,122.4,121.21,122.22,97.971068857557,8363000,0,1
2016-11-30,119.97,121.01,119.48,120.24,96.3839086846069,21163537,0,1
2016-12-01,118.51,118.99,117.64,118.73,95.3680299823932,21715714,0.2427,1
2016-12-02,119.17,120.21,119.14,119.6,96.0668439812535,12487458,0,1
2016-12-05,118.93,120.4,118.45,119.47,95.9624234986652,12100125,0,1
2016-12-06,119.34,119.94,119.12,119.38,95.8901323953348,11526642,0,1
2016-12-07,119.82,120.62,119.82,120.4,96.7094315664124,10392180,0,1
2016-12-08,119.15,119.31,118.78,118.98,95.5688386027553,12041139,0,1
2016-12-09,118.64,118.86,117.28,117.5,94.3800515702114,14646449,0,1
2016-12-12,117.27,117.8,116.88,117.72,94.5567631561301,9496347,0,1
2016-12-13,118.4,118.49,117.44,118.14,94.8941216383385,12189195,0,1
2016-12-14,119.08,119.21,116.8,116.82,93.8338521228264,16618386,0,1
2016-12-15,117.56,118.29,117.03,117.41,94.307760466881,12400456,0,1
2016-12-16,117.61,117.92,116.8,117.14,94.0908871568899,14924640,0,1
2016-12-19,117.98,118.58,117.74,118.4,95.1029626035152,10868274,0,1
2016-12-20,117.63,117.9,117.38,117.81,94.6290542594605,7030613,0,1
2016-12-21,117.92,118.4,117.73,118.33,95.0467361898138,4624709,0,1
2016-12-22,117.53,118,117.5,117.81,94.8769051104631,5177794,0.3086,1
2016-12-23,118.24,118.39,117.95,118.05,95.0701863024376,4461570,0,1
2016-12-27,117.42,117.7,117.23,117.67,94.764157748478,5276560,0,1
2016-12-28,117.86,118.88,117.7,118.53,95.4567486863865,7578597,0,1
2016-12-29,118.8,119.27,118.66,118.95,95.7949907723418,8581375,0,1
2016-12-30,118.78,119.65,118.72,119.13,95.9399516663227,10613914,0,1
2017-01-03,118.41,119.99,118.18,119.64,96.3506741992684,13217317,0,1
2017-01-04,119.76,120.24,119.45,120.1,96.7211298172194,6699562,0,1
2017-01-05,120.45,122.03,120.17,121.98,98.2351658210194,13265820,0,1
2017-01-06,121.13,121.54,120.75,120.86,97.3331869251386,8369334,0,1
2017-01-09,121.88,122,121.46,121.83,98.1143650760354,8839108,0,1
2017-01-10,121.55,121.91,121.28,121.75,98.0499380120439,8417941,0,1
2017-01-11,121.94,122.69,121.41,122.16,98.3801267150002,9402523,0,1
2017-01-12,122.8,123.14,121.83,121.89,98.162685374029,9977612,0,1
2017-01-13,121.33,121.75,120.62,121.31,97.6955891600907,9820003,0,1
2017-01-17,122.81,122.94,121.99,122.58,98.7183688009555,7853301,0,1
2017-01-18,121.77,121.96,120.91,121.01,97.4539876701226,9064689,0,1
2017-01-19,120.49,120.58,119.55,120.18,96.785556881211,11795591,0,1
2017-01-20,119.84,120.31,119.29,119.94,96.5922756892365,16953217,0,1
2017-01-23,120.34,121.87,120.02,121.14,97.5586816491088,13118414,0,1
2017-01-24,120.77,121.13,119.8,120.31,96.8902508601971,8394978,0,1
2017-01-25,119.28,119.6,118.56,118.8,95.6741900273578,11115069,0,1
2017-01-26,118.91,119.26,118.33,119.2,95.9963253473152,7827932,0,1
2017-01-27,119.4,119.83,119.25,119.63,96.3426208162695,7197762,0,1
2017-01-30,119.44,119.88,119.2,119.27,96.0526990283078,6569509,0,1
2017-01-31,119.33,120.4,119.25,120.1,96.7211298172194,13298521,0,1
2017-02-01,119.1,119.53,118.58,119.1,96.124502185788,10975521,0.2592,1
2017-02-02,119.93,120.14,119,119.05,96.0841476508653,6978567,0,1
2017-02-03,119.44,119.87,118.47,119,96.0437931159427,10275574,0,1
2017-02-06,119.76,120.13,119.12,119.72,96.624898418829,8433772,0,1
2017-02-07,119.78,121.01,119.47,120.6,97.3351382334679,8418420,0,1
2017-02-08,121.42,122.27,121.41,122.24,98.6587669789314,15734201,0,1
2017-02-09,121.41,121.59,120.66,120.83,97.5207690941122,16890586,0,1
2017-02-10,120.11,120.95,120.11,120.76,97.4642727452205,7978462,0,1
2017-02-13,120.25,120.41,119.88,120.38,97.1575782798082,11536780,0,1
2017-02-14,120.24,120.3,118.83,119.51,96.4554093721539,13210451,0,1
2017-02-15,118.76,119.22,118.65,118.96,96.0115094880045,8481015,0,1
2017-02-16,119.22,120.21,119.12,119.61,96.5361184419992,10005829,0,1
2017-02-17,120.61,120.7,120.13,120.32,97.109152837901,7886448,0,1
2017-02-21,119.68,120.61,119.6,120.11,96.9396637912258,8703755,0,1
2017-02-22,120.8,120.82,119.59,120.31,97.1010819309165,8101522,0,1
2017-02-23,120.57,120.74,120.33,120.67,97.3916345823597,5330784,0,1
2017-02-24,121.35,122.14,121.26,122.01,98.4731361182871,11335989,0,1
2017-02-27,121.81,121.9,121.23,121.29,97.8920308154007,11039831,0,1
2017-02-28,121.5,122.08,121.32,121.74,98.2552216297047,8410508,0,1
2017-03-01,119.44,119.55,118.95,119.47,96.6118856954979,10717113,0.2339,1
2017-03-02,119.01,119.21,118.62,119.04,96.2641573046963,8201247,0,1
2017-03-03,119.23,119.35,118.55,119.35,96.514845214344,9515219,0,1
2017-03-06,119.12,119.12,118.52,118.78,96.0539029288628,4489229,0,1
2017-03-07,118.48,118.68,118.25,118.42,95.762781485401,7080088,0,1
2017-03-08,117.31,117.95,117.23,117.78,95.2452322525801,11336336,0,1
2017-03-09,117.34,117.48,116.77,116.84,94.4850818168743,10575439,0,1
2017-03-10,117.14,117.32,116.68,117.25,94.8166367941502,9218505,0,1
2017-03-13,116.83,117.09,116.49,116.51,94.218220493701,6993071,0,1
2017-03-14,116.77,117.35,116.71,117.07,94.6710760724193,9869230,0,1
2017-03-15,117.56,118.83,117.43,118.5,95.8274751395036,14600488,0,1
2017-03-16,117.99,118.15,117.63,117.9,95.342272733734,8018165,0,1
2017-03-17,118.11,118.75,118.03,118.64,95.9406890341832,7266766,0,1
2017-03-20,118.55,119.23,118.5,119.15,96.3531110790874,5497756,0,1
2017-03-21,119.05,120.3,119.02,120.14,97.1536950486073,12540662,0,1
2017-03-22,120.72,121.17,120.43,120.62,97.541856973223,11661374,0,1
2017-03-23,120.83,121.02,120.06,120.45,97.404382958255,6746461,0,1
2017-03-24,120.53,121.1,120.4,120.88,97.7521113490565,5819630,0,1
2017-03-27,121.83,121.97,121.19,121.43,98.1968802210121,6878473,0,1
2017-03-28,121.79,121.82,120.49,120.62,97.541856973223,6811244,0,1
2017-03-29,120.94,121.38,120.88,121.34,98.1240998601466,6291020,0,1
2017-03-30,121.07,121.09,120.32,120.36,97.3316025973895,7042448,0,1
2017-03-31,120.28,120.81,120.21,120.71,97.6146373340885,5144760,0,1
2017-04-03,120.45,121.87,120.4,121.67,98.5968147733331,12996495,0.2546,1
2017-04-04,121.37,121.59,120.95,121.01,98.0619754723517,6976660,0,1
2017-04-05,120.56,121.52,120.36,121.38,98.3618096259322,8555235,0,1
2017-04-06,121.24,121.41,120.52,121.2,98.2159443620282,6496995,0,1
2017-04-07,121.84,122.25,120.69,120.71,97.8188666991784,10264226,0,1
2017-04-10,121.14,121.62,121,121.27,98.2726697424353,5314493,0,1
2017-04-11,121.8,122.65,121.72,122.42,99.2045867062664,11297362,0,1
2017-04-12,122.51,123.19,122.29,123.09,99.7475296330202,11532463,0,1
2017-04-13,123.45,123.74,122.91,123.47,100.055467412373,8396661,0,1
2017-04-17,123.46,123.55,122.86,123.09,99.7475296330202,8015015,0,1
2017-04-18,123.86,124.98,123.55,124.7,101.052213382384,11529704,0,1
2017-04-19,124.1,124.17,123.7,124.02,100.501166829858,7343991,0,1
2017-04-20,123.52,123.92,123.14,123.54,100.11219279278,7932918,0,1
2017-04-21,123.82,124.24,123.49,123.54,100.11219279278,9798520,0,1
2017-04-24,122.55,123.16,122.46,122.93,99.6178716206611,8066371,0,1
2017-04-25,122.21,122.46,121.38,121.45,98.4185350063393,8122253,0,1
2017-04-26,121.52,122.14,121.43,122.12,98.9614779330931,5766213,0,1
2017-04-27,121.75,122.35,121.58,122.08,98.9290634300033,4978328,0,1
2017-04-28,121.6,122.44,121.55,122.35,99.1478613258593,8166295,0,1
2017-05-01,121.69,122.14,120.71,121.08,98.3251893410665,8795929,0.2548,1
2017-05-02,120.97,121.78,120.94,121.7,98.8286714800776,6727813,0,1
2017-05-03,122.22,122.39,121.55,121.78,98.8936369173693,8932912,0,1
2017-05-04,121.01,121.22,120.67,121.18,98.4063961376812,9707211,0,1
2017-05-05,121.38,121.47,120.89,121.29,98.4957236139574,5605412,0,1
2017-05-08,121.11,121.14,120.53,120.63,97.9597587563004,8057780,0,1
2017-05-09,120.38,120.63,120.14,120.62,97.9516380766389,5536746,0,1
2017-05-10,120.91,121.06,120.16,120.48,97.8379485613784,6517131,0,1
2017-05-11,120,120.57,119.91,120.48,97.8379485613784,7479834,0,1
2017-05-12,121.01,121.49,120.98,121.39,98.576930410572,7464184,0,1
2017-05-15,121.06,121.21,120.75,121.06,98.3089479817436,5173188,0,1
2017-05-16,121.11,121.89,121.11,121.51,98.6743785665097,6722728,0,1
2017-05-17,122.63,123.54,122.39,123.28,100.11173886659,11236435,0,1
2017-05-18,123.75,123.94,123.19,123.42,100.22542838185,8350484,0,1
2017-05-19,123.36,123.78,123.01,123.71,100.460928092033,11277436,0,1
2017-05-22,123.41,123.56,123.26,123.37,100.184824983543,4063071,0,1
2017-05-23,123.51,123.62,122.48,122.54,99.510808571641,7901311,0,1
2017-05-24,122.8,123.26,122.54,123.23,100.071135468282,7468346,0,1
2017-05-25,123.02,123.28,122.76,123.27,100.103618186928,6464812,0,1
2017-05-26,123.55,123.74,123.25,123.48,100.274152459819,2963919,0,1
2017-05-30,124.03,124.14,123.74,124.09,100.769513919169,4819358,0,1
2017-05-31,124.05,124.65,124.03,124.4,101.021254988674,8000164,0,1
2017-06-01,123.7,124.19,123.66,124.15,101.031800503283,9037271,0.263,1
2017-06-02,125.22,125.77,125.05,125.62,102.228069103684,13245037,0,1
2017-06-05,124.9,125.16,124.78,124.84,101.593314336124,6775466,0,1
2017-06-06,125.69,125.87,125.4,125.52,102.14669028733,12841474,0,1
2017-06-07,125.24,125.52,124.79,124.92,101.658417389207,12852353,0,1
2017-06-08,124.88,124.88,124.3,124.59,101.389867295239,8758621,0,1
2017-06-09,124.08,124.64,123.98,124.4,101.235247544167,5130548,0,1
2017-06-12,124.21,124.99,124.14,124.36,101.202696017626,4335780,0,1
2017-06-13,124.01,124.52,123.99,124.38,101.218971780896,4742571,0,1
2017-06-14,125.92,126.71,125.73,126.3,102.78144505489,20212287,0,1
2017-06-15,126.09,126.33,125.83,126.1,102.618687422182,5863708,0,1
2017-06-16,126.08,126.44,126.01,126.35,102.822134463067,6672543,0,1
2017-06-19,126.32,126.48,126.03,126.17,102.67565259363,5641338,0,1
2017-06-20,126.79,127.4,126.79,127.3,103.595233218428,8405680,0,1
2017-06-21,127.11,127.64,126.91,127.56,103.806818140948,5914825,0,1
2017-06-22,127.71,127.87,127.31,127.84,104.034678826739,6608055,0,1
2017-06-23,127.47,127.9,127.4,127.78,103.985851536927,4329910,0,1
2017-06-26,128.27,128.57,128.16,128.26,104.376469855425,5541628,0,1
2017-06-27,127.43,127.49,126.62,126.89,103.261580071378,8354227,0,1
2017-06-28,126.67,126.71,125.98,126.47,102.919789042691,7357931,0,1
2017-06-29,125.01,125.72,124.9,125.41,102.057173589341,9116011,0,1
2017-06-30,125.19,125.39,124.85,125.12,101.821175021915,10189811,0,1
2017-07-03,125,125.04,124.02,124.46,101.493737588857,11021117,0.2576,1
2017-07-05,124.2,124.65,124.12,124.49,101.518201771146,11394539,0,1
2017-07-06,123.52,123.64,122.93,123.46,100.678264845897,10853050,0,1
2017-07-07,122.84,123.03,122.59,122.72,100.074815016106,9401813,0,1
2017-07-10,122.87,123.1,122.68,122.9,100.221600109839,3859189,0,1
2017-07-11,122.86,123.33,122.71,123.11,100.392849385861,4425579,0,1
2017-07-12,123.89,124.04,123.49,123.96,101.086001217377,7839923,0,1
2017-07-13,123.6,123.65,122.81,123.18,100.449932477868,7449253,0,1
2017-07-14,124.1,124.16,123.12,123.33,100.572253389312,6566826,0,1
2017-07-17,123.33,123.99,123.27,123.67,100.849514121918,4737647,0,1
2017-07-18,124.43,124.77,124.23,124.75,101.730224684316,9163037,0,1
2017-07-19,124.78,125.01,124.59,124.8,101.770998321464,5140862,0,1
2017-07-20,125.49,125.73,124.97,125.16,102.064568508929,12239091,0,1
2017-07-21,125.73,126.03,125.57,125.69,102.496769062698,6201481,0,1
2017-07-24,125.45,125.66,125.16,125.2,102.097187418648,5378534,0,1
2017-07-25,124.14,124.19,123.47,123.57,100.767966847622,9743266,0,1
2017-07-26,123.27,124.09,123.08,123.77,100.931061396214,8459547,0,1
2017-07-27,123.11,123.38,122.82,123.16,100.433623023009,6390798,0,1
2017-07-28,123.27,123.99,123.26,123.89,101.02891812537,5491761,0,1
2017-07-31,123.46,124.05,123.4,124.04,101.151239036814,5464596,0,1
2017-08-01,123.18,124.71,123.16,124.64,101.85960351235,9676842,0.2687,1
2017-08-02,124.77,125.17,124.68,124.71,101.916809643976,5745622,0,1
2017-08-03,125.29,126.02,125.26,126,102.971036926798,10324510,0,1
2017-08-04,125.15,125.18,124.44,124.93,102.096600343372,8485492,0,1
2017-08-07,124.84,125.1,124.61,125.07,102.211012606624,4684576,0,1
2017-08-08,124.87,124.98,124.15,124.62,101.843258903314,6197386,0,1
2017-08-09,125.93,125.95,125.2,125.3,102.398975610538,9221830,0,1
2017-08-10,125.62,126.44,125.52,126.37,103.273412193964,10378215,0,1
2017-08-11,125.77,126.46,125.55,126.43,103.322446021072,5717807,0,1
2017-08-14,125.99,126.28,125.73,125.78,102.791246227402,5111040,0,1
2017-08-15,124.73,125.54,124.71,125.25,102.358114087948,7473231,0,1
2017-08-16,124.83,126.02,124.81,125.71,102.734040095776,5283779,0,1
2017-08-17,125.7,126.68,125.51,126.65,103.502236720468,9364681,0,1
2017-08-18,126.98,127.15,126.26,126.62,103.477719806914,8382502,0,1
2017-08-21,126.77,127.02,126.5,126.93,103.731061246972,7669826,0,1
2017-08-22,126.79,126.81,126.27,126.44,103.33061832559,6140708,0,1
2017-08-23,127.04,127.31,126.76,127.3,104.033436514138,7446363,0,1
2017-08-24,126.88,127.31,126.72,126.83,103.649338201792,5569401,0,1
2017-08-25,127.02,127.45,126.87,127.32,104.049781123174,7303300,0,1
2017-08-28,126.92,127.39,126.73,127.24,103.98440268703,4448548,0,1
2017-08-29,128.46,128.52,127.31,127.65,104.319467172268,7659555,0,1
2017-08-30,127.46,127.74,127.34,127.61,104.286777954196,4735194,0,1
2017-08-31,127.64,128.03,127.57,127.99,104.59732552588,7978406,0,1
2017-09-01,127.31,127.34,126.43,126.75,103.798597171509,14128576,0.2626,1
2017-09-05,127.69,128.8,127.69,128.76,105.444634097069,15220687,0,1
2017-09-06,128.72,129,127.74,127.97,104.797684260655,9066915,0,1
2017-09-07,128.33,129.57,128.33,129.28,105.870474495721,13618862,0,1
2017-09-08,129.11,129.16,128.57,129,105.641175819524,9808531,0,1
2017-09-11,127.87,128.05,127.26,127.46,104.380033100438,17856690,0,1
2017-09-12,127.05,127.09,126.53,126.79,103.831354125251,7557437,0,1
2017-09-13,126.91,126.92,126.28,126.29,103.42189220347,6740040,0,1
2017-09-14,126.37,126.83,126.33,126.81,103.847732602123,6674530,0,1
2017-09-15,127,127.01,126.54,126.86,103.888678794301,9769178,0,1
2017-09-18,126.5,126.57,125.84,126.13,103.2908643885,6862991,0,1
2017-09-19,126.28,126.31,125.73,125.82,103.036997996996,5554948,0,1
2017-09-20,125.97,126.05,125.33,125.91,103.110701142917,8036991,0,1
2017-09-21,126.16,126.56,125.82,125.84,103.053376473867,6147895,0,1
2017-09-22,126.5,126.73,126.06,126.2,103.34818905755,5660664,0,1
2017-09-25,126.32,127.27,126.2,126.99,103.995138893964,9679004,0,1
2017-09-26,126.77,126.89,126.43,126.76,103.806786409944,7251877,0,1
2017-09-27,124.87,125.3,124.61,124.85,102.242641868741,12145700,0,1
2017-09-28,124.21,124.65,123.97,124.48,101.939640046623,8883733,0,1
2017-09-29,124.76,125.03,124.27,124.76,102.16893872282,11285465,0,1
2017-10-02,124.81,125,124.24,124.28,101.982541828939,7860723,0.2524,1
2017-10-03,123.92,124.51,123.92,124.4,102.081012258771,6219818,0,1
2017-10-04,124.53,124.59,123.88,124.41,102.089218127923,7446965,0,1
2017-10-05,124.27,124.3,123.69,123.94,101.70354227775,8180271,0,1
2017-10-06,123.29,124.1,123.03,123.59,101.416336857407,10375026,0,1
2017-10-09,123.78,124.06,123.64,123.98,101.73636575436,3590926,0,1
2017-10-10,124.14,124.87,124.02,124.18,101.900483137413,6666768,0,1
2017-10-11,124.57,124.66,124.26,124.42,102.097423997076,4385859,0,1
2017-10-12,124.55,124.98,124.24,124.95,102.532335062166,7141586,0,1
2017-10-13,125.58,125.94,125.17,125.85,103.270863285903,7747000,0,1
2017-10-16,125.53,125.9,125.38,125.76,103.197010463529,5737322,0,1
2017-10-17,125.39,126.09,125.39,125.92,103.328304369971,4969626,0,1
2017-10-18,125.05,125.18,124.68,125.09,102.647217230302,5943823,0,1
2017-10-19,125.74,126.01,125.27,125.31,102.82774635166,8966467,0,1
2017-10-20,124,124.28,123.64,123.98,101.73636575436,12326907,0,1
2017-10-23,124.16,124.49,124.02,124.2,101.916894875718,6871125,0,1
2017-10-24,123.37,123.69,123.15,123.43,101.285042950965,6842843,0,1
2017-10-25,122.53,122.98,122.42,122.84,100.80089667096,9961406,0,1
2017-10-26,123.06,123.06,122.43,122.43,100.464456035702,8179440,0,1
2017-10-27,122.94,123.33,122.75,123.24,101.129131437065,10480857,0,1
2017-10-30,123.86,124.46,123.56,124.42,102.097423997076,9051612,0,1
2017-10-31,124.53,124.66,124.4,124.46,102.130247473687,4424322,0,1
2017-11-01,124.35,125.14,124.3,124.75,102.584091940672,8940443,0.2631,1
2017-11-02,125,125.52,124.92,125.3,103.036366494318,7222693,0,1
2017-11-03,125.47,125.7,125.14,125.64,103.315954400209,10984056,0,1
2017-11-06,125.93,126.22,125.72,126.11,103.702443564234,6246719,0,1
2017-11-07,126.23,126.78,126.13,126.64,104.138271770475,6422666,0,1
2017-11-08,126.59,126.8,126.21,126.36,103.9080229068,3356399,0,1
2017-11-09,125.87,126.24,125.55,126,103.611988653504,6280364,0,1
2017-11-10,124.71,124.84,123.96,124.1,102.049585649999,11980950,0,1
2017-11-13,124.8,124.81,124.31,124.36,102.263388166268,5880784,0,1
2017-11-14,124.77,125.24,124.77,125.2,102.954134757292,6195891,0,1
2017-11-15,126.06,126.67,125.64,126.56,104.072486380853,9568163,0,1
2017-11-16,126.01,126.33,125.45,125.46,103.167937273561,5894944,0,1
2017-11-17,126.07,126.44,125.96,126.39,103.932692427908,6938792,0,1
2017-11-20,125.91,126.38,125.91,126.34,103.891576559395,4232349,0,1
2017-11-21,127.09,127.29,126.31,126.74,104.220503507501,5818422,0,1
2017-11-22,126.62,127.2,126.51,127.15,104.55765362931,4140708,0,1
2017-11-24,126.93,127.03,126.69,126.8,104.269842549717,3141388,0,1
2017-11-27,126.86,127.05,126.42,126.62,104.121825423069,6079853,0,1
2017-11-28,126.77,127.18,126.47,126.79,104.261619376014,5983021,0,1
2017-11-29,125.56,125.68,125.1,125.54,103.233722663182,14547146,0,1
2017-11-30,125.31,125.52,124.44,125.12,102.88834936767,9630008,0,1
2017-12-01,125.87,127.69,125.1,126.55,104.273710730627,24583127,0.2547,1
2017-12-04,125.92,126.67,125.81,126.61,104.323149076291,9609316,0,1
2017-12-05,126.47,127.5,126.45,127.24,104.842251705768,10958930,0,1
2017-12-06,127.87,128.23,127.66,127.68,105.204799573974,11834449,0,1
2017-12-07,127.93,128.1,126.3,126.68,104.380827146233,13056807,0,1
2017-12-08,126.59,126.74,126.24,126.69,104.389066870511,4786306,0,1
2017-12-11,126.86,127.09,126.41,126.43,104.174834039298,3863802,0,1
2017-12-12,126.17,126.41,125.67,126.38,104.133635417911,7502439,0,1
2017-12-13,126.81,127.39,126.59,127.33,104.916409224265,8532859,0,1
2017-12-14,127.05,127.98,126.79,127.87,105.361354335245,6884986,0,1
2017-12-15,127.81,128.59,127.56,128.35,105.756861100561,7239398,0,1
2017-12-18,127.97,128,126.91,127.18,104.792813360104,7239706,0,1
2017-12-19,126.32,126.38,125.07,125.53,103.433258854331,11045782,0,1
2017-12-20,124.31,124.71,123.95,124.14,102.287937179771,10005783,0,1
2017-12-21,124.03,124.86,124,124.6,102.882481900759,7026878,0.2616,1
2017-12-22,124.7,124.84,124.53,124.77,103.022851258088,3974571,0,1
2017-12-26,124.98,125.53,124.97,125.14,103.328361035803,3168442,0,1
2017-12-27,125.71,126.98,125.7,126.77,104.674255461952,9059659,0,1
2017-12-28,126.53,126.83,126.37,126.66,104.58342823074,5297264,0,1
2017-12-29,126.5,127.12,126.48,126.86,104.748568651126,7580515,0,1
2018-01-02,126.49,126.51,125.07,125.49,103.617356771479,16238206,0,1
2018-01-03,126,126.2,125.49,126.09,104.112778032638,8605121,0,1
2018-01-04,125.65,126.16,125.37,126.07,104.0962639906,9217876,0,1
2018-01-05,125.87,126.18,125.36,125.71,103.799011233904,10915437,0,1
2018-01-08,125.99,126.03,125.17,125.63,103.73295506575,8850576,0,1
2018-01-09,124.81,124.83,123.81,123.95,102.345775534503,16226402,0,1
2018-01-10,122.81,123.93,122.66,123.8,102.221920219214,14302604,0,1
2018-01-11,123.51,124.59,123.31,124.31,102.643028291199,12511001,0,1
2018-01-12,124.1,124.79,123.91,124.52,102.816425732605,9987129,0,1
2018-01-16,125.17,125.28,124.56,125.04,103.24579082561,9125890,0,1
2018-01-17,125.08,125.64,124.6,124.87,103.105421468281,8326973,0,1
2018-01-18,123.93,124.27,123.54,123.71,102.14760703004,10843892,0,1
2018-01-19,123.4,123.56,122.98,123.06,101.610900663784,11374309,0,1
2018-01-22,123.45,123.71,122.99,123.18,101.709984916016,8985125,0,1
2018-01-23,123.81,124.2,123.24,123.71,102.14760703004,12325687,0,1
2018-01-24,122.85,123.13,122.54,123.04,101.594386621745,9038909,0,1
2018-01-25,123.16,124.15,122.8,124.05,102.428345744697,12173297,0,1
2018-01-26,123.88,123.91,123.1,123.59,102.048522777808,6462945,0,1
2018-01-29,122.97,122.97,122.3,122.73,101.338418970146,12223038,0,1
2018-01-30,122.28,122.37,121.7,122.01,100.743913456755,12064454,0,1
2018-01-31,122.87,122.93,121.94,122.73,101.338418970146,18045079,0,1
2018-02-01,122.48,122.53,120.63,120.7,99.8724269989725,18632780,0.2546,1
2018-02-02,120.15,120.26,119.24,119.58,98.9456903109953,23944423,0,1
2018-02-05,119.17,121.82,118.64,120.71,99.8807014336866,28606241,0,1
2018-02-06,120.42,120.87,119.72,119.96,99.2601188301304,10935439,0,1
2018-02-07,120.13,120.33,118.56,118.82,98.316833272725,16271063,0,1
2018-02-08,118.01,119.18,117.85,118.69,98.209265621442,15155094,0,1
2018-02-09,118.11,119.09,117.79,117.94,97.5886830178858,15661576,0,1
2018-02-12,118.56,119.3,118.19,118.46,98.0189536230181,10944598,0,1
2018-02-13,118.61,119.01,118.39,118.99,98.4574986628645,8157569,0,1
2018-02-14,118.46,118.54,117.47,117.67,97.3652732806056,12043313,0,1
2018-02-15,118.19,118.8,117.99,118.07,97.6962506691689,8222416,0,1
2018-02-16,119.04,119.21,118.34,118.71,98.2258144908701,8454089,0,1
2018-02-20,118.28,118.51,117.78,118.19,97.7955438857379,8268822,0,1
2018-02-21,118.24,118.29,116.51,116.74,96.5957508521959,12054315,0,1
2018-02-22,117.24,117.66,117,117.09,96.8853560671888,9317852,0,1
2018-02-23,117.88,118.31,117.72,118.13,97.7458972774534,9072850,0,1
2018-02-26,118.68,118.91,118.04,118.17,97.7789950163097,8771646,0,1
2018-02-27,118.52,118.66,117.26,118,97.6383296261703,12525659,0,1
2018-02-28,118.47,118.83,118.25,118.75,98.2589122297265,9311606,0,1
2018-03-01,118.43,119.62,118.15,119.32,98.9282991041132,12287700,0.239,1
2018-03-02,118.85,118.93,118.12,118.35,98.1240713960091,10064302,0,1
2018-03-05,118.75,118.8,117.63,118.03,97.8587591624077,5658174,0,1
2018-03-06,118.36,118.68,118.12,118.14,97.9499602427082,5452045,0,1
2018-03-07,118.57,118.68,117.96,118.01,97.8421771478076,4461757,0,1
2018-03-08,118.31,118.99,118.26,118.69,98.4059656442105,7086716,0,1
2018-03-09,117.99,118.27,117.59,117.91,97.7592670748072,6570366,0,1
2018-03-12,118.31,118.66,118.19,118.59,98.3230555712101,5801739,0,1
2018-03-13,118.31,119.37,118.19,119.19,98.8205160092127,7455302,0,1
2018-03-14,119.4,120.4,119.37,120.24,99.6910717757172,10175049,0,1
2018-03-15,120.17,120.49,119.93,120.24,99.6910717757172,6757935,0,1
2018-03-16,119.8,120.01,119.55,119.81,99.3345584618153,6084329,0,1
2018-03-19,119.21,119.97,119.2,119.43,99.0195001844137,8491173,0,1
2018-03-20,118.91,119.22,118.83,118.95,98.6215318340116,5445971,0,1
2018-03-21,118.66,119.42,118.11,119.08,98.7293149289122,9742409,0,1
2018-03-22,120.31,120.82,119.67,120.26,99.7076537903173,12136574,0,1
2018-03-23,119.68,120.31,119.62,120.17,99.6330347246169,7250408,0,1
2018-03-26,120,120.45,119.67,119.71,99.2516483888149,8237947,0,1
2018-03-27,119.83,121.12,119.81,120.99,100.31289732322,9168508,0,1
2018-03-28,121.45,121.64,120.95,121.31,100.578209556822,7412538,0,1
2018-03-29,121.54,122.29,121.51,121.9,101.067378987524,9694323,0,1
2018-04-02,121.35,122.36,121.16,121.88,101.266722992442,12036489,0.2604,1
2018-04-03,121.36,121.48,120.83,120.94,100.485702975927,9855032,0,1
2018-04-04,121.35,121.46,120.6,120.69,100.277984886428,6654312,0,1
2018-04-05,120.1,120.27,119.77,119.79,99.5301997642324,7603733,0,1
2018-04-06,120.66,121.15,120.22,121.1,100.618642553206,8831225,0,1
2018-04-09,120.64,121.3,120.35,121.3,100.784817024805,6307525,0,1
2018-04-10,121.2,121.38,120.78,121.08,100.602025106046,6048601,0,1
2018-04-11,121.85,121.89,121.27,121.51,100.959300219984,5901296,0,1
2018-04-12,121.04,121.07,120.41,120.62,100.219823821368,6622829,0,1
2018-04-13,120.52,121.13,120.5,120.9,100.452468081607,4963954,0,1
2018-04-16,120.23,120.97,120.18,120.94,100.485702975927,4491254,0,1
2018-04-17,120.92,121.58,120.82,121.27,100.759890854065,5590360,0,1
2018-04-18,121.29,121.34,120.28,120.3,99.9539446668099,8138401,0,1
2018-04-19,119.42,119.53,118.81,119.32,99.1396897559747,9875870,0,1
2018-04-20,118.89,119.13,118.43,118.46,98.425139528099,7579370,0,1
2018-04-23,118.33,118.62,118.08,118.49,98.4500656988388,7073216,0,1
2018-04-24,118.21,118.45,117.76,117.95,98.0013946255215,8190786,0,1
2018-04-25,117.41,117.65,116.94,117.16,97.3450054627053,6603780,0,1
2018-04-26,117.73,118.13,117.59,117.98,98.0263207962613,6528572,0,1
2018-04-27,118.47,118.95,118.44,118.89,98.7824146420369,5402102,0,1
2018-04-30,119.08,119.56,118.94,119.1,98.9568978372158,8321071,0,1
2018-05-01,118.77,118.84,118.23,118.41,98.6013534303996,7979321,0.2621,1
2018-05-02,118.64,118.87,118.26,118.28,98.4931009521803,4644051,0,1
2018-05-03,118.84,119.31,118.68,118.81,98.9344379787668,6345335,0,1
2018-05-04,119.23,119.23,118.49,118.99,99.0843260255321,4283487,0,1
2018-05-07,118.97,119.02,118.74,118.8,98.9261108650577,3647906,0,1
2018-05-08,118.55,119,118.3,118.69,98.8345126142567,6091243,0,1
2018-05-09,118.12,118.42,117.98,117.98,98.2432875409049,7832538,0,1
2018-05-10,118.55,118.98,118.35,118.93,99.034363343277,7101525,0,1
2018-05-11,119.32,119.36,118.82,119.23,99.2841767545524,4273364,0,1
2018-05-14,118.8,118.99,118.59,118.6,98.7595685908741,4996183,0,1
2018-05-15,117.56,117.58,116.7,117.25,97.6354082401348,12901003,0,1
2018-05-16,117.42,117.53,116.79,116.8,97.2606881232217,6518040,0,1
2018-05-17,116.63,116.82,116.09,116.21,96.76938841438,7330707,0,1
2018-05-18,116.51,117.29,116.51,117.21,97.6020997852981,9606468,0,1
2018-05-21,117.13,117.38,116.95,117.27,97.6520624675531,4448525,0,1
2018-05-22,117.29,117.35,116.85,117.09,97.5021744207879,4700736,0,1
2018-05-23,117.75,118.11,117.66,117.94,98.2099790860682,9633993,0,1
2018-05-24,118.69,119.06,118.64,118.88,98.9927277747311,8204131,0,1
2018-05-25,119.56,119.84,119.47,119.62,99.6089341892104,8482823,0,1
2018-05-29,120.79,122.52,120.43,122.24,101.790637981016,21668143,0,1
2018-05-30,121,121.48,120.74,121.42,101.107814656863,11616340,0,1
2018-05-31,121.56,121.98,120.95,121.22,100.941272382679,10769941,0,1
2018-06-01,120.17,120.71,119.85,120.3,100.409169816663,8718753,0.281,1
2018-06-04,120.11,120.14,119.37,119.43,99.6830187132503,7156542,0,1
2018-06-05,119.96,120.16,119.62,119.71,99.9167225166474,5635865,0,1
2018-06-06,119.08,119.1,118.42,118.74,99.1071057691647,7813347,0,1
2018-06-07,118.69,120.49,118.68,119.89,100.066960675974,13238306,0,1
2018-06-08,119.56,119.85,119.44,119.53,99.7664843573207,6790574,0,1
2018-06-11,119.07,119.39,118.94,119.31,99.5828599403659,6844224,0,1
2018-06-12,118.93,119.46,118.89,119.34,99.607899633587,6048154,0,1
2018-06-13,119.45,119.64,118.63,119.28,99.5578202471448,8834656,0,1
2018-06-14,119.78,120.3,119.48,120.27,100.384130123441,10078771,0,1
2018-06-15,120.83,121.09,120.3,120.38,100.475942331919,7992758,0,1
2018-06-18,120.48,120.56,120.04,120.27,100.384130123441,4893710,0,1
2018-06-19,120.97,121.23,120.7,120.97,100.968389631934,6133301,0,1
2018-06-20,120.77,120.79,119.9,119.91,100.083653804788,6879114,0,1
2018-06-21,120.36,120.75,120.22,120.54,100.609487362432,7235850,0,1
2018-06-22,120.09,120.62,120.06,120.53,100.601140798024,4082473,0,1
2018-06-25,120.66,121.11,120.64,120.8,100.826498037014,8363674,0,1
2018-06-26,120.77,121.03,120.66,120.97,100.968389631934,5450031,0,1
2018-06-27,121.75,122.18,121.55,122.11,101.919897974336,8173837,0,1
2018-06-28,122.13,122.25,121.83,122.14,101.944937667558,7109543,0,1
2018-06-29,122.17,122.5,121.65,121.72,101.594381962462,11164777,0,1
2018-07-02,121.74,121.75,121.29,121.35,101.515039521209,9661972,0.2749,1
2018-07-03,121.53,122.03,121.53,122,102.058795398331,3808806,0,1
2018-07-05,122.06,122.53,122.01,122.35,102.351587024474,3860359,0,1
2018-07-06,122.75,122.92,122.48,122.75,102.68620602578,4679906,0,1
2018-07-09,122.07,122.21,121.9,121.96,102.0253334982,5952743,0,1
2018-07-10,121.87,122.13,121.81,121.95,102.016968023168,5759682,0,1
2018-07-11,122.45,122.55,122.09,122.42,102.410145349702,6869150,0,1
2018-07-12,122.17,122.47,122.14,122.41,102.40177987467,4824734,0,1
2018-07-13,122.61,122.87,122.47,122.72,102.661109600682,4078970,0,1
2018-07-16,122.21,122.29,121.64,122.21,102.234470374017,5517099,0,1
2018-07-17,122.29,122.39,121.9,121.98,102.042064448266,3764341,0,1
2018-07-18,122.02,122.04,121.39,121.49,101.632156171666,6329961,0,1
2018-07-19,121.8,122.45,121.77,122.26,102.27629774918,6166739,0,1
2018-07-20,121.58,121.59,120.7,120.76,101.021476494282,10469693,0,1
2018-07-23,120.38,120.38,119.18,119.27,99.7750207144174,11571846,0,1
2018-07-24,119.28,119.82,119.14,119.68,100.118005190756,9053492,0,1
2018-07-25,120.02,120.26,119.26,119.49,99.9590611651357,7357068,0,1
2018-07-26,119.71,119.88,119.16,119.26,99.7666552393848,6821057,0,1
2018-07-27,119.85,119.87,119.4,119.46,99.9339647400378,4542059,0,1
2018-07-30,118.99,119.41,118.97,119.05,99.5909802636991,7111165,0,1
2018-07-31,119.79,119.86,119.56,119.7,100.134736140821,6797432,0,1
2018-08-01,118.29,118.84,118.07,118.46,99.3206181492139,13312687,0.2668,1
2018-08-02,118.62,118.74,118.3,118.63,99.4631515367318,4451078,0,1
2018-08-03,118.83,119.29,118.81,119.22,99.9578262345879,6162443,0,1
2018-08-06,119.54,119.84,119.27,119.29,100.016516452978,4200296,0,1
2018-08-07,119.03,119.1,118.57,118.67,99.4966888043831,5346872,0,1
2018-08-08,118.66,119.03,118.61,118.79,99.5973006073369,5641629,0,1
2018-08-09,119.23,119.83,119.12,119.79,100.435732298618,7144257,0,1
2018-08-10,120.37,121.05,120.28,120.66,101.165167870033,8457940,0,1
2018-08-13,120.25,120.7,120.21,120.41,100.955559947213,7923199,0,1
2018-08-14,120.54,120.56,120.03,120.14,100.729183390567,4251313,0,1
2018-08-15,120.66,121.13,120.57,120.84,101.316085574464,7649988,0,1
2018-08-16,120.81,120.93,120.28,120.83,101.307701257551,5400385,0,1
2018-08-17,121.09,121.39,120.75,120.98,101.433466011243,3537626,0,1
2018-08-20,121.64,121.91,121.54,121.79,102.112595681182,5604121,0,1
2018-08-21,121.37,121.53,121.07,121.38,101.768838687756,4695004,0,1
2018-08-22,122,122.05,121.58,121.86,102.171285899571,5309599,0,1
2018-08-23,122,122.13,121.78,122.05,102.330587920915,5329024,0,1
2018-08-24,121.62,122.33,121.49,122.29,102.531811526822,6092150,0,1
2018-08-27,121.78,121.87,121.52,121.59,101.944909342925,6407403,0,1
2018-08-28,121,121.09,120.68,120.86,101.33285420829,4929337,0,1
2018-08-29,120.94,121.15,120.62,121.02,101.467003278895,5613329,0,1
2018-08-30,121.31,121.46,121.08,121.28,101.684995518628,5302865,0,1
2018-08-31,121.89,121.92,120.89,121,101.450234645069,9677540,0,1
2018-09-04,119.96,120.1,119.75,120.03,100.865289360739,18343553,0.2723,1
2018-09-05,119.76,119.9,119.55,119.71,100.596382482497,9422630,0,1
2018-09-06,119.76,120.4,119.69,120.15,100.96612944008,9566047,0,1
2018-09-07,119.33,119.4,118.99,119.13,100.108988765683,11212607,0,1
2018-09-10,119.17,119.6,119.17,119.57,100.478735723266,6386352,0,1
2018-09-11,119.08,119.17,118.6,118.66,99.7140317882641,5440021,0,1
2018-09-12,119.05,119.17,118.9,118.94,99.9493253067263,3347210,0,1
2018-09-13,119.34,119.57,118.98,119.12,100.100585425738,4833033,0,1
2018-09-14,118.41,118.91,118.3,118.55,99.6215950488683,5579455,0,1
2018-09-17,118.18,118.82,118.12,118.55,99.6215950488683,5432961,0,1
2018-09-18,118.06,118.07,117.16,117.31,98.579580895679,10182303,0,1
2018-09-19,117.11,117.11,116.19,116.61,97.9913470995237,13379645,0,1
2018-09-20,116.58,117.3,116.47,117.15,98.4451274565578,8657325,0,1
2018-09-21,116.87,117.28,116.84,117.1,98.4031107568324,6173846,0,1
2018-09-24,116.74,117.27,116.72,116.8,98.1510105584801,5505769,0,1
2018-09-25,116.48,116.74,116.4,116.68,98.0501704791392,6650853,0,1
2018-09-26,116.93,117.58,116.66,117.5,98.7392443546354,9512864,0,1
2018-09-27,117.24,117.65,117.1,117.58,98.806471074196,5758577,0,1
2018-09-28,117.85,117.91,117.22,117.27,98.5459675358987,12807703,0,1
2018-10-01,116.66,116.83,116.12,116.15,97.8240097105294,22442374,0.2609,1
2018-10-02,116.67,117.13,116.6,116.86,98.4219868684672,8266949,0,1
2018-10-03,116.27,116.36,114.24,114.83,96.7122775295746,20829180,0,1
2018-10-04,114.13,114.39,113.71,114.02,96.030078236716,16207617,0,1
2018-10-05,113.39,113.72,112.62,113.04,95.204701314492,18096505,0,1
2018-10-08,112.99,113.11,112.64,112.66,94.8846572017929,5855890,0,1
2018-10-09,113.14,113.85,113.07,113.8,95.8447895398902,11530860,0,1
2018-10-10,113.14,113.58,112.79,113.49,95.5837009216357,15290066,0,1
2018-10-11,114,115.15,113.79,114.87,96.745966383543,16087021,0,1
2018-10-12,114.39,115.01,114.28,114.47,96.4090778438597,6794138,0,1
2018-10-15,114.66,114.82,114.29,114.42,96.3669667763993,7146281,0,1
2018-10-16,114.39,114.72,114.16,114.68,96.5859443271934,4762322,0,1
2018-10-17,114.66,114.79,113.98,114,96.0132338097318,5880696,0,1
2018-10-18,113.62,114.39,113.55,113.96,95.9795449557635,5728828,0,1
2018-10-19,113.85,113.95,113.41,113.71,95.7689896184615,10892437,0,1
2018-10-22,113.95,114.08,113.53,113.56,95.6426564160803,3244179,0,1
2018-10-23,114.76,115.02,113.84,113.92,95.9458561017952,10330735,0,1
2018-10-24,114.36,114.82,114.24,114.78,96.6701664621142,16008012,0,1
2018-10-25,114.54,114.74,114.23,114.3,96.2659002144943,12613470,0,1
2018-10-26,114.93,115.32,114.79,114.99,96.8470329454479,18582470,0,1
2018-10-29,114.84,115.02,114.26,114.73,96.6280553946538,7679887,0,1
2018-10-30,114.26,114.54,114.02,114.16,96.1479892256052,9939616,0,1
2018-10-31,113.74,113.96,113.21,113.58,95.6595008430644,8706583,0,1
2018-11-01,112.85,113.56,112.84,113.41,95.7476788916625,6100276,0.2747,1
2018-11-02,113.17,113.26,111.9,112,94.5572703982559,11315059,0,1
2018-11-05,112.48,112.71,112.35,112.44,94.9287453891062,4760223,0,1
2018-11-06,112.6,112.73,112.33,112.37,94.8696470951073,3159875,0,1
2018-11-07,113.19,113.4,112.41,112.52,94.9962862965335,9313311,0,1
2018-11-08,112.96,112.97,112.41,112.51,94.9878436831051,6905193,0,1
2018-11-09,112.75,113.5,112.72,113.35,95.697023211092,6465323,0,1
2018-11-12,113.95,114.31,113.91,114.09,96.3217766047947,6840265,0,1
2018-11-13,113.71,114.02,113.48,114.02,96.2626783107958,6525830,0,1
2018-11-14,113.48,114.52,113.3,114.09,96.3217766047947,8690822,0,1
2018-11-15,114.44,114.54,113.68,114.04,96.2795635376527,7879799,0,1
2018-11-16,114.2,114.81,113.92,114.7,96.8367760239281,9236764,0,1
2018-11-19,114.41,115.02,114.41,115.02,97.1069396536374,7027204,0,1
2018-11-20,115.24,115.46,114.93,115.06,97.1407101073511,6332804,0,1
2018-11-21,114.89,115.09,114.54,115.02,97.1069396536374,4951058,0,1
2018-11-23,115.67,115.76,115.09,115.14,97.2082510147784,3027861,0,1
2018-11-26,114.86,115.06,114.78,114.88,96.9887430656396,6599041,0,1
2018-11-27,114.81,115.25,114.76,115.01,97.098497040209,5967245,0,1
2018-11-28,114.85,115.02,114.36,114.45,96.6257106882177,7814288,0,1
2018-11-29,114.92,115.25,114.59,114.9,97.0056282924964,7295627,0,1
2018-11-30,115.31,115.42,114.98,115.33,97.3686606699183,9126693,0,1
2018-12-03,114.68,115.88,114.66,115.88,98.058284572421,9763851,0.2668,1
2018-12-04,116.81,118.67,116.63,117.82,99.6999230956389,18100549,0,1
2018-12-06,118.54,119.2,118.13,118.19,100.013019102644,15319440,0,1
2018-12-07,117.81,118.53,117.52,118.41,100.199184295999,8608467,0,1
2018-12-10,118.87,119.28,118.44,118.9,100.613824953925,8777672,0,1
2018-12-11,118.97,119.38,118.61,118.88,100.596900845438,8071952,0,1
2018-12-12,118.58,118.72,118.24,118.35,100.148411970539,6182206,0,1
2018-12-13,118.46,118.58,117.98,118.07,99.9114744517237,5564328,0,1
2018-12-14,118.55,118.77,118.22,118.48,100.258418675703,8169221,0,1
2018-12-17,118.59,119.3,118.58,119.17,100.842300418497,9726781,0,1
2018-12-18,119.07,119.79,118.94,119.6,101.44470729044,10019103,0.2819,1
2018-12-19,120.11,121.66,119.92,121.18,102.784863122538,23046272,0,1
2018-12-20,122.01,122.03,120.67,120.74,102.411655169296,18543731,0,1
2018-12-21,121.14,121.21,120.39,120.72,102.394691171421,9945103,0,1
2018-12-24,121.13,121.42,120.91,121.32,102.903611107661,8377482,0,1
2018-12-26,120.99,121.39,119.97,120.02,101.800951245808,11700412,0,1
2018-12-27,121.26,121.38,119.98,120.04,101.817915243683,12146772,0,1
2018-12-28,120.4,121.05,120.29,121.05,102.674597136353,9879116,0,1
2018-12-31,120.65,121.56,120.46,121.51,103.06476908747,17408971,0,1
2019-01-02,121.66,122.16,121.34,122.15,103.607617019459,19841527,0,1
2019-01-03,122.29,123.86,122.23,123.54,104.786614871748,21187045,0,1
2019-01-04,122.34,122.56,121.65,122.11,103.57368902371,12970226,0,1
2019-01-07,122.62,122.65,121.62,121.75,103.268337061966,8498104,0,1
2019-01-08,121.69,121.94,121.39,121.43,102.996913095971,7737103,0,1
2019-01-09,121.26,121.43,120.8,121.24,102.835755116162,9349245,0,1
2019-01-10,121.28,121.41,120.34,120.46,102.174159199051,8222860,0,1
2019-01-11,120.83,121.27,120.68,120.93,102.572813149105,5786934,0,1
2019-01-14,120.9,121.01,120.24,120.48,102.191123196925,6730681,0,1
2019-01-15,120.56,120.57,119.95,120.04,101.817915243683,8997352,0,1
2019-01-16,119.59,120.39,119.51,120.16,101.919699230931,6048446,0,1
2019-01-17,120.22,120.53,119.89,120.19,101.945145227743,8153350,0,1
2019-01-18,119.84,120.12,119.39,119.56,101.410779294691,14106447,0,1
2019-01-22,120.31,120.72,120.07,120.37,102.097821208615,8881133,0,1
2019-01-23,119.88,120.62,119.83,120.32,102.055411213928,5776907,0,1
2019-01-24,120.91,121.26,120.71,121.11,102.725489129977,7121480,0,1
2019-01-25,120.59,120.75,120.32,120.53,102.233533191612,6460820,0,1
2019-01-28,120.54,120.94,120.41,120.41,102.131749204364,6435820,0,1
2019-01-29,120.53,121.04,120.39,121.02,102.649151139541,5750177,0,1
2019-01-30,120.84,120.98,120.33,120.93,102.572813149105,10571325,0,1
2019-01-31,121.55,122.18,121.5,121.97,103.454941038587,11843413,0,1
2019-02-01,121.48,121.57,120.84,120.96,102.83138094931,12024576,0.2748,1
2019-02-04,120.44,120.55,120.02,120.42,102.372312284358,8966375,0,1
2019-02-05,120.73,121.23,120.66,120.97,102.839882220883,6983255,0,1
2019-02-06,121.36,121.41,120.73,121.03,102.890889850323,5184018,0,1
2019-02-07,121.46,121.91,121.23,121.83,103.570991576178,8781040,0,1
2019-02-08,122.26,122.47,122.07,122.35,104.013057697984,5885427,0,1
2019-02-11,121.86,122.18,121.75,121.87,103.604996662471,4353004,0,1
2019-02-12,121.66,121.75,121.2,121.56,103.341457243702,7939591,0,1
2019-02-13,121.15,121.39,120.91,121.1,102.950398751335,4757681,0,1
2019-02-14,122.14,122.2,121.58,121.79,103.536986489885,5868918,0,1
2019-02-15,121.56,122.02,121.54,121.98,103.698510649776,5527244,0,1
2019-02-19,122.42,122.54,121.95,122.29,103.962050068545,5872819,0,1
2019-02-20,121.95,122.08,121.59,121.94,103.664505563483,4455832,0,1
2019-02-21,121.07,121.16,120.7,120.85,102.737866962005,7382942,0,1
2019-02-22,121.47,121.95,121.42,121.57,103.349958515275,6374560,0,1
2019-02-25,121.17,121.3,120.92,121.21,103.04391273864,6293534,0,1
2019-02-26,121.73,121.82,121.36,121.81,103.553989033031,6028892,0,1
2019-02-27,121.12,121.13,120.28,120.43,102.380813555931,7737411,0,1
2019-02-28,120.56,120.62,119.71,120.02,102.03226142143,9533457,0,1
2019-03-01,119.33,119.53,118.64,118.66,101.091418045281,13541090,0.2533,1
2019-03-04,119.29,119.77,119.06,119.59,101.88372395108,9808468,0,1
2019-03-05,119.28,119.87,119.27,119.84,102.096709409628,5595345,0,1
2019-03-06,119.92,120.52,119.89,120.28,102.471563816673,7766707,0,1
2019-03-07,120.64,121.26,120.61,121.06,103.136078447343,8187227,0,1
2019-03-08,121.12,121.69,120.85,121.57,103.570568782781,7517600,0,1
2019-03-11,121.4,121.42,120.98,121.21,103.263869722472,5158011,0,1
2019-03-12,121.3,122.23,121.26,122.06,103.988020281535,6422386,0,1
2019-03-13,121.66,121.96,121.62,121.83,103.792073659671,4386732,0,1
2019-03-14,121.69,121.76,120.92,120.95,103.042364845582,8188564,0,1
2019-03-15,121.74,121.95,121.4,121.75,103.723918312936,4302045,0,1
2019-03-18,121.57,121.87,121.52,121.68,103.664282384542,3893364,0,1
2019-03-19,121.09,121.62,120.89,121.41,103.43425808931,5220325,0,1
2019-03-20,121.74,122.85,121.73,122.68,104.516224218735,10123663,0,1
2019-03-21,122.96,123.09,122.74,122.95,104.746248513967,7182572,0,1
2019-03-22,124.21,125.28,124.06,124.86,106.373457417274,13077043,0,1
2019-03-25,124.81,125.94,124.51,125.06,106.543845784113,9736593,0,1
2019-03-26,124.7,125.29,124.62,124.97,106.467171019036,7502260,0,1
2019-03-27,125.42,126.34,125.31,126.12,107.446904128357,14207179,0,1
2019-03-28,126.25,126.69,126.01,126.56,107.821758535402,9143238,0,1
2019-03-29,125.68,126.47,125.64,126.44,107.719525515299,10841631,0,1
2019-04-01,125.29,125.36,124.19,124.37,106.193007617374,16501475,0.2782,1
2019-04-02,124.48,124.74,124.25,124.6,106.389392531356,9725032,0,1
2019-04-03,123.61,123.87,123.37,123.52,105.467237283091,10407417,0,1
2019-04-04,123.6,123.89,123.44,123.87,105.766083891325,7503361,0,1
2019-04-05,123.62,124.17,123.58,124.03,105.902699483661,6322026,0,1
2019-04-08,123.83,123.95,123.52,123.59,105.527006604738,4446429,0,1
2019-04-09,124.22,124.34,123.77,123.98,105.860007111056,7020320,0,1
2019-04-10,124.27,124.52,124.1,124.28,106.116161346685,7519916,0,1
2019-04-11,123.93,124.02,123.41,123.55,105.492852706654,8679319,0,1
2019-04-12,122.89,123.06,122.63,122.67,104.741466948808,7005541,0,1
2019-04-15,122.78,122.99,122.72,122.98,105.006159658958,3070036,0,1
2019-04-16,122.51,122.63,122.14,122.21,104.348697120843,8927558,0,1
2019-04-17,122.13,122.57,122.11,122.26,104.391389493448,6118702,0,1
2019-04-18,122.81,123.1,122.78,122.9,104.937851862791,27589692,0,1
2019-04-22,122.47,122.57,122.24,122.31,104.434081866053,6241353,0,1
2019-04-23,122.61,122.7,122.39,122.57,104.656082203598,6239726,0,1
2019-04-24,123.11,123.59,123.09,123.57,105.509929655696,7302206,0,1
2019-04-25,123.49,123.62,123.1,123.39,105.356237114318,5380867,0,1
2019-04-26,123.98,124.02,123.64,123.81,105.714853044199,5950651,0,1
2019-04-29,123.23,123.35,122.85,123.02,105.040313557042,10246172,0,1
2019-04-30,122.95,123.74,122.93,123.65,105.578237451864,7957662,0,1
2019-05-01,123.69,124.45,123.6,123.9,106.012768958711,14372113,0.2589,1
2019-05-02,123.68,123.81,123.04,123.31,105.507946249384,6613062,0,1
2019-05-03,123.66,123.88,123.37,123.66,105.807417348137,6191750,0,1
2019-05-06,124.31,124.38,123.93,124,106.098332129783,4482690,0,1
2019-05-07,124.53,125.14,124.39,124.95,106.911182254971,8984929,0,1
2019-05-08,125.15,125.3,124.3,124.41,106.44914113118,6907690,0,1
2019-05-09,125.11,125.3,124.31,124.92,106.885513303649,9412288,0,1
2019-05-10,124.89,125.45,124.59,124.75,106.740055912826,6037925,0,1
2019-05-13,125.4,125.93,125.25,125.73,107.578574989336,10501611,0,1
2019-05-14,125.51,125.65,125.2,125.36,107.261991256368,5690447,0,1
2019-05-15,126.21,126.27,125.77,126.13,107.920827673625,9566544,0,1
2019-05-16,125.81,125.83,125.53,125.71,107.561462355121,7666369,0,1
2019-05-17,126.28,126.3,125.69,125.99,107.801039234124,4747076,0,1
2019-05-20,126.12,126.38,125.65,125.73,107.578574989336,6043112,0,1
2019-05-21,125.6,125.72,125.3,125.53,107.407448647191,4022162,0,1
2019-05-22,125.77,126.33,125.72,126.25,108.023503478912,5675312,0,1
2019-05-23,126.89,128.09,126.88,127.67,109.23850050814,9743687,0,1
2019-05-24,127.56,127.78,127.39,127.78,109.33261999632,4981893,0,1
2019-05-28,128.27,128.9,128.09,128.7,110.119801170186,8098871,0,1
2019-05-29,129.67,129.9,129,129.09,110.453497537369,13260571,0,1
2019-05-30,129.33,130.23,128.89,130.2,111.403248736272,13024761,0,1
2019-05-31,130.9,131.9,130.81,131.83,112.797928424753,18933634,0,1
2019-06-03,131.91,132.58,131.55,132.44,113.550484750181,17822448,0.2695,1
2019-06-04,131.39,131.76,130.55,130.93,112.25585146739,14250018,0,1
2019-06-05,130.52,130.95,130.12,130.19,111.621395421519,8815195,0,1
2019-06-06,130.97,131.59,130.32,130.61,111.981492096203,9621094,0,1
2019-06-07,131.79,132.07,131.44,131.74,112.950323625708,11378665,0,1
2019-06-10,130.68,130.7,130.32,130.5,111.887181062357,8289092,0,1
2019-06-11,130.42,130.76,130.32,130.58,111.955770905154,5115128,0,1
2019-06-12,130.39,130.75,130.3,130.68,112.04150820865,5278799,0,1
2019-06-13,130.8,131.25,130.79,131.13,112.427326074382,5560844,0,1
2019-06-14,131.1,131.71,131.09,131.46,112.710259175919,5838794,0,1
2019-06-17,131.39,131.76,131.13,131.69,112.90745497396,6046416,0,1
2019-06-18,132.74,132.86,131.95,132.35,113.473321177034,10320696,0,1
2019-06-19,131.86,132.72,131.58,132.54,113.636222053677,11962501,0,1
2019-06-20,132.91,133.51,132.59,132.89,113.936302615913,10721526,0,1
2019-06-21,132.51,132.53,131.38,131.43,112.684537984871,14495149,0,1
2019-06-24,132.16,132.53,132.08,132.41,113.524763559132,6378869,0,1
2019-06-25,132.79,133.09,132.72,132.82,113.876286503466,9604623,0,1
2019-06-26,132.68,132.7,131.88,131.97,113.147519423749,12766810,0,1
2019-06-27,132.31,133.09,131.99,132.9,113.944876346263,9724166,0,1
2019-06-28,132.58,133.08,132.45,132.81,113.867712773116,8149205,0,1
2019-07-01,132.57,132.75,131.59,132.24,113.60206602671,14141551,0.2602,1
2019-07-02,132.57,133.39,132.46,133.26,114.47830700786,10495462,0,1
2019-07-03,133.52,134.29,133.51,134.21,115.294413804029,5380269,0,1
2019-07-05,132.54,132.55,131.67,132.43,113.765287385944,12180126,0,1
2019-07-08,133.05,133.22,132.61,132.61,113.919918147323,6489997,0,1
2019-07-09,132.68,132.71,132.16,132.56,113.876965158051,6216115,0,1
2019-07-10,132.35,132.44,131.51,131.83,113.249851514679,9470193,0,1
2019-07-11,131.31,131.41,129.76,130.07,111.737906292303,14126804,0,1
2019-07-12,129.92,130.45,129.68,130.22,111.866765260119,6992095,0,1
2019-07-15,130.45,131.05,130.45,130.97,112.5110600992,6055917,0,1
2019-07-16,130.17,130.6,129.96,130.58,112.176026782878,6172721,0,1
2019-07-17,131.06,132.02,131.05,131.99,113.38730108035,9662156,0,1
2019-07-18,131.47,132.32,131.24,132,113.395891678204,5725713,0,1
2019-07-19,131.59,131.93,131.51,131.69,113.129583144718,5804843,0,1
2019-07-22,132.47,132.49,131.74,131.94,113.344348091078,5204504,0,1
2019-07-23,131.6,131.74,130.97,131.22,112.72582504556,8108940,0,1
2019-07-24,131.6,131.9,131.47,131.79,113.215489123262,6389664,0,1
2019-07-25,131.25,131.41,130.51,131.16,112.674281458434,8893057,0,1
2019-07-26,131.7,131.78,131.25,131.47,112.940589991921,6188692,0,1
2019-07-29,131.82,131.95,131.4,131.51,112.974952383338,6231836,0,1
2019-07-30,132,132.1,131.43,131.83,113.249851514679,5678475,0,1
2019-07-31,131.7,133.33,131.66,132.89,114.160454887247,15798745,0,1
2019-08-01,133.39,135.39,133.26,135.26,116.423176268169,26665016,0.264,1
2019-08-02,135.66,136.51,135.4,136.51,117.499096498357,15143050,0,1
2019-08-05,138.14,138.89,137.66,138.87,119.530433892951,18542993,0,1
2019-08-06,138.2,139.98,138.09,139.98,120.485851057358,12747356,0,1
2019-08-07,142.4,143.06,139.78,140.03,120.528887866566,32582045,0,1
2019-08-08,139.14,140.43,137.98,140.33,120.787108721811,14745985,0,1
2019-08-09,140.67,141.55,139.87,140.05,120.546102590249,10625972,0,1
2019-08-12,141.72,143.43,141.51,142.97,123.059452247967,14094307,0,1
2019-08-13,143.81,143.91,141.95,142.48,122.637691517734,16099485,0,1
2019-08-14,145.16,145.73,144.71,145.69,125.400654668856,15068949,0,1
2019-08-15,145.95,148.6,145.58,147.31,126.79504728718,23732522,0,1
2019-08-16,146.06,146.51,144.84,146.13,125.779378589882,17649776,0,1
2019-08-19,143.57,144.66,143.51,144.04,123.980439965008,13615286,0,1
2019-08-20,145.28,145.62,144.84,145.53,125.262936879392,7451608,0,1
2019-08-21,144.72,145.79,144.29,144.56,124.428022780766,9372115,0,1
2019-08-22,144,144.7,143.48,143.6,123.601716043982,13880305,0,1
2019-08-23,143.52,146.27,143.43,145.96,125.633053438577,16194116,0,1
2019-08-26,145.87,146.29,145.29,145.37,125.125219089928,12174799,0,1
2019-08-27,146.63,147.72,146.48,147.61,127.053268142425,11332754,0,1
2019-08-28,148.78,148.9,147.66,147.8,127.216808017413,10088733,0,1
2019-08-29,147.25,147.34,146.13,147.24,126.734795754289,8884955,0,1
2019-08-30,146.61,147.48,146.36,147.28,126.769225201655,13550909,0,1
2019-09-03,147.09,148.67,146.57,147.21,126.932922591365,15662954,0.2602,1
2019-09-04,146.53,147.62,146.48,147.43,127.122619235412,7962232,0,1
2019-09-05,145.66,145.8,143.89,144.76,124.820391782665,19386357,0,1
2019-09-06,145.26,146.03,145.08,145.79,125.708516979792,9466371,0,1
2019-09-09,143.83,144,143.19,143.2,123.47527012488,15862660,0,1
2019-09-10,142.84,143.29,140.66,140.69,121.311003867803,13851422,0,1
2019-09-11,140.4,141.15,140.39,140.44,121.095439499568,10941748,0,1
2019-09-12,141.5,141.8,139.06,139.52,120.302162624464,19163308,0,1
2019-09-13,138.28,138.71,136.54,136.54,117.732635355105,18922161,0,1
2019-09-16,137.88,138.57,137.25,138.28,119.232963358019,10971572,0,1
2019-09-17,138.36,139.6,138.02,139.03,119.879656462724,9287893,0,1
2019-09-18,139.93,140.66,139.53,139.62,120.388388371758,11106841,0,1
2019-09-19,140.76,140.99,139.97,140.04,120.750536510392,13434396,0,1
2019-09-20,140.77,141.98,140.44,141.89,122.345712835329,13377236,0,1
2019-09-23,142.24,143.16,141.7,141.86,122.319845111141,15402596,0,1
2019-09-24,142.42,143.85,142.41,143.57,123.794305389867,12947855,0,1
2019-09-25,143.26,143.55,141.14,141.47,121.983564696695,14520656,0,1
2019-09-26,142.27,142.99,141.9,142.38,122.76821899707,10775214,0,1
2019-09-27,142.32,142.98,142.14,142.73,123.070009112598,10387398,0,1
2019-09-30,141.88,143.09,141.84,143.08,123.371799228127,8410379,0,1
2019-10-01,141.26,143.91,141.14,143.26,123.742647544663,16869140,0.2501,1
2019-10-02,143.46,144.27,143.24,143.61,124.044964497341,12896884,0,1
2019-10-03,143.98,145.67,143.92,144.92,125.176493663078,13526957,0,1
2019-10-04,145.35,146.03,145.2,145.99,126.100719775551,11936986,0,1
2019-10-07,145.16,145.53,144.71,144.78,125.055566882007,11751551,0,1
2019-10-08,145.82,145.93,144.62,145.17,125.392434343563,14540249,0,1
2019-10-09,144.6,144.61,143.8,144.35,124.684148911574,8933140,0,1
2019-10-10,143.12,143.18,141.73,142.2,122.82705905941,15057081,0,1
2019-10-11,140.98,141.1,139.71,140.44,121.306836668802,28513340,0,1
2019-10-14,141.48,141.51,141.08,141.46,122.187874645177,5937726,0,1
2019-10-15,140.67,140.95,139.55,139.75,120.710840390665,12663622,0,1
2019-10-16,139.64,140.06,139.35,139.92,120.857680053395,8645282,0,1
2019-10-17,139.52,140.38,139.3,139.58,120.564000727936,6558397,0,1
2019-10-18,139.81,140.23,139.45,139.58,120.564000727936,6456407,0,1
2019-10-21,138.57,138.99,138.23,138.53,119.657049869902,8189288,0,1
2019-10-22,139.38,139.53,138.64,139.34,120.356697674671,6690041,0,1
2019-10-23,140.03,140.31,139.36,139.48,120.477624455742,5999896,0,1
2019-10-24,139.68,140.24,139.03,139.2,120.2357708936,6830080,0,1
2019-10-25,139.53,139.55,138.31,138.52,119.648412242683,5669966,0,1
2019-10-28,137.58,137.58,136.99,137.26,118.560071213043,11402050,0,1
2019-10-29,137.62,137.74,137.17,137.35,118.637809858017,5296576,0,1
2019-10-30,137.77,139.45,137.77,139.36,120.37397292911,10914151,0,1
2019-10-31,140.48,141.68,140.43,141.24,121.997846846351,15835800,0,1
2019-11-01,140.73,141.27,139.79,140.56,121.622661142925,11425486,0.2456,1
2019-11-04,138.97,139.14,138.53,138.71,120.021907563568,11134604,0,1
2019-11-05,137.22,137.44,136.73,137.15,118.672082923678,13496331,0,1
2019-11-06,138.02,138.41,137.34,137.98,119.390258853876,9353012,0,1
2019-11-07,136.35,136.36,134.45,135.48,117.227078341232,19214106,0,1
2019-11-08,135.15,135.95,134.78,134.91,116.733873184349,10227217,0,1
2019-11-11,135.38,135.39,134.64,135,116.811747682804,4578098,0,1
2019-11-12,135.28,135.95,134.79,135.62,117.34821644994,5773630,0,1
2019-11-13,136.81,136.96,136.17,136.5,118.10965599039,6751842,0,1
2019-11-14,137.8,138.44,137.67,137.91,119.329689799522,10272804,0,1
2019-11-15,137.48,138.16,137.43,137.76,119.199898968763,4657758,0,1
2019-11-18,138.21,138.61,137.93,138.01,119.416217020028,5944030,0,1
2019-11-19,138.37,139.24,138.37,139.16,120.411280055844,7893300,0,1
2019-11-20,139.91,140.6,139.77,140.6,121.657272031127,7909901,0,1
2019-11-21,139.64,140.08,139.12,139.72,120.895832490677,5981899,0,1
2019-11-22,140.1,140.28,139.68,139.9,121.051581487587,4666026,0,1
2019-11-25,140.3,140.53,140.18,140.31,121.406343091661,4157476,0,1
2019-11-26,141,141.31,140.94,141.13,122.115866299808,4281650,0,1
2019-11-27,140.6,140.91,140.42,140.72,121.761104695734,4096955,0,1
2019-11-29,140.62,140.68,139.78,140.42,121.501523034217,6251071,0,1
2019-12-02,138.14,138.67,137.95,138.31,119.883905299584,17705004,0.2405,1
2019-12-03,140.04,141.77,139.93,141.21,122.397558147308,13323804,0,1
2019-12-04,140.34,140.5,139.21,139.8,121.175402797208,8588810,0,1
2019-12-05,138.66,139.44,138.6,139.12,120.585994543258,7274024,0,1
2019-12-06,138.03,139.12,137.86,138.35,119.918576373345,7931904,0,1
2019-12-09,138.99,139.11,138.57,138.65,120.178609426558,4155592,0,1
2019-12-10,139.18,139.35,138.41,138.66,120.187277194999,4947745,0,1
2019-12-11,139.3,140.14,139.23,139.75,121.132063955005,6257375,0,1
2019-12-12,139.19,139.28,136.61,137.45,119.138477213707,14868125,0,1
2019-12-13,138.12,139.61,137.23,139.04,120.516652395735,11335349,0,1
2019-12-16,138.4,138.46,137.43,137.79,119.433181340681,9160997,0,1
2019-12-17,138.21,138.34,137.21,137.6,119.268493740313,6179893,0,1
2019-12-18,137.3,137.45,136.28,136.47,118.289035906544,6244828,0,1
2019-12-19,136,136.86,135.76,136.47,118.477663016568,6591083,0.2176,1
2019-12-20,136.13,136.69,135.93,136.65,118.633931642222,5455919,0,1
2019-12-23,136.81,136.97,136,136.45,118.46029983594,5175177,0,1
2019-12-24,135.92,137.06,135.89,136.84,118.79888185819,4667428,0,1
2019-12-26,136.91,137.22,136.51,137.17,119.085374338556,5290981,0,1
2019-12-27,137.44,137.63,137.29,137.32,119.215598193267,7300695,0,1
2019-12-30,135.89,136.9,135.66,136.82,118.781518677562,7979841,0,1
2019-12-31,136.21,136.46,135.38,135.48,117.618185575472,10707518,0,1
2020-01-02,136.79,137.53,136.67,137.01,118.94646889353,11034459,0,1
2020-01-03,138.27,139.16,137.88,139.12,120.778284449806,12366830,0,1
2020-01-06,139.69,139.71,138.15,138.33,120.092438814992,11370199,0,1
2020-01-07,138.22,138.47,137.64,137.65,119.502090673632,8456431,0,1
2020-01-08,137.93,138.31,136.32,136.74,118.712065955049,10626391,0,1
2020-01-09,136,137.44,135.91,137.22,119.128782290126,7412990,0,1
2020-01-10,137.67,138.47,137.63,138.44,120.187936308447,8776937,0,1
2020-01-13,137.88,138.09,137.39,138.02,119.823309515254,5965015,0,1
2020-01-14,138.18,138.82,138.14,138.73,120.439702427556,13921031,0,1
2020-01-15,139.52,139.76,139.02,139.65,121.238408736453,6290520,0,1
2020-01-16,139.26,139.53,138.74,139.21,120.856418762633,6798593,0,1
2020-01-17,137.58,138.14,137.36,138.02,119.823309515254,9693280,0,1
2020-01-21,138.81,139.65,138.77,139.47,121.082140110799,6208953,0,1
2020-01-22,139.72,140.14,139.59,139.96,121.50753803619,6317029,0,1
2020-01-23,140.85,141.38,140.78,140.94,122.358333886972,9747418,0,1
2020-01-24,141.42,142.55,141.3,142.08,123.34803518278,8584952,0,1
2020-01-27,143.95,144.29,143.5,144.29,125.266666642197,10935243,0,1
2020-01-28,143.93,144.09,142.82,143.16,124.285646936703,10612917,0,1
2020-01-29,143.44,144.7,143.43,144.56,125.501069580678,9567654,0,1
2020-01-30,144.9,145.67,144.29,144.58,125.518432761306,14711787,0,1
2020-01-31,145.17,145.99,145.09,145.9,126.664402682768,14538096,0,1
2020-02-03,144.95,145.76,144.12,145.54,126.561930399654,15310744,0.242,1
2020-02-04,143.99,144.14,143.06,143.58,124.85750973466,11388275,0,1
2020-02-05,142.3,142.7,141.9,142.01,123.492233997904,10782161,0,1
2020-02-06,142.18,142.88,142,142.65,124.048779521167,6683128,0,1
2020-02-07,144.22,144.74,143.87,144.43,125.596671757744,11374834,0,1
2020-02-10,145.1,145.25,144.68,144.83,125.944512709784,6699265,0,1
2020-02-11,144.59,144.72,143.94,144.1,125.309702972311,7784102,0,1
2020-02-12,143.37,143.55,142.99,143.37,124.674893234839,5595525,0,1
2020-02-13,143.44,144.2,143.27,143.92,125.153174543893,7883440,0,1
2020-02-14,144.76,145.08,144.45,144.55,125.701024043356,7137363,0,1
2020-02-18,145.34,146.05,144.92,145.54,126.561930399654,6912053,0,1
2020-02-19,145.12,145.62,144.98,145.53,126.553234375853,5707712,0,1
2020-02-20,146.08,146.94,146,146.67,127.544581089166,9332916,0,1
2020-02-21,147.8,148.88,147.65,148.04,128.735936349903,13861573,0,1
2020-02-24,150.83,150.96,150,150.25,130.657757609922,15929281,0,1
2020-02-25,150.21,151.76,150.14,151.05,131.353439514001,20802922,0,1
2020-02-26,149.95,151.72,149.58,150.25,130.657757609922,22599515,0,1
2020-02-27,152.7,153.08,150.83,151.88,132.075209489484,30687929,0,1
2020-02-28,154.45,155.98,154.16,155.31,135.057945653225,45010774,0,1
2020-03-02,155.3,156.5,153.76,153.94,134.065939781307,28152383,0.2292,1
2020-03-03,153.81,159.7,152.36,156.33,136.147384474547,38608024,0,1
2020-03-04,156.41,157.35,154.19,154.67,134.701694854975,23463690,0,1
2020-03-05,157.13,158.82,156.81,158.52,138.054649695549,17786220,0,1
2020-03-06,167.3,169.33,164.11,166.77,145.239552925351,76288337,0,1
2020-03-09,179.1,179.7,170.34,171.29,149.176008997922,41552819,0,1
2020-03-10,169.64,172.93,162.03,162.51,141.52953016669,37728253,0,1
2020-03-11,165.43,167.03,155.63,156.53,136.321563946785,29594066,0,1
2020-03-12,163.51,166.36,155.66,157.5,137.166334387137,24361836,0,1
2020-03-13,155,158.2,152.19,153.94,134.065939781307,19812859,0,1
2020-03-16,160.38,166.15,157.81,163.91,142.748786472353,30496696,0,1
2020-03-17,163.5,165.63,152.71,152.98,133.229878314567,18570872,0,1
2020-03-18,152.84,154.14,139.01,144.35,125.714034087513,44628796,0,1
2020-03-19,146.95,153.45,145.25,148.28,129.136660716982,21175266,0,1
2020-03-20,153.3,159.43,152.11,159.43,138.84716629423,20863060,0,1
2020-03-23,157.5,166.69,156.57,166,144.568961957237,19971809,0,1
2020-03-24,161.25,165.45,160.41,162.91,141.877889111165,11948557,0,1
2020-03-25,163.59,166.68,161.62,162.54,141.555657087526,10750564,0,1
2020-03-26,164,165.68,162.27,163.34,142.252374976476,10576587,0,1
2020-03-27,165.52,168.25,164.59,167.7,146.049487471256,12550007,0,1
2020-03-30,168.3,170.11,165.94,166.32,144.847649112817,13473205,0,1
2020-03-31,165.7,166.92,164.56,164.97,143.671937675213,11464935,0,1
2020-04-01,168.48,168.96,166.4,167.04,145.68198359009,11334698,0.238,1
2020-04-02,168.83,169.22,167.26,168.1,146.606450200516,5771227,0,1
2020-04-03,168.55,170.33,168.14,168.5,146.955305525205,6570840,0,1
2020-04-06,167,168.27,166.53,168.06,146.571564668047,9434786,0,1
2020-04-07,164.96,166.42,163.71,166.3,145.036601239416,13811848,0,1
2020-04-08,165.11,166.19,164.13,165.09,143.981313882232,10147077,0,1
2020-04-09,164.28,165.79,163.78,165.39,144.242955375748,14260806,0,1
2020-04-13,164.75,165.71,163.88,163.88,142.926026525048,8750297,0,1
2020-04-14,163.84,164.74,163.48,163.84,142.891140992579,9019531,0,1
2020-04-15,166.8,168.6,166.74,168.18,146.676221265454,10027752,0,1
2020-04-16,169.26,170.32,169.02,170.09,148.342005440843,8265414,0,1
2020-04-17,169.82,170.84,167.27,167.81,146.353530090116,8612119,0,1
2020-04-20,168.44,169.29,167.96,169.16,147.530916810941,6462639,0,1
2020-04-21,171.93,172.15,170.78,171.29,149.38857141491,7850725,0,1
2020-04-22,169.97,170.39,168.71,169.54,147.862329369396,6230495,0,1
2020-04-23,169.87,170.93,169.61,170.44,148.647253849946,5968584,0,1
2020-04-24,169.61,170.84,169.57,170.84,148.996109174635,6211804,0,1
2020-04-27,169.66,169.75,167.44,167.66,146.222709343358,9039484,0,1
2020-04-28,168.55,169.85,168.45,169.59,147.905936284982,9905415,0,1
2020-04-29,169.53,170.26,167.96,168.71,147.138454570666,8619566,0,1
2020-04-30,168.74,169.23,166.71,166.74,145.420342096574,11606074,0,1
2020-05-01,167.5,168.11,166.44,167.95,146.66419186172,10209421,0.2162,1
2020-05-04,167.56,167.68,166.48,167.16,145.974315639209,8300923,0,1
2020-05-05,165.57,166.27,165.27,166.09,145.039926325175,7831916,0,1
2020-05-06,163.23,163.64,162.05,163.41,142.699586734883,14721518,0,1
2020-05-07,163.56,166.37,163.34,166.14,145.083589377232,9165455,0,1
2020-05-08,164.49,165.4,163.68,163.98,143.197345528341,8130474,0,1
2020-05-11,163.66,164.22,162.1,162.7,142.079571395664,8713747,0,1
2020-05-12,163.16,164.93,163.13,164.37,143.537917334391,10057348,0,1
2020-05-13,165.09,166.29,164.83,165.52,144.542167531717,13305576,0,1
2020-05-14,167.32,168.15,167.05,167.14,145.956850418386,10080361,0,1
2020-05-15,168.3,168.49,166.33,166.71,145.58134817069,7225634,0,1
2020-05-18,164.93,165.06,162.42,163.05,142.385212760068,10073986,0,1
2020-05-19,162.52,163.7,162.48,163.66,142.917901995172,8639263,0,1
2020-05-20,163.17,164.7,162.88,164.15,143.345799905337,10927274,0,1
2020-05-21,164.86,165.36,164.29,164.56,143.70383693221,8876136,0,1
2020-05-22,164.72,165.68,164.61,165.55,144.568365362952,4956814,0,1
2020-05-26,163.71,163.79,162.98,163.33,142.629725851591,8098939,0,1
2020-05-27,162.79,163.91,162.59,163.03,142.367747539245,8047360,0,1
2020-05-28,161.96,162.57,161.66,162.43,141.843790914553,10276172,0,1
2020-05-29,162.71,164.09,162.35,163.59,142.856773722291,14662054,0,1
2020-06-01,162.1,162.44,161.67,162.28,141.896351623359,13353301,0.2102,1
2020-06-02,161.67,162.09,161.25,161.69,141.380460278413,11517053,0,1
2020-06-03,160.18,160.33,158.94,159.54,139.500517241747,12255736,0,1
2020-06-04,158.92,159.01,157.19,157.23,137.480671467468,14038570,0,1
2020-06-05,154.61,156.16,153.16,156.11,136.501352304182,17778549,0,1
2020-06-08,155.07,156.85,155.05,156.71,137.025987570228,10346680,0,1
2020-06-09,159.05,159.64,158.3,158.49,138.582405526166,9095265,0,1
2020-06-10,159.24,160.9,159.05,160.84,140.637226984848,13135518,0,1
2020-06-11,163.25,164.23,162.63,163.88,143.295378999483,17086373,0,1
2020-06-12,162.41,163.66,162.05,162.3,141.913839465561,9716433,0,1
2020-06-15,163.89,164.22,162.14,162.39,141.992534755468,7760836,0,1
2020-06-16,159.41,161.23,158.7,159.9,139.815298401375,13701298,0,1
2020-06-17,160.27,160.77,159.34,160.56,140.392397194026,7113900,0,1
2020-06-18,162.04,162.48,161.61,162.26,141.878863781158,7691375,0,1
2020-06-19,161,162.5,160.91,162.39,141.992534755468,8565778,0,1
2020-06-22,163.19,163.42,162.07,162.41,142.010022597669,9319961,0,1
2020-06-23,161.48,162.06,161.12,161.3,141.039447355483,9088580,0,1
2020-06-24,161.53,163.09,161.52,163.03,142.552145705917,11436501,0,1
2020-06-25,164.21,164.35,163.4,163.5,142.963109997654,10967984,0,1
2020-06-26,164.25,165.32,164.18,165.25,144.493296190289,12119310,0,1
2020-06-29,164.85,165.27,164.38,164.73,144.038612293049,7274571,0,1
2020-06-30,165.23,165.29,163.48,163.93,143.339098604987,14841678,0,1
2020-07-01,162.81,163.56,162.15,163.42,143.060741123096,13181247,0.1917,1
2020-07-02,162.7,163.74,162.24,163.59,143.209562111904,7600644,0,1
2020-07-06,162.33,163.02,161.75,162.92,142.623032332486,7972547,0,1
2020-07-07,163.42,165.34,163.2,165.21,144.627738593481,12791945,0,1
2020-07-08,164.32,164.92,163.83,164.55,144.049962989876,7253913,0,1
2020-07-09,164.66,167.45,164.6,167.17,146.343557052674,13375029,0,1
2020-07-10,167.95,168.21,166.16,166.33,145.608206284449,8478267,0,1
2020-07-13,165.5,166.96,165.23,166.88,146.08968595412,8054043,0,1
2020-07-14,167.93,168.14,166.98,167.12,146.299786173613,11344635,0,1
2020-07-15,165.92,166.95,165.83,166.34,145.616960460261,7840586,0,1
2020-07-16,167.4,167.77,167.04,167.13,146.308540349425,9107383,0,1
2020-07-17,167.27,167.4,166.47,166.78,146.002144195998,8552189,0,1
2020-07-20,167.51,167.62,166.8,167.19,146.361065404299,6907518,0,1
2020-07-21,167.3,167.72,167.08,167.29,146.448607162421,8455112,0,1
2020-07-22,168.26,168.46,167.69,167.79,146.886315953031,6592084,0,1
2020-07-23,168.92,169.88,168.48,169.75,148.602134412224,10471802,0,1
2020-07-24,169.01,169.92,168.8695,169.74,148.593380236411,7520837,0,1
2020-07-27,170.25,170.3,168.99,169.11,148.041867160242,6146734,0,1
2020-07-28,169.54,170.34,169.43,170.28,149.066105730271,8520714,0,1
2020-07-29,170.05,170.39,168.98,169.99,148.812234631717,6733733,0,1
2020-07-30,171.05,171.26,170.75,171.11,149.792702322684,9376128,0,1
2020-07-31,170.15,171.4554,169.94,171,149.69640638875,8886264,0,1
2020-08-03,169.24,169.99,168.97,169.95,148.943669827361,9067756,0.1901,1
2020-08-04,170.83,171.58,170.72,171.57,150.363432964286,9878888,0,1
2020-08-05,170.06,170.56,169.69,170.07,149.048837467133,6954183,0,1
2020-08-06,171.38,172.25,170.62,171.02,149.88141461533,9481800,0,1
2020-08-07,171.28,171.5,169.58,169.88,148.882322037494,8176856,0,1
2020-08-10,170.22,170.25,169.07,169.12,148.216260318937,6408461,0,1
2020-08-11,167.17,167.49,165.875,167.105,146.450320367762,19234202,0,1
2020-08-12,165.7,166.065,164.99,165.59,145.122578915638,11745839,0,1
2020-08-13,165.31,165.58,163.165,163.82,143.571356228999,12744712,0,1
2020-08-14,163.81,164.15,163.16,163.18,143.010462150214,6398178,0,1
2020-08-17,163.97,164.46,163.43,163.59,143.369784919435,6836004,0,1
2020-08-18,164.36,164.87,164.085,164.76,144.395169407214,8140643,0,1
2020-08-19,165.37,165.6101,163.3,163.73,143.492480499169,12497748,0,1
2020-08-20,165.39,165.65,164.93,165.21,144.78954805636,10320126,0,1
2020-08-21,165.77,166.33,165.01,166.2,145.65718108448,6836242,0,1
2020-08-24,166.32,166.97,165.86,165.93,145.420553894993,6490666,0,1
2020-08-25,164.35,165.09,163.83,164.66,144.307529707404,10518301,0,1
2020-08-26,164.05,164.325,163.28,164.03,143.7553995986,8276618,0,1
2020-08-27,164.76,164.82,161.16,161.24,141.310251973897,19860113,0,1
2020-08-28,161.77,162.05,160.64,161.12,141.205084334124,8415402,0,1
2020-08-31,161.6,163.25,161.56,162.19,142.142829122093,11388108,0,1
2020-09-01,161.76,164.07,161.18,163.86,143.766722647815,10587634,0.1829,1
2020-09-02,163.51,165.56,163.49,165.42,145.13542817284,15167718,0,1
2020-09-03,165.75,167.24,165.44,165.89,145.547794581021,16416624,0,1
2020-09-04,164.41,164.6984,162.45,162.74,142.784062270874,13780313,0,1
2020-09-08,164.37,165.26,163.74,163.74,143.661437607429,13790421,0,1
2020-09-09,163.94,164.25,162.7582,163.3,143.275392459345,9559005,0,1
2020-09-10,162.46,164.35,161.95,164.13,144.003613988685,8847742,0,1
2020-09-11,164.31,164.57,164.08,164.48,144.310695356479,5458222,0,1
2020-09-14,164.79,165.08,164.23,164.47,144.301921603114,4274947,0,1
2020-09-15,164.17,164.47,163.79,164.07,143.950971468492,6928498,0,1
2020-09-16,164.78,164.89,162.9804,163.58,143.52105755358,8816914,0,1
2020-09-17,164.9,164.96,163.801,164.08,143.959745221857,7813922,0,1
2020-09-18,164.17,164.24,163.34,163.57,143.512283800215,7246282,0,1
2020-09-21,164.89,165.4,164.135,164.4,144.240505329555,11086895,0,1
2020-09-22,164.44,164.88,163.87,164.27,144.126446535803,10524495,0,1
2020-09-23,164.3,164.53,163.48,164.49,144.319469109845,6224763,0,1
2020-09-24,164.96,165.12,164.62,165.12,144.872215571874,8278072,0,1
2020-09-25,165.11,165.42,164.71,165.12,144.872215571874,5140298,0,1
2020-09-28,164.87,164.9,164.37,164.65,144.459849163693,4470504,0,1
2020-09-29,164.8,165.24,164.56,164.84,144.626550477639,10297950,0,1
2020-09-30,164,164,162.55,163.26,143.240297445883,12970989,0,1
2020-10-01,162.51,163.7401,162.1,163.36,143.476364053936,11523874,0.1691,1
2020-10-02,163.61,163.67,162.18,162.75,142.94061122538,8829140,0,1
2020-10-05,160.95,160.95,159.52,159.57,140.147670250285,14726045,0,1
2020-10-06,159.33,161.405,158.68,160.43,140.902993910216,22419358,0,1
2020-10-07,159.56,160.417,158.86,159.26,139.87540241938,9429580,0,1
2020-10-08,159.97,160.25,159.655,160.12,140.630726079311,8431544,0,1
2020-10-09,159.52,160.27,158.81,160.09,140.604377579546,8441506,0,1
2020-10-12,160.43,160.68,160.11,160.6,141.052302075552,3962045,0,1
2020-10-13,161.21,161.83,161.18,161.75,142.062327899879,7914641,0,1
2020-10-14,162.33,162.75,161.9674,162.12,142.387292730314,6956736,0,1
2020-10-15,163.04,163.19,161.64,161.84,142.141373399174,9458911,0,1
2020-10-16,161.66,162.32,161.1,161.39,141.746145902698,8418197,0,1
2020-10-19,160.5,160.98,160.05,160.78,141.210393074142,9286787,0,1
2020-10-20,159.86,160.01,158.95,159.25,139.866619586125,11189208,0,1
2020-10-21,158.79,159.37,158.37,158.7,139.383563757099,10453705,0,1
2020-10-22,158.29,158.63,156.97,157.05,137.934396270021,12665822,0,1
2020-10-23,156.81,158.21,156.75,158.01,138.777548262503,8784136,0,1
2020-10-26,159.21,160.02,159.01,159.48,140.06862475099,7227337,0,1
2020-10-27,160.23,160.7,159.895,160.55,141.008387909277,6062330,0,1
2020-10-28,161.38,161.46,160.2,160.7,141.140130408102,11765784,0,1
2020-10-29,160.73,160.83,158.47,159.14,139.770008420319,11932379,0,1
2020-10-30,159.03,159.35,157.57,157.57,138.391103599282,13095938,0,1
2020-11-02,158.7,159.19,158.33,158.58,139.426995745828,10810494,0.1695,1
2020-11-03,157.85,157.98,157.04,157.66,138.618111674154,16228695,0,1
2020-11-04,161.64,162.17,160.54,161.08,141.625050288422,21570835,0,1
2020-11-05,161.64,161.74,160.58,161.36,141.871232397193,18537530,0,1
2020-11-06,159.618,159.915,158.94,159.41,140.156749853969,12408432,0,1
2020-11-09,155.97,156.15,154.625,156.06,137.211356766893,23245038,0,1
2020-11-10,154.96,155.81,154.78,155.16,136.420057131559,12560977,0,1
2020-11-11,155.02,155.94,154.97,155.72,136.9124213491,5888233,0,1
2020-11-12,156.94,158.4,156.71,158.37,139.24235916425,16001553,0,1
2020-11-13,158.36,158.5,157.91,158.16,139.057722582672,7345549,0,1
2020-11-16,157.73,158.28,157.61,157.78,138.723618292198,6310397,0,1
2020-11-17,158.77,159.16,158.59,158.81,139.629216763747,7444575,0,1
2020-11-18,159.44,159.57,158.35,159.27,140.033658799584,10333345,0,1
2020-11-19,159.97,160.72,159.84,160.09,140.754620689555,10623316,0,1
2020-11-20,160.525,161.54,160.39,161.51,142.003115669748,7247351,0,1
2020-11-23,160.82,160.99,160.28,160.77,141.352491525141,11304789,0,1
2020-11-24,159.99,160.0218,159.01,159.17,139.94573661788,10888639,0,1
2020-11-25,159.25,159.91,158.62,158.68,139.514917927532,9146000,0,1
2020-11-27,159.61,160.27,159.58,160.22,140.86891952577,4708153,0,1
2020-11-30,160.03,160.53,159.76,160.02,140.693075162362,13071557,0,1
2020-12-01,158.55,158.74,156.68,157.5,138.62075197727,13651901,0.163,1
2020-12-02,156.88,156.93,155.48,156.25,137.520587279038,12114580,0,1
2020-12-03,156.94,157.82,156.58,157.51,138.629553294856,9626457,0,1
2020-12-04,155.69,155.785,154.77,155.2,136.596448932523,12734642,0,1
2020-12-07,156.35,156.88,156.18,156.6,137.828633394543,9316138,0,1
2020-12-08,157.57,158.07,157.2,157.34,138.479930895896,7397240,0,1
2020-12-09,156.55,157.32,156.015,156.82,138.022262381432,7750059,0,1
2020-12-10,157.24,158.29,156.83,158.21,139.245645525866,10025124,0,1
2020-12-11,158.65,159.39,158.32,158.77,139.738519310674,8136090,0,1
2020-12-14,157.49,158.69,157.11,158.33,139.351261336896,7535875,0,1
2020-12-15,157.78,158.39,157.31,157.8,138.884791504846,6847676,0,1
2020-12-16,156.58,157.89,156.39,157.38,138.51513616624,9954190,0,1
2020-12-17,158.13,158.46,156.43,156.8,138.148937985181,9422697,0.1639,1
2020-12-18,157.12,157.38,156.18,156.33,137.734843591986,6505271,0,1
2020-12-21,157.2,157.34,156.45,156.95,138.281095770244,8988176,0,1
2020-12-22,157.5634,157.83,157.08,157.76,138.994747809581,7378508,0,1
2020-12-23,156.62,156.69,155.46,156.67,138.034401238127,9266649,0,1
2020-12-24,156.9,157.43,156.85,157.29,138.580653416385,3117104,0,1
2020-12-28,156.38,157.45,156.095,157.36,138.642327049414,7787029,0,1
2020-12-29,156.39,157.29,156.36,157.16,138.466116669331,9030948,0,1
2020-12-30,156.82,157.53,156.68,157.5,138.765674315472,9097313,0,1
2020-12-31,157.46,158.08,157.45,157.73,138.968316252568,7742413,0,1
2021-01-04,156.67,158.18,156.535,157.54,138.800916391489,13152865,0,1
2021-01-05,156.95,156.95,155.66,156.37,137.770085668003,10458065,0,1
2021-01-06,153.82,153.85,152.29,153.16,134.941909067668,22827290,0,1
2021-01-07,151.79,152.17,151.26,151.81,133.752489002107,14651882,0,1
2021-01-08,151.48,151.96,150.66,151.32,133.320773570903,13622819,0,1
2021-01-11,151,151.21,150.49,151.07,133.1005105958,8380898,0,1
2021-01-12,150.79,151.16,149.925,150.95,132.99478436775,11920226,0,1
2021-01-13,151.66,153.07,151.57,152.65,134.492572598456,12533256,0,1
2021-01-14,152.58,152.64,150.79,151.22,133.232668380862,14835458,0,1
2021-01-15,152.185,152.36,151.47,151.82,133.761299521111,11624672,0,1
2021-01-19,151.62,152.36,151.505,152.31,134.193014952315,9575571,0,1
2021-01-20,151.985,152.48,151.79,152.46,134.325172737377,5368933,0,1
2021-01-21,151.44,151.75,151.1,151.39,133.382447203933,8164729,0,1
2021-01-22,151.85,152.01,151.42,151.88,133.814162635136,9507150,0,1
2021-01-25,152.76,153.69,152.635,153.67,135.39124553688,8712616,0,1
2021-01-26,153.1,153.6,152.92,153.38,135.13574048576,7690318,0,1
2021-01-27,154.07,154.5,153.53,153.77,135.479350726922,7895249,0,1
2021-01-28,153.4,153.46,152.16,152.92,134.730456611569,10667755,0,1
2021-01-29,151.42,152.49,151.3,152,133.919888863186,14966238,0,1
2021-02-01,151.66,152.36,151.49,152,134.07475487993,8165534,0.1758,1
2021-02-02,150.74,151.085,150.52,151.02,133.210325539257,9159767,0,1
2021-02-03,150.425,150.59,149.58,149.68,132.028350726499,9633084,0,1
2021-02-04,149.16,149.49,148.8,149.28,131.675522424184,8262613,0,1
2021-02-05,149.1,149.57,148.02,148.03,130.572933979447,10258935,0,1
2021-02-08,148.3,149.265,148.035,148.68,131.14627997071,11574766,0,1
2021-02-09,149.22,149.67,148.655,148.79,131.243307753847,5212387,0,1
2021-02-10,149.28,149.78,149.1409,149.78,132.116557802078,7214729,0,1
2021-02-11,149.6791,149.79,148.75,148.96,131.393259782331,11962758,0,1
2021-02-12,147.7,148.08,147.03,147.11,129.761428884122,14088379,0,1
2021-02-16,145.22,145.655,144.6625,144.87,127.785590391154,17789087,0,1
2021-02-17,145.95,146.38,144.98,145.79,128.59709548648,11184185,0,1
2021-02-18,144.61,145.6,144.32,145.2,128.076673740564,10755817,0,1
2021-02-19,144.06,144.32,142.8517,143.27,126.374277181892,12741726,0,1
2021-02-22,143.03,143.74,141.72,142.18,125.412820058082,12882489,0,1
2021-02-23,141.52,142.5,141.14,141.77,125.051171048208,12658455,0,1
2021-02-24,139.352,141.175,139.16,140.84,124.230845245324,17363058,0,1
2021-02-25,139.52,139.92,136.61,138.54,122.20208250701,52354214,0,1
2021-02-26,140.77,143.3,139.68,143.12,126.241966568523,44906950,0,1
2021-03-01,140.66,141.41,140.09,141.06,124.576375294207,22050428,0.1717,1
2021-03-02,140.4,141.13,140.295,141.07,124.585206740066,12482218,0,1
2021-03-03,139.38,140.15,138.76,139.54,123.233995523562,19763736,0,1
2021-03-04,139.632,139.94,137.96,138.64,122.439165396206,22366564,0,1
2021-03-05,138.1687,139.34,137.99,138.91,122.677614434413,20598039,0,1
2021-03-08,138.83,138.9,137.83,137.83,121.723818281586,15236619,0,1
2021-03-09,139.27,139.815,138.97,139.74,123.410624440752,14463394,0,1
2021-03-10,139.8,140.15,139.28,140.02,123.657904924818,12387639,0,1
2021-03-11,139.17,139.38,138.46,139.01,122.765928893008,14150742,0,1
2021-03-12,136.4,136.4591,135.65,136.06,120.160652364453,20402701,0,1
2021-03-15,136.49,137.09,136.41,136.86,120.867168033214,11366662,0,1
2021-03-16,137.02,137.12,135.75,136.31,120.381438510941,15567907,0,1
2021-03-17,135.15,135.525,134.15,135.29,119.480631033271,27107490,0,1
2021-03-18,133.31,134.47,133.19,133.92,118.270722950519,21622014,0,1
2021-03-19,134.08,134.83,133.8,134.75,119.003732956858,18684950,0,1
2021-03-22,135.69,136.41,135.37,136.26,120.337281281643,17047525,0,1
2021-03-23,136.585,137.54,136.15,137.49,121.423549122363,16768448,0,1
2021-03-24,137.06,138.28,136.945,138.23,122.077076115966,13862975,0,1
2021-03-25,138.3862,138.655,137.09,137.14,121.11444851728,20781964,0,1
2021-03-26,136.42,137.2392,136.22,136.66,120.690539116023,8433292,0,1
2021-03-29,136.83,136.8465,134.97,135.5,119.666091396321,13968084,0,1
2021-03-30,135.3,136.515,135.005,136.21,120.293124052346,15020777,0,1
2021-03-31,136.34,136.59,134.98,135.45,119.621934167023,19271281,0,1
2021-04-01,136.55,137.62,136.3,137.51,121.604650283736,14885947,0.1851,1
2021-04-05,136.55,136.97,135.94,136.91,121.074050398853,8242978,0,1
2021-04-06,137.16,137.98,137.01,137.84,121.896480220422,9282395,0,1
2021-04-07,137.45,138.1,136.88,136.88,121.047520404609,11052827,0,1
2021-04-08,137.39,138.07,137.36,138.01,122.046816854472,7847918,0,1
2021-04-09,137.5,138.19,137.09,137.51,121.604650283736,8717951,0,1
2021-04-12,137.46,137.53,137.1,137.45,121.551590295248,7658990,0,1
2021-04-13,137.3,138.51,137.2,138.48,122.462453430963,13232786,0,1
2021-04-14,138.03,138.2351,137.57,138.04,122.073346848716,7293169,0,1
2021-04-15,139.49,140.98,139.455,140.35,124.116156405515,23896725,0,1
2021-04-16,139.1,139.73,138.9308,139.26,123.152233281311,15238401,0,1
2021-04-19,138.74,139.31,138.55,138.86,122.798500024722,13886874,0,1
2021-04-20,138.45,139.76,138.43,139.5,123.364473235264,11476489,0,1
2021-04-21,139.54,139.91,139.07,139.78,123.612086514876,11902155,0,1
2021-04-22,140,140.39,139.2,140.39,124.151529731174,14156678,0,1
2021-04-23,140.38,140.47,139.49,140.06,123.859699794488,12302248,0,1
2021-04-26,140.15,140.51,139.85,139.86,123.682833166194,9103549,0,1
2021-04-27,139.59,139.82,138.525,138.64,122.603946733599,14137281,0,1
2021-04-28,138.65,138.89,137.96,138.73,122.683536716331,15263720,0,1
2021-04-29,137.45,138.36,137.125,138.32,122.320960128328,17178229,0,1
2021-04-30,138.507,138.73,137.98,138.64,122.603946733599,15692322,0,1
2021-05-03,138.7,139.645,138.28,138.52,122.677409171994,16447651,0.2031,1
2021-05-04,139.49,140.16,139.155,139.46,123.5099009755,18640004,0,1
2021-05-05,139.03,139.85,138.92,139.69,123.713595778486,11128146,0,1
2021-05-06,139.25,140.19,139.2003,139.92,123.917290581471,21907928,0,1
2021-05-07,140.1,140.6,138.91,139.23,123.306206172514,18346877,0,1
2021-05-10,138.95,139.25,137.69,137.82,122.057468467255,15146246,0,1
2021-05-11,137.23,137.48,136.77,137.04,121.366677396261,15158611,0,1
2021-05-12,136.67,136.8,135.36,135.6,120.091370803656,20859432,0,1
2021-05-13,135.93,136.37,135.63,135.81,120.277353015077,13074735,0,1
2021-05-14,136.53,137.08,136.22,137.08,121.402102579389,17566732,0,1
2021-05-17,136.83,137.17,136.565,136.79,121.145270001711,6113792,0,1
2021-05-18,136.4,136.57,136.07,136.44,120.835299649342,11423065,0,1
2021-05-19,136.54,137.3,135.62,136.11,120.543041888537,14296300,0,1
2021-05-20,136.76,137.49,136.67,137.23,121.534947016118,13310501,0,1
2021-05-21,137.66,137.7,137.06,137.67,121.924624030525,10171561,0,1
2021-05-24,137.99,138.58,137.89,138.18,122.376295115407,6736459,0,1
2021-05-25,138.63,139.5,138.62,139.46,123.5099009755,12346882,0,1
2021-05-26,139.59,139.91,138.88,139.22,123.297349876732,9793707,0,1
2021-05-27,138.5,138.69,137.99,138.655,122.796969165051,10695157,0,1
2021-05-28,138.582,139.3,138.34,138.44,122.606558805738,10258035,0,1
2021-06-01,137.82,138.26,137.25,138.21,122.579345180059,11778666,0.1993,1
2021-06-02,138.55,138.79,138.32,138.53,122.863155255,7347905,0,1
2021-06-03,138.51,138.51,137.845,138.01,122.401963883221,10994063,0,1
2021-06-04,138.52,139.9,138.52,139.9,124.078217138342,15773737,0,1
2021-06-07,139.59,139.705,139.325,139.47,123.69684735014,7799833,0,1
2021-06-08,140.655,140.66,140.21,140.45,124.566015704647,11231222,0,1
2021-06-09,141.765,142.15,141.25,141.69,125.665779745044,12768309,0,1
2021-06-10,140.83,142.56,140.68,142.54,126.419650256607,19698410,0,1
2021-06-11,142.305,142.4,141.84,142.31,126.215661765243,8646698,0,1
2021-06-14,142.1,142.1,141.015,141.22,125.248933697474,9401341,0,1
2021-06-15,140.8,141.09,140.48,141.05,125.098159595162,18207559,0,1
2021-06-16,141.4,141.67,140.21,140.93,124.991730817059,19666116,0,1
2021-06-17,141.86,144.925,141.64,143.04,126.863103498702,35225794,0,1
2021-06-18,144.28,146.04,144.12,145.73,129.248881941177,26616912,0,1
2021-06-21,144.39,144.49,143.02,143.29,127.08483011975,16485035,0,1
2021-06-22,142.17,143.68,142.12,143.64,127.395247389217,14530318,0,1
2021-06-23,143.11,143.5,142.71,143.27,127.067091990066,12041212,0,1
2021-06-24,143.42,143.9,143.33,143.5,127.27108048143,8788460,0,1
2021-06-25,143.265,143.4,141.37,142.01,125.949589819986,15562491,0,1
2021-06-28,142.72,143.8,142.7,143.47,127.244473286905,11460926,0,1
2021-06-29,143.1,143.72,143.04,143.71,127.45733084311,11218106,0,1
2021-06-30,144.25,144.93,144.07,144.35,128.024950992993,15708857,0,1
2021-07-01,143.98,144.31,143.53,144.17,128.031604565437,10809998,0.1875,1
2021-07-02,144.23,145.04,144.11,145.04,128.804216731435,9650170,0,1
2021-07-06,145.72,146.99,145.715,146.74,130.313918664995,20037177,0,1
2021-07-07,147.57,148.56,147.22,148.04,131.468396614187,20964385,0,1
2021-07-08,148.88,149.44,148.17,148.62,131.983471391519,17487838,0,1
2021-07-09,146.87,146.99,146.49,146.53,130.127426073202,14483634,0,1
2021-07-12,147.09,147.23,146.17,146.34,129.958694680628,10610428,0,1
2021-07-13,146.82,147.46,144.64,145.22,128.9640675244,23340375,0,1
2021-07-14,146.01,146.92,145.81,146.87,130.429366459914,16038556,0,1
2021-07-15,147.95,148.6,147.03,148.49,131.8680235966,18462700,0,1
2021-07-16,147.34,148.34,147.32,148.21,131.619366807543,12787919,0,1
2021-07-19,150.95,151.95,150.62,151.46,134.505561680524,40203891,0,1
2021-07-20,152.53,152.71,149.76,150,133.208994137585,25674791,0,1
2021-07-21,148.18,148.5,146.67,148.1,131.521680211842,19988911,0,1
2021-07-22,148.11,149.805,148.06,149.5,132.764964157126,18136907,0,1
2021-07-23,147.94,148.655,147.89,148.5,131.876904196209,12639262,0,1
2021-07-26,148.995,149.06,147.88,148.06,131.486157813405,10737870,0,1
2021-07-27,149.33,149.69,148.99,149.64,132.889292551654,13036604,0,1
2021-07-28,148.67,149.67,148.27,149.65,132.898173151264,14346869,0,1
2021-07-29,148.78,149.22,148.53,148.82,132.161083383702,11521744,0,1
2021-07-30,149.13,149.72,149.06,149.52,132.782725356344,14342162,0,1
2021-08-02,149.454,151.23,149.18,150.67,133.965375231677,21232706,0.1817,1
2021-08-03,150.75,151.23,150.39,150.75,134.036505715639,13361939,0,1
2021-08-04,151.5,151.82,149.72,151.06,134.312136340991,18267907,0,1
2021-08-05,150.76,150.92,150,150.29,133.627505432858,15345359,0,1
2021-08-06,148.322,148.76,147.6909,147.78,131.395786498555,21144286,0,1
2021-08-09,148.152,148.56,147.23,147.25,130.924547042307,12942623,0,1
2021-08-10,147.49,147.57,146.56,146.57,130.319937928631,13716901,0,1
2021-08-11,146.412,147.23,145.71,146.48,130.239916134174,17227605,0,1
2021-08-12,146.09,146.44,145.43,146.24,130.026524682289,14710931,0,1
2021-08-13,146.83,148.56,146.81,148.55,132.080417406688,18629511,0,1
2021-08-16,149.19,150.02,148.81,148.91,132.400504584516,19171543,0,1
2021-08-17,148.88,149.47,148.67,148.85,132.347156721545,14126883,0,1
2021-08-18,148.71,149.47,148.45,149.35,132.791722246306,13143979,0,1
2021-08-19,150.31,150.46,149.81,150.45,133.769766400782,15474585,0,1
2021-08-20,150.59,150.81,150.11,150.55,133.858679505734,12388424,0,1
2021-08-23,150.2,150.495,149.92,150.45,133.769766400782,10615040,0,1
2021-08-24,149.76,150.07,149.28,149.28,132.72948307284,13835931,0,1
2021-08-25,149.21,149.37,147.58,148.04,131.626960571431,16743814,0,1
2021-08-26,147.965,148.57,147.51,148.45,131.991504301735,16657435,0,1
2021-08-27,148.57,149.485,148.33,149.46,132.889526661754,15384740,0,1
2021-08-30,148.99,149.9,148.93,149.85,133.236287771068,10596306,0,1
2021-08-31,149.67,150.09,148.5,148.83,132.329374100554,15262401,0,1
2021-09-01,149.27,149.39,148.49,148.89,132.551077149491,10807084,0.1893,1
2021-09-02,149.24,149.55,148.75,149.54,133.129747309657,9766003,0,1
2021-09-03,148.27,148.51,147.94,148.18,131.918991282232,12928250,0,1
2021-09-07,147.262,147.52,146.655,146.93,130.806164051143,15548172,0,1
2021-09-08,147.66,148.19,147.39,147.93,131.696425836014,14533699,0,1
2021-09-09,148.17,149.89,147.85,149.72,133.289994430934,20324739,0,1
2021-09-10,148.9,149.17,148.16,148.4,132.114848874904,14894629,0,1
2021-09-13,149.042,149.49,148.95,149.3,132.916084481288,15036064,0,1
2021-09-14,149.73,151.57,149.58,151.11,134.527458311905,19918375,0,1
2021-09-15,151.21,151.25,149.93,150.58,134.055619565923,11940558,0,1
2021-09-16,149.67,150.45,149.5,149.89,133.441338934362,13328978,0,1
2021-09-17,149.182,149.36,148.7,149.17,132.800350449255,13783034,0,1
2021-09-20,150.57,151.37,150.23,151.02,134.447334751267,14660406,0,1
2021-09-21,150.71,150.96,150.2,150.89,134.331600719233,10035770,0,1
2021-09-22,150.79,151.79,150.44,151.79,135.132836325617,22277765,0,1
2021-09-23,150.42,150.45,148.3401,148.36,132.079238403509,23853343,0,1
2021-09-24,147.84,147.85,146.735,146.91,130.788358815445,20203937,0,1
2021-09-27,146.06,146.87,145.88,146.37,130.307617451615,13464252,0,1
2021-09-28,144.33,145.07,143.64,144.09,128.277820582108,26613486,0,1
2021-09-29,144.8,145.43,143.69,144.34,128.500386028326,23569416,0,1
2021-09-30,144.1,144.515,143.65,144.32,128.482580792629,22567556,0,1
2021-10-01,144.85,145.4,144.2,145.35,129.562544009929,26151798,0.1831,1
2021-10-04,144.67,145.46,144.1,144.98,129.232732236392,28027596,0,1
2021-10-05,144.6,144.7,143.461,143.58,127.98479579598,22659503,0,1
2021-10-06,144.23,144.715,144.025,144.39,128.706816165075,18696687,0,1
2021-10-07,143.185,143.335,142.59,142.88,127.360827575774,14856041,0,1
2021-10-08,142.255,142.35,141.525,141.88,126.469444404051,17257754,0,1
2021-10-11,141.6,141.9,141.45,141.52,126.14854646223,7213403,0,1
2021-10-12,142.63,144.01,142.48,143.94,128.3056937378,17968952,0,1
2021-10-13,144.61,145.53,144.5754,145.34,129.553630178212,23584827,0,1
2021-10-14,145.37,145.96,144.945,145.88,130.034977090943,12950609,0,1
2021-10-15,145,145.14,144.47,145.03,129.277301394978,11811540,0,1
2021-10-18,145,146,144.52,145.71,129.88344195175,12115879,0,1
2021-10-19,144.66,144.73,143.65,143.7,128.091761776586,12156566,0,1
2021-10-20,143.25,143.68,142.51,142.73,127.227120100015,12782477,0,1
2021-10-21,143,143.15,142.23,142.56,127.075584960822,13660022,0,1
2021-10-22,143.45,144.4,143.21,144.13,128.475056540427,13740010,0,1
2021-10-25,143.67,144.3,143.63,143.91,128.278952242648,8138047,0,1
2021-10-26,144.62,145.1,143.74,145.1,129.339698216999,13670997,0,1
2021-10-27,146.4,148.18,145.93,147.74,131.692949790347,22092262,0,1
2021-10-28,147.79,148.33,146.835,147.24,131.247258204486,17497586,0,1
2021-10-29,146.47,148,146.32,147.69,131.648380631761,19087338,0,1
2021-11-01,145.8,146.76,145.7,146.44,130.701923350773,18003139,0.1882,1
2021-11-02,146.5,147.57,146.5,147.09,131.282067096867,9810140,0,1
2021-11-03,147.82,147.98,145.53,145.57,129.925423259847,20639350,0,1
2021-11-04,145.87,147.36,145.85,147.1,131.290992385269,15922377,0,1
2021-11-05,148.52,149.58,148.13,149.3,133.254555833587,21513029,0,1
2021-11-08,148.96,149.28,148.51,149.02,133.004647758346,12083905,0,1
2021-11-09,150.8,151.767,150.64,150.96,134.736153708227,23086406,0,1
2021-11-10,150.83,150.93,147.03,148.2,132.272774109428,28170644,0,1
2021-11-11,148.508,148.655,147.89,147.98,132.076417764596,5552818,0,1
2021-11-12,148,148.51,146.76,147.33,131.496274018502,12609431,0,1
2021-11-15,146.89,146.96,145.22,145.48,129.845095664234,15232710,0,1
2021-11-16,145.69,146.38,144.85,145.11,129.514859993381,12998708,0,1
2021-11-17,144.57,146.29,144.46,146.26,130.541268159547,14239864,0,1
2021-11-18,145.9917,146.9,145.95,146.81,131.032159021627,11055620,0,1
2021-11-19,147.58,148.595,147.58,148.36,132.415578723851,14022924,0,1
2021-11-22,147.4,147.64,146.125,146.62,130.862578541999,15267367,0,1
2021-11-23,145.93,146.11,144.5,144.5,128.970417400893,15321246,0,1
2021-11-24,144.94,146.82,144.79,146.82,131.041084310028,13769705,0,1
2021-11-26,148.83,150.68,148.67,150.53,134.352366306965,20064778,0,1
2021-11-29,148.31,149.635,148.17,149.32,133.27240641039,23234231,0,1
2021-11-30,150.83,152.07,150.25,151.59,135.298446877518,31481117,0,1
2021-12-01,150.485,152.41,149.79,152.34,136.132210726298,30838845,0.1842,1
2021-12-02,152.93,152.99,150.76,152.53,136.301996206396,17754176,0,1
2021-12-03,151.68,155.12,151.35,154.35,137.928362384168,34427106,0,1
2021-12-06,154.05,154.35,151.93,152.23,136.0339138694,30924205,0,1
2021-12-07,151.72,152.525,150.8601,151,134.934776287719,22115851,0,1
2021-12-08,150.472,150.48,148.36,148.39,132.602459955858,33633891,0,1
2021-12-09,149.34,149.84,148.48,149.22,133.344154421546,17544892,0,1
2021-12-10,149.92,150.24,148.81,148.86,133.022455617151,14298740,0,1
2021-12-13,150.39,151.305,150.31,151.06,134.988392755118,17860465,0,1
2021-12-14,150.37,150.93,149.31,150.7,134.666693950723,14015451,0,1
2021-12-15,149.6139,150.79,149.13,149.25,133.370962655245,25383933,0,1
2021-12-16,148.75,149.88,148.73,149.14,133.422439825595,18677893,0.1676,1
2021-12-17,150.34,150.98,150.16,150.83,134.934334175235,18094619,0,1
2021-12-20,150.75,151.02,149.595,149.7,133.923422568671,17147276,0,1
2021-12-21,148.14,149.2,147.62,149.13,133.413493705183,16598163,0,1
2021-12-22,149.73,149.86,149.02,149.82,134.030776013616,12253936,0,1
2021-12-23,149.59,149.6,148.03,148.52,132.867780360047,11642576,0,1
2021-12-27,148.46,149.01,148.32,148.88,133.189840694881,7822856,0,1
2021-12-28,149.6,149.78,148.01,148.29,132.662019590569,9176428,0,1
2021-12-29,146.91,147.309,146.41,146.67,131.212748083814,11771223,0,1
2021-12-30,147.25,147.9699,146.45,147.9,132.313120894498,10355046,0,1
2021-12-31,147.81,149.03,147.43,148.19,132.572558386448,13370899,0,1
2022-01-03,146.41,146.94,144.28,144.3,129.092517546154,33860382,0,1
2022-01-04,143.61,144.13,142.74,143.7,128.555750321429,21996350,0,1
2022-01-05,144.14,144.16,142.71,142.92,127.857952929288,20911677,0,1
2022-01-06,142.59,143.44,142.29,143.29,128.188959384535,18996353,0,1
2022-01-07,143.13,143.236,141.56,142.26,127.267508982092,18756845,0,1
2022-01-10,141.65,142.805,141.36,142.61,127.580623196514,13775770,0,1
2022-01-11,142.88,143.63,142.695,143.56,128.430504635661,24286253,0,1
2022-01-12,143.9,144.01,142.995,143.01,127.938468012997,14440646,0,1
2022-01-13,143.39,144.42,143.03,144.28,129.074625305329,15166030,0,1
2022-01-14,143.42,143.46,141.795,142.1,127.124371055498,22997531,0,1
2022-01-18,140.96,141.31,140.02,140.1,125.335146973085,19305643,0,1
2022-01-19,140.53,141.71,140.31,141.07,126.202920653055,17715690,0,1
2022-01-20,141.37,141.99,141.09,141.94,126.981233128905,13958952,0,1
2022-01-21,143.4,144.1,142.67,143.63,128.493127478545,28916580,0,1
2022-01-24,144.3,144.365,142.43,142.45,127.437485269921,25005719,0,1
2022-01-25,143.11,143.71,141.8,142.22,127.231724500443,15598988,0,1
2022-01-26,142.26,142.57,140.49,140.5,125.692991789567,23655546,0,1
2022-01-27,142.41,143.365,142.33,143.08,128.001090855881,21501789,0,1
2022-01-28,142.09,143.46,141.85,143.13,128.045821457942,12826512,0,1
2022-01-31,142.18,142.95,141.96,142.39,127.383808547448,13998392,0,1
2022-02-01,142.28,142.36,141.055,141.72,126.961671542012,20806097,0.1981,1
2022-02-02,141.95,143.57,141.93,142.2,127.391685670859,18404569,0,1
2022-02-03,140.44,141.48,140.18,141.09,126.397277997901,17234053,0,1
2022-02-04,139.85,140.14,138.78,139.01,124.533883439565,23609757,0,1
2022-02-07,138.91,139.31,138.55,139.1,124.614511088724,12962436,0,1
2022-02-08,138.21,138.58,137.82,138.17,123.781358714083,16269187,0,1
2022-02-09,138.72,139.37,138.19,138.43,124.014283033875,14349139,0,1
2022-02-10,137.66,137.83,135.84,136.23,122.043384943327,30896240,0,1
2022-02-11,136.87,138.51,135.36,138.25,123.853027735557,43210273,0,1
2022-02-14,137.13,137.74,135.97,136.53,122.312143773857,23157421,0,1
2022-02-15,135.6,135.84,134.94,134.98,120.923556482789,18200703,0,1
2022-02-16,135.95,136.07,134.51,135.78,121.640246697533,16473677,0,1
2022-02-17,136.45,137.565,135.9,136.79,122.545068093649,24508242,0,1
2022-02-18,137.52,138.37,137.16,138.23,123.835110480189,17522577,0,1
2022-02-22,137.69,138.67,137.47,138.59,124.157621076824,19528367,0,1
2022-02-23,137.68,137.8499,136.565,136.68,122.446523189121,17757840,0,1
2022-02-24,139.1,139.37,136.25,136.77,122.52715083828,28150362,0,1
2022-02-25,136.86,137.31,136.18,136.87,122.616737115123,15025360,0,1
2022-02-28,138.43,140.045,138.32,139.87,125.304325420415,25817704,0,1
2022-03-01,140.36,142.33,140,141.3,126.750895637444,35664355,0.1847,1
2022-03-02,139.84,140.42,136.41,136.47,122.418221710135,30397410,0,1
2022-03-03,137.49,138.7,137.02,137.86,123.665098885903,20649063,0,1
2022-03-04,140.36,140.825,139.305,140.24,125.800039661679,25854808,0,1
2022-03-07,139.12,140.64,138.77,139.17,124.840213346519,23710932,0,1
2022-03-08,137.51,138.25,137.25,137.77,123.584365831357,28331275,0,1
2022-03-09,137.065,137.3403,136.13,136.42,122.373370013164,18819154,0,1
2022-03-10,134.83,135.17,133.72,134.46,120.615183491937,26868881,0,1
2022-03-11,134.33,135.45,134.21,134.91,121.018848764668,15583795,0,1
2022-03-14,132.7,132.89,131.72,131.76,118.193191855553,24384956,0,1
2022-03-15,132.86,133.15,131.19,131.53,117.986874049491,17518754,0,1
2022-03-16,131.83,133.13,130.32,132.82,119.144047831319,25857702,0,1
2022-03-17,132.82,133.34,131.07,131.83,118.255984231311,19330578,0,1
2022-03-18,132.57,133.535,132.57,133.44,119.700208873748,53962879,0,1
2022-03-21,131.28,131.67,129.75,130.35,116.928374000997,25754302,0,1
2022-03-22,128.96,129.335,128.34,128.68,115.430327322196,21376368,0,1
2022-03-23,129.37,131.6,128.86,131.5,117.959963031309,21266117,0,1
2022-03-24,129.65,131.18,129.6,130.47,117.036018073725,17141591,0,1
2022-03-25,129.5,129.52,127.65,128.66,115.412386643408,25382184,0,1
2022-03-28,129.39,130.56,129.04,129.76,116.39912397675,17657777,0,1
2022-03-29,130.56,131.55,129.74,130.74,117.278217237363,19319654,0,1
2022-03-30,130.07,132.01,129.985,131.76,118.193191855553,16310219,0,1
2022-03-31,131.98,132.67,131.66,132.08,118.480242716162,19900953,0,1
2022-04-01,130.01,132.96,129.71,132.38,118.930308863476,23489724,0.2017,1
2022-04-04,131.93,131.98,130.71,131.46,118.103780051311,13609923,0,1
2022-04-05,130.76,130.775,128.29,128.49,115.43552942943,23925314,0,1
2022-04-06,126.43,128.3,126.4,127.45,114.501192511331,22951954,0,1
2022-04-07,126.11,126.67,125.41,126.49,113.638727663854,23458768,0,1
2022-04-08,125.45,125.83,124.26,125.12,112.407918454435,26859158,0,1
2022-04-11,123.92,124.19,122.56,123.14,110.629084706515,30020696,0,1
2022-04-12,124.05,124.16,122.67,122.97,110.476356556441,23124178,0,1
2022-04-13,123.05,124.3,122.89,123.22,110.700956777138,17189500,0,1
2022-04-14,122.86,122.93,120.38,120.75,108.481906596651,34274530,0,1
2022-04-18,120.87,121.08,119.69,120.15,107.942866066978,18784253,0,1
2022-04-19,119.15,119.72,118.67,119.25,107.134305272469,26012315,0,1
2022-04-20,120.22,121.965,119.92,121.65,109.29046739116,31043201,0,1
2022-04-21,120.83,120.91,119.17,120.75,108.481906596651,23323244,0,1
2022-04-22,120.07,121.44,119.81,119.99,107.799121925732,19773405,0,1
2022-04-25,121.38,122.185,121.125,121.19,108.877202985078,25418916,0,1
2022-04-26,122.44,123.03,121.76,122.41,109.973252062079,26218679,0,1
2022-04-27,122.19,122.32,120.77,120.84,108.562762676102,14560521,0,1
2022-04-28,120.39,121.07,120.01,121.02,108.724474835004,16892495,0,1
2022-04-29,119.31,120.97,119.105,119.45,107.313985449027,26153421,0,1
2022-05-02,117.86,118.27,116.93,117.18,105.457107616419,29233885,0.2031,1
2022-05-03,119.04,119.31,117.89,117.97,106.168074633119,21256662,0,1
2022-05-04,117.97,118.965,117.35,118.62,106.753047494962,25480557,0,1
2022-05-05,116.35,116.47,114.015,115.37,103.82818318575,48384528,0,1
2022-05-06,114.14,115.04,113.31,113.67,102.298254162471,32790491,0,1
2022-05-09,112.86,114.71,112.62,114.67,103.198212411459,26773036,0,1
2022-05-10,115.89,116.96,115.48,115.71,104.134168990406,33640756,0,1
2022-05-11,114.74,117.94,114.44,117.94,106.14107588565,34173628,0,1
2022-05-12,118.02,118.89,117.655,117.72,105.943085070872,26405693,0,1
2022-05-13,116.98,117.15,115.9,115.98,104.377157717633,20782747,0,1
2022-05-16,116.21,116.935,115.85,115.86,104.269162727755,11050571,0,1
2022-05-17,114.71,115.35,114.36,114.46,103.009221179171,15040753,0,1
2022-05-18,114.72,117,114.61,116.9,105.205119306702,21337265,0,1
2022-05-19,118.64,118.72,116.8537,117.18,105.457107616419,21937465,0,1
2022-05-20,117.09,119.02,117.06,118.51,106.654052087573,22780940,0,1
2022-05-23,117.705,118.25,116.54,116.56,104.899133502046,15925189,0,1
2022-05-24,117.9,119.638,117.86,118.86,106.969037474719,23388212,0,1
2022-05-25,119.61,119.62,118.59,119.33,107.392017851743,14410842,0,1
2022-05-26,119.02,119.09,117.8,118.79,106.90604039729,14912949,0,1
2022-05-27,119.36,119.737,118.74,119.08,107.167028289496,11190426,0,1
2022-05-31,117.18,117.23,115.928,116.56,104.899133502046,28393674,0,1
2022-06-01,117.03,117.34,115.69,116.22,104.779833236644,15544848,0.2074,1
2022-06-02,116.63,116.71,115.46,116.28,104.833927110282,9832015,0,1
2022-06-03,115.09,116.06,114.87,116.03,104.608535970124,15330410,0,1
2022-06-06,115.15,115.51,113.81,113.89,102.679187810371,20815373,0,1
2022-06-07,114.61,115.775,114.58,115.12,103.788112219949,14278653,0,1
2022-06-08,114.68,115.13,114.08,114.1,102.868516368104,11476139,0,1
2022-06-09,113.835,114.71,113.68,114.48,103.211110901144,15527256,0,1
2022-06-10,114.36,114.61,112.965,113.77,102.571000063096,21917058,0,1
2022-06-13,111.49,111.67,109.24,110.2,99.3524145816396,36968312,0,1
2022-06-14,110.53,110.98,108.59,108.81,98.0992398423612,21865876,0,1
2022-06-15,110.085,110.99,109.03,110.84,99.9294159004441,25202801,0,1
2022-06-16,108.45,111.72,108.115,111.72,100.7227927138,26067258,0,1
2022-06-17,112.01,112.83,110.96,112.08,101.047355955628,21614262,0,1
2022-06-21,110.09,111.015,109.8128,110.18,99.334383290427,17663799,0,1
2022-06-22,112.69,113.31,112.38,113.21,102.066123909142,23703814,0,1
2022-06-23,113.9,115.165,113.49,114.14,102.904578950529,20669222,0,1
2022-06-24,113.46,114.17,112.5,112.56,101.480106944731,18161250,0,1
2022-06-27,111.22,112.22,111.16,111.6,100.614604966524,12053040,0,1
2022-06-28,111.29,112.18,110.87,112.12,101.083418538053,13708196,0,1
2022-06-29,112.38,113.9,112.17,113.87,102.661156519159,12925357,0,1
2022-06-30,114.859,115.77,114.75,114.87,103.562721079791,25802128,0,1
2022-07-01,115.9,117.59,115.22,115.82,104.623807572216,21858829,0.2269,1
2022-07-05,116.89,117.75,116.17,116.73,105.44583886984,16689670,0,1
2022-07-06,117.39,117.54,114.77,114.77,103.675309921113,20205365,0,1
2022-07-07,115.1,115.17,113.51,113.76,102.762945513861,13087988,0,1
2022-07-08,113.5,113.5,112.05,112.5,101.624748332536,15320004,0,1
2022-07-11,113.79,114.79,113.7,114.44,103.377210659337,13639942,0,1
2022-07-12,115.51,116.23,114.97,115.12,103.991475804814,18547318,0,1
2022-07-13,113.77,116.65,113.45,116.44,105.183872851916,20594832,0,1
2022-07-14,115.08,116.16,114.47,115.49,104.325708310441,15664987,0,1
2022-07-15,115.84,116.82,115.6,116.14,104.912873523029,16022586,0,1
2022-07-18,115.25,115.32,114.18,114.93,103.819842896519,15838268,0,1
2022-07-19,114.91,115.15,113.66,114.31,103.25977761682,9276754,0,1
2022-07-20,115.48,115.55,114.05,114.61,103.530776945706,9117311,0,1
2022-07-21,115.19,116.7195,115.01,116.59,105.319372516359,14754886,0,1
2022-07-22,118.29,119.27,117.97,118.55,107.089901465086,17715311,0,1
2022-07-25,116.71,117.54,116.47,117.39,106.04203739339,24868134,0,1
2022-07-26,118.86,119.24,117.395,117.48,106.123337192056,13535963,0,1
2022-07-27,118.01,118.485,116.71,116.82,105.527138668506,15725564,0,1
2022-07-28,118.045,118.92,117.32,117.75,106.367236588055,16637914,0,1
2022-07-29,117.7,119.305,117.33,117.43,106.078170637242,16655870,0,1
2022-08-01,118.25,120.1,118.08,120.04,108.628313165304,17974560,0.213,1
2022-08-02,120.15,120.69,117.285,117.5,106.329780047677,17896257,0,1
2022-08-03,117.17,119.49,116.3336,119.35,108.003908499492,16731172,0,1
2022-08-04,118.98,119.55,118.54,119.31,107.967711127561,11003006,0,1
2022-08-05,117.07,117.11,115.89,116.47,105.397697720451,19492287,0,1
2022-08-08,117.64,118.53,117.56,118.35,107.098974201214,17477736,0,1
2022-08-09,117.73,118.359,117.46,117.89,106.682704424006,8223201,0,1
2022-08-10,117.73,118.91,116.73,117.12,105.985905014332,14665302,0,1
2022-08-11,116.87,117.06,114.09,114.39,103.515434380032,20663783,0,1
2022-08-12,115.1,115.57,114.43,115.55,104.565158166035,12178401,0,1
2022-08-15,116.33,116.745,115.45,115.45,104.474664736207,9031814,0,1
2022-08-16,115.25,116.02,114.24,115.93,104.909033199381,11065955,0,1
2022-08-17,115.06,115.1,114.31,114.72,103.814062698464,14131281,0,1
2022-08-18,114.97,115.64,114.585,114.89,103.967901529171,10738208,0,1
2022-08-19,113.23,113.335,112.74,113.04,102.293773077357,16330898,0,1
2022-08-22,112.86,112.96,112.13,112.66,101.949898044011,10457236,0,1
2022-08-23,112.19,113.48,111.735,112.04,101.388838779079,17813184,0,1
2022-08-24,111.485,111.87,110.86,111.22,100.646792654491,13971626,0,1
2022-08-25,111.32,113.09,110.99,112.77,102.049440816822,21429692,0,1
2022-08-26,112.3,113.99,112.01,113.62,102.818634970358,18764391,0,1
2022-08-29,112.94,113.01,112.1324,112.68,101.967996729977,14231060,0,1
2022-08-30,112.62,113.51,112.21,112.96,102.221378333495,14346559,0,1
2022-08-31,112.69,113.34,111.575,111.88,101.244049291354,13623548,0,1
2022-09-01,109.87,110.25,108.94,109.6,99.3944857518041,22490448,0.2361,1
2022-09-02,109.68,110.56,109.47,110.22,99.9567538281373,13024448,0,1
2022-09-06,108.9,108.97,107.42,107.49,97.480960524283,24594493,0,1
2022-09-07,108.32,109.48,108.21,109.19,99.0226633142289,17050131,0,1
2022-09-08,108.84,109.52,108.05,108.07,98.0069532408528,14671366,0,1
2022-09-09,108.33,108.795,107.63,108.31,98.2246053994334,12529797,0,1
2022-09-12,108.63,108.89,106.92,107.42,97.417478644697,14806921,0,1
2022-09-13,106.56,107.735,106.24,107.67,97.6441996432185,22158884,0,1
2022-09-14,107.34,108.21,107.115,108.04,97.9797467210303,13077844,0,1
2022-09-15,107.85,108.19,107.58,107.97,97.9162648414442,10260164,0,1
2022-09-16,107.03,108.05,106.765,107.07,97.100069246767,18903848,0,1
2022-09-19,106.96,107.82,106.8,107.32,97.3267902452884,11084426,0,1
2022-09-20,105.69,106.84,105.4,106.25,96.3564243716167,20133840,0,1
2022-09-21,106.7,108.04,105.97,108.03,97.9706778810894,23132922,0,1
2022-09-22,105.79,105.96,104.73,105.27,95.4676780574126,28973782,0,1
2022-09-23,105.34,106.425,104.56,105.7,95.8576381748695,23042234,0,1
2022-09-26,105.36,105.41,103.22,103.68,94.0257325068161,25104572,0,1
2022-09-27,102.71,102.98,100.9,100.95,91.5499392029619,34609453,0,1
2022-09-28,103.13,104.45,102.48,104.33,94.6152071029719,39283095,0,1
2022-09-29,102.9,104.225,102.8,103.79,94.1254897461656,19127141,0,1
2022-09-30,104.27,104.86,102.225,102.45,92.9102651940906,26485690,0,1
2022-10-03,103.85,104.68,103.15,103.83,94.3831481852613,27192238,0.2441,1
2022-10-04,104.15,104.6499,103.3,103.54,94.1195334980444,13788739,0,1
2022-10-05,102.73,102.84,101.5802,102.55,93.2196074968558,20522057,0,1
2022-10-06,102.59,102.84,101.53,101.98,92.7014682840503,13965691,0,1
2022-10-07,100.81,101.62,100.47,100.99,91.8015422828617,14814780,0,1
2022-10-10,100.5,100.51,98.795,99.42,90.3743869072395,15652632,0,1
2022-10-11,99.74,100.9,98.99,99.86,90.7743540188788,33246713,0,1
2022-10-12,99.275,100.535,99.19,100.35,91.219771938659,21447565,0,1
2022-10-13,98.36,100.38,98.34,99.39,90.347116422355,30292454,0,1
2022-10-14,100.19,100.19,98.25,98.57,89.6017231688452,18732892,0,1
2022-10-17,99.29,99.66,97.94,98.09,89.1653954106932,18969871,0,1
2022-10-18,97.95,98.46,96.87,98.32,89.3744691281411,16931451,0,1
2022-10-19,97.19,97.42,96.32,96.53,87.7473301966991,25431577,0,1
2022-10-20,95.93,96.33,94.74,94.88,86.2474535280515,25434934,0,1
2022-10-21,93.02,93.93,92.26,93.17,84.6930358896349,46280271,0,1
2022-10-24,92.82,93.55,91.85,92.4,83.993093444266,31332597,0,1
2022-10-25,94.58,95.225,94.44,95.09,86.438346922243,31213113,0,1
2022-10-26,95.77,96.69,95.765,96.46,87.6836990653019,24854742,0,1
2022-10-27,96.98,97.9,96.215,97.47,88.6018053897468,20270036,0,1
2022-10-28,96.86,97.625,96.41,96.8,87.9927645606596,22244089,0,1
2022-10-31,96.36,96.62,95.03,96.11,87.3655434083161,23956687,0,1
2022-11-01,97.38,97.42,96.21,96.77,88.1796919173328,17585088,0.2356,1
2022-11-02,96.91,97.63,95.96,96.35,87.7969754700322,25010515,0,1
2022-11-03,95.17,96.38,95.09,95.83,87.3231360590885,29097497,0,1
2022-11-04,95.1,95.655,94.22,94.22,85.8560563444362,23561369,0,1
2022-11-07,94.8,94.86,93.24,93.28,84.999500486192,14522820,0,1
2022-11-08,93.8,94.96,93.7698,94.3,85.9289547153506,20360550,0,1
2022-11-09,93.82,95.02,93.69,94.61,86.2114359026439,15637456,0,1
2022-11-10,96.725,98.43,96.64,98.25,89.5283117792492,45380877,0,1
2022-11-11,97.57,98.37,97.54,97.89,89.2002691101344,15943114,0,1
2022-11-14,97.91,97.985,97.09,97.65,88.9815739973912,13711928,0,1
2022-11-15,98.25,99.3,98.11,99.23,90.4213168229506,26608180,0,1
2022-11-16,100.02,101.45,99.74,101.4,92.3986851340037,28507673,0,1
2022-11-17,100.2,100.57,99.78,100.33,91.4236694230236,24536378,0,1
2022-11-18,100.6,100.885,99.545,99.64,90.7949209738869,14941277,0,1
2022-11-21,100.69,100.815,99.8,100.06,91.1776374211875,15534009,0,1
2022-11-22,100.65,101.62,100.5319,101.48,92.4715835049181,18103116,0,1
2022-11-23,102.14,103.25,102.08,103.25,94.0844599613993,23234587,0,1
2022-11-25,102.61,102.93,102.43,102.9,93.7655295886488,9486076,0,1
2022-11-28,103.61,103.805,102.685,103.19,94.0297861832135,14569219,0,1
2022-11-29,102.15,102.96,101.91,101.98,92.9271983231332,16576438,0,1
2022-11-30,101.615,102.73,101.37,102.73,93.6106205504557,21581659,0,1
2022-12-01,103.15,105.81,103.1,105.76,96.5942078089292,53156786,0.2442,1
2022-12-02,105.3,107.1,104.605,107.09,97.808942078841,24479525,0,1
2022-12-05,105.84,105.99,104.9,105.59,96.4389410225495,20159732,0,1
2022-12-06,106.5,107.39,106.19,106.95,97.6810753135872,21754513,0,1
2022-12-07,108.37,109.68,108.2,109.47,99.9826770881569,30546679,0,1
2022-12-08,108.7,109.45,108.47,109.17,99.7086768768986,13377290,0,1
2022-12-09,107.94,108.17,106.27,106.33,97.11480821032,25872173,0,1
2022-12-12,107.86,108.11,106.26,106.67,97.4253417830794,16897091,0,1
2022-12-13,109.04,109.08,107.455,107.7,98.3660758417329,23854670,0,1
2022-12-14,107.66,108.32,106.8927,108.16,98.7862094989957,19517531,0,1
2022-12-15,108.39,109.12,108.16,108.32,99.170777015503,20255470,0.2611,1
2022-12-16,106.6,107.83,106.31,107.11,98.0629793771282,20838343,0,1
2022-12-19,105.83,105.84,104.98,105.31,96.4150159481409,26126829,0,1
2022-12-20,103.38,103.81,103.1,103.44,94.7029650524708,28869030,0,1
2022-12-21,104.29,104.4,102.96,103.7,94.9410042144356,15894092,0,1
2022-12-22,103.67,104.12,103.38,103.68,94.9226935096691,11322512,0,1
2022-12-23,102.58,102.81,102.0225,102.16,93.5310799474131,15408891,0,1
2022-12-27,100.49,101.07,100.01,100.14,91.681698765994,26475730,0,1
2022-12-28,100.65,100.78,99.35,99.55,91.1415329753815,17302853,0,1
2022-12-29,99.86,100.99,99.79,100.68,92.1760877946902,16592967,0,1
2022-12-30,99.87,100.55,99.37,99.56,91.1506883277648,20810209,0,1
2023-01-03,102.2,102.34,100.84,101.46,92.8902052805847,25313228,0,1
2023-01-04,103.22,103.475,102.21,102.85,94.1627992618583,21678210,0,1
2023-01-05,101.87,103.288,101.78,103.28,94.5564794143386,14771117,0,1
2023-01-06,102.7,105.3,102.64,105.18,96.2959963671585,27473733,0,1
2023-01-09,104.41,105.93,104.27,105.74,96.8086961006212,21472166,0,1
2023-01-10,104.53,104.82,103.5,103.99,95.2065094335502,20545215,0,1
2023-01-11,104.97,105.72,104.7,105.68,96.7537639863217,18794029,0,1
2023-01-12,105.82,107.81,104.56,107.76,98.6580772820403,32029608,0,1
2023-01-13,107.1,107.8,106.38,106.75,97.7333866913308,17750775,0,1
2023-01-17,105.67,106.66,105.65,106.06,97.1016673768856,13911676,0,1
2023-01-18,108.46,108.77,107.12,108.63,99.4545929393842,35497241,0,1
2023-01-19,108.1,108.37,107.44,107.95,98.8320289773223,17194653,0,1
2023-01-20,106.96,107.24,106.11,106.2,97.2298423102513,22754067,0,1
2023-01-23,105.57,106.2,105.49,105.7,96.7720746910882,12961516,0,1
2023-01-24,106.12,107.45,105.39,107.22,98.1636882533441,16417220,0,1
2023-01-25,107.37,107.905,106.64,107.48,98.401727415309,11906502,0,1
2023-01-26,107.14,107.65,106.49,106.98,97.9439597961458,15549352,0,1
2023-01-27,106.19,106.96,106.11,106.71,97.6967652817977,11845473,0,1
2023-01-30,106.46,107.16,106.19,106.32,97.3397065388505,11459667,0,1
2023-01-31,106.98,107.28,105.87,107.17,98.1179114914278,13705345,0,1
2023-02-01,107.55,108.59,106.42,108.18,99.2948283781553,25305791,0.2755,1
2023-02-02,108.92,109.352,108.085,108.32,99.4233297275077,19548415,0,1
2023-02-03,106.77,107.11,106.08,106.7,97.9363855421443,20619484,0,1
2023-02-06,105.75,106.305,105.68,105.91,97.2112707850844,15182444,0,1
2023-02-07,105.33,106.23,105,105.06,96.4310840211592,18290306,0,1
2023-02-08,105.04,105.58,104.39,105.56,96.8900174117034,13530655,0,1
2023-02-09,106.47,106.62,104.39,104.56,95.9721506306149,20469923,0,1
2023-02-10,104.4,104.44,103.115,103.39,94.8982464967413,16598349,0,1
2023-02-13,103.71,104.415,103.58,104.26,95.6967905962883,13134299,0,1
2023-02-14,104.2,104.83,103.135,104.02,95.4765025688271,15440317,0,1
2023-02-15,103.55,103.95,102.495,103.05,94.5861717911712,15567607,0,1
2023-02-16,102.07,102.22,101.33,101.59,93.246086290782,19267327,0,1
2023-02-17,101.1,102.38,100.965,102.38,93.9712010478419,19560871,0,1
2023-02-21,101.005,101.2,100.28,100.39,92.1446461534758,22727975,0,1
2023-02-22,100.99,101.69,100.95,101.31,92.9890835920772,15165423,0,1
2023-02-23,101.54,102.59,101.47,102.3,93.8977717053549,15829077,0,1
2023-02-24,101.44,101.795,100.56,100.97,92.6770088865071,21403577,0,1
2023-02-27,101.29,101.7,100.91,101.25,92.9340115852119,14209183,0,1
2023-02-28,100.57,101.72,100.28,101.71,93.3562303045126,14955716,0,1
2023-03-01,100.82,101.03,99.96,100.37,92.3555407322994,19000033,0.2498,1
2023-03-02,99.06,99.645,98.88,99.48,91.5366064765283,23769180,0,1
2023-03-03,100.93,101.9,100.57,101.89,93.7541700230545,30877342,0,1
2023-03-06,102.22,102.34,100.99,101.1,93.0272508522015,16631871,0,1
2023-03-07,101.46,102.365,100.88,101.72,93.5977443786938,23096462,0,1
2023-03-08,102.4,102.97,101.42,101.82,93.6897594636119,20252359,0,1
2023-03-09,101.55,102.52,101.33,102.07,93.9197971759071,21550356,0,1
2023-03-10,104.03,105.6939,104,105.59,97.1587281650243,43921484,0,1
2023-03-13,108.2,109.1,105.04,105.83,97.3795643688278,51502460,0,1
2023-03-14,105.14,105.61,103.75,104.09,95.7785018912528,38417777,0,1
2023-03-15,106.78,107.71,105.345,106.1,97.6280050981066,45164118,0,1
2023-03-16,107.38,108.03,105.04,105.27,96.8642798932864,43103531,0,1
2023-03-17,106.65,107.73,106.46,106.85,98.3181182349924,38128985,0,1
2023-03-20,106.88,106.96,105.72,105.91,97.4531764367622,24242781,0,1
2023-03-21,105.08,105.42,104.54,105,96.6158391640075,18934923,0,1
2023-03-22,104.66,106.45,104.44,106.4,97.904050352861,26388481,0,1
2023-03-23,105.36,106.55,104.82,106.4,97.904050352861,25475128,0,1
2023-03-24,107.09,107.43,106.26,106.85,98.3181182349924,23657586,0,1
2023-03-27,105.05,105.76,104.325,104.34,96.008539603548,22224508,0,1
2023-03-28,104.24,104.68,104.02,104.53,96.1833682648924,17794343,0,1
2023-03-29,103.7,104.45,103.6,104.32,95.9901365865644,16804393,0,1
2023-03-30,104.46,105.05,104.27,104.8,96.4318089941713,14315802,0,1
2023-03-31,105.35,106.56,105.075,106.37,97.8764458273855,25396684,0,1
2023-04-03,105.88,107.095,105.7,106.6,98.3353756641688,18234843,0.2688,1
2023-04-04,105.78,107.8,105.75,107.13,98.8242851304166,18052419,0,1
2023-04-05,107.77,108.37,107.41,108.25,99.857452304374,23047703,0,1
2023-04-06,108.42,108.87,108.39,108.53,100.115744097863,16447295,0,1
2023-04-10,107.64,107.7618,106.56,106.78,98.5014203885548,19134399,0,1
2023-04-11,107.05,107.09,106.51,107,98.7043639405822,13971249,0,1
2023-04-12,107.05,107.165,105.88,106.89,98.6028921645685,20563001,0,1
2023-04-13,107.05,107.39,105.88,106.05,97.8280167841004,22079384,0,1
2023-04-14,105.39,105.55,104.77,105.08,96.9332202137979,19801897,0,1
2023-04-17,104.42,104.59,103.71,103.83,95.7801318500061,19483964,0,1
2023-04-18,103.81,104.585,103.8,104.2,96.1214460056885,15922623,0,1
2023-04-19,103.91,104.237,103.475,104.1,96.0291989365851,16093905,0,1
2023-04-20,104.83,105.28,104.753,104.99,96.8501978516049,16450090,0,1
2023-04-21,105.3,105.46,104.27,104.4,96.3059401438952,15244718,0,1
2023-04-24,104.96,105.4875,104.84,105.41,97.237635541839,17034309,0,1
2023-04-25,106.33,107.13,106.28,106.96,98.6674651129409,21899884,0,1
2023-04-26,106.79,107.24,105.67,105.82,97.6158485251627,19550658,0,1
2023-04-27,105.2,105.27,104.61,104.77,96.6472542995775,20247619,0,1
2023-04-28,106.21,106.76,105.86,106.46,98.2062297674241,26954077,0,1
2023-05-01,105.27,105.42,102.84,103.13,95.3816198991262,32487293,0.268,1
2023-05-02,104,105.7,103.89,105.7,97.7585302369595,30057756,0,1
2023-05-03,106,106.6,105.275,106.29,98.3042022600419,23656168,0,1
2023-05-04,105.22,106.45,105.15,105.24,97.3330910325224,25110469,0,1
2023-05-05,104.35,104.9,104.105,104.89,97.0093872900159,15096463,0,1
2023-05-08,103.515,103.87,103.32,103.42,95.6498315714887,20587042,0,1
2023-05-09,103.5,103.64,103,103.05,95.3076304722675,19182506,0,1
2023-05-10,103.67,104.24,103.64,104.05,96.2324983080003,22886805,0,1
2023-05-11,105.295,105.52,104.72,105.15,97.2498529273065,19147223,0,1
2023-05-12,105.05,105.25,104.25,104.27,96.4359692318616,14198538,0,1
2023-05-15,103.39,103.47,103.12,103.19,95.4371119692701,20085302,0,1
2023-05-16,102.4,102.9,102.11,102.88,95.1504029401929,29251698,0,1
2023-05-17,103.08,103.16,102.345,102.58,94.8729425894731,21340887,0,1
2023-05-18,102.2,102.26,101.75,101.82,94.1700430343162,25536613,0,1
2023-05-19,101.26,101.86,100.93,101.1,93.5041381925885,29038022,0,1
2023-05-22,101.25,101.71,100.67,100.74,93.1711857717247,20131107,0,1
2023-05-23,100.43,101.25,100.275,101.03,93.4393974440872,21749470,0,1
2023-05-24,101.28,101.36,100.53,100.53,92.9769635262208,18473351,0,1
2023-05-25,100.7,100.8,100.03,100.28,92.7457465672876,22492819,0,1
2023-05-26,100.12,101.1733,100,101.09,93.4948895142312,17030266,0,1
2023-05-30,101.4,102.24,101.25,102.1,94.4290060283213,23125160,0,1
2023-05-31,101.99,103.18,101.87,102.99,95.2521384021235,23742666,0,1
2023-06-01,103.28,103.63,102.63,103.12,95.6249036087122,21040382,0.273,1
2023-06-02,103,103.065,101.94,101.99,94.5770356773909,19136515,0,1
2023-06-05,101.35,102.4399,101.21,101.8,94.4008454942484,14433172,0,1
2023-06-06,101.84,102.47,101.39,102.4,94.9572355462774,14332121,0,1
2023-06-07,102.17,102.43,100.78,100.88,93.5477140811374,25251099,0,1
2023-06-08,100.87,102.14,100.8,102.06,94.6419478501277,23848659,0,1
2023-06-09,101.6,102.265,101.34,101.92,94.5121235046542,22148561,0,1
2023-06-12,102.24,102.3,101.12,102.22,94.7903185306687,19024132,0,1
2023-06-13,102.11,102.33,100.965,101.21,93.8537286097533,25910828,0,1
2023-06-14,101.63,102.29,101.46,102.02,94.6048551799924,29094244,0,1
2023-06-15,103.03,103.63,102.6,103,95.5136255983064,25731994,0,1
2023-06-16,102.44,102.8269,102.03,102.6,95.1426988969537,16759084,0,1
2023-06-20,103.11,103.6581,103.11,103.31,95.8010937918547,17163972,0,1
2023-06-21,102.81,103.65,102.34,103.56,96.0329229802001,19720142,0,1
2023-06-22,102.8,103.25,102.2,102.31,94.8737770384731,23633350,0,1
2023-06-23,103.83,103.95,102.98,103.33,95.8196401269223,22901918,0,1
2023-06-26,103.62,103.8,103.16,103.44,95.9216449697943,12894937,0,1
2023-06-27,103.59,103.95,102.76,103.17,95.6712694463813,18105686,0,1
2023-06-28,103.41,103.84,102.827,103.61,96.0792888178692,23826807,0,1
2023-06-29,102.17,102.34,101.45,101.74,94.3452064890455,41091617,0,1
2023-06-30,102.06,103.06,101.87,102.94,95.4579865931035,32024910,0,1
2023-07-03,102.84,103.255,102.06,102.08,94.9180248846774,16011810,0.2777,1
2023-07-05,101.89,102,100.74,101.11,94.0160804867725,28170286,0,1
2023-07-06,100.2,100.38,99.47,99.68,92.6864098795518,41375735,0,1
2023-07-07,99.18,99.6,98.985,99.08,92.1285061282703,28996478,0,1
2023-07-10,98.86,99.53,98.85,99.21,92.2493852743813,24665198,0,1
2023-07-11,99.57,99.97,99.29,99.72,92.7236034629705,20491147,0,1
2023-07-12,100.1,101.12,99.765,100.83,93.7557254028411,31927964,0,1
2023-07-13,101.31,101.97,101.03,101.89,94.7413553634383,32441493,0,1
2023-07-14,101.72,101.935,101.235,101.29,94.1834516121569,18568974,0,1
2023-07-17,101.23,101.485,100.92,101.34,94.2299435914303,18828245,0,1
2023-07-18,101.8,102.065,101.57,101.8,94.6576698007461,15412764,0,1
2023-07-19,102,102.98,101.725,102.95,95.7269853240355,27192463,0,1
2023-07-20,102.22,102.31,101.28,101.7,94.5646858421992,56951188,0,1
2023-07-21,102.16,102.345,101.63,101.73,94.5925810297633,20657453,0,1
2023-07-24,101.985,102.15,101.3,101.36,94.2485403831397,17546711,0,1
2023-07-25,100.83,101.5,100.8,101.17,94.0718708619006,17160556,0,1
2023-07-26,101.68,101.69,100.9256,101.27,94.1648548204475,19310659,0,1
2023-07-27,100.71,100.925,98.91,99.3,92.3330708370735,44794390,0,1
2023-07-28,99.4,99.86,99.15,99.81,92.8072890256627,27433966,0,1
2023-07-31,99.65,100.33,99.62,100.05,93.0304505261753,28665164,0,1
2023-08-01,98.84,98.915,97.9,98.14,91.5104250186966,34985340,0.2753,1
2023-08-02,97.04,97.235,96.41,97.09,90.5313548508788,38121255,0,1
2023-08-03,95.19,95.32,94.535,94.85,88.442671826201,59449684,0,1
2023-08-04,95.15,96.68,95.13,96.53,90.0091840947094,42071834,0,1
2023-08-07,96.11,96.2,95.5,95.58,89.1233587047791,35862880,0,1
2023-08-08,96.86,97.37,96.44,96.69,90.1583757393292,24010511,0,1
2023-08-09,96.88,97.29,96.84,97.19,90.6245996287662,20151127,0,1
2023-08-10,97.04,97.355,95.59,95.59,89.1326831825678,37253246,0,1
2023-08-11,95.3,95.865,95.2,95.37,88.9275446712155,26753471,0,1
2023-08-14,95.21,95.93,94.9,95.16,88.731730637652,19071967,0,1
2023-08-15,94.798,95.195,94.56,94.58,88.190910925905,24125027,0,1
2023-08-16,94.28,94.79,93.72,93.84,87.5008995695383,23076663,0,1
2023-08-17,93.5,93.605,93.02,93.44,87.1279204579887,32244852,0,1
2023-08-18,93.43,94.19,93.3015,93.77,87.4356282250171,24181708,0,1
2023-08-21,92.66,92.76,92.23,92.52,86.2700685014245,29254118,0,1
2023-08-22,92.64,93.275,92.46,93.23,86.9321064244251,21323072,0,1
2023-08-23,94.3,95.55,94.23,95.54,89.0860607936241,38294655,0,1
2023-08-24,95.13,95.55,94.885,94.91,88.4986186929335,22300818,0,1
2023-08-25,94.66,95.51,94.51,95.22,88.7876775043844,23865213,0,1
2023-08-28,95.65,95.66,94.8897,95.32,88.8809222822718,16037346,0,1
2023-08-29,94.97,96.51,94.94,96.31,89.8040455833571,28478118,0,1
2023-08-30,96.16,96.4,95.88,96.21,89.7108008054697,17550106,0,1
2023-08-31,96.54,97.05,96.425,96.64,90.1117533503855,26959665,0,1
2023-09-01,95.8,95.82,94.62,94.85,88.7117566737807,32469677,0.2886,1
2023-09-05,94.28,94.285,93.49,93.52,87.467827982414,29435888,0,1
2023-09-06,94.09,94.11,93.46,93.75,87.6829434703947,23609041,0,1
2023-09-07,94,94.07,93.68,94.01,87.926117500286,18091459,0,1
2023-09-08,94.38,94.9,94.17,94.37,88.2628200032123,17054175,0,1
2023-09-11,93.7,93.98,93.55,93.69,87.6268263865737,17061472,0,1
2023-09-12,93.89,94.24,93.5808,94.23,88.1318801409632,20034330,0,1
2023-09-13,93.92,94.5301,93.82,94.21,88.1131744463561,23332277,0,1
2023-09-14,93.94,94.21,93.4,93.53,87.4771808297176,27800615,0,1
2023-09-15,93.46,93.48,92.96,92.96,86.9440685334175,25642922,0,1
2023-09-18,92.85,93.53,92.82,93.49,87.4397694405035,17963376,0,1
2023-09-19,93.08,93.43,92.8,92.8,86.7944229765614,24947684,0,1
2023-09-20,93.29,93.6,93.04,93.09,87.0656555483632,29451164,0,1
2023-09-21,91.285,91.365,90.69,90.7,84.8303250428246,59958747,0,1
2023-09-22,90.81,91.605,90.67,91.43,85.5130828959807,29530323,0,1
2023-09-25,89.66,90.04,89.15,89.18,83.4086922526912,45587914,0,1
2023-09-26,89.43,89.62,88.71,88.87,83.1187539862825,38104127,0,1
2023-09-27,89.535,89.62,88.09,88.41,82.6885230103211,47111201,0,1
2023-09-28,87.62,88.73,87.1,88.68,82.9410498875158,60238010,0,1
2023-09-29,89.27,89.49,88.13,88.69,82.9504027348193,49010145,0,1
2023-10-02,87.82,87.93,86.71,86.93,81.5661944278862,44704259,0.28,1
2023-10-03,86.31,86.65,84.885,85.06,79.811578258783,71362641,0,1
2023-10-04,85.77,86.31,85.37,86.26,80.9375351587423,56281598,0,1
2023-10-05,86.105,86.19,85.635,85.83,80.5340672695902,35758761,0,1
2023-10-06,84.2,85.685,84.06,84.79,79.5582379562921,62787857,0,1
2023-10-09,85.5,86.8,84.95,86.78,81.4254498153913,29424888,0,1
2023-10-10,85.85,87.17,85.52,86.66,81.3128541253954,54743911,0,1
2023-10-11,87.85,88.47,87.6,88.47,83.0111724495007,58517653,0,1
2023-10-12,88.05,88.1894,85.925,86.07,80.7592586495821,66986734,0,1
2023-10-13,87.6,87.83,87.17,87.61,82.2042366711965,44203089,0,1
2023-10-16,86.19,86.37,85.9,86.2,80.8812373137443,38309794,0,1
2023-10-17,84.89,85.6299,84.5045,85.25,79.9898547679432,52949096,0,1
2023-10-18,84.38,84.72,83.85,84.5,79.2861317054686,63724616,0,1
2023-10-19,83.88,84.57,82.74,82.77,77.6628771746939,87696929,0,1
2023-10-20,82.99,83.54,82.77,83.24,78.1038769605113,52188750,0,1
2023-10-23,82.81,84.86,82.42,84.24,79.0421743771441,70890435,0,1
2023-10-24,84.44,85.35,84.09,85.35,80.0836845096065,46267684,0,1
2023-10-25,84.02,84.13,83.13,83.45,78.3009194180042,60737170,0,1
2023-10-26,83.48,84.815,83.4,84.73,79.5019401112942,49704075,0,1
2023-10-27,84.19,84.97,83.74,84.37,79.1641530413064,32362270,0,1
2023-10-30,83.81,84.5,83.24,83.99,78.8076000229859,45026920,0,1
2023-10-31,84.365,84.77,83.55,83.58,78.4228980821665,37269235,0,1
2023-11-01,84.04,85.12,84.02,85.1,80.1177362611535,72308463,0.2863,1
2023-11-02,86.675,87.31,86.22,87.04,81.944157040785,69739356,0,1
2023-11-03,88.81,89.05,87.575,87.63,82.4996149067554,77692250,0,1
2023-11-06,87.07,87.2,86.6,86.78,81.699378998154,41341870,0,1
2023-11-07,87.61,88.5,87.59,88.06,82.9044401311067,37834193,0,1
2023-11-08,88.48,89.62,88.45,89.56,84.3166211462856,53893384,0,1
2023-11-09,88.94,89.03,86.74,87.5,82.3772258854399,88975095,0,1
2023-11-10,88.225,88.425,87.7749,87.99,82.8385383503983,36594021,0,1
2023-11-13,87.22,87.94,86.9,87.79,82.6502475483745,25661516,0,1
2023-11-14,90,90.15,89.29,89.78,84.5237410285119,65666823,0,1
2023-11-15,89.01,89.14,88.31,88.52,83.3375089757616,56205295,0,1
2023-11-16,89.3,89.96,89.25,89.62,84.3731083868928,49473882,0,1
2023-11-17,90.16,90.425,89.6358,90.04,84.7685190711429,44100610,0,1
2023-11-20,89.62,90.655,89.61,90.59,85.2863187767085,40517570,0,1
2023-11-21,90.5,90.8,89.885,90.55,85.2486606163038,27720966,0,1
2023-11-22,91.12,91.32,90.38,90.87,85.5499258995419,31215577,0,1
2023-11-24,90.1,90.26,89.79,89.8,84.5425701087143,20199626,0,1
2023-11-27,90.3,91.34,90.205,91.3,85.9547511238932,39804428,0,1
2023-11-28,90.91,91.53,90.785,91.48,86.1242128457147,44989267,0,1
2023-11-29,92.11,92.695,91.775,92.63,87.2068849573519,61647846,0,1
2023-11-30,91.97,92.29,91.155,91.56,86.1995291665243,60520870,0,1
2023-12-01,91.31,93.0599,91.1316,92.99,87.8178132935986,64172227,0.2889,1
2023-12-04,92.49,92.83,92.09,92.615,87.4636711279345,33766250,0,1
2023-12-05,93.63,94.62,93.565,94.61,89.3477074492672,73588581,0,1
2023-12-06,95.08,96.05,94.87,95.87,90.5376251258984,61365482,0,1
2023-12-07,95.18,96.08,95.06,95.32,90.0182166162578,47970168,0,1
2023-12-08,94.42,94.715,93.91,94.54,89.2816009116766,44809246,0,1
2023-12-11,94.01,94.44,93.53,94.34,89.0927250899891,33909733,0,1
2023-12-12,94.15,94.7,93.9004,94.62,89.3571512403516,36996909,0,1
2023-12-13,95.17,96.98,95.02,96.84,91.4536728610828,70828499,0,1
2023-12-14,97.66,99.04,97.42,99.04,93.8245687217047,87798591,0.3105,1
2023-12-15,98.69,99.35,98.58,99.15,93.9287761384998,59941256,0,1
2023-12-18,98.5,98.5,98.02,98.36,93.1803774178803,34746018,0,1
2023-12-19,98.855,99.26,98.66,98.89,93.6824676988022,29391072,0,1
2023-12-20,99.11,99.69,98.58,99.56,94.3171856010997,51229377,0,1
2023-12-21,99.74,99.84,98.75,98.93,93.7203613049095,65231183,0,1
2023-12-22,99.38,99.38,98.24,98.475,93.2893215354389,29244249,0,1
2023-12-26,98.54,98.87,98.48,98.76,93.5593134789535,24019749,0,1
2023-12-27,99.78,100.53,99.5,100.51,95.2171587461484,43990555,0,1
2023-12-28,100.09,100.57,99.56,99.78,94.5256004346899,36212985,0,1
2023-12-29,99.13,99.815,98.795,98.88,93.6729942972754,41616185,0,1
2024-01-02,98.2293,98.65,98,98.31,93.1330104102462,47797425,0,1
2024-01-03,97.38,98.85,97.15,98.72,93.5214198728462,58159496,0,1
2024-01-04,97.42,97.64,97.065,97.22,92.1004096438219,52604511,0,1
2024-01-05,96.5,97.68,96.21,96.29,91.219383301827,45857664,0,1
2024-01-08,96.23,97.38,96.09,97.24,92.1193564468756,39485848,0,1
2024-01-09,96.64,97.165,96.585,96.62,91.5320055522123,34373950,0,1
2024-01-10,96.92,97.045,96.121,96.17,91.105702483505,48227798,0,1
2024-01-11,96.17,96.83,95.71,96.71,91.6172661659537,78858911,0,1
2024-01-12,96.78,97.27,96.27,96.52,91.437271536944,38883928,0,1
2024-01-16,95.62,95.79,94.51,94.82,89.8267932773832,61716698,0,1
2024-01-17,94.6,95,94.16,94.67,89.6846922544808,55506807,0,1
2024-01-18,94.46,94.58,93.51,93.79,88.8510329201199,77339062,0,1
2024-01-19,93.71,94.165,93.26,94.09,89.1352349659248,47030912,0,1
2024-01-22,94.82,95.08,94.39,94.65,89.6657454514272,35756416,0,1
2024-01-23,93.89,93.99,93.4299,93.9,88.9552403369151,35786747,0,1
2024-01-24,94.51,94.54,93.1,93.35,88.4342032529395,54253634,0,1
2024-01-25,94,94.216,93.57,93.96,89.012080746076,57019409,0,1
2024-01-26,93.93,94.07,93.485,93.78,88.8415595185931,29276865,0,1
2024-01-29,94.31,95.165,94.12,94.86,89.8646868834905,38243550,0,1
2024-01-30,95.48,95.84,94.74,95.72,90.6793994147977,40151415,0,1
2024-01-31,96.22,96.91,96,96.66,91.5698991583196,80646722,0,1
2024-02-01,97.42,98.67,97.19,98.24,93.3604876223887,84291219,0.3101,1
2024-02-02,96.27,96.62,95.69,96.07,91.2982700110228,63823250,0,1
2024-02-05,94.63,94.85,94.02,94.13,89.4546284598478,53827357,0,1
2024-02-06,94.24,95.15,94.211,95.05,90.3289327006112,33411473,0,1
2024-02-07,94.57,95.23,94.52,94.59,89.8917805802295,40120215,0,1
2024-02-08,94.02,94.3,93.655,94.04,89.3690986971644,50087687,0,1
2024-02-09,93.76,94.01,93.6618,93.85,89.1885358648329,27951308,0,1
2024-02-12,93.9,94.14,93.5001,93.96,89.2930722414459,27890272,0,1
2024-02-13,92.86,93.059,92.33,92.35,87.7630398201099,49768460,0,1
2024-02-14,92.3,93.05,92.23,92.82,88.2096952474564,44191551,0,1
2024-02-15,93.56,93.72,93,93.3,88.6658539817678,49598494,0,1
2024-02-16,92.48,92.845,92.34,92.76,88.1526754056675,33116772,0,1
2024-02-20,92.79,93.19,92.72,92.84,88.2287018613861,24469329,0,1
2024-02-21,92.83,92.895,92.0063,92.18,87.601483601708,36404244,0,1
2024-02-22,92.33,92.76,92.265,92.63,88.0291324151248,45190659,0,1
2024-02-23,92.75,93.999,92.75,93.87,89.2075424787625,38406710,0,1
2024-02-26,94,94.03,93.19,93.59,88.9414498837476,27855044,0,1
2024-02-27,93.24,93.47,92.845,92.93,88.3142316240694,30241953,0,1
2024-02-28,93.08,93.595,92.9,93.52,88.8749267349938,34574178,0,1
2024-02-29,93.82,94.3,93.78,94.18,89.5021449946719,51038614,0,1
2024-03-01,93.44,94.51,93.01,94.47,90.0583108294968,45832788,0.2952,1
2024-03-04,93.7,94.155,93.68,94.09,89.6960565888362,23864210,0,1
2024-03-05,95.23,95.68,94.965,95.43,90.9734794374816,37721853,0,1
2024-03-06,95.49,96.17,95.41,95.99,91.5073277921393,40571580,0,1
2024-03-07,96.36,96.4,95.48,95.9,91.4215307351407,39075047,0,1
2024-03-08,95.8,96.045,95.48,95.73,91.2594696274768,25023234,0,1
2024-03-11,95.96,96.01,95.37,95.68,91.2118045958109,17711425,0,1
2024-03-12,95.04,95.21,94.69,94.88,90.449164089157,29546422,0,1
2024-03-13,94.5,94.74,94.21,94.42,90.010645797831,37654016,0,1
2024-03-14,93.73,93.75,92.86,92.97,88.6283598795207,58288590,0,1
2024-03-15,93.06,93.19,92.785,92.94,88.5997608605212,34997707,0,1
2024-03-18,92.73,92.99,92.5,92.66,88.3328366831923,29519539,0,1
2024-03-19,92.85,93.27,92.69,92.92,88.5806948478548,26953132,0,1
2024-03-20,93.1,93.79,92.29,92.89,88.5520958288553,43460080,0,1
2024-03-21,93.27,93.43,92.725,93.09,88.7427559555188,34276643,0,1
2024-03-22,94.19,94.21,93.78,93.98,89.5911935191713,30262284,0,1
2024-03-25,93.707,93.75,93.3,93.51,89.1431422215121,24011759,0,1
2024-03-26,93.51,93.87,93.2813,93.77,89.3910003861746,34422997,0,1
2024-03-27,93.99,94.7,93.94,94.7,90.2775699751598,50157816,0,1
2024-03-28,94.49,95.02,94.32,94.62,90.2013059244944,34540428,0,1
2024-04-01,93.29,93.3,92.455,92.55,88.5258085638916,48189410,0.3124,1
2024-04-02,91.57,92.2,91.335,92.04,88.0379840110273,42108944,0,1
2024-04-03,91.26,92.05,91.05,92.02,88.0188536364052,43685247,0,1
2024-04-04,92.63,92.76,92.04,92.68,88.6501559989354,47101025,0,1
2024-04-05,91.69,92.18,91.38,91.39,87.4162468358082,41234430,0,1
2024-04-08,91.23,91.59,91.13,91.38,87.4066816484972,37848090,0,1
2024-04-09,91.869,92.36,91.835,92.23,88.2197225699375,30502532,0,1
2024-04-10,91.2001,91.3,90.05,90.22,86.2971199204138,74368942,0,1
2024-04-11,90.38,90.44,89.51,89.81,85.9049472406602,65751184,0,1
2024-04-12,90.64,90.95,90.28,90.29,86.3640762315913,47900106,0,1
2024-04-15,89.22,89.26,88.523,88.89,85.0249500080424,55993060,0,1
2024-04-16,88.05,88.58,87.785,88.3,84.4606039566896,45103244,0,1
2024-04-17,88.87,89.375,88.46,89.28,85.3979923131739,57946990,0,1
2024-04-18,89.24,89.27,88.59,88.83,84.967558884176,43839454,0,1
2024-04-19,89.39,89.39,88.905,89.15,85.27364487813,44826771,0,1
2024-04-22,88.68,89.12,88.645,89,85.1301670684641,24969046,0,1
2024-04-23,88.73,89.54,88.55,89.03,85.1588626303973,27222722,0,1
2024-04-24,88.56,88.63,87.5,88.4,84.5562558298003,48986757,0,1
2024-04-25,87.46,87.9,87.34,87.78,83.9632142165143,49282640,0,1
2024-04-26,88.245,88.605,88.05,88.24,84.4032128328233,31589821,0,1
2024-04-29,88.66,89.015,88.48,88.98,85.111036693842,39228621,0,1
2024-04-30,88.42,88.73,88.095,88.22,84.3840824582011,41054666,0,1
2024-05-01,88.6,89.21,88.24,88.56,85.0036607706442,59679513,0.3077,1
2024-05-02,88.21,89.01,88.025,88.94,85.3684009591361,58925388,0,1
2024-05-03,89.93,90.12,89.27,89.84,86.2322593003012,50066075,0,1
2024-05-06,89.87,90.25,89.67,90.19,86.5682042107543,23868185,0,1
2024-05-07,90.9,91.24,90.6141,90.74,87.0961176414663,30525831,0,1
2024-05-08,90.31,90.46,90.16,90.19,86.5682042107543,31171659,0,1
2024-05-09,89.87,90.77,89.82,90.63,86.9905349553239,39606723,0,1
2024-05-10,90.28,90.38,89.96,90.12,86.5010152286636,21913759,0,1
2024-05-13,90.55,90.61,90.31,90.35,86.7217790269614,23157495,0,1
2024-05-14,90.65,90.9199,90.42,90.86,87.2112987536216,25746391,0,1
2024-05-15,91.87,92.255,91.63,92.1,88.4015035792268,65142886,0,1
2024-05-16,92.39,92.4205,91.94,92.01,88.3151177451103,37902425,0,1
2024-05-17,91.64,91.8,91.34,91.39,87.7200153323077,24755012,0,1
2024-05-20,91.08,91.315,91.01,91.12,87.4608578299582,17922808,0,1
2024-05-21,91.73,91.77,91.43,91.59,87.9119838525666,15334425,0,1
2024-05-22,91.27,91.7799,91.26,91.7,88.017566538709,38073722,0,1
2024-05-23,91.8,91.8,90.82,91.11,87.4512594039452,51294662,0,1
2024-05-24,90.97,91.47,90.9,91.38,87.7104169062948,19164425,0,1
2024-05-28,91.33,91.36,90.03,90.07,86.4530230985989,45973742,0,1
2024-05-29,89.34,89.395,88.68,88.98,85.4067946631879,45508378,0,1
2024-05-30,89.6,89.97,89.44,89.84,86.2322593003012,29571653,0,1
2024-05-31,90.48,90.66,90.25,90.45,86.8177632870908,41308832,0,1
2024-06-03,90.64,91.67,90.61,91.6,88.2174969533456,42272093,0.3083,1
2024-06-04,92.2,92.8,91.99,92.67,89.2479851819491,42581462,0,1
2024-06-05,93,93.35,92.3887,93.35,89.9028748973233,43153858,0,1
2024-06-06,92.92,93.43,92.86,93.21,89.7680446618051,22891863,0,1
2024-06-07,91.83,91.83,91.4,91.5,88.1211896422612,35240475,0,1
2024-06-10,91,91.06,90.65,90.89,87.5337150446461,20593244,0,1
2024-06-11,91.032,91.87,90.9223,91.83,88.4390037688399,30329207,0,1
2024-06-12,93.02,93.57,92.485,92.52,89.1035242153225,42554583,0,1
2024-06-13,93.22,93.99,92.95,93.88,90.4133036460708,33093758,0,1
2024-06-14,94.42,94.84,94.24,94.67,91.1741314036379,28776710,0,1
2024-06-17,93.52,93.81,93.28,93.73,90.2688426794442,31040202,0,1
2024-06-18,93.89,94.6,93.73,94.59,91.0970855547704,26881038,0,1
2024-06-20,93.41,94,93.34,93.96,90.4903494949384,30246274,0,1
2024-06-21,94.24,94.479,93.59,93.96,90.4903494949384,22830882,0,1
2024-06-24,94.05,94.34,93.735,94.34,90.8563172770593,56939096,0,1
2024-06-25,94.07,94.55,94.04,94.5,91.0104089747944,23160000,0,1
2024-06-26,93.28,93.465,93.11,93.15,89.7102602751545,38489135,0,1
2024-06-27,93.52,93.71,93.42,93.52,90.0665973261669,23140767,0,1
2024-06-28,93.73,93.765,91.78,91.78,88.3908501132976,55119554,0,1
2024-07-01,90.42,91.08,89.82,89.91,86.8702578308779,49735376,0.2911,1
2024-07-02,90.68,90.805,90.08,90.61,87.5465917256795,34204719,0,1
2024-07-03,91.17,91.89,91.085,91.8,88.6963593468423,35563313,0,1
2024-07-05,92.27,92.725,91.9,92.56,89.4306647183412,34895512,0,1
2024-07-08,92.54,92.845,92.2246,92.76,89.6239029739988,16095651,0,1
2024-07-09,92.47,92.675,91.87,92.35,89.2277645499007,30304136,0,1
2024-07-10,92.45,92.68,92.2603,92.64,89.5079600206042,23572469,0,1
2024-07-11,93.68,94.135,93.47,93.54,90.3775321710635,49761785,0,1
2024-07-12,93.53,93.94,93.34,93.94,90.7640086823787,27796476,0,1
2024-07-15,93,93.3,92.78,92.86,89.7205221018276,37918854,0,1
2024-07-16,93.53,94.21,93.39,94.17,90.9862326763849,36383720,0,1
2024-07-17,93.92,94.4,93.69,94.19,91.0055565019507,29036838,0,1
2024-07-18,93.68,94.14,93.38,93.47,90.3098987815833,34553075,0,1
2024-07-19,93.04,93.16,92.82,92.92,89.7784935785249,32164669,0,1
2024-07-22,93.4,93.52,92.3,92.65,89.5176219333871,36160366,0,1
2024-07-23,92.81,93.03,92.49,92.52,89.3920170672097,23497988,0,1
2024-07-24,92.59,92.85,91.47,91.52,88.4258257889216,50757116,0,1
2024-07-25,92.025,92.86,91.96,92.27,89.1504692476377,44999074,0,1
2024-07-26,92.95,93.15,92.71,92.99,89.8461269680051,34423772,0,1
2024-07-29,93.67,93.69,93.22,93.49,90.3292226071491,25801347,0,1
2024-07-30,93.75,94.05,93.3,93.85,90.6770514673328,28169820,0,1
2024-07-31,94.53,94.84,94.24,94.81,91.6045950944893,47445288,0,1
2024-08-01,95.14,95.905,95.12,95.31,92.39190185475,77254240,0.3149,1
2024-08-02,97,98.37,96.8901,98.28,95.2709696179292,91912942,0,1
2024-08-05,99.69,99.935,97.9,98.8,95.7750488222568,90686310,0,1
2024-08-06,98.15,98.41,96.59,96.59,93.6327122038642,61316860,0,1
2024-08-07,95.95,96.45,95.5,95.91,92.9735317058973,51337133,0,1
2024-08-08,95.115,95.4,94.84,95.32,92.4015956856024,37815770,0,1
2024-08-09,96.51,96.54,96.0906,96.26,93.3128157857332,32141763,0,1
2024-08-12,96.03,96.82,95.88,96.61,93.6520998655692,24261382,0,1
2024-08-13,97.3,97.36,96.98,97.28,94.3015865326836,30366938,0,1
2024-08-14,97.55,98.16,97.5082,97.89,94.8929102146834,31334061,0,1
2024-08-15,96.405,97.1,96.21,97.1,94.1270975773395,38723695,0,1
2024-08-16,97.44,97.5399,97.01,97.44,94.4566878263229,28540965,0,1
2024-08-19,97.42,98.155,97.405,97.89,94.8929102146834,25322138,0,1
2024-08-20,98.32,98.855,98.12,98.67,95.6490290211749,25239303,0,1
2024-08-21,98.67,99.2,98.21,98.73,95.7071920062896,29229982,0,1
2024-08-22,98.23,98.3,97.43,97.75,94.757196582749,33453848,0,1
2024-08-23,98.19,98.67,97.96,98.39,95.3776017573062,32005083,0,1
2024-08-26,98.69,98.6975,98.08,98.14,95.1352559859948,23198710,0,1
2024-08-27,97.49,98.08,97.41,97.97,94.9704608615031,21507650,0,1
2024-08-28,98.01,98.2,97.725,97.85,94.8541348912736,18501411,0,1
2024-08-29,97.37,97.64,97.125,97.53,94.543932303995,24988243,0,1
2024-08-30,97.68,97.985,96.47,96.49,93.5357738953397,42896190,0,1
2024-09-03,97.56,98.06,97.42,97.75,95.0604021629183,48947900,0.3128,1
2024-09-04,97.88,99.03,97.81,99.01,96.2857331780106,40782238,0,1
2024-09-05,99.34,99.6787,98.775,99.57,96.8303247402739,47450878,0,1
2024-09-06,99.55,100.78,99.1901,99.56,96.8205998909478,57406404,0,1
2024-09-09,99.4,100.1,99.16,99.99,97.2387684119713,26961402,0,1
2024-09-10,99.87,100.91,99.82,100.69,97.9195078648004,31703409,0,1
2024-09-11,100.49,101.235,100.35,100.61,97.8417090701914,39497052,0,1
2024-09-12,100.36,100.55,99.69,100.14,97.3846411518633,41812529,0,1
2024-09-13,100.46,100.61,100.02,100.41,97.6472120836688,25722135,0,1
2024-09-16,100.63,101.37,100.41,101.33,98.5418982216727,30866261,0,1
2024-09-17,101.47,101.64,100.74,100.84,98.0653806046924,31699372,0,1
2024-09-18,100.24,100.7266,99.54,99.59,96.8497744389262,48897047,0,1
2024-09-19,98.92,99.31,98.77,99.26,96.5288544111639,39979816,0,1
2024-09-20,98.99,99.245,98.72,98.88,96.159310136771,37067571,0,1
2024-09-23,98.5,99.09,98.02,98.67,95.9550883009222,35703932,0,1
2024-09-24,98,98.89,97.85,98.65,95.93563860227,31005351,0,1
2024-09-25,98.26,98.32,97.79,97.83,95.1382009575273,36738236,0,1
2024-09-26,98.07,98.245,97.42,98.06,95.3618724920283,33332315,0,1
2024-09-27,98.54,98.755,98.21,98.57,95.8578398076609,28317628,0,1
2024-09-30,98.64,98.71,97.8839,98.1,95.4007718893328,34208260,0,1
2024-10-01,98.8,99.33,98.385,98.49,96.0871079929491,45254237,0.3158,1
2024-10-02,97.36,97.73,97.06,97.66,95.2773577682141,35810763,0,1
2024-10-03,97.34,97.51,96.74,96.74,94.3798033022428,39677767,0,1
2024-10-04,95.44,95.96,95.4,95.55,93.2188361125626,56970281,0,1
2024-10-07,94.98,95.2672,94.76,94.83,92.516402182672,42606634,0,1
2024-10-08,94.39,95.03,94.335,94.99,92.6724986115366,33709587,0,1
2024-10-09,94.67,94.905,94.23,94.45,92.1456731641186,35807681,0,1
2024-10-10,93.88,94.09,93.41,94.08,91.7847001723693,53667357,0,1
2024-10-11,93.48,94.0656,93.422,93.7,91.4139711538159,27406423,0,1
2024-10-14,93.04,93.78,92.98,93.765,91.4773853280422,28795344,0,1
2024-10-15,94.46,95,94.3736,94.91,92.5944503971043,46429050,0,1
2024-10-16,95.39,95.62,95.14,95.31,92.9846914692657,32281486,0,1
2024-10-17,94.29,94.44,93.6701,93.8,91.5115314218563,43427214,0,1
2024-10-18,94.05,94.28,93.86,93.87,91.5798236094845,25258632,0,1
2024-10-21,93.02,93.09,92.23,92.23,89.9798352136227,49504698,0,1
2024-10-22,92.65,92.76,92.091,92.32,90.067639454859,32096893,0,1
2024-10-23,91.84,92.37,91.6601,92.07,89.8237387847581,33354245,0,1
2024-10-24,92.23,93,91.96,92.66,90.3993443661962,32507395,0,1
2024-10-25,92.99,93.0375,92.02,92.14,89.8920309723863,28667060,0,1
2024-10-28,92.27,92.29,91.415,91.89,89.6481303022855,33156461,0,1
2024-10-29,91.17,92.06,90.9837,92.03,89.7847146775419,46545204,0,1
2024-10-30,92.84,93.285,92.16,92.3,90.0481274012509,41951068,0,1
2024-10-31,92.2,92.94,91.87,92.45,90.1944678033115,52173754,0,1
2024-11-01,92.26,92.515,90.8,90.84,88.9267121198369,80401983,0.3105,1
2024-11-04,92.28,92.57,91.63,92.25,90.30701445459,49747594,0,1
2024-11-05,92.03,92.9,91.6,92.74,90.7866939893623,46986037,0,1
2024-11-06,89.64,90.72,89.5545,90.2,88.3001919111546,98895693,0,1
2024-11-07,90.75,91.62,90.65,91.33,89.4063916546092,56221411,0,1
2024-11-08,92,92.5955,91.84,92.49,90.5419595328458,56756175,0,1
2024-11-11,92.25,92.295,91.62,92.04,90.1014375111161,22369200,0,1
2024-11-12,91.37,91.85,90.51,90.66,88.750503311145,57908367,0,1
2024-11-13,91.515,91.54,89.72,89.8,87.9086167807282,49009127,0,1
2024-11-14,90.56,91.025,90.27,90.32,88.4176644502825,53328347,0,1
2024-11-15,89.915,90.65,89.51,90.08,88.1827193720267,73722402,0,1
2024-11-18,89.66,90.59,89.424,90.24,88.3393494241973,36058665,0,1
2024-11-19,90.82,91.07,90.62,90.7,88.7896608241876,29585102,0,1
2024-11-20,90.15,90.83,90.11,90.41,88.5057688546285,27755434,0,1
2024-11-21,90.45,90.85,90,90.34,88.4372432068039,28365740,0,1
2024-11-22,90.51,90.7,90.15,90.39,88.4861900981072,21547548,0,1
2024-11-25,92.2,92.78,91.985,92.73,90.7769046111017,56858036,0,1
2024-11-26,92.16,92.44,91.81,92.37,90.4244869937179,31122249,0,1
2024-11-27,93.04,93.38,92.67,93.01,91.0510072024001,39442167,0,1
2024-11-29,93.78,93.99,93.44,93.97,91.9907875154235,31905735,0,1
2024-12-02,93.27,94.1475,93,93.87,92.2110690839827,39406033,0.325,1
2024-12-03,93.93,94.03,92.99,93.06,91.4153839241018,32768887,0,1
2024-12-04,92.61,94.19,92.54,94.06,92.3977112819795,35851069,0,1
2024-12-05,93.72,94.39,93.655,94.25,92.5843534799763,23695821,0,1
2024-12-06,94.72,94.85,94.02,94.39,92.7218793100791,31761525,0,1
2024-12-09,93.99,94.04,93.465,93.52,91.8672545087255,30509582,0,1
2024-12-10,93.02,93.3,92.905,93.08,91.4350304712593,28706474,0,1
2024-12-11,93.07,93.29,92.105,92.2,90.5705823963269,38748397,0,1
2024-12-12,91.64,91.746,91,91.08,89.4703757555039,45368386,0,1
2024-12-13,90.8,90.85,90.08,90.15,88.5568113126776,39485960,0,1
2024-12-16,90.55,90.6152,90.05,90.42,88.8220396993046,23482268,0,1
2024-12-17,90.52,90.985,90.455,90.64,89.0381517180377,23839892,0,1
2024-12-18,89.97,90.37,89.14,89.16,87.9291355654691,61328421,0.351,1
2024-12-19,88.07,88.385,87.505,87.81,86.59777247649,99083313,0,1
2024-12-20,88.53,88.91,88.29,88.31,87.0908699168526,45542412,0,1
2024-12-23,88.16,88.23,87.44,87.5,86.2920520634651,32764561,0,1
2024-12-24,87.04,87.89,86.98,87.87,86.6569441693335,22377628,0,1
2024-12-26,87.21,87.96,87.2,87.82,86.6076344252972,19996215,0,1
2024-12-27,87.48,87.775,87.06,87.1,85.897574111175,27262321,0,1
2024-12-30,87.83,88.035,87.67,87.8,86.5879105276827,48519626,0,1
2024-12-31,88.13,88.28,87.26,87.33,86.1243989337418,31917307,0,1
2025-01-02,87.8,88.115,87.21,87.57,86.3610857051159,27841296,0,1
2025-01-03,87.72,87.88,87.18,87.29,86.0849511385128,21962204,0,1
2025-01-06,87.05,87.23,86.67,86.9,85.7003351350299,30231493,0,1
2025-01-07,86.6,86.77,85.79,85.92,84.7338641519191,41757185,0,1
2025-01-08,85.47,86.2,85.34,86.03,84.8423455887989,44590774,0,1
2025-01-10,85.28,85.845,85.16,85.46,84.2802145067855,47115832,0,1
2025-01-13,85.53,85.66,85.04,85.43,84.2506286603637,33258924,0,1
2025-01-14,85.23,85.36,84.89,85.29,84.1125613770622,33412888,0,1
2025-01-15,86.695,86.975,86.395,86.76,85.5622678517284,54120729,0,1
2025-01-16,86.64,87.395,86.28,87.04,85.8384024183315,34651051,0,1
2025-01-17,87.43,87.48,87.04,87.19,85.9863316504403,29875611,0,1
2025-01-21,87.89,88.17,87.63,87.97,86.755563657406,30548614,0,1
2025-01-22,87.87,87.98,87.32,87.51,86.3019140122724,25278409,0,1
2025-01-23,86.64,86.99,86.525,86.83,85.6313014933792,31949017,0,1
2025-01-24,86.72,87.28,86.6,87.22,86.015917496862,21110355,0,1
2025-01-27,88.155,88.43,87.85,88.25,87.0316982240091,42864203,0,1
2025-01-28,87.84,88.2,87.6591,88.19,86.9725265311656,25519105,0,1
2025-01-29,88.43,88.615,87.63,88.01,86.795011452635,25342751,0,1
2025-01-30,88.41,88.705,88.17,88.34,87.1204557632744,25094896,0,1
2025-01-31,88.38,88.66,87.43,87.76,86.5484627324537,48812469,0,1
2025-02-03,88.575,89.1,87.8,88.16,87.2509115944865,70657233,0.3123,1
2025-02-04,87.55,88.4499,87.48,88.43,87.5181274081266,33413956,0,1
2025-02-05,89.45,90.175,89.39,89.89,88.9630721781805,48331179,0,1
2025-02-06,89.86,90.15,89.545,89.85,88.9234846502338,22509940,0,1
2025-02-07,89.24,89.45,88.935,89.27,88.3494654950069,31171245,0,1
2025-02-10,89.264,89.53,88.85,89,88.0822496813668,22736056,0,1
2025-02-11,88.53,88.68,88.375,88.43,87.5181274081266,21513015,0,1
2025-02-12,87.29,87.6,86.8601,87.23,86.3305015697262,48536211,0,1
2025-02-13,88.09,88.89,88.07,88.68,87.7655494577934,42718098,0,1
2025-02-14,89.38,89.68,89.12,89.15,88.2307029111669,27460743,0,1
2025-02-18,88.54,88.84,88.04,88.1,87.1915303025665,29429174,0,1
2025-02-19,87.95,88.45,87.885,88.21,87.3003960044198,20584304,0,1
2025-02-20,88.45,88.76,88.45,88.54,87.62699310998,27913442,0,1
2025-02-21,88.87,89.93,88.82,89.61,88.6859594825537,46912348,0,1
2025-02-24,89.33,90.06,89.26,89.87,88.9432784142071,26217988,0,1
2025-02-25,90.97,91.5,90.8,91.42,90.4772951221411,50125054,0,1
2025-02-26,91.42,92.06,91.2,91.96,91.0117267494213,32220186,0,1
2025-02-27,91.31,91.79,91.14,91.31,90.3684294202877,53373572,0,1
2025-02-28,91.85,92.475,91.4701,92.43,91.4768802027948,49388600,0,1
2025-03-03,91.41,92.71,91.37,92.57,91.9022650152812,42904172,0.2898,1
2025-03-04,92.44,92.79,91.265,91.43,90.770488174864,56721962,0,1
2025-03-05,91.56,91.8,90.61,90.7,90.0457538823162,50215938,0,1
2025-03-06,90.48,90.8,89.7337,90.4,89.7479178716801,42827474,0,1
2025-03-07,91.14,91.16,89.985,90.11,89.4600097280652,36903632,0,1
2025-03-10,91.08,91.63,90.91,91.05,90.3932292280583,41190857,0,1
2025-03-11,90.965,91.4905,90.14,90.4,89.7479178716801,40555666,0,1
2025-03-12,90,90.38,89.78,89.86,89.2118130525351,32734569,0,1
2025-03-13,89.58,90.71,89.375,90.65,89.9961145472102,38675413,0,1
2025-03-14,90.01,90.41,89.86,90.17,89.5195769301924,24657989,0,1
2025-03-17,90.8,91.18,90.38,90.62,89.9663309461466,26700275,0,1
2025-03-18,90.14,91.02,90.12,90.71,90.0556817493374,23654748,0,1
2025-03-19,90.68,91.22,90.38,91.18,90.522291499334,31378713,0,1
2025-03-20,92.2,92.24,91.155,91.24,90.5818587014612,35645824,0,1
2025-03-21,91.33,91.435,90.62,90.7,90.0457538823162,29192076,0,1
2025-03-24,90.2,90.255,89.7,89.77,89.1224622493442,27985580,0,1
2025-03-25,89.57,90.08,89.51,89.76,89.112534382323,22333833,0,1
2025-03-26,89.39,89.595,89.09,89.17,88.526790228072,25165323,0,1
2025-03-27,88.85,89.025,88.63,88.91,88.2686656855207,23674536,0,1
2025-03-28,89.88,90.34,89.81,90.14,89.4897933291288,39869372,0,1
2025-03-31,91.23,91.335,90.36,91.03,90.3733734940159,38824321,0,1
2025-04-01,91.25,91.905,91.21,91.49,91.153288857041,39800072,0.3256,1
2025-04-02,92.37,92.37,90.66,91.43,91.0935096753663,43488407,0,1
2025-04-03,92.52,92.73,91.84,91.85,91.5119639470895,57467355,0,1
2025-04-04,93.65,94.09,92.82,92.85,92.5082836416686,92794210,0,1
2025-04-07,91.88,92.19,89.795,90.05,89.7185884968471,124987637,0,1
2025-04-08,89.28,90.2,88.22,88.35,88.0248450160627,73861858,0,1
2025-04-09,87.27,88.91,85.89,88.87,88.5429312572438,131353453,0,1
2025-04-10,87.74,88.175,86.3501,86.42,86.101948005525,78591989,0,1
2025-04-11,85.87,87.2993,85,86.89,86.5702182619772,94814139,0,1
2025-04-14,87.4,87.71,86.815,87.51,87.1879364726162,37596366,0,1
2025-04-15,87.15,88.185,87.035,87.82,87.4967955779357,22553898,0,1
2025-04-16,87.8,88.5,87.47,88.31,87.9849922282795,35607337,0,1
2025-04-17,88.04,88.2,87.23,87.53,87.2078628665078,31758430,0,1
2025-04-21,86.6,87.07,85.98,86,85.6834937338018,39343217,0,1
2025-04-22,86.82,87.0212,86.4,86.48,86.1617271871998,32552091,0,1
2025-04-23,88.88,89.06,87.1701,87.32,86.9986357306462,44082157,0,1
2025-04-24,88.03,88.35,87.76,88.24,87.915249849659,24190774,0,1
2025-04-25,88.9,89.105,88.595,88.89,88.5628576511354,22513925,0,1
2025-04-28,88.655,89.53,88.612,89.45,89.1207966800997,20130510,0,1
2025-04-29,89.32,90.21,89.295,90.2,89.868036451034,22129478,0,1
2025-04-30,89.78,90.05,89.33,89.47,89.1407230739912,42630588,0,1
2025-05-01,89.26,89.28,88.3,88.69,88.69,29932841,0.3276,1
2025-05-02,87.71,88.0674,87.54,87.73,87.73,32090382,0,1
